,story_id,premises,premises-FOL,conclusion,conclusion-FOL,label,example_id,premises-MINIFOL2,conclusion-MINIFOL2
0,36,"Tyga is a rapper.
Rappers release rap albums.
Tyga released the Well Done 3 album.
Rappers are not opera singers.","IsRapper(tyga)
∀x ∀y ((IsRapper(x) ∧ ReleasedAlbum(x, y)) → IsRapAlbum(y))
ReleasedAlbum(tyga, wellDone3)
∀x (IsRapper(x) → ¬IsOperaSinger(x))",Well Done 3 is worth listening to.,IsWorthListening(wellDone3),Uncertain,106,"israpper(tyga)
all:x all:y ((israpper(x) & releasedalbum(x, y)) :- israpalbum(y))
releasedalbum(tyga, welldone3)
all:x (israpper(x) :- ~isoperasinger(x))",isworthlistening(welldone3)
1,376,"All people in this tech company who are consistent and enjoy sticking to their regular routines do not like surprises.
People in this tech company who wear the same flannel shirts every day are consistent and enjoy sticking to their regular routines.
People in this tech company who do not like shopping for clothes wear the same flannel shirts every day.
Old people living in stable homes do not like surprises.
People in this tech company who have very high energy and are impulsive like surprises.
Mike works in this tech company.
If Mike is not a person who wears the same flannel shirts every day, has very high energy, and is impulsive, then Mike either is very consistent and enjoys sticking to his regular routines or does not like surprises.","∀x (InThisTechCompany(x) ∧ Consistent(x) ∧ StickTo(x, theirRegularRoutine) → ¬Like(x, surprise))
∀x (InThisTechCompany(x) ∧ ∃y (flannelShirt(y) ∧ WearEveryday(x, y)) → Consistent(x) ∧ StickTo(x, theirRegularRoutine))
∀x (InThisTechCompany(x) ∧ ¬LikeShoppingFor(x, clothes) → ∃y (flannelShirt(y) ∧ WearEveryday(x, y)))
∀x (InThisTechCompany(x) ∧ Old(x) ∧ LiveIn(x, stableHome) → ¬Like(x, surprise))
∀x (InThisTechCompany(x) ∧ Have(x, highEnergy) ∧ Impulsive(x) → ¬Like(x, surprise))
InThisTechCompany(mike)
¬(∃y (flannelShirt(y) ∧ WearEveryday(x, y)) ∧ Have(mike, highEnergy) ∧ Impulsive(mike)) → (Consistent(mike) ∧ StickTo(mike, theirRegularRoutine)) ⊕ ¬Like(mike, surprise)",Mike is an old person living in a stable home.,"Old(mike) ∧ LiveIn(mike, stableHome)",Uncertain,1002,"all:x (inthistechcompany(x) & consistent(x) & stickto(x, theirregularroutine) :- ~like(x, surprise))
all:x (inthistechcompany(x) & y (flannelshirt(y) & weareveryday(x, y)) :- consistent(x) & stickto(x, theirregularroutine))
all:x (inthistechcompany(x) & ~likeshoppingfor(x, clothes) :- y (flannelshirt(y) & weareveryday(x, y)))
all:x (inthistechcompany(x) & old(x) & livein(x, stablehome) :- ~like(x, surprise))
all:x (inthistechcompany(x) & have(x, highenergy) & impulsive(x) :- ~like(x, surprise))
inthistechcompany(mike)
~(y (flannelshirt(y) & weareveryday(x, y)) & have(mike, highenergy) & impulsive(mike)) :- (consistent(mike) & stickto(mike, theirregularroutine)) ^ ~like(mike, surprise)","old(mike) & livein(mike, stablehome)"
2,408,"No trick-shot artist in Yale's varsity team struggles with half court shots.
Everyone on Yale's varsity team is someone who struggles with half court shots or who successfully shoots a high percentage of 3-pointers.  
Everyone on Yale's varsity team who successfully shoots a high percentage of 3-pointers is solid at shooting 2-pointers.  
No one on Yale's varsity team who is solid at shooting 2-pointers is bad at mid-range shots.  
Jack is on Yale's varsity team, and he is either a trick-shot artist or he successfully shoots a high percentage of 3-pointers.","∀x ((In(x, yaleSVarsityTeam) ∧ TrickShotArtist(x)) → ¬StruggleAt(x, halfCourtShot))
∀x (In(x, yaleSVarsityTeam) → (StruggleAt(x, halfCourtShot) ∨ GoodAt(x, threes)))
∀x ((In(x, yaleSVarsityTeam) ∧ GoodAt(x, threes)) → GoodAt(x, twos))
∀x ((In(x, yaleSVarsityTeam) ∧ GoodAt(x, twos)) → BadAt(x, midRangeShot))
In(jack, yaleSVarsityTeam) ∧ (TrickShotArtist(jack) ⊕  GoodAt(jack, threes))",Jack is solid at shooting 2-pointers or bad at mid-range shots.,"GoodAt(jack, twos) ∨ BadAt(jack, midRangeShot)",True,1135,"all:x ((in(x, yalesvarsityteam) & trickshotartist(x)) :- ~struggleat(x, halfcourtshot))
all:x (in(x, yalesvarsityteam) :- (struggleat(x, halfcourtshot) | goodat(x, threes)))
all:x ((in(x, yalesvarsityteam) & goodat(x, threes)) :- goodat(x, twos))
all:x ((in(x, yalesvarsityteam) & goodat(x, twos)) :- badat(x, midrangeshot))
in(jack, yalesvarsityteam) & (trickshotartist(jack) ^  goodat(jack, threes))","goodat(jack, twos) | badat(jack, midrangeshot)"
3,78,"Ableton has an office in Germany.
Ableton has an office in the USA.
USA and Germany are different countries.
Any company that has offices in different countries is a multinational company.
Ableton makes music software.","OfficeIn(ableton, germany)
OfficeIn(ableton, unitedStates)
¬SameCountry(germany, unitedStates)
∀x ∀y ∀z (OfficeIn(x, y) ∧ OfficeIn(x, z) ∧ (¬SameCountry(y, z)) → MultinationalCompany(x))
MakesMusicSoftware(ableton)",Ableton makes AI software.,MakesAISoftware(ableton),Uncertain,238,"officein(ableton, germany)
officein(ableton, unitedstates)
~samecountry(germany, unitedstates)
all:x all:y all:z (officein(x, y) & officein(x, z) & (~samecountry(y, z)) :- multinationalcompany(x))
makesmusicsoftware(ableton)",makesaisoftware(ableton)
4,345,"All kids are young.
All toddlers are kids.
If someone is young, then they are not elderly.
All pirates are seafarers.
If Nancy is not a pirate, then Nancy is young.
If Nancy is not a toddler, then Nancy is a seafarer.","∀x (Kid(x) → Young(x))
∀x (Toddler(x) → Kid(x))
∀x (Young(x) → ¬Elderly(x))
∀x (Pirate(x) → Seafarer(x))
¬Pirate(nancy) → Young(nancy)
¬Toddler(nancy) → Seafarer(nancy)","Nancy is either both a pirate and a toddler, or neither a pirate nor a toddler.",¬(Pirate(nancy) ⊕ Toddler(nancy)),False,911,"all:x (kid(x) :- young(x))
all:x (toddler(x) :- kid(x))
all:x (young(x) :- ~elderly(x))
all:x (pirate(x) :- seafarer(x))
~pirate(nancy) :- young(nancy)
~toddler(nancy) :- seafarer(nancy)",~(pirate(nancy) ^ toddler(nancy))
5,427,"If a person pays their taxes, then they contribute to the country. 
Everyone who works for a government department pays a tax on their salary. 
Everyone in the army is an employee of a government department.
Everyone convicted of murder goes to prison. 
Everyone who has been to prison has a criminal record.
James was either once convicted of murder, or spent time in prison.
James either has a criminal record, or pays his taxes. ","∀x (Taxpayer(x) → ContributeTo(x, country))
∀x (WorkFor(x, governmentAgency) → Taxpayer(x))
∀x (ServesIn(x, theArmy) → WorkFor(x, governmentAgency))
∀x (SentencedForMurder(x) → Imprisoned(x))
∀x (Imprisoned((x) → Has(x, criminalRecord))
SentencedForMurder(james) ⊕ Imprisoned(james) 
Has(james, criminalRecord) ⊕ Taxpayer(james)",James contributes to the country.,ContributeToCountry(james),Uncertain,1211,"all:x (taxpayer(x) :- contributeto(x, country))
all:x (workfor(x, governmentagency) :- taxpayer(x))
all:x (servesin(x, thearmy) :- workfor(x, governmentagency))
all:x (sentencedformurder(x) :- imprisoned(x))
all:x (imprisoned((x) :- has(x, criminalrecord))
sentencedformurder(james) ^ imprisoned(james) 
has(james, criminalrecord) ^ taxpayer(james)",contributetocountry(james)
6,123,"Businesses are either sanctioned or unsanctioned.
Sanctioned businesses are limited.
Unsanctioned businesses are free.
The Crude Oil Data Exchange is a business that isn't free.","∀x (Buisness(x) → Sanctioned(x) ⊕ ¬Sanctioned(x))
∀x (Buisness(x) ∧ Sanctioned(x) → Limited(x))
∀x (Buisness(x) ∧ ¬Sanctioned(x) → Free(x))
Buisness(crudeOilDataExchange) ∧ ¬Free(crudeOilDataExchange)",Crude Oil Data Exchange is limited.,Limited(crudeOilDataExchange),True,369,"all:x (buisness(x) :- sanctioned(x) ^ ~sanctioned(x))
all:x (buisness(x) & sanctioned(x) :- limited(x))
all:x (buisness(x) & ~sanctioned(x) :- free(x))
buisness(crudeoildataexchange) & ~free(crudeoildataexchange)",limited(crudeoildataexchange)
7,398,"All mind-reading is either brain reading or brain decoding. 
All brain decoding that is mind-reading is extracting information from BOLD signals.
No studies that are mind-reading and extract information from BOLD signals are without statistical pattern analysis. 
Writing a novel is without statistical pattern analysis.
If multivoxel (pattern) analysis is without statistical pattern analysis and a brain reading, then multivoxel (pattern) analysis is without statistical pattern analysis and brain decoding.
Multivoxel (pattern) analysis is a type of mind-reading.","∀x (MindReading(x) ∧ (BrainReading(x) ⊕ BrainDecoding(x)))
∀x ((MindReading(x) ∧ BrainDecoding(x)) → ExtractingFrom(x, information, bOLDSignals))
∀x ((MindReading(x) ∧ ExtractingFrom(x, information, bOLDSignals)) → Uses(x, statisticalPatternAnalysis))
∀x (NovelWriting(x) → ¬Uses(x, statisticalPatternAnalysis)) 
MindReading(multivoxelPatternAnalysis) ∧ (¬Uses(multivoxelPatternAnalysis, statisticalPatternAnalysis) ∧ BrainReading(multivoxelPatternAnalysis)) →  (¬Uses(multivoxelPatternAnalysis, statisticalPatternAnalysis) ∧ (¬BrainDecoding(multivoxelPatternAnalysis)))
MindReading(multivoxelPatternAnalysis) ",Multivoxel (pattern) analysis is a brain decoding.,MindReading(multivoxelPatternAnalysis) ∧ BrainDecoding(multivoxelPatternAnalysis),Uncertain,1084,"all:x (mindreading(x) & (brainreading(x) ^ braindecoding(x)))
all:x ((mindreading(x) & braindecoding(x)) :- extractingfrom(x, information, boldsignals))
all:x ((mindreading(x) & extractingfrom(x, information, boldsignals)) :- uses(x, statisticalpatternanalysis))
all:x (novelwriting(x) :- ~uses(x, statisticalpatternanalysis)) 
mindreading(multivoxelpatternanalysis) & (~uses(multivoxelpatternanalysis, statisticalpatternanalysis) & brainreading(multivoxelpatternanalysis)) :-  (~uses(multivoxelpatternanalysis, statisticalpatternanalysis) & (~braindecoding(multivoxelpatternanalysis)))
mindreading(multivoxelpatternanalysis) ",mindreading(multivoxelpatternanalysis) & braindecoding(multivoxelpatternanalysis)
8,403,"There's a person in Benji's family who likes eating cheese or is a francophile.
There is no francophile in Benji's family whose favorite country is Spain.
There is a person in Benji's family who likes eating cheese or whose favorite country is Spain.
Fabien is in Benji's family and  does not both study Spanish and also like eating cheese.
Fabien studies Spanish.","∃x (InBenjiSFamily(x) → (LikeEating(x, cheese) ∨ Francophile(x)))
∀x ((InBenjiSFamily(x) ∧ Francophile(x)) → ¬Favor(x, spain))
∃x (InBenjiSFamily(x) ∧ (Favor(x, spain) ∨ LikeEating(x, cheese)))
InBenjiSFamily(fabien) ∧ (¬(LikeEating(fabien, cheese) ∧ Study(fabien, spanish)))
Study(fabien, spanish)",Fabien is a person who likes eating cheese.,"LikeEating(fabien, cheese)",Uncertain,1117,"x (inbenjisfamily(x) :- (likeeating(x, cheese) | francophile(x)))
all:x ((inbenjisfamily(x) & francophile(x)) :- ~favor(x, spain))
x (inbenjisfamily(x) & (favor(x, spain) | likeeating(x, cheese)))
inbenjisfamily(fabien) & (~(likeeating(fabien, cheese) & study(fabien, spanish)))
study(fabien, spanish)","likeeating(fabien, cheese)"
9,111,"Aberdeen won the cup in the 2013 final.
Rangers won the cup in the 2014 final.
Aberdeen and Rangers are different teams.
Different teams cannot win the cup in the same year's final.","WonCup(aberdeen, year2013Final)
WonCup(rangers, year2014Final)
¬(aberdeen=rangers)
∀x ∀y ∀z ∀w (¬(x=y) ∧ WonCup(x, z) ∧ WonCup(y, w) → ¬(z=w))",Aberdeen has once won a cup.,"∃x (WonCup(aberdeen, x))",True,338,"woncup(aberdeen, year2013final)
woncup(rangers, year2014final)
~(aberdeen=rangers)
all:x all:y all:z all:w (~(x=y) & woncup(x, z) & woncup(y, w) :- ~(z=w))","x (woncup(aberdeen, x))"
10,376,"All people in this tech company who are consistent and enjoy sticking to their regular routines do not like surprises.
People in this tech company who wear the same flannel shirts every day are consistent and enjoy sticking to their regular routines.
People in this tech company who do not like shopping for clothes wear the same flannel shirts every day.
Old people living in stable homes do not like surprises.
People in this tech company who have very high energy and are impulsive like surprises.
Mike works in this tech company.
If Mike is not a person who wears the same flannel shirts every day, has very high energy, and is impulsive, then Mike either is very consistent and enjoys sticking to his regular routines or does not like surprises.","∀x (InThisTechCompany(x) ∧ Consistent(x) ∧ StickTo(x, theirRegularRoutine) → ¬Like(x, surprise))
∀x (InThisTechCompany(x) ∧ ∃y (flannelShirt(y) ∧ WearEveryday(x, y)) → Consistent(x) ∧ StickTo(x, theirRegularRoutine))
∀x (InThisTechCompany(x) ∧ ¬LikeShoppingFor(x, clothes) → ∃y (flannelShirt(y) ∧ WearEveryday(x, y)))
∀x (InThisTechCompany(x) ∧ Old(x) ∧ LiveIn(x, stableHome) → ¬Like(x, surprise))
∀x (InThisTechCompany(x) ∧ Have(x, highEnergy) ∧ Impulsive(x) → ¬Like(x, surprise))
InThisTechCompany(mike)
¬(∃y (flannelShirt(y) ∧ WearEveryday(x, y)) ∧ Have(mike, highEnergy) ∧ Impulsive(mike)) → (Consistent(mike) ∧ StickTo(mike, theirRegularRoutine)) ⊕ ¬Like(mike, surprise)","If Mike is not an old person living in a stable home and does not like shopping for clothes, then Mike does not like shopping for clothes.","¬(Old(mike) ∧ LiveIn(mike, stableHome)) ∧ ¬LikeShoppingFor(mike, clothes)) → ¬LikeShoppingFor(mike, clothes)",False,1004,"all:x (inthistechcompany(x) & consistent(x) & stickto(x, theirregularroutine) :- ~like(x, surprise))
all:x (inthistechcompany(x) & y (flannelshirt(y) & weareveryday(x, y)) :- consistent(x) & stickto(x, theirregularroutine))
all:x (inthistechcompany(x) & ~likeshoppingfor(x, clothes) :- y (flannelshirt(y) & weareveryday(x, y)))
all:x (inthistechcompany(x) & old(x) & livein(x, stablehome) :- ~like(x, surprise))
all:x (inthistechcompany(x) & have(x, highenergy) & impulsive(x) :- ~like(x, surprise))
inthistechcompany(mike)
~(y (flannelshirt(y) & weareveryday(x, y)) & have(mike, highenergy) & impulsive(mike)) :- (consistent(mike) & stickto(mike, theirregularroutine)) ^ ~like(mike, surprise)","~(old(mike) & livein(mike, stablehome)) & ~likeshoppingfor(mike, clothes)) :- ~likeshoppingfor(mike, clothes)"
11,29,"Gasteren is a village located in the province of Drenthe.
Drenthe is a Dutch province. 
No cities are villages.
The population of a village in Drenthe was 155 people.","Village(gasteren) ∧ Province(drenthe) ∧ In(gasteren, drenthe)
Province(drenthe) ∧ In(drenthe, netherlands)
∀x (City(x) → ¬Village(x))
∃x (Population(x, num155) ∧ Village(x) ∧ In(x, drenthe))",Gasteren has a population of 155.,"Population(gasteren, num155)",Uncertain,85,"village(gasteren) & province(drenthe) & in(gasteren, drenthe)
province(drenthe) & in(drenthe, netherlands)
all:x (city(x) :- ~village(x))
x (population(x, num155) & village(x) & in(x, drenthe))","population(gasteren, num155)"
12,187,"European soccer clubs can attend UCL, UEL, and UECL.
A soccer club eligible to attend UCL has a higher ranking than a soccer club eligible to attend UEL.
A soccer club eligible to attend UEL has a higher ranking than a soccer club eligible to attend UECL.
Manchester United and Machester City are both European soccer clubs.
Manchester United is eligible to attend UEL next season.
Manchester City is eligible to attend UCL next season.","∀x (EuropeanSoccerClub(x) → Attend(x, ucl) ∨ Attend(x, uel) ∨ Attend(x, uecl))
∀x ∀y (EuropeanSoccerClub(x) ∧ EuropeanSoccerClub(y) ∧ Attend(x, ucl) ∧ Attend(y, uel) → HigherRank(x, y))
∀x ∀y (EuropeanSoccerClub(x) ∧ EuropeanSoccerClub(y) ∧ Attend(x, uel) ∧ Attend(y, uecl) → HigherRank(x, y))
EuropeanSoccerClub(manchesterUnited) ∧ EuropeanSoccerClub(manchesterCity)
Attend(manchesterunited, uel)
Attend(manchestercity, ucl)",Manchester City has a higher ranking than Manchester United.,"HigherRank(manchesterCity, manchesterUnited)",True,539,"all:x (europeansoccerclub(x) :- attend(x, ucl) | attend(x, uel) | attend(x, uecl))
all:x all:y (europeansoccerclub(x) & europeansoccerclub(y) & attend(x, ucl) & attend(y, uel) :- higherrank(x, y))
all:x all:y (europeansoccerclub(x) & europeansoccerclub(y) & attend(x, uel) & attend(y, uecl) :- higherrank(x, y))
europeansoccerclub(manchesterunited) & europeansoccerclub(manchestercity)
attend(manchesterunited, uel)
attend(manchestercity, ucl)","higherrank(manchestercity, manchesterunited)"
13,417,"Some monitors made by LG have a type-c port.
Monitors that have a type-c port were not made before 2010.
All monitors in the library are made before 2010. 
The L-2021 monitor is either used in the library or has a type-c port.
The L-2021 monitor is either both produced before 2010 and made by LG, or neither is true.","∃x (Monitor(x) ∧ ProducedBy(x, lG) ∧ Have(x, typeCPort) ∧ (¬(x=y)) ∧ Monitor(y) ∧ ProducedBy(y, lG) ∧ Have(y, typeCPort))
∀x (Have(x, typeCPort) → ¬ProducedBefore(x, yr2010))
∀x ((Monitor(x) ∧ In(x, library)) → ProducedBefore(x, yr2010))
Monitor(l-2021) ∧ (In(l-2021, library) ⊕ Have(l-2021, typeCPort))
¬(ProducedBefore(l-2021, yr2010) ⊕ ProducedBy(l-2021, lG))",The L-2021 monitor either has a type-c port or is produced by LG.,"Have(l-2021, typeCPort) ⊕ ProducedBy(l-2021, lG)",True,1175,"x (monitor(x) & producedby(x, lg) & have(x, typecport) & (~(x=y)) & monitor(y) & producedby(y, lg) & have(y, typecport))
all:x (have(x, typecport) :- ~producedbefore(x, yr2010))
all:x ((monitor(x) & in(x, library)) :- producedbefore(x, yr2010))
monitor(l-2021) & (in(l-2021, library) ^ have(l-2021, typecport))
~(producedbefore(l-2021, yr2010) ^ producedby(l-2021, lg))","have(l-2021, typecport) ^ producedby(l-2021, lg)"
14,146,"Catullus 4 is a poem written by the ancient Roman writer Catullus.
Catullus 4 is a story about the retirement of a well-traveled ship.
There is a strong analogy of human aging in the poem Catullus 4.
Catullus 4 is written in an unusual iambic trimeter to convey a sense of speed over the waves.","Poem(catullus4) ∧ WrittenBy(catullus4, catullus) ∧ AncientRomanWriter(catullus)
Story(catullus4) ∧ About(catullus4, retirementOfAWellTraveledShip)
Poem(catullus4) ∧ StrongAgingAnalogy(catullus4)
Poem(catullus4) ∧ WrittenIn(catullus4, iambicTrimeter) ∧ Convey(catullus4, aSenseOfSpeedOverTheWaves)",Callus 4 is written in an unusual iambic trimeter to convey a strong analogy of human aging.,"Poem(catullus4) ∧ WrittenIn(catullus4, iambicTrimeter) ∧ StrongAgingAnalogy(catullus4)",True,429,"poem(catullus4) & writtenby(catullus4, catullus) & ancientromanwriter(catullus)
story(catullus4) & about(catullus4, retirementofawelltraveledship)
poem(catullus4) & strongaginganalogy(catullus4)
poem(catullus4) & writtenin(catullus4, iambictrimeter) & convey(catullus4, asenseofspeedoverthewaves)","poem(catullus4) & writtenin(catullus4, iambictrimeter) & strongaginganalogy(catullus4)"
15,419,"Some employees in James's town who work in business analysis are good at math. 
All of the employees in James's town who work in business analysis are working for this company. 
None of the employees in James's town who work for this company are from China. 
All of the employees in James's town working in software engineering are from China. 
Leif is an employee in James's town, and he is working in software engineering.  ","∃x ∃y (EmployeeIn(x, jamesSTown) ∧ WorkIn(x, businessAnalysis) ∧ GoodAt(x, math) ∧ (¬(x=y)) ∧ EmployeeIn(y, jamesSTown) ∧ WorkIn(y, businessAnalysis) ∧ GoodAt(y, math))
∀x ((EmployeeIn(x, jamesSTown) ∧ WorkIn(x, businessAnalysis)) → WorkFor(x, thisCompany))
∀x ((EmployeeIn(x, jamesSTown) ∧ WorkFor(x, thisCompany)) → ¬From(x, china))
∀x (EmployeeIn(x, jamesSTown) ∧ WorkIn(x, softwareEngineering) → From(x, china))
EmployeeIn(leif, jamesSTown) ∧ WorkIn(leif, softwareEngineering)",Leif is good at math.,"EmployeesInJamesSTown(leif) ∧ GoodAt(leif, math)",Uncertain,1181,"x y (employeein(x, jamesstown) & workin(x, businessanalysis) & goodat(x, math) & (~(x=y)) & employeein(y, jamesstown) & workin(y, businessanalysis) & goodat(y, math))
all:x ((employeein(x, jamesstown) & workin(x, businessanalysis)) :- workfor(x, thiscompany))
all:x ((employeein(x, jamesstown) & workfor(x, thiscompany)) :- ~from(x, china))
all:x (employeein(x, jamesstown) & workin(x, softwareengineering) :- from(x, china))
employeein(leif, jamesstown) & workin(leif, softwareengineering)","employeesinjamesstown(leif) & goodat(leif, math)"
16,169,"All volunteers receive intangible benefits for their work.
Volunteers work regularly or on an as-needed basis.
Some volunteers are trained.
Volunteers work in groups or individually.
Environmental volunteers contribute toward environmental management or conservation.
Participating in natural disaster response is an example of volunteers working in groups on an as-needed basis.","∀x (Volunteer(x) → Receive(x, intangibleBenefit))
∀x (Volunteer(x) → WorkRegularly(x) ⊕ WorkAsNeeded(x))
∃x (Volunteer(x) → Trained(x))
∀x (Volunteer(x) → (WorkInGroup(x) ∨ WorkIndividually(x)))
∀x (Volunteer(x) ∧ Environmental(x) → (ContributeTo(x, environmentalManagement) ∨ ContributeTo(x, environmentalConservation)))
∃x (Volunteer(x) ∧ ContributeTo(x, naturalDisasterResponse) → WorkInGroup(x) ∧ WorkAsNeeded(x))",Volunteers who participate in natural disaster response receive intangible benefits for their work.,"∀x (Volunteer(x) ∧ ContributeTo(x, naturalDisasterResponse) → Receive(x, intangibleBenefit))",True,485,"all:x (volunteer(x) :- receive(x, intangiblebenefit))
all:x (volunteer(x) :- workregularly(x) ^ workasneeded(x))
x (volunteer(x) :- trained(x))
all:x (volunteer(x) :- (workingroup(x) | workindividually(x)))
all:x (volunteer(x) & environmental(x) :- (contributeto(x, environmentalmanagement) | contributeto(x, environmentalconservation)))
x (volunteer(x) & contributeto(x, naturaldisasterresponse) :- workingroup(x) & workasneeded(x))","all:x (volunteer(x) & contributeto(x, naturaldisasterresponse) :- receive(x, intangiblebenefit))"
17,109,"Phuoc Binh national park is a national park in Vietnam. 
Any national park in Vietnam is classified as a nature reserve. 
There is a national park in Vietnam classified as a UNESCO World Heritage Site.
All national parks in Vietnam are either managed by the Ministry of Agriculture or managed by the People's Committee. 
Phuoc Binh is not managed by the Ministry of Agriculture.","NationalPark(phuocBinh) ∧ Locatedin(phuocBinh, vietnam)
∀x ((NationalPark(x) ∧ Locatedin(x, vietnam)) → NatureReserve(x))
∃x (NationalPark(x) ∧ Locatedin(x, vietnam) ∧ UNESCOWorldHeritageSite(x))
∀x ((NationalPark(x) ∧ Locatedin(x, vietnam)) → (Mangedby(x, ministryofAgriculture) ⊕ Managedby(x, peoplesCommittee)))
¬Mangedby(phuocBinh, ministryofAgriculture)",Phuoc Binh is a UNESCO Heritage Site.,UNESCOWorldHeritageSite(phuocBinh)),Uncertain,331,"nationalpark(phuocbinh) & locatedin(phuocbinh, vietnam)
all:x ((nationalpark(x) & locatedin(x, vietnam)) :- naturereserve(x))
x (nationalpark(x) & locatedin(x, vietnam) & unescoworldheritagesite(x))
all:x ((nationalpark(x) & locatedin(x, vietnam)) :- (mangedby(x, ministryofagriculture) ^ managedby(x, peoplescommittee)))
~mangedby(phuocbinh, ministryofagriculture)",unescoworldheritagesite(phuocbinh))
18,395,"All velvet-finish lipsticks in the Rouge Dior set, Lunar New Year Limited Edition are refillable.
Lipsticks in the Rouge Dior set, Lunar New Year Limited Edition have either a velvet-finish or a satin-finish.
No satin-finish lipsticks in the set do not have ""rosewood"" in its offical description. 
Lipstcks in the Rouge Dior set, Lunar New Year Limited Edition either does not have ""rosewood"" in its offical description or it has ""rosewood"" in its official description. 
ROUGE Dior Colored Lip Balm 999 is a lipstick in the set, and it either has ""rosewood"" in its official description or has a velvet finish.","∀x ((Lipstick(x) ∧ In(x, rougeDiorSet) ∧ In(x, lunarNewYearLimitedEdition) ∧ VelvetFinish(x)) → Refillable(x))
∀x ((Lipstick(x) ∧ In(x, rougeDiorSet) ∧ In(x, lunarNewYearLimitedEdition)) → (VelvetFinish(x) ⊕ SatinFinish(x))
∀x ((Lipstick(x) ∧ In(x, rougeDiorSet) ∧ In(x, lunarNewYearLimitedEdition) ∧ SatinFinish(x)) → ¬RosewoodInDescription(x))
∀x ((Lipstick(x) ∧ In(x, rougeDiorSet) ∧ In(x, lunarNewYearLimitedEdition)) → (RosewoodInDescription(x) ⊕ ¬RosewoodInDescription(x)))
Lipstick(rougeDiorColoredLipBalm999) ∧ In(rougeDiorColoredLipBalm999, rougeDiorSet) ∧ In(rougeDiorColoredLipBalm999, lunarNewYearLimitedEdition) ∧ (RosewoodInDescription(rougeDiorColoredLipBalm999) ⊕ VelvetFinish(rougeDiorColoredLipBalm999))",ROUGE Dior Colored Lip Balm 999 has a satin finish.,SatinFinish(rougeDiorColoredLipBalm999),Uncertain,1068,"all:x ((lipstick(x) & in(x, rougediorset) & in(x, lunarnewyearlimitededition) & velvetfinish(x)) :- refillable(x))
all:x ((lipstick(x) & in(x, rougediorset) & in(x, lunarnewyearlimitededition)) :- (velvetfinish(x) ^ satinfinish(x))
all:x ((lipstick(x) & in(x, rougediorset) & in(x, lunarnewyearlimitededition) & satinfinish(x)) :- ~rosewoodindescription(x))
all:x ((lipstick(x) & in(x, rougediorset) & in(x, lunarnewyearlimitededition)) :- (rosewoodindescription(x) ^ ~rosewoodindescription(x)))
lipstick(rougediorcoloredlipbalm999) & in(rougediorcoloredlipbalm999, rougediorset) & in(rougediorcoloredlipbalm999, lunarnewyearlimitededition) & (rosewoodindescription(rougediorcoloredlipbalm999) ^ velvetfinish(rougediorcoloredlipbalm999))",satinfinish(rougediorcoloredlipbalm999)
19,341,"No battery-powered watch is automatic.
All digital watches are battery-powered.
Some mechanical watches are automatic.
All smart watches are digital.
Moonwatch is either a digital watch and an automatic, or it is neither.","∀x (BatteryPoweredWatch(x) → ¬AutomaticWatch(x))
∀x (DigitalWatch(x) → BatteryPoweredWatch(x))
∃x (MechanicalWatch(x) ∧ AutomaticWatch(x))
∀x (SmartWatch(x) → DigitalWatch(x))
¬(DigitalWatch(moonwatch) ⊕ AutomaticWatch(moonwatch))",Moonwatch is a smartwatch and a mechanical watch.,SmartWatch(moonwatch) ∧ MechanicalWatch(moonwatch),False,897,"all:x (batterypoweredwatch(x) :- ~automaticwatch(x))
all:x (digitalwatch(x) :- batterypoweredwatch(x))
x (mechanicalwatch(x) & automaticwatch(x))
all:x (smartwatch(x) :- digitalwatch(x))
~(digitalwatch(moonwatch) ^ automaticwatch(moonwatch))",smartwatch(moonwatch) & mechanicalwatch(moonwatch)
20,71,"Herodicus was a Greek physician, dietician, sophist, and gymnast.
Herodicus was born in the city of Selymbria.
Selymbria is a colony of the city-state Megara.
One of the tutors of Hippocrates was Herodicus.
Massages were recommended by Herodicus.
Some of the theories of Herodicus are considered to be the foundation of sports medicine.","Greek(herodicus) ∧ Physician(herodicus) ∧ Dietician(herodicus) ∧ Sophist(herodicus) ∧ Gymnast(herodicus)
Born(herodicus, selymbia) ∧ City(selymbia)
Colony(selymbia, megara) ∧ CityState(megara)
Tutor(herodicus, hippocrates)
Recommend(herodicus, massages)
∃x ∃y (Theory(x) ∧ From(x, herodicus) ∧ FoundationOf(x, sportsMedicine) ∧ (¬(x=y)) ∧ Theory(y) ∧ From(y, herodicus) ∧ FoundationOf(y, sportsMedicine))",Herodicus tutored Hippocrates.,"Tutor(herodicus, hippocrates)",True,213,"greek(herodicus) & physician(herodicus) & dietician(herodicus) & sophist(herodicus) & gymnast(herodicus)
born(herodicus, selymbia) & city(selymbia)
colony(selymbia, megara) & citystate(megara)
tutor(herodicus, hippocrates)
recommend(herodicus, massages)
x y (theory(x) & from(x, herodicus) & foundationof(x, sportsmedicine) & (~(x=y)) & theory(y) & from(y, herodicus) & foundationof(y, sportsmedicine))","tutor(herodicus, hippocrates)"
21,212,"If you have room for dessert, you have room for broccoli.
Everyone at Luis's dinner party has room for dessert, including Luis.
Mauricia does not have room for broccoli.
Luis's dinner party is the first ever dinner party that Allison has attended.
Gustave has room for both broccoli and asparagus.
Broccoli and asparagus are both vegetables.","∀x (RoomFor(x, dessert) → RoomFor(x, broccoli))
∀x (AtLuisParty(x) → RoomFor(x, dessert))
¬RoomFor(mauricia, broccoli)
AtLuisParty(allison) ∧ FirstDinnerPartyFor(luisparty, allison) 
RoomFor(gustave, broccoli) ∧ RoomFor(gustave, asparagus)
Vegetable(broccoli) ∧ Vegetable(asparagus)",Gustav has room for dessert.,"RoomFor(gustave, dessert)",Uncertain,607,"all:x (roomfor(x, dessert) :- roomfor(x, broccoli))
all:x (atluisparty(x) :- roomfor(x, dessert))
~roomfor(mauricia, broccoli)
atluisparty(allison) & firstdinnerpartyfor(luisparty, allison) 
roomfor(gustave, broccoli) & roomfor(gustave, asparagus)
vegetable(broccoli) & vegetable(asparagus)","roomfor(gustave, dessert)"
22,34,"Rafa Nadal was born in Mallorca.
Rafa Nadal is a professional tennis player.
Nadal's win ratio is high.
All players in the Big 3 are professionals who have a high win ratio.","BornIn(rafaNadal, mallorca)
ProfessionalTennisPlayer(rafaNadal)
HighWinRatio(rafaNadal)
∀x ((ProfessionalTennisPlayer(x) ∧ HighWinRatio(x)) → InBig3(x))",Nadal is the greatest player of all time.,GreatestOfAllTime(rafaNadal),Uncertain,100,"bornin(rafanadal, mallorca)
professionaltennisplayer(rafanadal)
highwinratio(rafanadal)
all:x ((professionaltennisplayer(x) & highwinratio(x)) :- inbig3(x))",greatestofalltime(rafanadal)
23,54,"A roundel is a rounded artillery fortification.
A roundel is not higher than adjacent walls. 
Cannons can be deployed on artillery fortifications. 
Roundels are the oldest artillery fortifications.
Battery towers are artillery fortifications.","∀x (Roundel(x) → (Rounded(x) ∧ ArtilleryFortification(x)))
∀x ∀y ((Roundel(x) ∧ AdjacentWalls(x,y)) → ¬Higher(x, y))
∀x (ArtilleryFortification(x) → DeployCannons(x))
∀x ∀y ((Roundel(x) ∧ ArtilleryFortification(y)) → Older(x, y))
∀x (BatteryTower(x) → ArtilleryFortification(x))",Roundels are older than battery towers.,"∀x ∀y ((Roundel(x) ∧ BatteryTower(y)) → Older(x, y))",True,159,"all:x (roundel(x) :- (rounded(x) & artilleryfortification(x)))
all:x all:y ((roundel(x) & adjacentwalls(x,y)) :- ~higher(x, y))
all:x (artilleryfortification(x) :- deploycannons(x))
all:x all:y ((roundel(x) & artilleryfortification(y)) :- older(x, y))
all:x (batterytower(x) :- artilleryfortification(x))","all:x all:y ((roundel(x) & batterytower(y)) :- older(x, y))"
24,391,"All imaginative processes that Dan knows are results of creative processes.
All science fiction that Dan knows comes from an imaginative process.
Everthing that Dan knows comes from either science-fiction or realistic fiction.
No facts that Dan knows have proven to be false.
Dan knows that Dune is science fiction or has proven to be false.","∀x ((Knows(dan, x) ∧ ImaginativeProcess(x)) → ResultOf(x, creativeProcess))
∀x ((Knows(dan, x) ∧ ScienceFiction(x)) → ImaginativeProcess(x)) 
∀x (Knows(dan, x) → (ScienceFiction(x) ⊕ RealisticFiction(x)))
∀x ((Knows(dan, x) ∧ Fact(x)) → ¬ProvedToBe(x, false)) 
(Knows(dan, dune) ∧ ScienceFiction(dune)) ∨ ProvedToBe(dune, false))","If Dune is a result of creative and imaginative processes, then Dune is not a result of creative processes and science-fiction.","(ResultOf(dune, creativeProcess)  ∧ ImaginativeProcess(dune)) → (¬ResultOf(dune, creativeProcess) ∧ ¬ScienceFiction(dune))",False,1052,"all:x ((knows(dan, x) & imaginativeprocess(x)) :- resultof(x, creativeprocess))
all:x ((knows(dan, x) & sciencefiction(x)) :- imaginativeprocess(x)) 
all:x (knows(dan, x) :- (sciencefiction(x) ^ realisticfiction(x)))
all:x ((knows(dan, x) & fact(x)) :- ~provedtobe(x, false)) 
(knows(dan, dune) & sciencefiction(dune)) | provedtobe(dune, false))","(resultof(dune, creativeprocess)  & imaginativeprocess(dune)) :- (~resultof(dune, creativeprocess) & ~sciencefiction(dune))"
25,49,"Quincy McDuffie is an American professional wide receiver in Canadian Football.
People who can catch balls are good wide receivers. 
Quincy McDuffie can catch some footballs easily.
Good wide receivers play professionally.
Good wide receivers can catch with both their left and right hand.
All footballs are balls.","American(quincyMcduffie) ∧ Professional(quincyMcduffie) ∧ WideReciever(quincyMcduffie) ∧ PlaysIn(quincyMcduffie, cFL)
∀x ((∃y(CanCatch(x, y) ∧ Ball(y))) → GoodWideReceiver(x))
∃x ∃y (Football(x) ∧ CanCatch(quincymcduffie, x)) ∧ (¬(x=y) ∧ (Football(y) ∧ CanCatch(quincymcduffie, y))
∀x (GoodWideReceiver(x) → Professional(x))
∀x (GoodWideReceiver(x) → (CanCatchWith(x, lefthand) ∧ CanCatchWith(x, righthand)))
∀x (Football(x) → Ball(x))",Quincy McDuffie is a good wide receiver.,GoodWideReceiver(quincyMcduffie),True,141,"american(quincymcduffie) & professional(quincymcduffie) & widereciever(quincymcduffie) & playsin(quincymcduffie, cfl)
all:x ((y(cancatch(x, y) & ball(y))) :- goodwidereceiver(x))
x y (football(x) & cancatch(quincymcduffie, x)) & (~(x=y) & (football(y) & cancatch(quincymcduffie, y))
all:x (goodwidereceiver(x) :- professional(x))
all:x (goodwidereceiver(x) :- (cancatchwith(x, lefthand) & cancatchwith(x, righthand)))
all:x (football(x) :- ball(x))",goodwidereceiver(quincymcduffie)
26,59,"Some monitors equipped in the lab are produced by the company named AOC. 
All monitors equipped in the lab are cheaper than their original prices. 
If a monitor is cheaper than its original price, then its resolution is 1080p. 
If a monitor has a resolution of 1080p, then it does not support the type-c port. 
LG34 is equipped in the lab.  ","∃x ∃y  (LabMonitor(x) ∧ AOC(x) ∧ (¬(x=y)) ∧ LabMonitor(y) ∧ AOC(y))
∀x (LabMonitor(x) → Discounted(x))
∀x (Discounted(x) → A1080p(x))
∀x (A1080p(x) → ¬TypeC(x))
LabMonitor(lg-34)",LG34 is not with a resolution of 1080p.,¬A1080p(lg-34),False,176,"x y  (labmonitor(x) & aoc(x) & (~(x=y)) & labmonitor(y) & aoc(y))
all:x (labmonitor(x) :- discounted(x))
all:x (discounted(x) :- a1080p(x))
all:x (a1080p(x) :- ~typec(x))
labmonitor(lg-34)",~a1080p(lg-34)
27,261,"All nuclear-powered submarines are warships.
No nuclear-powered submarines are commercial vessels.","∀x (NuclearPoweredSubmarine(x) → Warship(x))
∀x (NuclearPoweredSubmarine(x) → ¬CommercialVessel(x))",No warships are commercial vessels.,∀x (Warship(x) → ¬CommercialVessel(x)),Uncertain,705,"all:x (nuclearpoweredsubmarine(x) :- warship(x))
all:x (nuclearpoweredsubmarine(x) :- ~commercialvessel(x))",all:x (warship(x) :- ~commercialvessel(x))
28,311,"No payment cards issued by Russian banks can be used with ApplePay.
All MIR payment cards are issued by Russian banks.
Some international payment cards can be used with ApplePay.
Social payments in Russia can only be transferred to MIR payment cards.
Bank of America payment cards can be used with ApplePay.","∀x ∀y (PaymentCard(x) ∧ RussianBank(y) ∧ IssuedBy(x, y) → ¬UsedWith(x, applePay))
∀x ∀y (PaymentCard(x) ∧ MIR(x) → RussianBank(y) ∧ IssuedBy(x, y))
∃x (PaymentCard(x) ∧ International(x) → UsedWith(x, applePay))
∀x ∀y (SocialPayment(x) ∧TransferredTo(x, y) → PaymentCard(y) ∧ MIR(y))
PaymentCard(bankOfAmerica) ∧ UsedWith(bankOfAmerica, applePay)",Bank of America payment cards are international and can be used to transfer social payments in Russia.,"∀x (PaymentCard(bankOfAmerica) ∧ International(bankOfAmerica) ∧ SocialPayment(x) ∧TransferredTo(x, bankOfAmerica))",False,774,"all:x all:y (paymentcard(x) & russianbank(y) & issuedby(x, y) :- ~usedwith(x, applepay))
all:x all:y (paymentcard(x) & mir(x) :- russianbank(y) & issuedby(x, y))
x (paymentcard(x) & international(x) :- usedwith(x, applepay))
all:x all:y (socialpayment(x) &transferredto(x, y) :- paymentcard(y) & mir(y))
paymentcard(bankofamerica) & usedwith(bankofamerica, applepay)","all:x (paymentcard(bankofamerica) & international(bankofamerica) & socialpayment(x) &transferredto(x, bankofamerica))"
29,366,"People in Franny's family drink kombucha every day or drink Coca-Cola or a Pepsi product.
If people in Franny's family drink Coca-Cola or a Pepsi product every day, then they grew up with extremely busy parents who did not have time to pack them lunch.
If people in Franny's family drink Coca-Cola or another Pepsi product every day, then they have to visit the dentist frequently.
If people in Franny's family grew up with extremely busy parents who did not have time to pack them lunch, then they have erratic and diverse eating habits.
If people in Franny's family have erratic and diverse eating habits, then they do not have consistent everyday routines and like sticking to a solid schedule.
Damon is in Franny's family. 
Damon either both grow up with extremely busy parents who did not have time to pack her lunch and have consistent everyday routines and like sticking to a solid schedule, or Damon did neither.","∀x (In(x, frannysFamily) ∧ (Drink(x, kombucha) ∨ (∃y (Drink(x, cocaCola) ∨ (PepsiProduct(y) ∧ Drink(x, y))))))
∀x (In(x, frannysFamily) ∧ (∃y (Drink(x, cocaCola) ∨ (PepsiProduct(y) ∧ Drink(x, y)))) → (∃y ∃z (¬(y=z) ∧ BusyParent(y) ∧ BusyParent(z) ∧ ¬Pack(y, lunch) ∧ ¬Pack(z, lunch) ∧ GrowUpWith(x, y) ∧ GrowUpWith(x, z))))
∀x (In(x, frannysFamily)) ∧ (∃y (Drink(x, cocaCola) ∨ (PepsiProduct(y) ∧ Drink(x, y)))) → HaveToVisitFrequently(x, dentist))
∀x (In(x, frannysFamily) ∧ (∃y ∃z (¬(y=z) ∧ BusyParent(y) ∧ BusyParent(z) ∧ ¬Pack(y, lunch) ∧ ¬Pack(z, lunch) ∧ GrowUpWith(x, y) ∧ GrowUpWith(x, z))) → ∃y (Have(x, y) ∧ Erratic(y) ∧ Diverse(y) ∧ EatingHabit(y)))
∀x (In(x, frannysFamily) ∧ ∃y (Have(x, y) ∧ Erratic(y) ∧ Diverse(y) ∧ EatingHabit(y))) → ¬(ConsistentEverydayRoutine(x) ∧ StickTo(damon, solidSchedule)))
In(damon, frannysFamily)
¬((∃y ∃z(¬(y=z) ∧ BusyParent(y) ∧ BusyParent(z) ∧ ¬Pack(y, lunch) ∧ ¬Pack(z, lunch) ∧ GrowUpWith(damon, y) ∧ GrowUpWith(damon, z))) ⊕ (ConsistentEverydayRoutine(damon) ∧ StickTo(damon, solidSchedule)))","If Damon is in Franny's family and he either visits the dentist frequently or drinks kombucha, then Damon both visits the dentist frequently and drinks Coca-Cola or Pepsi products every day.","HaveToVisitFrequently(damon, dentist) ∨ Drink(damon, kombucha, everyDay) → HaveToVisitFrequently(damon, dentist) ∧ (∃y (Drink(x, cocaCola) ∨ (PepsiProduct(y) ∧ Drink(x, y))))",False,975,"all:x (in(x, frannysfamily) & (drink(x, kombucha) | (y (drink(x, cocacola) | (pepsiproduct(y) & drink(x, y))))))
all:x (in(x, frannysfamily) & (y (drink(x, cocacola) | (pepsiproduct(y) & drink(x, y)))) :- (y z (~(y=z) & busyparent(y) & busyparent(z) & ~pack(y, lunch) & ~pack(z, lunch) & growupwith(x, y) & growupwith(x, z))))
all:x (in(x, frannysfamily)) & (y (drink(x, cocacola) | (pepsiproduct(y) & drink(x, y)))) :- havetovisitfrequently(x, dentist))
all:x (in(x, frannysfamily) & (y z (~(y=z) & busyparent(y) & busyparent(z) & ~pack(y, lunch) & ~pack(z, lunch) & growupwith(x, y) & growupwith(x, z))) :- y (have(x, y) & erratic(y) & diverse(y) & eatinghabit(y)))
all:x (in(x, frannysfamily) & y (have(x, y) & erratic(y) & diverse(y) & eatinghabit(y))) :- ~(consistenteverydayroutine(x) & stickto(damon, solidschedule)))
in(damon, frannysfamily)
~((y z(~(y=z) & busyparent(y) & busyparent(z) & ~pack(y, lunch) & ~pack(z, lunch) & growupwith(damon, y) & growupwith(damon, z))) ^ (consistenteverydayroutine(damon) & stickto(damon, solidschedule)))","havetovisitfrequently(damon, dentist) | drink(damon, kombucha, everyday) :- havetovisitfrequently(damon, dentist) & (y (drink(x, cocacola) | (pepsiproduct(y) & drink(x, y))))"
30,108,"The world's only major large passenger aircraft manufacturers are Boeing and Airbus.
All American Airlines planes are from the world's major large passenger aircraft manufacturers. 
Airbus made more revenue than Boeing last year.","∀x (WorldMajorLargePassengerAircraftManufacturer(x) → x=boeing ⊕ x=airbus)
∀x (AmericanAirlinesAircraft(x) → WorldMajorLargePassengerAircraftManufacturer(x))
MoreInRevenue(airbus, boeing)",There does not exist a United Airlines plane produced by Boeing.,∀x (UnitedAirlinesAircraft(x) → ¬(x=boeing)),Uncertain,328,"all:x (worldmajorlargepassengeraircraftmanufacturer(x) :- x=boeing ^ x=airbus)
all:x (americanairlinesaircraft(x) :- worldmajorlargepassengeraircraftmanufacturer(x))
moreinrevenue(airbus, boeing)",all:x (unitedairlinesaircraft(x) :- ~(x=boeing))
31,92,"Adventures of Rusty is a drama film and children's film.
Columbia Pictures produced Adventures of Rusty.
Tintin was produced by Paramount.
Tintin is an adventure film.","DramaFilm(adventuresOfRusty) ∧ ChildrensFilm(adventuresOfRusty)
Produces(columbiaPictures, adventuresOfRusty)
Produces(paramount, tintin)
AdventureFilm(tintin)",Paramount produces adventure films.,"∃x (AdventureFilm(x) ∧ Produces(paramount, x))",True,282,"dramafilm(adventuresofrusty) & childrensfilm(adventuresofrusty)
produces(columbiapictures, adventuresofrusty)
produces(paramount, tintin)
adventurefilm(tintin)","x (adventurefilm(x) & produces(paramount, x))"
32,373,"All hodophiles who enjoy eating gelato ice cream would enjoy a vacation to Italy.
No hodophiles can resist the hallmark delectable desserts famous in Italy.
Hodophiles enjoy eating gelato ice cream or love to travel and vacation often, or both.
No hodophiles who study abroad in Europe regret their college experiences.
If hodophiles love to travel and vacation often, then they study abroad in Europe.
Robert is a hodophile, and he either enjoys eating gelato ice cream and loves to travel and vacation often, or does not enjoy eating gelato ice cream and does not love to travel and vacation often.","∀x (Hodophiles(x) ∧ EnjoyEating(x, gelato) → Enjoy(x, vacationToItaly))
∀x (Hodophiles(x) ∧ ¬(∃y (Resist(x, y) ∧ Hallmark(y) ∧ Delectabl(y) ∧ Dessert(y) ∧ FamousIn(y, italy))))
∀x (Hodophiles(x) → (EnjoyEating(x, gelato) ∨ LoveToTravelOften(x))
∀x (Hodophiles(x) ∧ TakeIn(x, studyAbroadSemester, europe) → ¬Regret(x, collegeExperience))
∀x (Hodophiles(x) ∧ LoveToTravelOften(x) → TakeIn(x, studyAbroadSemester, europe))
Hodophiles(robert) ∧ ¬(EnjoyEating(robert, gelato) ⊕ LoveToTravelOften(robert))","If Robert either would both enjoy a vacation to Italy and regrets his college experiences or neither would enjoy a vacation to Italy nor regrets his college experiences, then Robert would either enjoy a vacation to Italy or he can resist the hallmark delectable desserts that are famous in Italy.","¬((Enjoy(robert, vacation) ∧ In(vacation, italy)) ⊕ Regret(x, collegeExperiences)) → Enjoy(robert, vacation) ∧ In(vacation, italy) ⊕ (∃y (Resist(robert, y) ∧ Hallmark(y) ∧ Delectabl(y) ∧ Dessert(y) ∧ FamousIn(y, italy))",True,994,"all:x (hodophiles(x) & enjoyeating(x, gelato) :- enjoy(x, vacationtoitaly))
all:x (hodophiles(x) & ~(y (resist(x, y) & hallmark(y) & delectabl(y) & dessert(y) & famousin(y, italy))))
all:x (hodophiles(x) :- (enjoyeating(x, gelato) | lovetotraveloften(x))
all:x (hodophiles(x) & takein(x, studyabroadsemester, europe) :- ~regret(x, collegeexperience))
all:x (hodophiles(x) & lovetotraveloften(x) :- takein(x, studyabroadsemester, europe))
hodophiles(robert) & ~(enjoyeating(robert, gelato) ^ lovetotraveloften(robert))","~((enjoy(robert, vacation) & in(vacation, italy)) ^ regret(x, collegeexperiences)) :- enjoy(robert, vacation) & in(vacation, italy) ^ (y (resist(robert, y) & hallmark(y) & delectabl(y) & dessert(y) & famousin(y, italy))"
33,316,"There are no mansion houses in an urban area.
All skyscrapers are in urban areas.
Every creepy haunted house is a mansion house.
Every terrifying building on Halloween is a creepy haunted house.
The LaLaurie House is a creepy haunted house or a terrifying building on Halloween.","∀x (InUrbanArea(x) → ¬MansionHouse(x))
∀x (Skyscraper(x) → InUrbanArea(x))
∀x (CreepyHauntedHouse(x) → MansionHouse(x))
∀x (TerrifyingBuilding(x) ∧ OnHalloween(x) → CreepyHauntedHouse(x))
CreepyHauntedHouse(laLaurieHouse) ∨ TerrifyingBuilding(laLaurieHouse) ∧ OnHalloween(laLaurieHouse)",The LaLaurie House is a skyscraper.,Skyscraper(laLaurieHouse),False,789,"all:x (inurbanarea(x) :- ~mansionhouse(x))
all:x (skyscraper(x) :- inurbanarea(x))
all:x (creepyhauntedhouse(x) :- mansionhouse(x))
all:x (terrifyingbuilding(x) & onhalloween(x) :- creepyhauntedhouse(x))
creepyhauntedhouse(lalauriehouse) | terrifyingbuilding(lalauriehouse) & onhalloween(lalauriehouse)",skyscraper(lalauriehouse)
34,6,"Boves is a railway station located in France. 
The preceding station of Boves is Longueau.
The preceding station of Dommartin is Boves.
France is a European country.
Dommartin is situated on the Paris–Lille railway. 
Any two contiguous stations are on the same railway.
Boves is served by regional TER Hauts-de-France trains.
If place A is located in place B and place B is located in place C, then place A is located in place C.
If place A precedes place B and place B precedes place C, then place A precedes place C.","RailwayStation(boves) ∧ In(boves, france)
Precede(longueau, boves)
Precede(boves, dommartin)
In(france, europe)
SituatedOn(dommartin, pairsLille)
∀x ∀y ∀z ((SituatedOn(x, z) ∧ (Precede(x, y) ∨ Precede(y, x)) → SituatedOn(y, z))
Serve(boves, hautsDeFrance)
∀x ∀y ∀z ((In(x, y) ∧ In(y, z)) → In(x, z))
∀x ∀y ∀z ((Precede(x, y) ∧ Precede(y, z)) → Precede(x, z))",Longueau is situated on the Paris–Lille railway.,"SituatedOn(longueau, pairsLille)",True,14,"railwaystation(boves) & in(boves, france)
precede(longueau, boves)
precede(boves, dommartin)
in(france, europe)
situatedon(dommartin, pairslille)
all:x all:y all:z ((situatedon(x, z) & (precede(x, y) | precede(y, x)) :- situatedon(y, z))
serve(boves, hautsdefrance)
all:x all:y all:z ((in(x, y) & in(y, z)) :- in(x, z))
all:x all:y all:z ((precede(x, y) & precede(y, z)) :- precede(x, z))","situatedon(longueau, pairslille)"
35,212,"If you have room for dessert, you have room for broccoli.
Everyone at Luis's dinner party has room for dessert, including Luis.
Mauricia does not have room for broccoli.
Luis's dinner party is the first ever dinner party that Allison has attended.
Gustave has room for both broccoli and asparagus.
Broccoli and asparagus are both vegetables.","∀x (RoomFor(x, dessert) → RoomFor(x, broccoli))
∀x (AtLuisParty(x) → RoomFor(x, dessert))
¬RoomFor(mauricia, broccoli)
AtLuisParty(allison) ∧ FirstDinnerPartyFor(luisparty, allison) 
RoomFor(gustave, broccoli) ∧ RoomFor(gustave, asparagus)
Vegetable(broccoli) ∧ Vegetable(asparagus)",Allison has room for broccoli.,"RoomFor(allison, broccoli)",True,605,"all:x (roomfor(x, dessert) :- roomfor(x, broccoli))
all:x (atluisparty(x) :- roomfor(x, dessert))
~roomfor(mauricia, broccoli)
atluisparty(allison) & firstdinnerpartyfor(luisparty, allison) 
roomfor(gustave, broccoli) & roomfor(gustave, asparagus)
vegetable(broccoli) & vegetable(asparagus)","roomfor(allison, broccoli)"
36,476,"All phones are things.
All cell phones are phones. 
All iPhones are cell phones. 
All employees are wage earners.
All wage earners are human. 
Jack is either an employee or a wage earner.
Jack is either a human or a phone.","∀x (Phone(x) → Thing(x))
∀x (Cellphone(x) → Phone(x))
∀x (Iphone(x) → Cellphone(x))
∀x (Employee(x) → WageEarner(x))
∀x (WageEarner(x) → Human(x))
Employee(jack) ⊕ WageEarner(jack) 
Human(jack) ⊕ Phone(jack)",Jack is a thing.,Thing(jack),Uncertain,1381,"all:x (phone(x) :- thing(x))
all:x (cellphone(x) :- phone(x))
all:x (iphone(x) :- cellphone(x))
all:x (employee(x) :- wageearner(x))
all:x (wageearner(x) :- human(x))
employee(jack) ^ wageearner(jack) 
human(jack) ^ phone(jack)",thing(jack)
37,163,"There are eight federal districts of Russia: Central, Northwestern, Southern, North Caucasian, Volga, Ural, Siberian, and Far Eastern.
The Central federal district has the largest population among all federal districts in Russia.
Moscow is the administrative center of the Central federal district.
Yekaterinburg is the administrative center of the Ural federal district.
Vladivostok is the administrative center of the Far Eastern federal district.
The Far Eastern federal district has the largest area among all federal districts in Russia.
Some federal districts in Russia were established in 2000.","FederalDistrictOf(central, russia) ∧ FederalDistrictOf(northwestern, russia) ∧ FederalDistrictOf(southern, russia) ∧ FederalDistrictOf(northcaucasian, russia) ∧ FederalDistrictOf(volga, russia) ∧ FederalDistrictOf(ural, russia) ∧ FederalDistrictOf(siberian, russia) ∧ FederalDistrictOf(fareastern, russia)
LargestPopulation(central) 
AdministrativeCenterOf(moscow, central)
AdministrativeCenterOf(yekaterinburg, ural)
AdministrativeCenterOf(vladivostok, farEastern)
LargestArea(farEastern)
∃x (FederalDistrictOf(x, russia) ∧ EstablishedIn(x, 2000))",The Northwestern federal district was established in 2000.,"EstablishedIn(northwestern, 2000)",Uncertain,469,"federaldistrictof(central, russia) & federaldistrictof(northwestern, russia) & federaldistrictof(southern, russia) & federaldistrictof(northcaucasian, russia) & federaldistrictof(volga, russia) & federaldistrictof(ural, russia) & federaldistrictof(siberian, russia) & federaldistrictof(fareastern, russia)
largestpopulation(central) 
administrativecenterof(moscow, central)
administrativecenterof(yekaterinburg, ural)
administrativecenterof(vladivostok, fareastern)
largestarea(fareastern)
x (federaldistrictof(x, russia) & establishedin(x, 2000))","establishedin(northwestern, 2000)"
38,19,"Thomas Barber was an English professional footballer.
Thomas Barber played in the Football League for Aston Villa.
Thomas Barber played as a halfback and inside left.
Thomas Barber scored the winning goal in the 1913 FA Cup Final.","English(thomasBarber) ∧ ProfessionalFootballer(thomasBarber)
PlayedFor(thomasBarber, astonVilla) ∧ PlayedIn(astonVilla,theFootballLeague)
PlayedAs(thomasBarber, halfBack) ∧ PlayedAs(thomasBarber, insideLeft)
ScoredTheWinningGoalIn(thomasBarber, facupfinal1913)",Thomas Barber played in the Football League for Bolton Wanderers,"PlayedFor(thomasBarber, boltonWanderers) ∧ PlayedIn(boltonWanderers,theFootballLeague)",Uncertain,54,"english(thomasbarber) & professionalfootballer(thomasbarber)
playedfor(thomasbarber, astonvilla) & playedin(astonvilla,thefootballleague)
playedas(thomasbarber, halfback) & playedas(thomasbarber, insideleft)
scoredthewinninggoalin(thomasbarber, facupfinal1913)","playedfor(thomasbarber, boltonwanderers) & playedin(boltonwanderers,thefootballleague)"
39,392,"All prime numbers are natural numbers.
All integers are real numbers. 
All real numbers are complex numbers. 
One is a prime number or a natural number or both.
If one is not a complex number, then one is a prime number and an integer.","∀x (PrimeNumber(x) → NaturalNumber(x)) 
∀x (Integer(x) → RealNumber(x))
∀x (RealNumber(x) → ComplexNumber(x)) 
PrimeNumber(one) ∨ NaturalNumber(one)
¬ComplexNumber(one) → (PrimeNumber(one) ∧ Integer(one))",One is a real number.,RealNumber(one),Uncertain,1057,"all:x (primenumber(x) :- naturalnumber(x)) 
all:x (integer(x) :- realnumber(x))
all:x (realnumber(x) :- complexnumber(x)) 
primenumber(one) | naturalnumber(one)
~complexnumber(one) :- (primenumber(one) & integer(one))",realnumber(one)
40,81,"Quiksilver sells sportswear, clothing, footwear, and accessories.
Flannels are a type of clothing.
Joe owns an item from Quiksilver.","∀x (Sells(quiksilver, x) → (Sportswear(x) ∨ Clothing(x) ∨ Footwear(x) ∨ Accessory(x)))
Clothing(flannel)
∃x (Sells(quiksilver, x) ∧ Owns(joe, x))","Joe owns at least one piece of sportswear, clothing, footwear, or accessory","∃x (Owns(joe, x) ∧ Sportswear(x) ∨ Clothing(x) ∨ Footwear(x) ∨ Accessory(x))",True,248,"all:x (sells(quiksilver, x) :- (sportswear(x) | clothing(x) | footwear(x) | accessory(x)))
clothing(flannel)
x (sells(quiksilver, x) & owns(joe, x))","x (owns(joe, x) & sportswear(x) | clothing(x) | footwear(x) | accessory(x))"
41,430,"Hermès bags are not made in Italy.
All Birkin bags are Hermès bags. 
All Ferraris are made in Italy. 
All cars that carry a Ferrari V12 engine are Ferraris. 
All cars that are made in Maranello carry a Ferrari V12 engine.
A Lamborghini SUV is not both a Ferrari and made in Maranello. 
A Kelly bag is a Hermès bag, or it is a car that carries a Ferrari V12 engine. ","∀x ((Bag(x) ∧ Hermès(x)) → ¬MadeIn(x, italy))
∀x ((Bag(x) ∧ Birkin(x)) → Hermès(x))
∀x (Ferrari(x) → MadeIn(x, italy))
∀x ((Car(x) ∧ Carry(x, ferrariV12Engine)) → Ferrrari(x))
∀x ((Car(x) ∧ MadeIn(x, maranello)) → Carry(x, ferrariV12Engine))
¬(Ferrari(lamborghiniSUV) ∧ MadeIn(lamborghiniSUV, maranello))
(Bag(kelly) ∧ Hermès(kelly)) ∨ (Bag(kelly) ∧ Car(kelly) ∧ Carry(kelly, ferrariV12Engine))",A Kelly bag is a Birkin bag made in Maranello.,"Bag(kelly) ∧ MadeIn(kelly, maranello) ∧ Birkin(kelly)",False,1225,"all:x ((bag(x) & hermès(x)) :- ~madein(x, italy))
all:x ((bag(x) & birkin(x)) :- hermès(x))
all:x (ferrari(x) :- madein(x, italy))
all:x ((car(x) & carry(x, ferrariv12engine)) :- ferrrari(x))
all:x ((car(x) & madein(x, maranello)) :- carry(x, ferrariv12engine))
~(ferrari(lamborghinisuv) & madein(lamborghinisuv, maranello))
(bag(kelly) & hermès(kelly)) | (bag(kelly) & car(kelly) & carry(kelly, ferrariv12engine))","bag(kelly) & madein(kelly, maranello) & birkin(kelly)"
42,396,"A neuroimaging technique is either an invasive neuroimaging technique or a noninvasive neuroimaging technique. 
All noninvasive neuroimaging techniques provide a spatial resolution of brains.
If a technique provides a spatial resolution of brains, then it is a measurement of brain activity. 
All measurements of brain activity are used by neuroscience researchers.
FMRI is either a measurement of brain activity or a noninvasive neuroimaging technique.
FMRI is a neuroimaging technique.","∀x (NeuroimagingTechnique(x) → (Invasive(x) ⊕ Noninvasive(x))) 
∀x (Noninvasive(x) → Provides(x, spatialResolutionOfBrains))
∀x (Provides(x, spatialResolutionOfBrains) → Measure(x, brainActivity))
∀x (Measure(x, brainActivity) → UsedBy(x, neuroscienceResearchers))
Measure(fMRI, brainActivity) ⊕ Noninvasive(fMRI)
NeuroimagingTechnique(fMRI)",FMRI is either an invasive neuroimaging technique or is used by neuroscience researchers.,"Invasive(fMRI) ⊕ UsedBy(fMRI, neuroscienceResearchers)",False,1078,"all:x (neuroimagingtechnique(x) :- (invasive(x) ^ noninvasive(x))) 
all:x (noninvasive(x) :- provides(x, spatialresolutionofbrains))
all:x (provides(x, spatialresolutionofbrains) :- measure(x, brainactivity))
all:x (measure(x, brainactivity) :- usedby(x, neuroscienceresearchers))
measure(fmri, brainactivity) ^ noninvasive(fmri)
neuroimagingtechnique(fmri)","invasive(fmri) ^ usedby(fmri, neuroscienceresearchers)"
43,349,"All disposables are designed to be used only once.
Some items used in Tom's house are eco-friendly.
Every item used in Tom's house is either disposable or reusable. 
If something is made from metal, then it is not made from plastic. 
All reusable items used in Tom's house are made from metal.
The chopsticks used in Tom's house are either made from metals and plastics, or that they are neither made from metals nor plastics.","∀x (Disposable(x) → DesignedToBeOnlyUsedOnce(x))
∃x (EcoFriendly(x))
∀x (UsedIn(x, tomsHouse) → Disposable(x) ⊕ Reusable(x))
∀x (MadeFrom(x, metal) → ¬MadeFrom(x, plastic))
∀x (Reusable(x) → MadeFrom(x, metal))
¬(MadeFrom(chopsticksUsedInTomsHouse, metal) ⊕ MadeFrom(chopsticksUsedInTomsHouse, plastic))",The chopsticks used in Tom's house are eco-friendly or designed to be used only once.,EcoFriendly(chopsticks) ∨ DesignedToBeOnlyUsedOnce(chopsticks),True,925,"all:x (disposable(x) :- designedtobeonlyusedonce(x))
x (ecofriendly(x))
all:x (usedin(x, tomshouse) :- disposable(x) ^ reusable(x))
all:x (madefrom(x, metal) :- ~madefrom(x, plastic))
all:x (reusable(x) :- madefrom(x, metal))
~(madefrom(chopsticksusedintomshouse, metal) ^ madefrom(chopsticksusedintomshouse, plastic))",ecofriendly(chopsticks) | designedtobeonlyusedonce(chopsticks)
44,468,"All drinks on the counter are edible. 
All juices on the counter are drinks. 
Orange juice is a type of juice. 
Everything on the counter is either orange juice or apple juice.
All apple juices on the counter are sweet.
The coke is on the counter and if the coke is apple juice, then the coke is a drink.
If the coke is not apple juice, then the coke is not edible.","∀x (OnCounter(x) ∧ Drink(x) → Edible(x))
∀x (OnCounter(x) ∧ Juice(x) → Drink(x))
∀x (OrangeJuice(x) → Juice(x))
∀x (OnCounter(x) → OrangeJuice(x) ⊕ AppleJuice(x))
∀x (OnCounter(x) ∧ AppleJuice(x) → Sweet(x))
OnCounter(coke) ∧ (AppleJuice(coke) → Drink(coke))
¬AppleJuice(coke) → ¬Edible(coke)",The coke is edible and sweet.,Edible(coke) ∧ Sweet(coke),True,1352,"all:x (oncounter(x) & drink(x) :- edible(x))
all:x (oncounter(x) & juice(x) :- drink(x))
all:x (orangejuice(x) :- juice(x))
all:x (oncounter(x) :- orangejuice(x) ^ applejuice(x))
all:x (oncounter(x) & applejuice(x) :- sweet(x))
oncounter(coke) & (applejuice(coke) :- drink(coke))
~applejuice(coke) :- ~edible(coke)",edible(coke) & sweet(coke)
45,10,"Thick as Thieves is a young adult fantasy novel written by Megan Whalen Turner.
Thick as Thieves was published by Greenwillow Books.
If a book was published by a company, then the author of that book worked with the company that published the book.
The fictional Mede Empire is where Thick as Thieves is set.
The Mede Empire plots to swallow up some nearby countries.
Attolia and Sounis are countries near the Mede Empire.
Thick as Thieves was sold both as a hardcover and an e-book.","YoungAdultFantasy(thickAsTheives) ∧ Novel(thickAsTheives) ∧ WrittenBy(thickAsTheives, meganWhalenTurner)
PublishedBy(thickAsTheives, greenWillowBooks)
∀x ∀y ∀z ((WrittenBy(x, y) ∧ PublishedBy(x, z)) → WorkedWith(y, z))
Fictional(medeEmpire) ∧ SetIn(thickAsTheives, medeEmpire)
∃x ∃y ((Country(x) ∧ Near(x, medeEmpire) ∧ PlotsToSwallowUp(medeEmpire, x)) ∧ (¬(x=y) ∧ Near(y, medeEmpire) ∧ PlotsToSwallowUp(medeEmpire, y)))
Country(attolia) ∧ Near(attolia, medeEmpire) ∧ Country(sounis) ∧ Near(sounis, medeEmpire)
SoldAs(thickAsTheives, hardCover) ∧ SoldAs(thickAsTheives, softCover)",Thick as Thieves is not set in the Mede Empire.,"¬SetIn(thickAsTheives, medeEmpire)",False,27,"youngadultfantasy(thickastheives) & novel(thickastheives) & writtenby(thickastheives, meganwhalenturner)
publishedby(thickastheives, greenwillowbooks)
all:x all:y all:z ((writtenby(x, y) & publishedby(x, z)) :- workedwith(y, z))
fictional(medeempire) & setin(thickastheives, medeempire)
x y ((country(x) & near(x, medeempire) & plotstoswallowup(medeempire, x)) & (~(x=y) & near(y, medeempire) & plotstoswallowup(medeempire, y)))
country(attolia) & near(attolia, medeempire) & country(sounis) & near(sounis, medeempire)
soldas(thickastheives, hardcover) & soldas(thickastheives, softcover)","~setin(thickastheives, medeempire)"
46,65,"If a person coaches a football club, the person is a football coach.
If a person has a position in a club in a year, and the club is in NFL in the same year, the person plays in NFL.
Minnesota Vikings is a football club.
Dennis Green coached Minnesota Vikings.
Cris Carter had 13 touchdown receptions.
Minnesota Vikings were in the National Football League in 1997.
John Randle was Minnesota Vikings defensive tackle in 1997.","∀x ∀y ((Coach(x, y) ∧ FootballClub(y)) → FootballCoach(x))
∀w ∀x ∀y ∀z ((PlayPositionFor(x, w, y, z) ∧ InNFL(y, z)) → PlayInNFL(x))
FootballClub(minnesotaVikings)
Coach(dennisGreen, minnesotaVikings)
ReceiveTD(crisCarter, num13)
InNFL(minnesotaVikings, yr1997)
PlayPositionFor(johnRandle, defensiveTackle, minnesotaVikings, yr1997)",Dennis Green is a football coach.,FootballCoach(dennisGreen),True,192,"all:x all:y ((coach(x, y) & footballclub(y)) :- footballcoach(x))
all:w all:x all:y all:z ((playpositionfor(x, w, y, z) & innfl(y, z)) :- playinnfl(x))
footballclub(minnesotavikings)
coach(dennisgreen, minnesotavikings)
receivetd(criscarter, num13)
innfl(minnesotavikings, yr1997)
playpositionfor(johnrandle, defensivetackle, minnesotavikings, yr1997)",footballcoach(dennisgreen)
47,333,"If people have a lot of music decorations in their rooms, they cannot pack and move out of their rooms very easily.
If people have high ambitions and future career goals, then they can pack and move out of their rooms very easily.
If people are big fans of pop bands and singers, then they have a lot of music decorations in their room.
All young teenage girls who attend music festival frequently are big fans of pop bands and singers.
If Sam has high ambitions and future career goals, then Sam is a big fan of pop bands and singers.","∀x (HaveIn(x, aLotOfMusicDecoration, room) → ¬MoveOutEasily(x))
∀x (Ambitious(x) → MoveOutEasily(x))
∀x (BigFanOfMusic(x) → MusicDecorations(x, room))
∀x (AttendFrequently(x, musicFestival) ∧ YoungTeenageGirl(x) → BigFanOfPopBand(x) ∧ BigFanOfPopSinger(x))
Ambitious(sam) → BBigFanOfPopBand(sam) ∧ BigFanOfPopSinger(sam)",Sam has high ambitions and future career goals and is a young teenage girl attending music festival frequently.,"Ambitious(sam) ∧ Attend(sam, festival) ∧ YoungTeenageGirl(sam)",False,867,"all:x (havein(x, alotofmusicdecoration, room) :- ~moveouteasily(x))
all:x (ambitious(x) :- moveouteasily(x))
all:x (bigfanofmusic(x) :- musicdecorations(x, room))
all:x (attendfrequently(x, musicfestival) & youngteenagegirl(x) :- bigfanofpopband(x) & bigfanofpopsinger(x))
ambitious(sam) :- bbigfanofpopband(sam) & bigfanofpopsinger(sam)","ambitious(sam) & attend(sam, festival) & youngteenagegirl(sam)"
48,418,"Some monitors equipped in the library are produced by AOC. 
All monitors equipped in the library are cheaper than 800 dollars. 
All monitors cheaper than 800 dollars are with a resolution lower than 1080p. 
If a monitor has a resolution lower than 1080p, then it does not support the type-c port. 
A-2017 supports the type-c port. ","∃x ∃y(Monitor(x) ∧ ProducedBy(x, aOC) ∧ In(x, library) ∧ (¬(x=y)) ∧ Monitor(y) ∧ ProducedBy(y, aOC) ∧ In(y, library))
∀x ((Monitor(x) ∧ In(x, library)) → CheaperThan(x, dollars800))
∀x ((Monitor(x) ∧ CheaperThan(x, dollars800)) → ResolutionLessThan(x, p1080))
∀x ((Monitor(x) ∧ ResolutionLessThan(x, p1080)) → ¬Supports(x, type-CPort))
Supports(a-2017, type-CPort)",A-2017 is produced by AOC.,"ProducedBy(x, aOC)",Uncertain,1178,"x y(monitor(x) & producedby(x, aoc) & in(x, library) & (~(x=y)) & monitor(y) & producedby(y, aoc) & in(y, library))
all:x ((monitor(x) & in(x, library)) :- cheaperthan(x, dollars800))
all:x ((monitor(x) & cheaperthan(x, dollars800)) :- resolutionlessthan(x, p1080))
all:x ((monitor(x) & resolutionlessthan(x, p1080)) :- ~supports(x, type-cport))
supports(a-2017, type-cport)","producedby(x, aoc)"
49,481,"All biodegradable things are environment-friendly. 
All woodware is biodegradable.
All paper is woodware. 
Nothing is a good thing and also a bad thing.
All environment-friendly things are good.
A worksheet is either paper or environment-friendly.","∀x (Biodegradable(x) → EnvironmentFriendly(x))
∀x (Woodware(x) → Biodegradable(x))
∀x (Paper(x) → Woodware(x))
¬(∃x (Good(x) ∧ Bad(x)))
∀x (EnvironmentFriendly(x) → Good(x))
Paper(worksheet) ⊕ EnvironmentFriendly(worksheet)",A worksheet is not biodegradable.,¬Bioegradable(worksheet),Uncertain,1403,"all:x (biodegradable(x) :- environmentfriendly(x))
all:x (woodware(x) :- biodegradable(x))
all:x (paper(x) :- woodware(x))
~(x (good(x) & bad(x)))
all:x (environmentfriendly(x) :- good(x))
paper(worksheet) ^ environmentfriendly(worksheet)",~bioegradable(worksheet)
50,406,"All people who regularly drink coffee are dependent on caffeine.
People regularly drink coffee, or they don't want to be addicted to caffeine, or both.
No one who doesn't want to be addicted to caffeine is unaware that caffeine is a drug.
Rina is either a student who is unaware that caffeine is a drug, or she is not a student and is she aware that caffeine is a drug.
Rina  is either a student who is dependent on caffeine, or she is not a student and not dependent on caffeine.","∀x (DrinkRegularly(x, coffee) → IsDependentOn(x, caffeine))
∀x (DrinkRegularly(x, coffee)  ∨ (¬WantToBeAddictedTo(x, caffeine)))
∀x (¬WantToBeAddictedTo(x, caffeine) → ¬AwareThatDrug(x, caffeine))
¬(Student(rina) ⊕  ¬AwareThatDrug(rina, caffeine))
¬(IsDependentOn(rina, caffeine) ⊕ Student(rina))",Rina eith doesn't want to be addicted to caffeine or is unaware that caffeine is a drug.,"¬WantToBeAddictedTo(rina, caffeine) ⊕ ¬AwareThatDrug(rina, caffeine)",True,1127,"all:x (drinkregularly(x, coffee) :- isdependenton(x, caffeine))
all:x (drinkregularly(x, coffee)  | (~wanttobeaddictedto(x, caffeine)))
all:x (~wanttobeaddictedto(x, caffeine) :- ~awarethatdrug(x, caffeine))
~(student(rina) ^  ~awarethatdrug(rina, caffeine))
~(isdependenton(rina, caffeine) ^ student(rina))","~wanttobeaddictedto(rina, caffeine) ^ ~awarethatdrug(rina, caffeine)"
51,48,"Douglas Adams is an author who created the book collection called The Salmon of Doubt. 
The Salmon of Doubt is about life experiences and technology.
All authors are writers.
Writers create innovative ideas.
Some books that contain innovative ideas are about technology.","Author(douglasAdams) ∧ Authored(douglasAdams, theSalmonOfDoubt) ∧ Book(theSalmonOfDoubt)
About(theSalmonOfDoubt, lifeExperience) ∧ About(theSalmonOfDoubt, technology)
∀x (Author(x) → Writer(x))
∀x (Writer(x) → Create(x, innovativeIdea))
∃x ∃y (Contain(x, innovativeIdea) ∧ About(x, technology) ∧ (¬(x=y)) ∧ (Contain(y, innovativeIdea) ∧ About(y, technology)))",The Salmon of Doubt has no innovative Ideas.,"¬Contain(theSalmonOfDoubt, innovativeIdea)",Uncertain,140,"author(douglasadams) & authored(douglasadams, thesalmonofdoubt) & book(thesalmonofdoubt)
about(thesalmonofdoubt, lifeexperience) & about(thesalmonofdoubt, technology)
all:x (author(x) :- writer(x))
all:x (writer(x) :- create(x, innovativeidea))
x y (contain(x, innovativeidea) & about(x, technology) & (~(x=y)) & (contain(y, innovativeidea) & about(y, technology)))","~contain(thesalmonofdoubt, innovativeidea)"
52,473,"All pets in my house are either cats or dogs.
All the dogs in my house bark.
Ghosts do not exist.
If some pet in my house barks, then it is not dead.
All of the pets in my house are either dead or alive.
Jojo is a pet in my house, and it is not alive.","∀x (Pet(x) ∧ In(x, myHouse) → Cat(x) ⊕ Dog(x))
∀x (Dog(x) ∧ In(x, myHouse) → Bark(x))
∀x (¬Ghost(x))
∀x (Bark(x) ∧ Pet(x) ∧ In(x, myHouse) → ¬Dead(x))
∀x (Pet(x) ∧ In(x, myHouse) → Dead(x) ⊕ Alive(x))
Pet(jojo) ∧ InMyHouse(jojo)∧ ¬Alive(jojo)",Jojo is a ghost.,Ghost(jojo),False,1369,"all:x (pet(x) & in(x, myhouse) :- cat(x) ^ dog(x))
all:x (dog(x) & in(x, myhouse) :- bark(x))
all:x (~ghost(x))
all:x (bark(x) & pet(x) & in(x, myhouse) :- ~dead(x))
all:x (pet(x) & in(x, myhouse) :- dead(x) ^ alive(x))
pet(jojo) & inmyhouse(jojo)& ~alive(jojo)",ghost(jojo)
53,233,"Deng Xiaoping served as the paramount leader of the People's Republic of China.
Deng Xiaoping was praised for his reaffirmation of the reform program, as well as the reversion of Hong Kong to Chinese control and the return of Macau.
As the party's Secretary-General under Mao and Vice Premier in the 1950s, Deng Xiaoping presided over the Anti-Rightist Campaign launched by Mao.
Deng Xiaoping became instrumental in China's economic reconstruction following the disastrous Great Leap Forward.
Mao Zedong died in 1976.
After Mao Zedong's death, Deng Xiaoping gradually rose to supreme power.","ParamountLeaderOf(dengXiaoping, peoplesRepublicOfChina)
PraisedFor(dengXiaoping, reaffirmationOfReformProgram) ∧ PraisedFor(dengXiaoping, reversionOfHongKong) ∧ PraisedFor(dengXiaoping, returnOfMacau)
PartysSecretaryGeneral(dengXiaoping) ∧ Under(dengXiaoping, mao) ∧ VicePremierInThe1950s(dengXiaoping) ∧ PresidedOver(dengXiaoping, antiRightistCampaign) ∧ LaunchedBy(antiRightistCampaign, mao)
InstrumentalIn(dengXiaoping, chinasEconomicReconstruction) ∧ Following(chinasEconomicReconstruction, greatLeapForward) ∧ Disastrous(greatLeapForward)
DiedIn(mao, year1976)
GraduallyRoseTo(dengXiaoping, supremePower)",Deng Xiaoping presided over something launched by someone he was under.,"∃x ∃y (PresidedOver(dengxiaoping, x) ∧ Under(dengxiaoping, y) ∧ LaunchedBy(x, y))",True,661,"paramountleaderof(dengxiaoping, peoplesrepublicofchina)
praisedfor(dengxiaoping, reaffirmationofreformprogram) & praisedfor(dengxiaoping, reversionofhongkong) & praisedfor(dengxiaoping, returnofmacau)
partyssecretarygeneral(dengxiaoping) & under(dengxiaoping, mao) & vicepremierinthe1950s(dengxiaoping) & presidedover(dengxiaoping, antirightistcampaign) & launchedby(antirightistcampaign, mao)
instrumentalin(dengxiaoping, chinaseconomicreconstruction) & following(chinaseconomicreconstruction, greatleapforward) & disastrous(greatleapforward)
diedin(mao, year1976)
graduallyroseto(dengxiaoping, supremepower)","x y (presidedover(dengxiaoping, x) & under(dengxiaoping, y) & launchedby(x, y))"
54,316,"There are no mansion houses in an urban area.
All skyscrapers are in urban areas.
Every creepy haunted house is a mansion house.
Every terrifying building on Halloween is a creepy haunted house.
The LaLaurie House is a creepy haunted house or a terrifying building on Halloween.","∀x (InUrbanArea(x) → ¬MansionHouse(x))
∀x (Skyscraper(x) → InUrbanArea(x))
∀x (CreepyHauntedHouse(x) → MansionHouse(x))
∀x (TerrifyingBuilding(x) ∧ OnHalloween(x) → CreepyHauntedHouse(x))
CreepyHauntedHouse(laLaurieHouse) ∨ TerrifyingBuilding(laLaurieHouse) ∧ OnHalloween(laLaurieHouse)","If the LaLaurie House is either a skyscraper or a mansion house, then it is in an urban area.",Skyscraper(laLaurieHouse) ⊕ MansionHouse(laLaurieHouse) → InUrbanArea(laLaurieHouse),False,796,"all:x (inurbanarea(x) :- ~mansionhouse(x))
all:x (skyscraper(x) :- inurbanarea(x))
all:x (creepyhauntedhouse(x) :- mansionhouse(x))
all:x (terrifyingbuilding(x) & onhalloween(x) :- creepyhauntedhouse(x))
creepyhauntedhouse(lalauriehouse) | terrifyingbuilding(lalauriehouse) & onhalloween(lalauriehouse)",skyscraper(lalauriehouse) ^ mansionhouse(lalauriehouse) :- inurbanarea(lalauriehouse)
55,105,"Show Your Love is a song recorded by the South Korean boy band BtoB 4u.
The lead single of the extended play Inside is Show Your Love.
Show Your Love contains a hopeful message.
BtoB 4u member Hyunsik wrote Show Your Love.
There is a music video for Show Your Love.","Song(showYourLove) ∧ RecordedBy(showYourLove, bToB4u) ∧ SouthKorean(bToB4u) ∧ BoyBand(bToB4u)
ExtendedPlay(inside) ∧ LeadSingleOf(showYourLove, inside)
Contains(showYourLove, hopefulMessage)
Member(hyunsik, btob4u) ∧ Wrote(hyunsik, showYourLove)
Have(showYourLove, musicVideo)",Hyunsik is Korean.,Korean(hyunsik),Uncertain,320,"song(showyourlove) & recordedby(showyourlove, btob4u) & southkorean(btob4u) & boyband(btob4u)
extendedplay(inside) & leadsingleof(showyourlove, inside)
contains(showyourlove, hopefulmessage)
member(hyunsik, btob4u) & wrote(hyunsik, showyourlove)
have(showyourlove, musicvideo)",korean(hyunsik)
56,73,"Ambiortus is a prehistoric bird genus.
Ambiortus Dementjevi is the only known species of Ambiortus.
Mongolia was where Ambiortus Dementjevi lived.
Yevgeny Kurochkin was the discoverer of Ambiortus.","Prehistoric(ambiortus) ∧ BirdGenus(ambiortus)
∀x(KnownSpeciesOf(x, ambiortus) → IsSpecies(x, ambiortusDementjevi))
LiveIn(ambiortusDementjevi, mongolia)
Discover(yevgenykurochkin, ambiortus)",Yevgeny Kurochkin lived in Mongolia.,"LiveIn(yevgenykurochkin, mongolia)",Uncertain,223,"prehistoric(ambiortus) & birdgenus(ambiortus)
all:x(knownspeciesof(x, ambiortus) :- isspecies(x, ambiortusdementjevi))
livein(ambiortusdementjevi, mongolia)
discover(yevgenykurochkin, ambiortus)","livein(yevgenykurochkin, mongolia)"
57,180,"Sam is doing a project.
A project is written either in C++ or Python.
If Sam does a project written in Python, he will not use a Mac.
Sam is using a Mac.
If Sam uses a Mac, he will play a song.
If a song is not titled ""Perfect,"" Sam will never play it.","∃x (Project(x) ∧ Do(sam, x))
∀x (Project(x) → (WrittenIn(x, cplusplus) ⊕ WrittenIn(x, python)))
∀x (Project(x) ∧ WrittenIn(x, python) ∧ Do(sam, x) → ¬Use(sam, mac))
Use(sam, mac)
∃x (Use(sam, mac) ∧ Song(x) → Play(sam, x))
∀x (Song(x) ∧ Play(sam, x) → Titled(x, perfect))",The project Sam is doing is written in C++.,"∀x (Project(x) ∧ Do(sam, x) ∧ WrittenIn(x, cplusplus))",True,518,"x (project(x) & do(sam, x))
all:x (project(x) :- (writtenin(x, cplusplus) ^ writtenin(x, python)))
all:x (project(x) & writtenin(x, python) & do(sam, x) :- ~use(sam, mac))
use(sam, mac)
x (use(sam, mac) & song(x) :- play(sam, x))
all:x (song(x) & play(sam, x) :- titled(x, perfect))","all:x (project(x) & do(sam, x) & writtenin(x, cplusplus))"
58,378,"All people who attend weddings are getting married or know the people who are getting married.
No preteens or young children are getting married or know the people who are getting married.
People who enjoy celebrating life milestone events with other people attend weddings.
People who are fond of large group functions enjoy celebrating life milestone events with other people.
All people who are outgoing and spirited are fond of large group functions.
If Carol is not both a pre-teen or young child and attends a wedding, then Carol is not getting married or knows the people who are getting married.  ","∀x (Attend(x, wedding) → GettingMarried(x) ∨ (∃y (Know(x, y) ∧ GettingMarried(y)))
∀x (PreTeen(x) ∨ YoungChild(x) → ¬(GettingMarried(x) ⊕ (∃y (Know(x, y) ∧ GettingMarried(y)))))
∀x (∃y ∃z (¬(x=y) ∧ ¬(x=z) ∧ ¬(y=z) ∧ Enjoy(x, celebratingLifeMileStoneEvent, y) ∧ Enjoy(x, celebratingLifeStoneEvent, z)) → Attend(x, wedding))
∀x (FondOf(x, largeGroupFunction) → ∃y ∃z (¬(x=y) ∧ ¬(x=z) ∧ ¬(y=z) ∧ Enjoy(x, celebratingLifeMileStoneEventWith, y) ∧ Enjoy(x, celebratingLifeStoneEvent, z)))
∀x (Outgoing(x) ∧ Sprited(x)  → FondOf(x, largeGroupFunction))
¬((PreTeen(carol) ∨ YoungChildren(carol)) ∧ Attend(carol, wedding)) → ¬(GettingMarried(carol) ∨ (∃y (Know(carol, y) ∧ GettingMarried(y))))",Carol is a preteen or a young child.,PreTeen(carol) ∨ YoungChild(carol),Uncertain,1009,"all:x (attend(x, wedding) :- gettingmarried(x) | (y (know(x, y) & gettingmarried(y)))
all:x (preteen(x) | youngchild(x) :- ~(gettingmarried(x) ^ (y (know(x, y) & gettingmarried(y)))))
all:x (y z (~(x=y) & ~(x=z) & ~(y=z) & enjoy(x, celebratinglifemilestoneevent, y) & enjoy(x, celebratinglifestoneevent, z)) :- attend(x, wedding))
all:x (fondof(x, largegroupfunction) :- y z (~(x=y) & ~(x=z) & ~(y=z) & enjoy(x, celebratinglifemilestoneeventwith, y) & enjoy(x, celebratinglifestoneevent, z)))
all:x (outgoing(x) & sprited(x)  :- fondof(x, largegroupfunction))
~((preteen(carol) | youngchildren(carol)) & attend(carol, wedding)) :- ~(gettingmarried(carol) | (y (know(carol, y) & gettingmarried(y))))",preteen(carol) | youngchild(carol)
59,7,"Six, seven and eight are real numbers.
If a real number equals another real number added by one, the first number is larger.
If the number x is larger than the number y, then y is not larger than x.
Seven equals six plus one.
Eight equals seven plus one.
Two is positive.
If a number is positive, then the double of it is also positive.
Eight is the double of four.
Four is the double of two.","RealNum(num6) ∧ RealNum(num7) ∧ RealNum(num8)
∀x ∀y ((RealNum(x) ∧ RealNum(y) ∧ IsSuccessorOf(x, y)) → Larger(x, y))
∀x ∀y (Larger(x, y) → ¬Larger(y, x))
∃y(IsSuccessorOf(y, num6) ∧ Equals(num7, y))
∃y(IsSuccessorOf(y, num7) ∧ Equals(num8, y))
Positive(num2)
∀x ∀y ((Positive(x) ∧ IsDouble(y, x)) → Positive(y))
IsDouble(num8, num4)
IsDouble(num4, num2)",Eight is larger than seven.,"Larger(eight, seven)",True,17,"realnum(num6) & realnum(num7) & realnum(num8)
all:x all:y ((realnum(x) & realnum(y) & issuccessorof(x, y)) :- larger(x, y))
all:x all:y (larger(x, y) :- ~larger(y, x))
y(issuccessorof(y, num6) & equals(num7, y))
y(issuccessorof(y, num7) & equals(num8, y))
positive(num2)
all:x all:y ((positive(x) & isdouble(y, x)) :- positive(y))
isdouble(num8, num4)
isdouble(num4, num2)","larger(eight, seven)"
60,439,"No fish are birds.
An osprey is a bird.
A carp is a fish.
All goldfish are carp.
If Bubbles is either an osprey or a goldfish, then Bubbles is not also a fish.","∀x (Fish(x) → ¬Bird(x))
∀x (Osprey(x) → Bird(x))
∀x (Carp(x) → Fish(x))
∀x (Goldfish(x) → Carp(x))
Osprey(bubbles) ⊕ Goldfish(bubbles) → ¬Fish(bubbles)",Bubbles is an Osprey.,Osprey(bubbles),Uncertain,1261,"all:x (fish(x) :- ~bird(x))
all:x (osprey(x) :- bird(x))
all:x (carp(x) :- fish(x))
all:x (goldfish(x) :- carp(x))
osprey(bubbles) ^ goldfish(bubbles) :- ~fish(bubbles)",osprey(bubbles)
61,103,"Palstaves are a type of early bronze axe.
Palstaves are found in northern, western, and southwestern Europe and are cast in molds.
John Evans is an archeologist who popularized the term ""palstave.""
Paalstabs are not a type of axe but rather a digging shovel.","EarlyBronzeAge(palstave) ∧ Axe(palstave)
FoundIn(palstave, northernEurope) ∨ FoundIn(palstave, westernEurope) ∨ FoundIn(palstave, southWesternEurope)) ∧ CastIn(palstave, molds)
Archeologist(johnEvans) ∧ Popularize(johnEvans, termPalstave)
¬Axe(paalstab) ∧ DiggingShovel(paalstab)",There is an axe that is found in Western Europe.,"∃x (Axe(x) ∧ FoundIn(x, westernEurope))",Uncertain,314,"earlybronzeage(palstave) & axe(palstave)
foundin(palstave, northerneurope) | foundin(palstave, westerneurope) | foundin(palstave, southwesterneurope)) & castin(palstave, molds)
archeologist(johnevans) & popularize(johnevans, termpalstave)
~axe(paalstab) & diggingshovel(paalstab)","x (axe(x) & foundin(x, westerneurope))"
62,76,"Asa Hoffmann was born in New York City.
Asa Hoffman lives in Manhattan.
Asa Hoffman is a chess player.
Some chess players are grandmasters.
People born and living in New York City are New Yorkers.
People living in Manhattan live in New York City.","BornIn(asaHoffmann, newYorkCity)
LiveIn(asaHoffmann, manhattan)
ChessPlayer(asaHoffmann)
∃x ∃y (ChessPlayer(x) ∧ GrandMaster(x) ∧ (¬(x=y)) ∧ ChessPlayer(y) ∧ GrandMaster(y))
∀x ((BornIn(x, newYorkCity) ∧ LiveIn(x, newYorkCity)) → NewYorker(x))
∀x (LiveIn(x, manhattan) → LiveIn(x, newYorkCity))",Asa Hoffmann is a New Yorker.,NewYorker(asaHoffmann),True,231,"bornin(asahoffmann, newyorkcity)
livein(asahoffmann, manhattan)
chessplayer(asahoffmann)
x y (chessplayer(x) & grandmaster(x) & (~(x=y)) & chessplayer(y) & grandmaster(y))
all:x ((bornin(x, newyorkcity) & livein(x, newyorkcity)) :- newyorker(x))
all:x (livein(x, manhattan) :- livein(x, newyorkcity))",newyorker(asahoffmann)
63,143,"Video Gag is a French television series that airs weekly.
Video Gag airs on the French broadcast channel TF1. 
If viewers send funny videos to the French broadcast channel TF1, then Video Gag airs them weekly.
All videos aired on Video Gag are in French.","FrenchTelevision(videoGag) ∧ AirWeekly(videoGag)
AirOn(videoGag, frenchBroadcastChannelTF1)
∀x (Funny(x) ∧ Video(x) ∧ SendIn(viewers, x, frenchBroadcastChannelTF1)  → AirWeekly(x) ) ∧ AirOn(videoGag, x))
∀x (Video(x) ∧ AirOn(videoGag, x) → In(x, french))",Viewers send funny videos to the French broadcast channel TF1 that are in French.,"∃x (SendIn(viewers, x, frenchBroadcastChannelTF1) ∧ French(x))",Uncertain,419,"frenchtelevision(videogag) & airweekly(videogag)
airon(videogag, frenchbroadcastchanneltf1)
all:x (funny(x) & video(x) & sendin(viewers, x, frenchbroadcastchanneltf1)  :- airweekly(x) ) & airon(videogag, x))
all:x (video(x) & airon(videogag, x) :- in(x, french))","x (sendin(viewers, x, frenchbroadcastchanneltf1) & french(x))"
64,444,"All birds have wings.
Animals with wings aren't reptiles.
Some animals that fly are birds.
If something is an iguana, then it is a reptile. Simeng: All iguanas are reptiles. 
John is either both an iguana and a bird, or he is neither. 
John is an animal. ","∀x (Bird(x) → ∃y ∃z (¬(y=z) ∧ Wing(y) ∧ Wing(z) ∧ Have(x, y) ∧ Have(x, z)))
∀x (Animal(x) ∧ (∃y ∃z (¬(y=z) ∧ Wing(y) ∧ Wing(z) ∧ Have(x, y) ∧ Have(x, z))) → ¬Reptile(x))
∃x (Animal(x) ∧ Fly(x) ∧ Bird(x))
∀x (Iguana(x) → Reptile(x))
¬(Iguana(john) ⊕ Bird(john))
Animal(john)",John is a reptile.,Reptile(john),Uncertain,1277,"all:x (bird(x) :- y z (~(y=z) & wing(y) & wing(z) & have(x, y) & have(x, z)))
all:x (animal(x) & (y z (~(y=z) & wing(y) & wing(z) & have(x, y) & have(x, z))) :- ~reptile(x))
x (animal(x) & fly(x) & bird(x))
all:x (iguana(x) :- reptile(x))
~(iguana(john) ^ bird(john))
animal(john)",reptile(john)
65,81,"Quiksilver sells sportswear, clothing, footwear, and accessories.
Flannels are a type of clothing.
Joe owns an item from Quiksilver.","∀x (Sells(quiksilver, x) → (Sportswear(x) ∨ Clothing(x) ∨ Footwear(x) ∨ Accessory(x)))
Clothing(flannel)
∃x (Sells(quiksilver, x) ∧ Owns(joe, x))",Joe owns a flannel.,"Owns(joe, flannel)",Uncertain,247,"all:x (sells(quiksilver, x) :- (sportswear(x) | clothing(x) | footwear(x) | accessory(x)))
clothing(flannel)
x (sells(quiksilver, x) & owns(joe, x))","owns(joe, flannel)"
66,320,"All cancers have mutations.
No mutations can be treated at home.
All colorectal cancers are cancers.
A cold can be treated at home.
Arthritis either is a cold and has mutations or neither is a cold nor has mutations.","∀x (Cancer(x) → Have(x, mutation))
∀x (Have(x, mutation) → ¬CanBeTreatedAtHome(x))
∀x (ColorectalCancer(x) → Cancer(x))
∀x (Cold(x) → CanBeTreatedAtHome(x))
¬(Cold(arthritis) ⊕ Have(arthritis, mutation))",Arthritis is colorectal cancer.,ColorectalCancer(arthritis),False,811,"all:x (cancer(x) :- have(x, mutation))
all:x (have(x, mutation) :- ~canbetreatedathome(x))
all:x (colorectalcancer(x) :- cancer(x))
all:x (cold(x) :- canbetreatedathome(x))
~(cold(arthritis) ^ have(arthritis, mutation))",colorectalcancer(arthritis)
67,374,"
All functions that represent straight lines on the coordinate plane are linear functions. 
No linear functions are non-convex functions.
A function is either a non-convex fuction or a convex function.
All quasi-convex functions are real-valued functions.
All convex functions are quasi-convex functions. 
The maximum of quasiconvex functions is a function.
The maximum of quasiconvex functions is a function that represents straight lines on the coordinate plane or it is a convex function or it is not a non-convex function.","∀x (Function(x) ∧ RepresentOn(x, straightLine, coordinatePlane) → LinearFunction(x))
∀x (LinearFunction(x) → ¬NonConvexFunction(x))
∀x (Function(x) → NonConvexFunction(x) ⊕ ConvexFunction(x))
∀x (QuasiConvexFunction(x) → RealValuedFunction(x))
∀x (ConvexFunction(x) → QuasiConvexFunction(x))
Function(maximumOfQuasiConvexFunction)
(Function(maximumOfQuasiConvexFunction) ∧ RepresentOn(maximumOfQuasiConvexFunction, straightLine, coordinatePlane)) ∨ ConvexFunction(maximumOfQuasiConvexFunction) ∨ ¬NonConvexFunction(maximumOfQuasiConvexFunction)",The maximum of quasiconvex functions is a quasi-convex function or it is not a real-valued function.,QuasiConvexFunction(maximumOfQuasiConvexFunction) ∨ ¬RealValuedFunction(maximumOfQuasiConvexFunction),True,998,"all:x (function(x) & representon(x, straightline, coordinateplane) :- linearfunction(x))
all:x (linearfunction(x) :- ~nonconvexfunction(x))
all:x (function(x) :- nonconvexfunction(x) ^ convexfunction(x))
all:x (quasiconvexfunction(x) :- realvaluedfunction(x))
all:x (convexfunction(x) :- quasiconvexfunction(x))
function(maximumofquasiconvexfunction)
(function(maximumofquasiconvexfunction) & representon(maximumofquasiconvexfunction, straightline, coordinateplane)) | convexfunction(maximumofquasiconvexfunction) | ~nonconvexfunction(maximumofquasiconvexfunction)",quasiconvexfunction(maximumofquasiconvexfunction) | ~realvaluedfunction(maximumofquasiconvexfunction)
68,323,"No disposable products can help slow down global warming. 
All eco-friendly brands can help slow down global warming. 
All sustainable fashion brands are eco-friendly brands.
All fast fashion products are disposable products.
If Reformation is not helping slow down global warming, then Reformation is an eco-friendly brand or a sustainable fashion brand.","∀x (Disposable(x) ∧ Product(x) → ¬HelpSlowDown(x, globalWarming))
∀x (EcoFriendly(x) ∧ Brand(x) → Help(x, slowDownGlobalWarming))
∀x (Sustainable(x) ∧ FashionBrand(x) → EcoFriendly(x) ∧ Brand(x))
∀x (FastFashion(x) ∧ Product(x) → Disposable(x) ∧ Product(x)) 
¬HelpSlowDown(reformation, globalWarming) → (EcoFriendly(reformation) ∧ Brand(reformation)) ∨ (Sustainable(reformation) ∧ FashionBrand(reformation))",Reformation is an eco-friendly brand.,EcoFriendly(reformation) ∧ Brand(reformation),Uncertain,822,"all:x (disposable(x) & product(x) :- ~helpslowdown(x, globalwarming))
all:x (ecofriendly(x) & brand(x) :- help(x, slowdownglobalwarming))
all:x (sustainable(x) & fashionbrand(x) :- ecofriendly(x) & brand(x))
all:x (fastfashion(x) & product(x) :- disposable(x) & product(x)) 
~helpslowdown(reformation, globalwarming) :- (ecofriendly(reformation) & brand(reformation)) | (sustainable(reformation) & fashionbrand(reformation))",ecofriendly(reformation) & brand(reformation)
69,415,"All books written by Neil Gaiman have sold more than one thousand copies.
Some books that have won Hugo Awards are written by Neil Gaiman.
Tomas has read all books written by Tolkien. 
Either Tomas has read Hamlet, or it has sold more than one thousand copies.
Hamlet has either sold more than one thousand copies or it is written by Neil Gaiman.","∀x ((Book(x) ∧ WrittenBy(x, neilGaiman)) → ∃y (MoreThan(y, num1000) ∧ SoldCopies(x, y)))
∃x ∃y (Book(x) ∧ Win(x, hugoAward) ∧ WrittenBy(x, neilGaiman) ∧ (¬(x=y)) ∧ Book(y) ∧ Win(y, hugoAward) ∧ WrittenBy(y, neilGaiman))
∀x ((Book(x) ∧ WrittenBy(x, tolkien)) → ReadBy(x, tomas))
ReadBy(hamlet, tomas) ⊕ (∃y (MoreThan(y, num1000) ∧ SoldCopies(hamlet, y)))
∃y (MoreThan(y, num1000) ∧ SoldCopies(hamlet, y)) ⊕ WrittenBy(hamlet, neilGaiman)",Hamlet has won a Hugo Award.,"Win(hamlet, hugoAward)",Uncertain,1166,"all:x ((book(x) & writtenby(x, neilgaiman)) :- y (morethan(y, num1000) & soldcopies(x, y)))
x y (book(x) & win(x, hugoaward) & writtenby(x, neilgaiman) & (~(x=y)) & book(y) & win(y, hugoaward) & writtenby(y, neilgaiman))
all:x ((book(x) & writtenby(x, tolkien)) :- readby(x, tomas))
readby(hamlet, tomas) ^ (y (morethan(y, num1000) & soldcopies(hamlet, y)))
y (morethan(y, num1000) & soldcopies(hamlet, y)) ^ writtenby(hamlet, neilgaiman)","win(hamlet, hugoaward)"
70,314,"No animals are plants.
All humans are animals.
All pupils are humans.
All flowers are plants.
Bailey is either both a human and a flower or neither a human nor a flower.","∀x (Animal(x) → ¬Plant(x))
∀x (Human(x) → Animal(x))
∀x (Pupil(x) → Human(x))
∀x (Flower(x) → Plant(x))
¬(Human(bailey) ⊕ Flower(bailey))",Bailey is not a pupil.,¬Pupil(bailey),True,783,"all:x (animal(x) :- ~plant(x))
all:x (human(x) :- animal(x))
all:x (pupil(x) :- human(x))
all:x (flower(x) :- plant(x))
~(human(bailey) ^ flower(bailey))",~pupil(bailey)
71,167,"If you go somewhere by train, you will not lose time.
If you go somewhere by car and meet a traffic jam, you will lose time.
If you lose time, you will be late for work.
Mary can get from New Haven to New York City either by train or car.
Mary is late for work.","∀x (GoByTrain(x) → ¬LoseTime(x))
∀x((GoByCar(x) ∧ Meet(x, trafficJam)) → LoseTime(x))
∀x (LoseTime(x) → LateForWork(x))
FromAndTo(newHaven, newYork) ∧ (GoByTrain(mary) ⊕ GoByCar(mary))
LateForWork(mary)",Mary gets from New Haven to New York City by car.,"FromAndTo(newHaven, newYork) ∧ GoByCar(mary)",True,480,"all:x (gobytrain(x) :- ~losetime(x))
all:x((gobycar(x) & meet(x, trafficjam)) :- losetime(x))
all:x (losetime(x) :- lateforwork(x))
fromandto(newhaven, newyork) & (gobytrain(mary) ^ gobycar(mary))
lateforwork(mary)","fromandto(newhaven, newyork) & gobycar(mary)"
72,436,"All of this brand's products are either produced in China or in the US. 
All of this brand's products produced in China are labeled. 
All of this brand's products produced in the US are sold in the US. 
The products of this brand that are labeled are cheaper.
All of this brand's products sold in the US are sold at Walmart. 
All products of this brand displayed on the homepage are sold at Walmart. 
None of this brand's products that are returned by customers are sold at Walmart. 
G-910 is a product of this brand, and it is either displayed on the homepage and is cheaper, or it is neither displayed on the homepage nor is it cheaper.","∀x (ThisBrand(x) ∧ Product(x) → (ProducedIn(x, china) ⊕ ProducedIn(x, uS)))
∀x ((ThisBrand(x) ∧ Product(x) ∧ ProducedIn(x, china)) → Labeled(x))
∀x ((ThisBrand(x) ∧ Product(x) ∧ ProducedIn(x, us)) → SoldIn(x, us))
∀x ((ThisBrand(x) ∧ Product(x) ∧ Labeled(x)) → Cheaper(x))
∀x ((ThisBrand(x) ∧ Product(x) ∧ SoldIn(x, us)) → SoldIn(x, walmart))
∀x (ThisBrand(x) ∧ Product(x) ∧ DisplayedIn(x, homepage) → SoldIn(x, walmart))
∀x (ThisBrand(x) ∧ Product(x) ∧ ReturnedBy(x, customer) → ¬SoldIn(x, walmart))
Product(g910) ∧ ThisBrand(g910) ∧ (¬(DisplayedIn(g910, homepage) ⊕ Cheaper(g910)))",G-910 is displayed on the homepage.,"DisplayedIn(g910, homepage)",Uncertain,1248,"all:x (thisbrand(x) & product(x) :- (producedin(x, china) ^ producedin(x, us)))
all:x ((thisbrand(x) & product(x) & producedin(x, china)) :- labeled(x))
all:x ((thisbrand(x) & product(x) & producedin(x, us)) :- soldin(x, us))
all:x ((thisbrand(x) & product(x) & labeled(x)) :- cheaper(x))
all:x ((thisbrand(x) & product(x) & soldin(x, us)) :- soldin(x, walmart))
all:x (thisbrand(x) & product(x) & displayedin(x, homepage) :- soldin(x, walmart))
all:x (thisbrand(x) & product(x) & returnedby(x, customer) :- ~soldin(x, walmart))
product(g910) & thisbrand(g910) & (~(displayedin(g910, homepage) ^ cheaper(g910)))","displayedin(g910, homepage)"
73,481,"All biodegradable things are environment-friendly. 
All woodware is biodegradable.
All paper is woodware. 
Nothing is a good thing and also a bad thing.
All environment-friendly things are good.
A worksheet is either paper or environment-friendly.","∀x (Biodegradable(x) → EnvironmentFriendly(x))
∀x (Woodware(x) → Biodegradable(x))
∀x (Paper(x) → Woodware(x))
¬(∃x (Good(x) ∧ Bad(x)))
∀x (EnvironmentFriendly(x) → Good(x))
Paper(worksheet) ⊕ EnvironmentFriendly(worksheet)",A worksheet is not bad.,¬Bad(worksheet),True,1405,"all:x (biodegradable(x) :- environmentfriendly(x))
all:x (woodware(x) :- biodegradable(x))
all:x (paper(x) :- woodware(x))
~(x (good(x) & bad(x)))
all:x (environmentfriendly(x) :- good(x))
paper(worksheet) ^ environmentfriendly(worksheet)",~bad(worksheet)
74,437,"Researchers present their work at the conference or provide a tutorial session there.
Everyone who presents their work at the conference will attend in person. 
Everyone providing a tutorial session at the conference will be invited to join the club. 
Everyone who attends the conference in person is provided with souvenirs. 
Everyone invited to join the club is provided with delicious meals. 
Everyone provided with delicious meals is happy to communicate with each other during the dinner. 
Everyone who is provided with delicious meals is invited to take a photo with the audience. 
It is not true that James both attended the conference in person and was provided with souvenirs.","∀x (PresentWorkAt(x, conference) ⊕ ProvideAt(x, tutorialSession, conference))
∀x (PresentWorkAt(x, conference) → AttendInPerson(x, conference))
∀x (ProvideSessionAt(x, tutorial, conference) → InvitedToJoin(x, club))
∀x (AttendInPerson(x, conference) → ProvidedWith(x, souvenir))
∀x (InvitedToJoin(x, club) → ProvidedWith(x, deliciousMeal))
∀x (ProvidedWith(x, deliciousMeal) ∧ ProvidedWith(y, deliciousMeal)  → ∃y ∃z (¬(y=x) ∧ ¬(z=x) ∧ ¬(y=z) ∧ HappyToCommunicateWithDuringTheDinner(x, y) ∧ HappyToCommunicateWithDuringTheDinner(x, z)))
∀x (ProvidedWith(x, deliciousMeal) → InvitedToTakePhotoWith(x, audience))
¬(AttendInPerson(james, conference) ∧ ProvidedWith(x, souvenir))",James is either invited to take a photo with the audience or happy to communicate with other guests(?) during the dinner.,"InvitedToTakePhotoWith(james, audience) → ∃y ∃z (¬(y=james) ∧ ¬(z=james) ∧ ¬(y=z) ∧ HappyToCommunicateWithDuringTheDinner(james, y) ∧ HappyToCommunicateWithDuringDinner(james, z)))",False,1257,"all:x (presentworkat(x, conference) ^ provideat(x, tutorialsession, conference))
all:x (presentworkat(x, conference) :- attendinperson(x, conference))
all:x (providesessionat(x, tutorial, conference) :- invitedtojoin(x, club))
all:x (attendinperson(x, conference) :- providedwith(x, souvenir))
all:x (invitedtojoin(x, club) :- providedwith(x, deliciousmeal))
all:x (providedwith(x, deliciousmeal) & providedwith(y, deliciousmeal)  :- y z (~(y=x) & ~(z=x) & ~(y=z) & happytocommunicatewithduringthedinner(x, y) & happytocommunicatewithduringthedinner(x, z)))
all:x (providedwith(x, deliciousmeal) :- invitedtotakephotowith(x, audience))
~(attendinperson(james, conference) & providedwith(x, souvenir))","invitedtotakephotowith(james, audience) :- y z (~(y=james) & ~(z=james) & ~(y=z) & happytocommunicatewithduringthedinner(james, y) & happytocommunicatewithduringdinner(james, z)))"
75,342,"All sports cars are loud.
No loud cars are electric.
If a car is a Ferrari, then it is a sports car.
All cars made in Maranello are Ferraris.
The Toyota Prius is made in Maranello or is a loud car, or both.","∀x (SportsCar(x) → LoudCar(x))
∀x (LoudCar(x) → ¬ElectricCar(x))
∀x (Ferrari(x) → SportsCar(x))
∀x ((Car(x) ∧ MadeIn(x, maranello)) → Ferrari(x))
(Car(toyotaPrius) ∧ MadeIn(toyotaPrius, maranello)) ∨ LoudCar(toyotaPrius)",The Toyota Prius is not an electric car.,¬ElectricCar(toyotaPrius),True,901,"all:x (sportscar(x) :- loudcar(x))
all:x (loudcar(x) :- ~electriccar(x))
all:x (ferrari(x) :- sportscar(x))
all:x ((car(x) & madein(x, maranello)) :- ferrari(x))
(car(toyotaprius) & madein(toyotaprius, maranello)) | loudcar(toyotaprius)",~electriccar(toyotaprius)
76,209,"If someone lives in a place named Galicia, then they live in either Spain or Poland.
Spain is in Europe.
Poland is in Europe.
Rochelle lives in Europe.
Dominique does not live in Europe.
Alfonso lives in a place named Galicia.","∀x (∃y (LiveIn(x, y) ∧ Place(y) ∧ Named(y, galicia)) → LiveIn(x, spain) ⊕ LiveIn(x, poland))
∀x (LiveIn(x, spain) → LiveIn(x, europe))
∀x (LiveIn(x, poland) → LiveIn(x, europe))
LiveIn(rochelle, europe)
¬LiveIn(dominique, europe)
∃y (LiveIn(alfonso, y) ∧ Place(y) ∧ Named(y, galicia))",Dominique does not live in Spain.,"∀x (Live(dominique, x) → ¬In(x, spain))",True,597,"all:x (y (livein(x, y) & place(y) & named(y, galicia)) :- livein(x, spain) ^ livein(x, poland))
all:x (livein(x, spain) :- livein(x, europe))
all:x (livein(x, poland) :- livein(x, europe))
livein(rochelle, europe)
~livein(dominique, europe)
y (livein(alfonso, y) & place(y) & named(y, galicia))","all:x (live(dominique, x) :- ~in(x, spain))"
77,317,"All clothes are products. 
No products are perfect. 
All dresses are clothes.
All skirts are dresses. 
If the fabric bundle is a piece of clothing, then the fabric bundle is a perfect dress.","∀x (Clothes(x) → Product(x))
∀x (Product(x) → ¬Perfect(x))
∀x (Dress(x) → Clothes(x))
∀x (Skirt(x) → Dress(x))
Clothes(fabricBundle) → Perfect(fabricBundle) ∧ Dress(fabricBundle)",The fabric bundle is perfect.,Perfect(fabricbundle),Uncertain,799,"all:x (clothes(x) :- product(x))
all:x (product(x) :- ~perfect(x))
all:x (dress(x) :- clothes(x))
all:x (skirt(x) :- dress(x))
clothes(fabricbundle) :- perfect(fabricbundle) & dress(fabricbundle)",perfect(fabricbundle)
78,216,"Olivia doesn't prefer warm temperatures during the day.
When Olivia sleeps, she prefers a cool temperature.
Olivia sleeps during the night.
Olivia works during the day.
Olivia either works or sleeps.
It is either the day or the night.
Olivia either prefers warm temperatures or prefers cool temperatures.","∀x (Day(x) → ¬Prefer(olivia, warmTemperature, x))
∀x (Sleep(olivia, x) → Prefer(olivia, coolTemperature, x))
∀x (Night(x) → Sleep(olivia, x))
∀x (Day(x) → Work(olivia, x))
Work(olivia) ⊕ Sleep(olivia)
∀x (Day(x) ⊕ Night(x))
∀x (Prefer(olivia, warmTemperature, x) ⊕ Prefer(olivia, coolTemperature, x))","At all times, Olivia prefers a cool temperature.","∀x (Prefer(olivia, coolTemperature, x))",True,617,"all:x (day(x) :- ~prefer(olivia, warmtemperature, x))
all:x (sleep(olivia, x) :- prefer(olivia, cooltemperature, x))
all:x (night(x) :- sleep(olivia, x))
all:x (day(x) :- work(olivia, x))
work(olivia) ^ sleep(olivia)
all:x (day(x) ^ night(x))
all:x (prefer(olivia, warmtemperature, x) ^ prefer(olivia, cooltemperature, x))","all:x (prefer(olivia, cooltemperature, x))"
79,41,"Federico Garcia Lorca was a talented Spanish poet, and he supported the Popular Front.
The Spanish Nationalists opposed anyone who supported the Popular Front
Talented poets are popular.
Spanish Nationalists killed anyone who they opposed and who was popular.
Daniel supported the Popular Front but was not popular.","TalentedPoet(lorca) ∧ Support(lorca, populists)
∀x (Support(x, populists) → Opposed(nationalists, x))
∀x (TalentedPoet(x) → Popular(x))
∀x ((Opposed(nationalists, x) ∧ Popular(x)) → Killed(nationalists, x))
Support(daniel, populists) ∧ (¬Popular(daniel))",The Spanish Nationalists killed Lorca.,"Killed(nationalists, lorca)",True,119,"talentedpoet(lorca) & support(lorca, populists)
all:x (support(x, populists) :- opposed(nationalists, x))
all:x (talentedpoet(x) :- popular(x))
all:x ((opposed(nationalists, x) & popular(x)) :- killed(nationalists, x))
support(daniel, populists) & (~popular(daniel))","killed(nationalists, lorca)"
80,89,"Bobby Flynn is a singer-songwriter. 
Bobby Flynn finished 7th while competing on Australian Idol.
Australian Idol competitors are Australian citizens.
The Omega Three band made a nationwide tour in 2007.
Bobby Flynn is a member of The Omega Three band.
Bobby Flynn was born in Queensland.","Singer(bobbyFlynn) ∧ SongWriter(bobbyFlynn)
FinishesIn(bobbyFlynn, number7) ∧ CompetesOnAustralianIdol(bobbyFlynn)
∀x (CompetesOnAustralianIdol(x) → AustralianCitizen(x))
NationWideTourIn(theOmegaThreeBand, year2007) 
Member(bobbyFlynn, theOmegaThreeBand)
BornIn(bobbyFlynn, queensland)",Bobby Flynn was born in Queens.,"BornIn(bobbyFlynn, queens)",Uncertain,272,"singer(bobbyflynn) & songwriter(bobbyflynn)
finishesin(bobbyflynn, number7) & competesonaustralianidol(bobbyflynn)
all:x (competesonaustralianidol(x) :- australiancitizen(x))
nationwidetourin(theomegathreeband, year2007) 
member(bobbyflynn, theomegathreeband)
bornin(bobbyflynn, queensland)","bornin(bobbyflynn, queens)"
81,147,"Vic DiCara plays guitar and bass.
The only style of music Vic DiCara plays is punk music.
Vic DiCara played in the band Inside Out.","Play(vicDicara, guitar) ∧ Play(vicDicara, bass)
∀x (Music(vicDicara, x) → ¬(x=punk)))
Band(vicDicara, insideOut)",Inside Out was a punk band.,"Music(insideOut, punk)",Uncertain,430,"play(vicdicara, guitar) & play(vicdicara, bass)
all:x (music(vicdicara, x) :- ~(x=punk)))
band(vicdicara, insideout)","music(insideout, punk)"
82,408,"No trick-shot artist in Yale's varsity team struggles with half court shots.
Everyone on Yale's varsity team is someone who struggles with half court shots or who successfully shoots a high percentage of 3-pointers.  
Everyone on Yale's varsity team who successfully shoots a high percentage of 3-pointers is solid at shooting 2-pointers.  
No one on Yale's varsity team who is solid at shooting 2-pointers is bad at mid-range shots.  
Jack is on Yale's varsity team, and he is either a trick-shot artist or he successfully shoots a high percentage of 3-pointers.","∀x ((In(x, yaleSVarsityTeam) ∧ TrickShotArtist(x)) → ¬StruggleAt(x, halfCourtShot))
∀x (In(x, yaleSVarsityTeam) → (StruggleAt(x, halfCourtShot) ∨ GoodAt(x, threes)))
∀x ((In(x, yaleSVarsityTeam) ∧ GoodAt(x, threes)) → GoodAt(x, twos))
∀x ((In(x, yaleSVarsityTeam) ∧ GoodAt(x, twos)) → BadAt(x, midRangeShot))
In(jack, yaleSVarsityTeam) ∧ (TrickShotArtist(jack) ⊕  GoodAt(jack, threes))","If Jack is not solid at shooting 2-pointers and bad at mid-range shots, then Jack is not solid at shooting 2-pointers and is a player who successfully shoots a high percentage of 3-pointers.","BadAt(jack, midRangeShot) ∧ GoodAt(jack, twos) → ¬GoodAt(jack, twos) ∧ GoodAt(jack, threes)",False,1140,"all:x ((in(x, yalesvarsityteam) & trickshotartist(x)) :- ~struggleat(x, halfcourtshot))
all:x (in(x, yalesvarsityteam) :- (struggleat(x, halfcourtshot) | goodat(x, threes)))
all:x ((in(x, yalesvarsityteam) & goodat(x, threes)) :- goodat(x, twos))
all:x ((in(x, yalesvarsityteam) & goodat(x, twos)) :- badat(x, midrangeshot))
in(jack, yalesvarsityteam) & (trickshotartist(jack) ^  goodat(jack, threes))","badat(jack, midrangeshot) & goodat(jack, twos) :- ~goodat(jack, twos) & goodat(jack, threes)"
83,235,"Westworld is an American science fiction-thriller TV series.
In 2016, a television series named Westworld debuted on HBO.
The TV series Westworld is adapted from the original film in 1973, which was written and directed by Michael Crichton.
The 1973 film Westworld is about robots that malfunction and begin killing human visitors.","American(westworld) ∧ ScienceFictionThriller(westworld)
Debut(westworld, year2016) ∧ TvSeries(westworld)
Adapted(westworld, westworldTheFilm) ∧ Produce(westworldTheFilm, year1973) ∧ Wrote(michael, westworldTheFilm) ∧ Directed(michael, westworldTheFilm)
Film(westworldTheFilm) ∧ About(westworldTheFilm, malfunctioningRobots)",Michael Crichton has directed a film about malfunctioning robots.,"∃x (Film(x) ∧ Directed(michael, x) ∧ About(x, malfunctioningRobots))",True,666,"american(westworld) & sciencefictionthriller(westworld)
debut(westworld, year2016) & tvseries(westworld)
adapted(westworld, westworldthefilm) & produce(westworldthefilm, year1973) & wrote(michael, westworldthefilm) & directed(michael, westworldthefilm)
film(westworldthefilm) & about(westworldthefilm, malfunctioningrobots)","x (film(x) & directed(michael, x) & about(x, malfunctioningrobots))"
84,70,"Michael O'Donnell is a British physician, journalist, author, and broadcaster.
One of the word-setters of My Word! was Michael O'Donnell.
The magazine World Medicine was edited by Michael O'Donnell.
Michael O'Donnell was born in Yorkshire as the son of a general practitioner.","British(michael) ∧ Physician(michael) ∧ Journalist(michael) ∧ Author(michael) ∧ Broadcaster(michael)
WordSetter(michael)
Magazine(worldMedicine) ∧ EditedBy(worldMedicine, michael)
BornIn(michael, yorkshire) ∧ ∃x(SonOf(michael, x) ∧ GeneralPractitioner(x))",There are no journalists that were born in Yorkshire.,"∀x (Journalist(x) → ¬BornIn(x, yorkshire))",False,211,"british(michael) & physician(michael) & journalist(michael) & author(michael) & broadcaster(michael)
wordsetter(michael)
magazine(worldmedicine) & editedby(worldmedicine, michael)
bornin(michael, yorkshire) & x(sonof(michael, x) & generalpractitioner(x))","all:x (journalist(x) :- ~bornin(x, yorkshire))"
85,90,"Koei Tecmo is a Japanese video game and anime holding company.
Holding companies hold several companies.
Tecmo was disbanded in Japan, while Koei survived but was renamed.
Video game holding companies are holding companies.","Japanese(koeitecmo) ∧ VideoGameHoldingCompany(koeitecmo) ∧ AnimeHoldingCompany(koeitecmo) ∧ HoldingCompany(x) 
∀x (HoldingCompany(x) → ∃y(Company(y) ∧ Holds(x, y)))
DisbandsIn(tecmo, japan) ∧ Survives(koei) ∧ Renames(koei)
∀x (VideoGameHoldingCompany(x) → HoldingCompany(x))",Koei Tecmo holds anime.,AnimeHoldingCompany(koeitecmo),Uncertain,275,"japanese(koeitecmo) & videogameholdingcompany(koeitecmo) & animeholdingcompany(koeitecmo) & holdingcompany(x) 
all:x (holdingcompany(x) :- y(company(y) & holds(x, y)))
disbandsin(tecmo, japan) & survives(koei) & renames(koei)
all:x (videogameholdingcompany(x) :- holdingcompany(x))",animeholdingcompany(koeitecmo)
86,367,"All people who went to Clay's school and who make their own matcha teas every morning with ceremonial-grade matcha powder do not wake up late and start their schedules past noon regularly.
All people who went to Clay's school, who live in California, and attend yoga classes regularly, make their own matcha teas every morning with ceremonial-grade matcha powder.
All people who went to Clay's school, and work in the entertainment industry as high-profile celebrities, wake up late and start their schedules past noon regularly.
All people who went to Clay's school that do not have regular 9-5 jobs, work in the entertainment industry as high-profile celebrities.
All people who went to Clay's school and prefer working at home over going to the office daily do not have regular 9-5 jobs.
Bunny went to Clay's school, and she either prefers to work at home over going to the office and makes her own matcha teas every morning with ceremonial-grade matcha powder, or does not prefer to work at home over going to the office every day and does not make her own matcha teas every morning with ceremonial-grade matcha powder.","∀x (GoTo(x, claysSchool) ∧ MakeWith(x, theirOwnMatchTea, ceremonialGradePowder) → ¬(WakeUpLate(x) ∧ StartPastNoonRegularly(x, schedule)))
∀x (GoTo(x, claysSchool) ∧ LiveIn(x, california) ∧ AttendRegularly(x, yogaClass) → MakeWith(x, ownMatch, ceremonialGradePowder))
∀x (GoTo(x, claysSchool) ∧ WorkInAs(x, entertainmentIndustry, highProfileCelebrity) → (WakeUpLate(x) ∧ StartPastNoonRegularly(x, schedule)))
∀x (GoTo(x, claysSchool) ∧ ¬(Have(x, y) ∧ Regular(y) ∧ NineToFiveJob(y)) → WorkInAs(x, entertainmentIndustry, highProfileCelebrity))
∀x (GoTo(x, claysSchool) ∧ Prefer(x, workingAtHome, goingToTheOffice) → ¬(Have(x, y) ∧ Regular(y) ∧ NineToFiveJob(y)))
GoTo(bunny, claysSchool) ∧ ¬(Prefer(bunny, workingAtHome, goingToTheOffice) ⊕ MakeWith(bunny, theirOwnMatchTea, ceremonialGradePowder))",Bunny went to Clay's school and she neither prefers working at home over going to the office nor lives in California and attends yoga classes regularly.,"¬(Prefer(bunny, workingAtHome, goingToTheOffice) ∨ (LiveIn(bunny, california) ∧ AttendRegularly(bunny, yogaClass)))",True,978,"all:x (goto(x, claysschool) & makewith(x, theirownmatchtea, ceremonialgradepowder) :- ~(wakeuplate(x) & startpastnoonregularly(x, schedule)))
all:x (goto(x, claysschool) & livein(x, california) & attendregularly(x, yogaclass) :- makewith(x, ownmatch, ceremonialgradepowder))
all:x (goto(x, claysschool) & workinas(x, entertainmentindustry, highprofilecelebrity) :- (wakeuplate(x) & startpastnoonregularly(x, schedule)))
all:x (goto(x, claysschool) & ~(have(x, y) & regular(y) & ninetofivejob(y)) :- workinas(x, entertainmentindustry, highprofilecelebrity))
all:x (goto(x, claysschool) & prefer(x, workingathome, goingtotheoffice) :- ~(have(x, y) & regular(y) & ninetofivejob(y)))
goto(bunny, claysschool) & ~(prefer(bunny, workingathome, goingtotheoffice) ^ makewith(bunny, theirownmatchtea, ceremonialgradepowder))","~(prefer(bunny, workingathome, goingtotheoffice) | (livein(bunny, california) & attendregularly(bunny, yogaclass)))"
87,374,"
All functions that represent straight lines on the coordinate plane are linear functions. 
No linear functions are non-convex functions.
A function is either a non-convex fuction or a convex function.
All quasi-convex functions are real-valued functions.
All convex functions are quasi-convex functions. 
The maximum of quasiconvex functions is a function.
The maximum of quasiconvex functions is a function that represents straight lines on the coordinate plane or it is a convex function or it is not a non-convex function.","∀x (Function(x) ∧ RepresentOn(x, straightLine, coordinatePlane) → LinearFunction(x))
∀x (LinearFunction(x) → ¬NonConvexFunction(x))
∀x (Function(x) → NonConvexFunction(x) ⊕ ConvexFunction(x))
∀x (QuasiConvexFunction(x) → RealValuedFunction(x))
∀x (ConvexFunction(x) → QuasiConvexFunction(x))
Function(maximumOfQuasiConvexFunction)
(Function(maximumOfQuasiConvexFunction) ∧ RepresentOn(maximumOfQuasiConvexFunction, straightLine, coordinatePlane)) ∨ ConvexFunction(maximumOfQuasiConvexFunction) ∨ ¬NonConvexFunction(maximumOfQuasiConvexFunction)",The maximum of quasiconvex functions is a function that represent straight lines on the coordinate plane.,"Function(maximumOfQuasiConvexFunction) ∧ RepresentOn(maximumOfQuasiConvexFunction, straightLine, coordinatePlane)",Uncertain,996,"all:x (function(x) & representon(x, straightline, coordinateplane) :- linearfunction(x))
all:x (linearfunction(x) :- ~nonconvexfunction(x))
all:x (function(x) :- nonconvexfunction(x) ^ convexfunction(x))
all:x (quasiconvexfunction(x) :- realvaluedfunction(x))
all:x (convexfunction(x) :- quasiconvexfunction(x))
function(maximumofquasiconvexfunction)
(function(maximumofquasiconvexfunction) & representon(maximumofquasiconvexfunction, straightline, coordinateplane)) | convexfunction(maximumofquasiconvexfunction) | ~nonconvexfunction(maximumofquasiconvexfunction)","function(maximumofquasiconvexfunction) & representon(maximumofquasiconvexfunction, straightline, coordinateplane)"
88,186,"If a person doesn't have enough money to buy a product, then that person can't buy it.
Monitors are products.
4k monitors are more expensive than 1080 monitors and 2k monitors.
John is a person.
John doesn't have enough money to buy a 2k monitor.","∀x ∀y (Person(x) ∧ Product(y) ∧ ¬HaveEnoughMoneyFor(x, y) → ¬Buy(x, y))
∀x (Monitor(x) → Product(x))
∀x ∀y ∀z (Monitor(x) ∧ Monitor(y) ∧ Monitor(z) ∧ FourK(x) ∧ OneOEightO(y) ∧ TwoK(z) → MoreExpensive(x, y) ∧ MoreExpensive(x, z))
Person(john)
∀x (Monitor(x) ∧ TwoK(x) → ¬HaveEnoughMoneyFor(john, x))",John can't buy a 2k monitor.,"∀x (Monitor(x) ∧ TwoK(x) → ¬Buy(john, x))",True,538,"all:x all:y (person(x) & product(y) & ~haveenoughmoneyfor(x, y) :- ~buy(x, y))
all:x (monitor(x) :- product(x))
all:x all:y all:z (monitor(x) & monitor(y) & monitor(z) & fourk(x) & oneoeighto(y) & twok(z) :- moreexpensive(x, y) & moreexpensive(x, z))
person(john)
all:x (monitor(x) & twok(x) :- ~haveenoughmoneyfor(john, x))","all:x (monitor(x) & twok(x) :- ~buy(john, x))"
89,92,"Adventures of Rusty is a drama film and children's film.
Columbia Pictures produced Adventures of Rusty.
Tintin was produced by Paramount.
Tintin is an adventure film.","DramaFilm(adventuresOfRusty) ∧ ChildrensFilm(adventuresOfRusty)
Produces(columbiaPictures, adventuresOfRusty)
Produces(paramount, tintin)
AdventureFilm(tintin)",Columbia pictures produced some drama film.,"∃x (DramaFilm(x) ∧ Produces(columbiaPictures, x))",True,279,"dramafilm(adventuresofrusty) & childrensfilm(adventuresofrusty)
produces(columbiapictures, adventuresofrusty)
produces(paramount, tintin)
adventurefilm(tintin)","x (dramafilm(x) & produces(columbiapictures, x))"
90,448,"Everyone that knows about breath-first-search knows how to use a queue. 
If someone is a seasoned software engineer interviewer at Google, then they know what breath-first-search is. 
Someone is either a seasoned software engineer interviewer at Google, has human rights, or both. 
Every person who has human rights is entitled to the right to life and liberty. 
Everyone that knows how to use a queue knows about the first-in-first-out data structure. 
Everyone that is entitled to the right to life and liberty cannot be deprived of their rights without due process of law. 
Jack is entitled to the right to life and liberty, has human rights, or knows about the first-in-first-out data structure. ","∀x (Know(x, breathFirstSearch) → Know(x, howToUseQueue))
∀x (Seasoned(x) ∧ SoftwareEngineerInterviewer(x) ∧ At(x, google) → Know(x, breathFirstSearch))
∀x ((Seasoned(x) ∧ SoftwareEngineerInterviewer(x) ∧ At(x, google)) ∨ Have(x, humanRights))
∀x (Have(x, humanRights) → EntitledTo(x, rightToLifeAndLiberty))
∀x (Know(x, howToUseQueue) → Know(x, firstInFirstOutDataStructure))
∀x (EntitledTo(x, rightToLifeAndLiberty) → ¬DeprivedOfWithout(x, rights, dueProcessOfLaw))
(EntitledTo(jack, rightToLifeAndLiberty) ∨ Have(jack, humanRights) ∨ Know(jack, firstInFirstOutDataStructure))",Jack is a seasoned software engineer interviewer.,"Seasoned(jack) ∧ SoftwareEngineerInterviewer(jack) ∧ At(jack, google)",Uncertain,1289,"all:x (know(x, breathfirstsearch) :- know(x, howtousequeue))
all:x (seasoned(x) & softwareengineerinterviewer(x) & at(x, google) :- know(x, breathfirstsearch))
all:x ((seasoned(x) & softwareengineerinterviewer(x) & at(x, google)) | have(x, humanrights))
all:x (have(x, humanrights) :- entitledto(x, righttolifeandliberty))
all:x (know(x, howtousequeue) :- know(x, firstinfirstoutdatastructure))
all:x (entitledto(x, righttolifeandliberty) :- ~deprivedofwithout(x, rights, dueprocessoflaw))
(entitledto(jack, righttolifeandliberty) | have(jack, humanrights) | know(jack, firstinfirstoutdatastructure))","seasoned(jack) & softwareengineerinterviewer(jack) & at(jack, google)"
91,95,"DI Ray is a police procedural television series.
DI Ray was created and written by Maya Sondhi.
DI Ray was produced by Jed Mercurio.
Maya Sondhi and Jed Mercurio are both British.","TelevisionSeries(dIRay) ∧ PoliceProcedural(dIRay)
Creates(maya, dIRay) ∧ Writes(maya, dIRay)
Produces(jed, dIRay)
British(maya) ∧ British(jed) ",DI Ray was created by a Brit.,"∃x (British(x) ∧ Creates(x, dIRay))",True,287,"televisionseries(diray) & policeprocedural(diray)
creates(maya, diray) & writes(maya, diray)
produces(jed, diray)
british(maya) & british(jed) ","x (british(x) & creates(x, diray))"
92,486,"Everything in Size Town is big or small.
All big things in Size Town are heavy.
All small things in Size Town are light.
All heavy things in Size Town are still.
All light things in Size Town are unstable.
All unstable things in Size Town are changing.
All unstable things in Size Town are unpredictable.
The bird is in Size Town and it is not both heavy and still.","∀x (In(x, sizeTown) → (Big(x) ∨ Small(x)))
∀x (Big(x) ∧ In(x, sizeTown) → Heavy(x))
∀x (Small(x) ∧ In(x, sizeTown) → Light(x))
∀x (Heavy(x) ∧ In(x, sizeTown) → Still(x))
∀x (Light(x) ∧ In(x, sizeTown) → Unstable(x))
∀x (Unstable(x) ∧ In(x, sizeTown) → Changing(x))
∀x (Unstable(x) ∧ In(x, sizeTown) → Unpredictable(x))
In(bird, sizeTown) ∧ ¬(Heavy(bird) ∧ Still(bird))","If the bird is small or still, then it is either unpredictable or changing.",Small(bird) ∨ Still(bird) → Unpredictable(bird) ⊕ Changing(bird),False,1429,"all:x (in(x, sizetown) :- (big(x) | small(x)))
all:x (big(x) & in(x, sizetown) :- heavy(x))
all:x (small(x) & in(x, sizetown) :- light(x))
all:x (heavy(x) & in(x, sizetown) :- still(x))
all:x (light(x) & in(x, sizetown) :- unstable(x))
all:x (unstable(x) & in(x, sizetown) :- changing(x))
all:x (unstable(x) & in(x, sizetown) :- unpredictable(x))
in(bird, sizetown) & ~(heavy(bird) & still(bird))",small(bird) | still(bird) :- unpredictable(bird) ^ changing(bird)
93,56,"If a person is the leader of a country for life, that person has power.
Leaders of a country for life are either a king or a queen.
Queens are female.
Kings are male. 
Elizabeth is a queen.
Elizabeth is a leader of a country for life.","∀x (Leader(x) → HavePower(x))
∀x (Leader(x) → (King(x) ⊕ Queen(x)))
∀x (Queen(x) → Female(x))
∀x (King(x) → Male(x))
Queen(elizabeth)
Leader(elizabeth)",Elizabeth has power.,HavePower(elizabeth),True,166,"all:x (leader(x) :- havepower(x))
all:x (leader(x) :- (king(x) ^ queen(x)))
all:x (queen(x) :- female(x))
all:x (king(x) :- male(x))
queen(elizabeth)
leader(elizabeth)",havepower(elizabeth)
94,449,"Animals who need large territory travel far.
Every animal that eats a lot needs a large territory.
If something is a big animal, then it will eat a lot.
Bears are big animals.
Larry is a big animal.","∀x (Animal(x) ∧ Need(x, largeTerritory) → TravelFar(x))
∀x (EatALot(x) → Need(x, largeTerritory))
∀x (Big(x) ∧ Animal(x) → EatALot(x))
∀x (Bear(x) → Big(x) ∧ Animal(x))
Big(larry) ∧ Animal(larry)",Larry is not a bear and does not travel far.,¬Bear(larry) ∧ ¬TravelFar(larry),False,1293,"all:x (animal(x) & need(x, largeterritory) :- travelfar(x))
all:x (eatalot(x) :- need(x, largeterritory))
all:x (big(x) & animal(x) :- eatalot(x))
all:x (bear(x) :- big(x) & animal(x))
big(larry) & animal(larry)",~bear(larry) & ~travelfar(larry)
95,237,"Zaha Hadid is a British-Iraqi architect, artist, and designer.
Zaha Hadid was born on 31 October 1950 in Baghdad, Iraq.
Zaha Hadid was a visiting professor of Architectural Design at the Yale School of Architecture.
Max is an aspiring architecture student and plans to apply to the Yale School of Architecture. ","British-Iraqi(zahaHadid) ∧ Architect(zahaHadid) ∧ Artist(zahaHadid) ∧ Designer(zahaHadid)
BornOn(zahaHadid, 31October1950) ∧ BornIn(zahaHadid, baghdadIraq)
VisitingProfessorOf(zahaHadid, architecturalDesign) ∧ VisitingProfessorAt(zahaHadid, yaleSchoolOfArchitecture)
AspiringArchitectureStudent(max) ∧ PlansToApplyTo(max, yaleSchoolofArchitecture)",Zaha Hadid did some work in interior design.,"DidWorkIn(zahaHadid, interiorDesign)",Uncertain,673,"british-iraqi(zahahadid) & architect(zahahadid) & artist(zahahadid) & designer(zahahadid)
bornon(zahahadid, 31october1950) & bornin(zahahadid, baghdadiraq)
visitingprofessorof(zahahadid, architecturaldesign) & visitingprofessorat(zahahadid, yaleschoolofarchitecture)
aspiringarchitecturestudent(max) & planstoapplyto(max, yaleschoolofarchitecture)","didworkin(zahahadid, interiordesign)"
96,378,"All people who attend weddings are getting married or know the people who are getting married.
No preteens or young children are getting married or know the people who are getting married.
People who enjoy celebrating life milestone events with other people attend weddings.
People who are fond of large group functions enjoy celebrating life milestone events with other people.
All people who are outgoing and spirited are fond of large group functions.
If Carol is not both a pre-teen or young child and attends a wedding, then Carol is not getting married or knows the people who are getting married.  ","∀x (Attend(x, wedding) → GettingMarried(x) ∨ (∃y (Know(x, y) ∧ GettingMarried(y)))
∀x (PreTeen(x) ∨ YoungChild(x) → ¬(GettingMarried(x) ⊕ (∃y (Know(x, y) ∧ GettingMarried(y)))))
∀x (∃y ∃z (¬(x=y) ∧ ¬(x=z) ∧ ¬(y=z) ∧ Enjoy(x, celebratingLifeMileStoneEvent, y) ∧ Enjoy(x, celebratingLifeStoneEvent, z)) → Attend(x, wedding))
∀x (FondOf(x, largeGroupFunction) → ∃y ∃z (¬(x=y) ∧ ¬(x=z) ∧ ¬(y=z) ∧ Enjoy(x, celebratingLifeMileStoneEventWith, y) ∧ Enjoy(x, celebratingLifeStoneEvent, z)))
∀x (Outgoing(x) ∧ Sprited(x)  → FondOf(x, largeGroupFunction))
¬((PreTeen(carol) ∨ YoungChildren(carol)) ∧ Attend(carol, wedding)) → ¬(GettingMarried(carol) ∨ (∃y (Know(carol, y) ∧ GettingMarried(y))))",Carol neither enjoys celebrating life milestone events with other people nor is outgoing and very spirited.,"¬((∃y ∃z (¬(x=y) ∧ ¬(x=z) ∧ ¬(y=z) ∧ Enjoy(x, celebratingLifeMileStoneEvent, y) ∧ Enjoy(x, celebratingLifeStoneEvent, z)) ∨ (Outgoing(carol) ∧ Sprited(carol)))",True,1010,"all:x (attend(x, wedding) :- gettingmarried(x) | (y (know(x, y) & gettingmarried(y)))
all:x (preteen(x) | youngchild(x) :- ~(gettingmarried(x) ^ (y (know(x, y) & gettingmarried(y)))))
all:x (y z (~(x=y) & ~(x=z) & ~(y=z) & enjoy(x, celebratinglifemilestoneevent, y) & enjoy(x, celebratinglifestoneevent, z)) :- attend(x, wedding))
all:x (fondof(x, largegroupfunction) :- y z (~(x=y) & ~(x=z) & ~(y=z) & enjoy(x, celebratinglifemilestoneeventwith, y) & enjoy(x, celebratinglifestoneevent, z)))
all:x (outgoing(x) & sprited(x)  :- fondof(x, largegroupfunction))
~((preteen(carol) | youngchildren(carol)) & attend(carol, wedding)) :- ~(gettingmarried(carol) | (y (know(carol, y) & gettingmarried(y))))","~((y z (~(x=y) & ~(x=z) & ~(y=z) & enjoy(x, celebratinglifemilestoneevent, y) & enjoy(x, celebratinglifestoneevent, z)) | (outgoing(carol) & sprited(carol)))"
97,377,"Everything is either outside the solar system or in the solar system. 
Nothing outside the solar system has the Sun as its star.
Everything in the solar system is gravitationally bound by the Sun.
No planets gravitationally bound by the Sun are rogue planets. 
All orphan planets are rogue planets.
If PSO J318.5−22 is not both a rogue planet and a planet gravitationally bound by the Sun, then it is a rogue planet.","∀x (Outside(x, solarSystem) ⊕ In(x, solarSystem))
∀x (Outside(x, solarSystem) → ¬SunAs(x, star))
∀x (In(x, solarSystem) → BoundBy(x, sun, gravitationally))
∀x (Planet(x) ∧ BoundBy(x, sun, gravitationally) → ¬(Planet(x) ∧ Rogue(x)))
∀x (Planet(x) ∧ Orphan(x) → Planet(x) ∧ Rogue(x))
¬(Planet(pSOJ318.5-22) ∧ Rogue(pSOJ318.5-22) ∧ BoundBy(pSOJ318.5-22, sun, gravitationally)) → (Planet(pSOJ318.5-22) ∧ Rogue(pSOJ318.5-22))",PSO J318.5−22 is an orphan planet.,Planet(pSOJ318.5-22) ∧ Orphan(pSOJ318.5-22),Uncertain,1005,"all:x (outside(x, solarsystem) ^ in(x, solarsystem))
all:x (outside(x, solarsystem) :- ~sunas(x, star))
all:x (in(x, solarsystem) :- boundby(x, sun, gravitationally))
all:x (planet(x) & boundby(x, sun, gravitationally) :- ~(planet(x) & rogue(x)))
all:x (planet(x) & orphan(x) :- planet(x) & rogue(x))
~(planet(psoj318.5-22) & rogue(psoj318.5-22) & boundby(psoj318.5-22, sun, gravitationally)) :- (planet(psoj318.5-22) & rogue(psoj318.5-22))",planet(psoj318.5-22) & orphan(psoj318.5-22)
98,328,"No soccer players are professional basketball players.
All NBA players are professional basketball players.
All soccer defenders are soccer players.
All centerback players are soccer defenders.
If Stephen Curry is an NBA player or a soccer player, then he is a professional basketball player.","∀x (ProfessionalSoccerPlayer(x) → ¬ProfessionalBasketballPlayer(x))
∀x (NBAPlayer(x) → ProfessionalBasketballPlayer(x))
∀x (ProfessionalSoccerDefender(x) → ProfessionalSoccerPlayer(x))
∀x (ProfessionalCenterback(x) → ProfessionalSoccerDefender(x))
(NBAPlayer(stephencurry) ⊕ ProfessionalSoccerPlayer(stephencurry)) → ProfessionalBasketballPlayer(stephencurry)",Stephen Curry is an NBA player.,NBAPlayer(stephenCurry),Uncertain,840,"all:x (professionalsoccerplayer(x) :- ~professionalbasketballplayer(x))
all:x (nbaplayer(x) :- professionalbasketballplayer(x))
all:x (professionalsoccerdefender(x) :- professionalsoccerplayer(x))
all:x (professionalcenterback(x) :- professionalsoccerdefender(x))
(nbaplayer(stephencurry) ^ professionalsoccerplayer(stephencurry)) :- professionalbasketballplayer(stephencurry)",nbaplayer(stephencurry)
99,157,"The party provides five kinds of fruits: strawberry, orange, blueberry, grape, and cherry.
If the fruit had the lowest remaining weight at the end of the party, then it means it was the most popular fruit.
At the end of the party, strawberries had the lowest remaining weight.
At the end of the party, the number of leftover blueberries was lower than that of cherries.
Benjamin only ate oranges and grapes at the party.","Provide(party, strawberry) ∧ Provide(party, orange) ∧ Provide(party, blueberry) ∧ Provide(party, grape) ∧ Provide(party, cherry) 
∀x (LowestWeightRemainingAt(x, endOfParty) → MostPopular(x)) 
LowestWeightRemainingAt(strawberries, endOfParty)
LowerWeightAt(blueberry, cherry, endOfParty)
Eat(benjamin, orange) ∧ Eat(benjamin, grape) ∧ ¬Eat(benjamin, blueberry) ∧ ¬Eat(benjamin, cherry) ∧ ¬Eat(benjamin, strawberry)",Cherries were the most popular fruit at the party.,MostPopular(cherry),Uncertain,451,"provide(party, strawberry) & provide(party, orange) & provide(party, blueberry) & provide(party, grape) & provide(party, cherry) 
all:x (lowestweightremainingat(x, endofparty) :- mostpopular(x)) 
lowestweightremainingat(strawberries, endofparty)
lowerweightat(blueberry, cherry, endofparty)
eat(benjamin, orange) & eat(benjamin, grape) & ~eat(benjamin, blueberry) & ~eat(benjamin, cherry) & ~eat(benjamin, strawberry)",mostpopular(cherry)
100,411,"If a game is one of the top-3 best selling video-games, then it is multiplatform.
If a game has sold more than 100 million copies, then it is one of the top-3 best-selling video games.
Some games that support Windows are developed by Nintendo.
All multiplatform games can be played on a wide range of devices.
Pokemon Diamond version is neither developed by Nintendo nor can be played on a wide range of devices.","∀x (ATop3BestSellingVideoGame(x) → Multiplatform(x))
∀x (SoldMoreThan100MillionCopies(x) → ATop3BestSellingVideoGame(x))
∃x ((SupportsWindows(x) ∧ AGameDevelopedByNintendo(x)))
∀x (Multiplatform(x) → CanBePlayedOnAWideRangeOfDevices(x))
¬(DevelopedByNintendo(PokemonDiamond) ∨ CanBePlayedOnAWideRangeOfDevices(PokemonDiamond))",Pokemon Diamond version supports Windows.,Game(PokemonDiamond) ∧ SupportsWindows(PokemonDiamond),Uncertain,1152,"all:x (atop3bestsellingvideogame(x) :- multiplatform(x))
all:x (soldmorethan100millioncopies(x) :- atop3bestsellingvideogame(x))
x ((supportswindows(x) & agamedevelopedbynintendo(x)))
all:x (multiplatform(x) :- canbeplayedonawiderangeofdevices(x))
~(developedbynintendo(pokemondiamond) | canbeplayedonawiderangeofdevices(pokemondiamond))",game(pokemondiamond) & supportswindows(pokemondiamond)
101,122,"Beasts of Prey is a fantasy novel or a science fiction novel, or both.
Science fiction novels are not about mythological creatures
Beasts of Prey Is about a creature known as the Shetani.
Shetanis are mythological.","Novel(beastsOfPrey) → (Fantasy(beastsOfPrey) ∨ ScienceFiction(beastsOfPrey))
∀x ∀y (ScienceFiction(x) ∧ Mythological(y) ∧ Creature(y) → ¬About(x, y))
About(beastsOfPrey, shetani) ∧ Creature(shetani)
Mythological(shetani)",Beasts of prey is a fantasy novel.,Fantasy(beastsOfpPrey) ∧ Novel(beastsOfPrey),True,364,"novel(beastsofprey) :- (fantasy(beastsofprey) | sciencefiction(beastsofprey))
all:x all:y (sciencefiction(x) & mythological(y) & creature(y) :- ~about(x, y))
about(beastsofprey, shetani) & creature(shetani)
mythological(shetani)",fantasy(beastsofpprey) & novel(beastsofprey)
102,403,"There's a person in Benji's family who likes eating cheese or is a francophile.
There is no francophile in Benji's family whose favorite country is Spain.
There is a person in Benji's family who likes eating cheese or whose favorite country is Spain.
Fabien is in Benji's family and  does not both study Spanish and also like eating cheese.
Fabien studies Spanish.","∃x (InBenjiSFamily(x) → (LikeEating(x, cheese) ∨ Francophile(x)))
∀x ((InBenjiSFamily(x) ∧ Francophile(x)) → ¬Favor(x, spain))
∃x (InBenjiSFamily(x) ∧ (Favor(x, spain) ∨ LikeEating(x, cheese)))
InBenjiSFamily(fabien) ∧ (¬(LikeEating(fabien, cheese) ∧ Study(fabien, spanish)))
Study(fabien, spanish)","If Fabien is a person who likes Spain as their favorite country or is a francophile, then Fabien is either a person who studies Spanish or a person who likes Spain as their favorite country.","(Favor(fabien, spain) ∨ Francophile(fabien)) → (Study(fabien, spanish) ⊕ Favor(fabien, spain))",False,1119,"x (inbenjisfamily(x) :- (likeeating(x, cheese) | francophile(x)))
all:x ((inbenjisfamily(x) & francophile(x)) :- ~favor(x, spain))
x (inbenjisfamily(x) & (favor(x, spain) | likeeating(x, cheese)))
inbenjisfamily(fabien) & (~(likeeating(fabien, cheese) & study(fabien, spanish)))
study(fabien, spanish)","(favor(fabien, spain) | francophile(fabien)) :- (study(fabien, spanish) ^ favor(fabien, spain))"
103,1,"Mary has the flu.
If someone has the flu, then they have influenza.
Susan doesn't have influenza.","Has(mary, flu)
∀x (Has(x, flu) → Has(x, influenza))
¬Has(susan, influenza)",Either Mary or Susan has influenza.,"Has(mary, influenza) ⊕ Has(susan, influenza)",True,3,"has(mary, flu)
all:x (has(x, flu) :- has(x, influenza))
~has(susan, influenza)","has(mary, influenza) ^ has(susan, influenza)"
104,479,"Grass is not food
All meadows are grass.
All edible things are food. 
All fruits are edible.
All lemons are fruit.
Grapes are not both edible and lemons.
Bananas are grasses or fruits. ","∀x (Grass(x) → ¬Food(x))
∀x (Meadow(x) → Grass(x))
∀x (Edible(x) → Food(x))
∀x (Fruit(x) → Edible(x))
∀x (Lemon(x) → Fruit(x))
¬(Edible(grape) ∧ Lemon(grape))
Grass(banana) ∨ Fruit(banana)",Grapes are not a food.,¬Food(grape),Uncertain,1394,"all:x (grass(x) :- ~food(x))
all:x (meadow(x) :- grass(x))
all:x (edible(x) :- food(x))
all:x (fruit(x) :- edible(x))
all:x (lemon(x) :- fruit(x))
~(edible(grape) & lemon(grape))
grass(banana) | fruit(banana)",~food(grape)
105,4,"Sūduva Marijampolė holds the Lithuanian Super Cup.
Sūduva Marijampolė is a soccer team.","Holds(suduva, theLithuanianSuperCup)
SoccerTeam(suduva)",Some soccer team holds the Lithuanian Super Cup.,"∃x (SoccerTeam(x) ∧ Holds(x, theLithuanianSuperCup))",True,10,"holds(suduva, thelithuaniansupercup)
soccerteam(suduva)","x (soccerteam(x) & holds(x, thelithuaniansupercup))"
106,342,"All sports cars are loud.
No loud cars are electric.
If a car is a Ferrari, then it is a sports car.
All cars made in Maranello are Ferraris.
The Toyota Prius is made in Maranello or is a loud car, or both.","∀x (SportsCar(x) → LoudCar(x))
∀x (LoudCar(x) → ¬ElectricCar(x))
∀x (Ferrari(x) → SportsCar(x))
∀x ((Car(x) ∧ MadeIn(x, maranello)) → Ferrari(x))
(Car(toyotaPrius) ∧ MadeIn(toyotaPrius, maranello)) ∨ LoudCar(toyotaPrius)",Prius is an electric car.,ElectricCar(toyotaPrius),False,900,"all:x (sportscar(x) :- loudcar(x))
all:x (loudcar(x) :- ~electriccar(x))
all:x (ferrari(x) :- sportscar(x))
all:x ((car(x) & madein(x, maranello)) :- ferrari(x))
(car(toyotaprius) & madein(toyotaprius, maranello)) | loudcar(toyotaprius)",electriccar(toyotaprius)
107,474,"All humans are capable of abstract thoughts.
Plants are not capable of abstract thoughts.
All multicellular creatures that are autotrophic or digest food internally are plants and animals.
All goats are animals.
Dirt is not an animal.
Hulu is a goat or a human.
Hulu is a multicellular creature that is autotrophic or digests food internally. ","∀x (Human(x) → CapableOf(x, abstractThought))
∀x (Plant(x) → ¬CapableOf(x, abstractThought))
∀x (MulticellularCreature(x) ∧ (Autotrophic(x) ∨ DigestFoodInternally (x)) → Plant(x) ⊕ Animal(x))
∀x (Goat(x) → Animal(x))
∀x (Dirt(x) → ¬Animal(x))
Goat(hulu) ∨ HumanBeing(hulu)
(MulticellularCreature(hulu) ∧ (Autotrophic(hulu) ∨ DigestFoodInternally (hulu))","Hulu is either an animal or dirt, but not both.",Animal(hulu) ⊕ Dirt(hulu),True,1376,"all:x (human(x) :- capableof(x, abstractthought))
all:x (plant(x) :- ~capableof(x, abstractthought))
all:x (multicellularcreature(x) & (autotrophic(x) | digestfoodinternally (x)) :- plant(x) ^ animal(x))
all:x (goat(x) :- animal(x))
all:x (dirt(x) :- ~animal(x))
goat(hulu) | humanbeing(hulu)
(multicellularcreature(hulu) & (autotrophic(hulu) | digestfoodinternally (hulu))",animal(hulu) ^ dirt(hulu)
108,410,"All products designed by Apple are sold at Apple Stores.
All products with Apple logos are designed by Apple.
All Macbooks have Apple logos.
All products with Apple M2 chips are Mackbooks.
A Thinkpad X1 is not both sold in Apple Stores and is a Macbook.","∀x ((Product(x) ∧ DesignedBy(x, apple)) → SoldIn(x, appleStore))
∀x ((Product(x) ∧ With(x, appleLogo)) → DesignedBy(x, apple))
∀x (Macbook(x) → With(x, appleLogo))
∀x ((Product(x) ∧ With(x, appleM2Chip)) → Macbook(x))
¬(SoldIn(thinkpadX1, appleStore) ∧ Macbook(thinkpadX1))",The Thinkpad X1 is sold in Apple Stores.,"SoldIn(thinkpadX1, appleStore)",Uncertain,1148,"all:x ((product(x) & designedby(x, apple)) :- soldin(x, applestore))
all:x ((product(x) & with(x, applelogo)) :- designedby(x, apple))
all:x (macbook(x) :- with(x, applelogo))
all:x ((product(x) & with(x, applem2chip)) :- macbook(x))
~(soldin(thinkpadx1, applestore) & macbook(thinkpadx1))","soldin(thinkpadx1, applestore)"
109,356,"If people work well in teams in the workplace, then they get along with all their colleagues at their work.
If people come to work every day with a positive attitude, then they work well in teams in the workplace.
People either come to work every day with a positive attitude or are always tired every morning.
If people are always tired in the morning, then they are criticized by their boss.
If people are criticized by their boss, then they do not receive positive feedback from teams at work.
Kat either is a person who works well in teams in the workplac and is always tired every morning, or she is neither.","∀x (WorkWellInTeamsIn(x, workPlace) → ∀y (Colleague(y) ∧ GetAlongWithAtWork(x, y)))
∀x (ComeToWorkWithEveryDay(x, positiveAttitude) → WorkWellInTeamsIn(x, workPlace))
∀x (ComeToWorkWithEveryDay(x, positiveAttitude) ⊕ AlwaysTiredInMorning(x))
∀x (AlwaysTiredInMorning(x) → CriticizedBy(x, boss))
∀x (CriticizedBy(x, boss) → ¬ReceiveFromAtWork(x, positiveFeedback, team))
¬(WorkWellInTeamsIn(kat, workPlace) ⊕ Tired(kat))",Kat gets along with her colleagues at her work and receives positive feedback from teams at her work.,"(∀y (Colleague(y) ∧ GetAlongWithAtWork(kat, y))) ∧ ReceiveFromAtWork(kat, positiveFeedback, team)",False,945,"all:x (workwellinteamsin(x, workplace) :- all:y (colleague(y) & getalongwithatwork(x, y)))
all:x (cometoworkwitheveryday(x, positiveattitude) :- workwellinteamsin(x, workplace))
all:x (cometoworkwitheveryday(x, positiveattitude) ^ alwaystiredinmorning(x))
all:x (alwaystiredinmorning(x) :- criticizedby(x, boss))
all:x (criticizedby(x, boss) :- ~receivefromatwork(x, positivefeedback, team))
~(workwellinteamsin(kat, workplace) ^ tired(kat))","(all:y (colleague(y) & getalongwithatwork(kat, y))) & receivefromatwork(kat, positivefeedback, team)"
110,449,"Animals who need large territory travel far.
Every animal that eats a lot needs a large territory.
If something is a big animal, then it will eat a lot.
Bears are big animals.
Larry is a big animal.","∀x (Animal(x) ∧ Need(x, largeTerritory) → TravelFar(x))
∀x (EatALot(x) → Need(x, largeTerritory))
∀x (Big(x) ∧ Animal(x) → EatALot(x))
∀x (Bear(x) → Big(x) ∧ Animal(x))
Big(larry) ∧ Animal(larry)",Larry is a bear.,Bear(larry),Uncertain,1292,"all:x (animal(x) & need(x, largeterritory) :- travelfar(x))
all:x (eatalot(x) :- need(x, largeterritory))
all:x (big(x) & animal(x) :- eatalot(x))
all:x (bear(x) :- big(x) & animal(x))
big(larry) & animal(larry)",bear(larry)
111,108,"The world's only major large passenger aircraft manufacturers are Boeing and Airbus.
All American Airlines planes are from the world's major large passenger aircraft manufacturers. 
Airbus made more revenue than Boeing last year.","∀x (WorldMajorLargePassengerAircraftManufacturer(x) → x=boeing ⊕ x=airbus)
∀x (AmericanAirlinesAircraft(x) → WorldMajorLargePassengerAircraftManufacturer(x))
MoreInRevenue(airbus, boeing)",An American Airlines plane is either a Boeing or Airbus plane.,∀x (AmericanAirlinesPlane(x) → x=boeing ⊕ x=airbus),True,326,"all:x (worldmajorlargepassengeraircraftmanufacturer(x) :- x=boeing ^ x=airbus)
all:x (americanairlinesaircraft(x) :- worldmajorlargepassengeraircraftmanufacturer(x))
moreinrevenue(airbus, boeing)",all:x (americanairlinesplane(x) :- x=boeing ^ x=airbus)
112,237,"Zaha Hadid is a British-Iraqi architect, artist, and designer.
Zaha Hadid was born on 31 October 1950 in Baghdad, Iraq.
Zaha Hadid was a visiting professor of Architectural Design at the Yale School of Architecture.
Max is an aspiring architecture student and plans to apply to the Yale School of Architecture. ","British-Iraqi(zahaHadid) ∧ Architect(zahaHadid) ∧ Artist(zahaHadid) ∧ Designer(zahaHadid)
BornOn(zahaHadid, 31October1950) ∧ BornIn(zahaHadid, baghdadIraq)
VisitingProfessorOf(zahaHadid, architecturalDesign) ∧ VisitingProfessorAt(zahaHadid, yaleSchoolOfArchitecture)
AspiringArchitectureStudent(max) ∧ PlansToApplyTo(max, yaleSchoolofArchitecture)",Zaha Hadid was born on the 31st of October in 1982.,"BornOn(zahaHadid, 31October1950)",Uncertain,674,"british-iraqi(zahahadid) & architect(zahahadid) & artist(zahahadid) & designer(zahahadid)
bornon(zahahadid, 31october1950) & bornin(zahahadid, baghdadiraq)
visitingprofessorof(zahahadid, architecturaldesign) & visitingprofessorat(zahahadid, yaleschoolofarchitecture)
aspiringarchitecturestudent(max) & planstoapplyto(max, yaleschoolofarchitecture)","bornon(zahahadid, 31october1950)"
113,241,"All students learning piano can strike the right notes. 
All students who can strike the right note can get the rhythms right. 
If a student can get the rhythms right, he will start working on coordination between the left and the right hands. 
Some students who start working on coordination between the left and the right hands become good at it, while other students find it challenging. 
If John can strike the right notes, get the rhythms right, and is good at coordination between right and left hands, then he puts emotions into his playing. 
John is a student learning piano. 
John does not find coordination between the left and the right hands challenging. ","∀x (Student(x) ∧ LearningPiano(x) → Can(x, strike, rightNote))
∀x (Student(x) ∧  Can(x, strike, rightNote) → Can(x, getTheRhythmRight))
∀x (Student(x) ∧ Can(x, getTheRhythmRight) → Start(x, workingOnCoordinationBetweenTheLeftAndRightHands))
∀x (Student(x) ∧ Start(x, workingOnCoordinationBetweenTheLeftAndRightHands) → Become(x, goodAtCoordination) ⊕ Find(x, coordinationChallenging))
(Can(john, getTheRhythmRight) ∧ Can(john, getTheRhythmRight)) ∧  Become(john, goodAtCoordination)  → PutEmotionInto(john, hisPlaying)
Student(john) ∧ LearningPiano(john)
¬Find(john, coordinationChallenging)",John can get the rhythms right.,"Can(john, getTheRhythmRight)",True,683,"all:x (student(x) & learningpiano(x) :- can(x, strike, rightnote))
all:x (student(x) &  can(x, strike, rightnote) :- can(x, gettherhythmright))
all:x (student(x) & can(x, gettherhythmright) :- start(x, workingoncoordinationbetweentheleftandrighthands))
all:x (student(x) & start(x, workingoncoordinationbetweentheleftandrighthands) :- become(x, goodatcoordination) ^ find(x, coordinationchallenging))
(can(john, gettherhythmright) & can(john, gettherhythmright)) &  become(john, goodatcoordination)  :- putemotioninto(john, hisplaying)
student(john) & learningpiano(john)
~find(john, coordinationchallenging)","can(john, gettherhythmright)"
114,98,"Maggie Friedman is an American screenwriter and producer.
Maggie Friedman was the showrunner and executive producer of the lifetime television series Witches of East End.
Witches of East End is a fantasy-drama series.
Maggie Friedman produced and developed Eastwick.
Eastwick is a series by ABC.","American(maggieFriedman) ∧ Screenwriter(maggieFriedman) ∧ Producer(maggieFriedman)
ShowRunnerOf(maggieFriedman, witchesOfEastEnd) ∧ ExecutiveProducerOf(maggieFriedman, witchesOfEastEnd) ∧ LifetimeTelevisionSeries(maggieFriedman)
FantasyDrama(witchesOfEastEnd) ∧ Series(witchesOfEastEnd)
Produces(maggieFriedman, eastwick) ∧ Develops(maggieFriedman, eastwick)
Series(eastwick) ∧ AiredOn(eastwick, aBC)",There is a series by ABC that was developed by the showrunner of Witches of East End.,"∃x ∃y (Series(x) ∧ AiredOn(x, aBC) ∧ Develops(y, x) ∧ ShowRunnerOf(y, witchesOfEastEnd))",True,295,"american(maggiefriedman) & screenwriter(maggiefriedman) & producer(maggiefriedman)
showrunnerof(maggiefriedman, witchesofeastend) & executiveproducerof(maggiefriedman, witchesofeastend) & lifetimetelevisionseries(maggiefriedman)
fantasydrama(witchesofeastend) & series(witchesofeastend)
produces(maggiefriedman, eastwick) & develops(maggiefriedman, eastwick)
series(eastwick) & airedon(eastwick, abc)","x y (series(x) & airedon(x, abc) & develops(y, x) & showrunnerof(y, witchesofeastend))"
115,70,"Michael O'Donnell is a British physician, journalist, author, and broadcaster.
One of the word-setters of My Word! was Michael O'Donnell.
The magazine World Medicine was edited by Michael O'Donnell.
Michael O'Donnell was born in Yorkshire as the son of a general practitioner.","British(michael) ∧ Physician(michael) ∧ Journalist(michael) ∧ Author(michael) ∧ Broadcaster(michael)
WordSetter(michael)
Magazine(worldMedicine) ∧ EditedBy(worldMedicine, michael)
BornIn(michael, yorkshire) ∧ ∃x(SonOf(michael, x) ∧ GeneralPractitioner(x))",The son of a general practitioner was a word-setter of My Word!.,"∃x ∃y (SonOf(x, y) ∧ GeneralPractitioner(y) ∧ WordSetter(x))",True,208,"british(michael) & physician(michael) & journalist(michael) & author(michael) & broadcaster(michael)
wordsetter(michael)
magazine(worldmedicine) & editedby(worldmedicine, michael)
bornin(michael, yorkshire) & x(sonof(michael, x) & generalpractitioner(x))","x y (sonof(x, y) & generalpractitioner(y) & wordsetter(x))"
116,237,"Zaha Hadid is a British-Iraqi architect, artist, and designer.
Zaha Hadid was born on 31 October 1950 in Baghdad, Iraq.
Zaha Hadid was a visiting professor of Architectural Design at the Yale School of Architecture.
Max is an aspiring architecture student and plans to apply to the Yale School of Architecture. ","British-Iraqi(zahaHadid) ∧ Architect(zahaHadid) ∧ Artist(zahaHadid) ∧ Designer(zahaHadid)
BornOn(zahaHadid, 31October1950) ∧ BornIn(zahaHadid, baghdadIraq)
VisitingProfessorOf(zahaHadid, architecturalDesign) ∧ VisitingProfessorAt(zahaHadid, yaleSchoolOfArchitecture)
AspiringArchitectureStudent(max) ∧ PlansToApplyTo(max, yaleSchoolofArchitecture)",Zaha Hadid was a citizen of Britain and Iraq.,British-Iraqi(zahaHadid),True,672,"british-iraqi(zahahadid) & architect(zahahadid) & artist(zahahadid) & designer(zahahadid)
bornon(zahahadid, 31october1950) & bornin(zahahadid, baghdadiraq)
visitingprofessorof(zahahadid, architecturaldesign) & visitingprofessorat(zahahadid, yaleschoolofarchitecture)
aspiringarchitecturestudent(max) & planstoapplyto(max, yaleschoolofarchitecture)",british-iraqi(zahahadid)
117,272,"There is no dog on the roof.
If there is a dog on the roof, something went wrong.","∀x (Dog(x) → ¬OnRoof(x)))
∀x ∃y ((Dog(x) ∧ OnRoof(x)) → GoWrong(y))",Something went wrong.,∃x (GoWrong(x)),Uncertain,716,"all:x (dog(x) :- ~onroof(x)))
all:x y ((dog(x) & onroof(x)) :- gowrong(y))",x (gowrong(x))
118,30,"EndGame is a movie released in 2006.
EndGame was set in Washington.
EndGame was filmed outside of Washington.
Some movies are filmed in New York.
Andy Chang directed EndGame.
Andy Chang is from Hong Kong.","Movie(endGame) ∧ Released(endGame, yr2006)
SetIn(endGame, washington)
¬(FilmedIn(endGame, washington))
∃x∃y(FilmedIn(x, newYork) ∧ (¬(x=y)) ∧ FilmedIn(y, newYork))
Directed(andyChang, endGame)
From(andyChang, hongKong)",EndGame was not directed by someone from Hong Kong.,"∀x (¬(Directed(x, endGame) ∧ From(x, hongKong)))",False,87,"movie(endgame) & released(endgame, yr2006)
setin(endgame, washington)
~(filmedin(endgame, washington))
xy(filmedin(x, newyork) & (~(x=y)) & filmedin(y, newyork))
directed(andychang, endgame)
from(andychang, hongkong)","all:x (~(directed(x, endgame) & from(x, hongkong)))"
119,427,"If a person pays their taxes, then they contribute to the country. 
Everyone who works for a government department pays a tax on their salary. 
Everyone in the army is an employee of a government department.
Everyone convicted of murder goes to prison. 
Everyone who has been to prison has a criminal record.
James was either once convicted of murder, or spent time in prison.
James either has a criminal record, or pays his taxes. ","∀x (Taxpayer(x) → ContributeTo(x, country))
∀x (WorkFor(x, governmentAgency) → Taxpayer(x))
∀x (ServesIn(x, theArmy) → WorkFor(x, governmentAgency))
∀x (SentencedForMurder(x) → Imprisoned(x))
∀x (Imprisoned((x) → Has(x, criminalRecord))
SentencedForMurder(james) ⊕ Imprisoned(james) 
Has(james, criminalRecord) ⊕ Taxpayer(james)",James does not contribute to the country and does not serve in the army.,"¬(ContributeTo(james, country) ∧ ServesIn(james, army))",True,1214,"all:x (taxpayer(x) :- contributeto(x, country))
all:x (workfor(x, governmentagency) :- taxpayer(x))
all:x (servesin(x, thearmy) :- workfor(x, governmentagency))
all:x (sentencedformurder(x) :- imprisoned(x))
all:x (imprisoned((x) :- has(x, criminalrecord))
sentencedformurder(james) ^ imprisoned(james) 
has(james, criminalrecord) ^ taxpayer(james)","~(contributeto(james, country) & servesin(james, army))"
120,99,"Shafaq-Asiman is a large complex of offshore geological structures in the Caspian Sea.
Baku is northwest of Shafaq-Asiman.
If place A is northwest of place B, then place B is southeast of place A.","LargeComplex(shafaq-asiman) ∧ LargeComplex(shafaq-asiman) ∧ Offshore(shafaq-asiman) ∧ GeologicalStructures(shafaq-asiman) ∧ In(shafaq-asiman, caspiansea)
NorthwestOf(baku, shafaq-asiman)
∀x ∀y (NorthwestOf(x, y) → SoutheastOf(y, x))",Baku is southeast of Shafaq-Asiman.,"SoutheastOf(baku, shafaq-asiman)",Uncertain,298,"largecomplex(shafaq-asiman) & largecomplex(shafaq-asiman) & offshore(shafaq-asiman) & geologicalstructures(shafaq-asiman) & in(shafaq-asiman, caspiansea)
northwestof(baku, shafaq-asiman)
all:x all:y (northwestof(x, y) :- southeastof(y, x))","southeastof(baku, shafaq-asiman)"
121,163,"There are eight federal districts of Russia: Central, Northwestern, Southern, North Caucasian, Volga, Ural, Siberian, and Far Eastern.
The Central federal district has the largest population among all federal districts in Russia.
Moscow is the administrative center of the Central federal district.
Yekaterinburg is the administrative center of the Ural federal district.
Vladivostok is the administrative center of the Far Eastern federal district.
The Far Eastern federal district has the largest area among all federal districts in Russia.
Some federal districts in Russia were established in 2000.","FederalDistrictOf(central, russia) ∧ FederalDistrictOf(northwestern, russia) ∧ FederalDistrictOf(southern, russia) ∧ FederalDistrictOf(northcaucasian, russia) ∧ FederalDistrictOf(volga, russia) ∧ FederalDistrictOf(ural, russia) ∧ FederalDistrictOf(siberian, russia) ∧ FederalDistrictOf(fareastern, russia)
LargestPopulation(central) 
AdministrativeCenterOf(moscow, central)
AdministrativeCenterOf(yekaterinburg, ural)
AdministrativeCenterOf(vladivostok, farEastern)
LargestArea(farEastern)
∃x (FederalDistrictOf(x, russia) ∧ EstablishedIn(x, 2000))",Vladivostok is the administrative center of the federal district with the largest area.,"∃x (AdministrativeCenterOf(vladivostok, x) ∧ LargestArea(x))",True,467,"federaldistrictof(central, russia) & federaldistrictof(northwestern, russia) & federaldistrictof(southern, russia) & federaldistrictof(northcaucasian, russia) & federaldistrictof(volga, russia) & federaldistrictof(ural, russia) & federaldistrictof(siberian, russia) & federaldistrictof(fareastern, russia)
largestpopulation(central) 
administrativecenterof(moscow, central)
administrativecenterof(yekaterinburg, ural)
administrativecenterof(vladivostok, fareastern)
largestarea(fareastern)
x (federaldistrictof(x, russia) & establishedin(x, 2000))","x (administrativecenterof(vladivostok, x) & largestarea(x))"
122,332,"If people don't often clean their homes, then they do not have tidy houses.
If people don't prioritize cleaning, then they do not often clean their homes.
If people hire a maid or cleaning service, then they have tidy houses.
If people don't care about cleanliness, then they do not prioritize cleaning.
Either Jack does hire a maid or cleaning service and does not often clean his home, or he does not hire a maid or cleaning service nor often clean his home.","∀x (¬CleanOften(x, home) → ¬Have(x, tidyHouse))
∀x (¬Prioritize(x, cleaning) → ¬CleanOften(x, home))
∀x (Hire(x, maid) ∨ Hire(x, cleaningService) → Have(x, tidyHouse))
∀x (¬CareAbout(x, cleanliness) → ¬Prioritize(x, cleaning))
¬(Hire(x, maid) ∨ Hire(x, cleaningService)) ⊕ ¬CleanOften(jack, home))",Jack does care about cleanliness.,"CareAbout(jack, cleanliness)",True,859,"all:x (~cleanoften(x, home) :- ~have(x, tidyhouse))
all:x (~prioritize(x, cleaning) :- ~cleanoften(x, home))
all:x (hire(x, maid) | hire(x, cleaningservice) :- have(x, tidyhouse))
all:x (~careabout(x, cleanliness) :- ~prioritize(x, cleaning))
~(hire(x, maid) | hire(x, cleaningservice)) ^ ~cleanoften(jack, home))","careabout(jack, cleanliness)"
123,8,"Miroslav Venhoda was a Czech choral conductor who specialized in the performance of Renaissance and Baroque music.
Any choral conductor is a musician.
Some musicians love music.
Miroslav Venhoda published a book in 1946 called Method of Studying Gregorian Chant.","Czech(miroslav) ∧ ChoralConductor(miroslav) ∧ SpecializeInPerformanceOf(miroslav, renaissanceMusic) ∧ SpecializeInPerformanceOf(miroslav, baroqueMusic)
∀x (ChoralConductor(x) → Musician(x))
∃x ∃y ((Musician(x) → Love(x, music)) ∧ (¬(x=y) ∧ Musician(y) → Love(y, music)))
PublishedBook(miroslav, methodOfStudyingGregorianChant, yr1946)",No choral conductor specialized in the performance of Renaissance.,"∀x (ChoralConductor(x) → ¬SpecializeInPerformanceOf(x, renaissanceMusic))",False,22,"czech(miroslav) & choralconductor(miroslav) & specializeinperformanceof(miroslav, renaissancemusic) & specializeinperformanceof(miroslav, baroquemusic)
all:x (choralconductor(x) :- musician(x))
x y ((musician(x) :- love(x, music)) & (~(x=y) & musician(y) :- love(y, music)))
publishedbook(miroslav, methodofstudyinggregorianchant, yr1946)","all:x (choralconductor(x) :- ~specializeinperformanceof(x, renaissancemusic))"
124,137,"Greyhound racing is a competitive sport where spectators bet on greyhounds.
Greyhound racing involves coursing.
Some competitive sports where spectators bet on things are banned.
Coursing involves spectators betting on a hare being pursued by greyhounds.
Spectators betting on a hare is a small game.
If a competitive sport involves spectators betting on small games, then it is banned.","∀x (GreyhoundRacing(x) → ∃y (CompetitiveSport(x) ∧ Greyhound(y) ∧ BetOn(spectators, y, x)))
∀x (GreyhoundRacing(x) → Coursing(x))
∃x ∃y (CompetitiveSport(x) ∧ BetOn(spectators, y, x) ∧ Banned(x))
∀x ∃y ∃z (Coursing(x) → Hare(y) ∧ BetOn(spectators, y, x) ∧ GreyHound(z) ∧ PursuedBy(y, z))
∃x ∀y (Hare(x) ∧ BetOn(spectators, x, y) → SmallGame(y))
∀x ∃y (CompetitiveSport(x) ∧ SmallGame(y) ∧ BetOn(spectators, y, x) → Banned(x))",No coursing is banned.,∀x (Coursing(x) ∧ ¬Banned(x)),False,402,"all:x (greyhoundracing(x) :- y (competitivesport(x) & greyhound(y) & beton(spectators, y, x)))
all:x (greyhoundracing(x) :- coursing(x))
x y (competitivesport(x) & beton(spectators, y, x) & banned(x))
all:x y z (coursing(x) :- hare(y) & beton(spectators, y, x) & greyhound(z) & pursuedby(y, z))
x all:y (hare(x) & beton(spectators, x, y) :- smallgame(y))
all:x y (competitivesport(x) & smallgame(y) & beton(spectators, y, x) :- banned(x))",all:x (coursing(x) & ~banned(x))
125,6,"Boves is a railway station located in France. 
The preceding station of Boves is Longueau.
The preceding station of Dommartin is Boves.
France is a European country.
Dommartin is situated on the Paris–Lille railway. 
Any two contiguous stations are on the same railway.
Boves is served by regional TER Hauts-de-France trains.
If place A is located in place B and place B is located in place C, then place A is located in place C.
If place A precedes place B and place B precedes place C, then place A precedes place C.","RailwayStation(boves) ∧ In(boves, france)
Precede(longueau, boves)
Precede(boves, dommartin)
In(france, europe)
SituatedOn(dommartin, pairsLille)
∀x ∀y ∀z ((SituatedOn(x, z) ∧ (Precede(x, y) ∨ Precede(y, x)) → SituatedOn(y, z))
Serve(boves, hautsDeFrance)
∀x ∀y ∀z ((In(x, y) ∧ In(y, z)) → In(x, z))
∀x ∀y ∀z ((Precede(x, y) ∧ Precede(y, z)) → Precede(x, z))",Boves is not in Europe.,"¬In(boves, europe)",False,15,"railwaystation(boves) & in(boves, france)
precede(longueau, boves)
precede(boves, dommartin)
in(france, europe)
situatedon(dommartin, pairslille)
all:x all:y all:z ((situatedon(x, z) & (precede(x, y) | precede(y, x)) :- situatedon(y, z))
serve(boves, hautsdefrance)
all:x all:y all:z ((in(x, y) & in(y, z)) :- in(x, z))
all:x all:y all:z ((precede(x, y) & precede(y, z)) :- precede(x, z))","~in(boves, europe)"
126,465,"Everyone who took the bar exam can read. 
All lawyers took the bar exam. 
Everyone who took the bar exam is knowledgeable about criminal procedures. 
All people who got a score of 180 on the LSAT can read. 
No elephants can read. 
If Mike can not read or is not an elephant, then Mike either took the bar exam or can read. ","∀x (Take(x, barExam) → CanRead(x))
∀x (Lawyer(x) → Take(x, barExam))
∀x (Take(x, barExam) → KnowledgeableAbout(x, criminalProceeder))
∀x (GetOn(x, scoreOf180, lSAT) → CanRead(x))
∀x (Elephant(x) → ¬CanRead(x))
¬(CanRead(mike) ∧ Elephant(mike)) → Take(mike, barExam) ⊕ CanRead(mike)",Mike got 180 on the LSAT.,"GetOn(mike, 180, lSAT)",Uncertain,1342,"all:x (take(x, barexam) :- canread(x))
all:x (lawyer(x) :- take(x, barexam))
all:x (take(x, barexam) :- knowledgeableabout(x, criminalproceeder))
all:x (geton(x, scoreof180, lsat) :- canread(x))
all:x (elephant(x) :- ~canread(x))
~(canread(mike) & elephant(mike)) :- take(mike, barexam) ^ canread(mike)","geton(mike, 180, lsat)"
127,206,"China is one of the BRICS, and its economy is emerging.
If someone is from China, then they are from a country of BRICS.
India is one of the BRICS, and its economy is emerging.
If someone is from India, then they are in a country of BRICS.
All people from China are Chinese people.
All people from India are Indian people.
There is a person from India.","∃x (BRIC(x) ∧ ¬(x=china) ∧ BRIC(china) ∧ Emerging(chinaEconomy))
∀x (From(x, china) → From(x, bric))
BRIC(india) ∧ Emerging(indiaEconomy)
∀x (From(x, india) → From(x, bric))
∀x (From(x, china) → Chinese(x))
∀x (From(x, india) → Indian(x))
∃x (From(x, india))",There is an Indian people from BRICS.,"∃x (IndianPeople(x) ∧ From(x, countryOfBRICS))",True,591,"x (bric(x) & ~(x=china) & bric(china) & emerging(chinaeconomy))
all:x (from(x, china) :- from(x, bric))
bric(india) & emerging(indiaeconomy)
all:x (from(x, india) :- from(x, bric))
all:x (from(x, china) :- chinese(x))
all:x (from(x, india) :- indian(x))
x (from(x, india))","x (indianpeople(x) & from(x, countryofbrics))"
128,130,"John will go to the cinema if and only if Jack goes to the cinema today.
Jack will go to the cinema if and only if Iron Man is on and the weather is not bad today.
Some days in March have bad weather.
Iron Man is on.
It's March now.","(GoTo(john, theCinema) ∧ GoTo(john, today)) ↔ GoTo(jack, theCinema) ∧ GoTo(jack, today)
(GoTo(john, theCinema) ∧ GoTo(john, today)) ↔ (On(ironman) ∧ ¬Bad(weather, today))
∃x (Day(x) ∧ March(x) → ¬Bad(weather, x))
On(ironman)
Day(presentMoment) ∧ March(presentMoment)",John will go to the cinema.,"GoTo(john, theCinema) ∧ GoTo(john, today)",Uncertain,386,"(goto(john, thecinema) & goto(john, today)) ↔ goto(jack, thecinema) & goto(jack, today)
(goto(john, thecinema) & goto(john, today)) ↔ (on(ironman) & ~bad(weather, today))
x (day(x) & march(x) :- ~bad(weather, x))
on(ironman)
day(presentmoment) & march(presentmoment)","goto(john, thecinema) & goto(john, today)"
129,427,"If a person pays their taxes, then they contribute to the country. 
Everyone who works for a government department pays a tax on their salary. 
Everyone in the army is an employee of a government department.
Everyone convicted of murder goes to prison. 
Everyone who has been to prison has a criminal record.
James was either once convicted of murder, or spent time in prison.
James either has a criminal record, or pays his taxes. ","∀x (Taxpayer(x) → ContributeTo(x, country))
∀x (WorkFor(x, governmentAgency) → Taxpayer(x))
∀x (ServesIn(x, theArmy) → WorkFor(x, governmentAgency))
∀x (SentencedForMurder(x) → Imprisoned(x))
∀x (Imprisoned((x) → Has(x, criminalRecord))
SentencedForMurder(james) ⊕ Imprisoned(james) 
Has(james, criminalRecord) ⊕ Taxpayer(james)",James contributes to the country and he serves in the army.,"ContributeTo(james, country) ∧ ServesIn(james, army)",False,1213,"all:x (taxpayer(x) :- contributeto(x, country))
all:x (workfor(x, governmentagency) :- taxpayer(x))
all:x (servesin(x, thearmy) :- workfor(x, governmentagency))
all:x (sentencedformurder(x) :- imprisoned(x))
all:x (imprisoned((x) :- has(x, criminalrecord))
sentencedformurder(james) ^ imprisoned(james) 
has(james, criminalrecord) ^ taxpayer(james)","contributeto(james, country) & servesin(james, army)"
130,454,"Functional brainstems are necessary for breath control.
All humans that can swim can control their breath. 
Humans can swim or walk. 
Humans who can walk can stand on the ground by themselves. 
Humans whose brainstems are functional can control their balance.
Every human who can stand on the ground by themselves has functional leg muscles. 
George and Archie are humans.
George can control his balance and can swim.
Archie can walk if and only if he has functional brainstems.","∀x (CanControl(x, breath) → FunctionalBrainStem(x))
∀x (Human(x) ∧ CanSwim(x) → CanControl(x, breath))
∀x (Human(x) → (CanSwim(x) ∨ CanWalk(x)))
∀x (Human(x) ∧ CanWalk(x) → CanStandOnTheGround(x, themselves))
∀x (Human(x) ∧ FunctionalBrainStem(x) → CanControl(x, balance))
∀x (Human(x) ∧ CanStandOnTheGround(x, themselves) → FunctionalLegMuscle(x)))
Human(george) ∧ Human(archie)
CanControl(george, balance) ∧ CanSwim(george)
¬(CanWalk(archie) ⊕ FunctionalBrainStem(x))
",Archie cannot control his balance and doesn't have functional leg muscles.,"¬CanControl(archie, balance) ∧ ¬FunctionalLegMuscle(x)",False,1309,"all:x (cancontrol(x, breath) :- functionalbrainstem(x))
all:x (human(x) & canswim(x) :- cancontrol(x, breath))
all:x (human(x) :- (canswim(x) | canwalk(x)))
all:x (human(x) & canwalk(x) :- canstandontheground(x, themselves))
all:x (human(x) & functionalbrainstem(x) :- cancontrol(x, balance))
all:x (human(x) & canstandontheground(x, themselves) :- functionallegmuscle(x)))
human(george) & human(archie)
cancontrol(george, balance) & canswim(george)
~(canwalk(archie) ^ functionalbrainstem(x))
","~cancontrol(archie, balance) & ~functionallegmuscle(x)"
131,227,"Carrozzeria Colli is a Milanese coachbuilder company established by Giuseppe Colli in 1931.
Carrozzeria Colli is a company that specializes in using aluminum.
The first automobiles built by Carrozzeria Colli were racing cars.
Some racing cars built by Carrozzeria Colli used Fiat 1100 mechanicals and chassis.
Carrozzeria Colli worked for airforces.
Carrozzeria Colli made car bodies. ","Milanese(carrozzeriaColli) ∧ CoachBuilder(carrozzeriaColli) ∧ Company(carrozzeriaColli) ∧ EstablishedBy(carrozzeriaColli, giuseppeColli) ∧ EstablishedIn(carrozzeriaColli, 1931)
Company(carrozzeriaColli) ∧ SpecializesIn(carrozzeriaColli, usingAluminum)
∀x (BuiltBy(x, carrozzeriaColli) ∧ FirstAutomobile(x) → RacingCar(x))
∃x (BuiltBy(x, carrozzeriaColli) ∧ RacingCar(x) ∧ Used(x, fiat1100mechanicals) ∧ Used(x, chassis))
∃x (Airforce(x) ∧ WorkedFor(carrozzeriaColli, x))
∃(CarBody(x) ∧ Made(x, carrozzeriaColli))",Carrozzeria Colli made car bodies in 1931.,"∃x (CarBody(x) ∧ Made(x, carrozzeriaColli) ∧ MadeIn(x, 1931))",Uncertain,640,"milanese(carrozzeriacolli) & coachbuilder(carrozzeriacolli) & company(carrozzeriacolli) & establishedby(carrozzeriacolli, giuseppecolli) & establishedin(carrozzeriacolli, 1931)
company(carrozzeriacolli) & specializesin(carrozzeriacolli, usingaluminum)
all:x (builtby(x, carrozzeriacolli) & firstautomobile(x) :- racingcar(x))
x (builtby(x, carrozzeriacolli) & racingcar(x) & used(x, fiat1100mechanicals) & used(x, chassis))
x (airforce(x) & workedfor(carrozzeriacolli, x))
(carbody(x) & made(x, carrozzeriacolli))","x (carbody(x) & made(x, carrozzeriacolli) & madein(x, 1931))"
132,129,"The Turing Award has been awarded to Donald Knuth, Marvin Minsky, Richard Hamming, and John McCarthy. 
Donald Knuth made contributions to the analysis of algorithms.
Marvin Minsky is recognized for his contributions to the field of artificial intelligence.
Richard Hamming researched numerical methods.
John McCarthy made contributions to the field of artificial intelligence. ","AwardedTo(turingAward, donaldKnuth) ∧ AwardedTo(turingAward, marvinMinsky) ∧ AwardedTo(turingAward, richardHamming) ∧ AwardedTo(turingAward, johnMccarthy)
ContributedTo(donaldKnuth, analysisOfAlgorithms)
ContributedTo(marvinMinsky, artificialIntelligence)
ContributedTo(richardHamming, numericalMethods)
ContributedTo(johnMccarthy, artificialIntelligence)",Only one person who won the Turing Award made significant contributions to the analysis of algorithms.,"∃x ∀y ((AwardedTo(turingAward, x) ∧ AwardedTo(turingAward, y) ∧ ContributedTo(y, algorithms) ∧ ¬(x=y)) → ¬ContributedTo(y, algorithms))",Uncertain,384,"awardedto(turingaward, donaldknuth) & awardedto(turingaward, marvinminsky) & awardedto(turingaward, richardhamming) & awardedto(turingaward, johnmccarthy)
contributedto(donaldknuth, analysisofalgorithms)
contributedto(marvinminsky, artificialintelligence)
contributedto(richardhamming, numericalmethods)
contributedto(johnmccarthy, artificialintelligence)","x all:y ((awardedto(turingaward, x) & awardedto(turingaward, y) & contributedto(y, algorithms) & ~(x=y)) :- ~contributedto(y, algorithms))"
133,431,"No Boeing-737 plane has more than 300 seats. 
All of the planes acquired by Delta in this batch are Boeing-737. 
Planes either have more than 300 seats or have a capacity of 100 passengers. 
All planes with a capacity of 100 passengers are scheduled for a short-distance flight. 
All planes with a capacity of 100 passengers are produced before 2010. 
Jake32 is either a Boeing-737 plane or a plane acquired by Delta in this batch.
T10 is either both a Boeing-737 plane and acquired by Delta in this batch, or it is neither.","∀x (Plane(x) ∧ Boeing737(x) → (¬∃y(GreaterThan(y, num300) ∧ EquippedWithSeats(x,y)))
∀x (Plane(x) ∧ AcquiredBy(x, delta) → Boeing737(x))
∀x (Plane(x) → ((∃y(GreaterThan(y, num300) ∧ EquippedWithSeats(x,y))) ⊕ (∃y(Equals(y, num100) ∧ EquippedWithSeats(x,y))))
∀x (Plane(x) ∧ ∃y(Equals(y, num100) ∧ EquippedWithSeats(x,y)) → ScheduledFor(x, shortdistanceflight))
∀x (Plane(x) ∧ ∃y(Equals(y, num100) ∧ EquippedWithSeats(x,y)) → ∃z(Before(z, yr2010) ∧ Produced(x, z))
(Boeing737(jake32) ∧ Plane(jake32)) ⊕ (AcquiredByDeltaInThisBatch(jake32) ∧ Plane(jake32))
¬((Boeing737(t10) ∧ Plane(t10)) ⊕ (AcquiredByDeltaInThisBatch(t10) ∧ Plane(t10)))",Jake32 is not produced before 2010 and is not scheduled for a short-distance flight.,"¬(∃z(Before(z, year2010) ∧ Produced(jake32, z)) ∧ ScheduledFor(jake32, shortdistanceflight)))",False,1228,"all:x (plane(x) & boeing737(x) :- (~y(greaterthan(y, num300) & equippedwithseats(x,y)))
all:x (plane(x) & acquiredby(x, delta) :- boeing737(x))
all:x (plane(x) :- ((y(greaterthan(y, num300) & equippedwithseats(x,y))) ^ (y(equals(y, num100) & equippedwithseats(x,y))))
all:x (plane(x) & y(equals(y, num100) & equippedwithseats(x,y)) :- scheduledfor(x, shortdistanceflight))
all:x (plane(x) & y(equals(y, num100) & equippedwithseats(x,y)) :- z(before(z, yr2010) & produced(x, z))
(boeing737(jake32) & plane(jake32)) ^ (acquiredbydeltainthisbatch(jake32) & plane(jake32))
~((boeing737(t10) & plane(t10)) ^ (acquiredbydeltainthisbatch(t10) & plane(t10)))","~(z(before(z, year2010) & produced(jake32, z)) & scheduledfor(jake32, shortdistanceflight)))"
134,312,"To have the authorization to study in the United States as a foreigner, you must be enrolled in an academic program.
Those who are enrolled in an academic program can not work full-time.
Every who studies in the United States as a foreigner has the authorization to study in the U.S.
All PhD graduate can work full-time. 
If Tom does not study in the United States as a foreigner, he is enrolled in an academic program.","∀x (Have(x, authorization, studyIn, unitedStates) → EnrolledIn(x, academicProgram))
∀x (EnrolledIn(x, academicProgram) → ¬Work(x, fullTime))
∀x (StudyIn(x, unitedStates) → Have(x, authorization, studyIn, unitedStates))
∀x (PhDGraduate(x) → Work(x, fullTime))
¬StudyIn(x, unitedStates) → EnrolledIn(x, academicProgram)",Tom is not a PhD graduate.,¬PhdGraduate(tom),True,777,"all:x (have(x, authorization, studyin, unitedstates) :- enrolledin(x, academicprogram))
all:x (enrolledin(x, academicprogram) :- ~work(x, fulltime))
all:x (studyin(x, unitedstates) :- have(x, authorization, studyin, unitedstates))
all:x (phdgraduate(x) :- work(x, fulltime))
~studyin(x, unitedstates) :- enrolledin(x, academicprogram)",~phdgraduate(tom)
135,473,"All pets in my house are either cats or dogs.
All the dogs in my house bark.
Ghosts do not exist.
If some pet in my house barks, then it is not dead.
All of the pets in my house are either dead or alive.
Jojo is a pet in my house, and it is not alive.","∀x (Pet(x) ∧ In(x, myHouse) → Cat(x) ⊕ Dog(x))
∀x (Dog(x) ∧ In(x, myHouse) → Bark(x))
∀x (¬Ghost(x))
∀x (Bark(x) ∧ Pet(x) ∧ In(x, myHouse) → ¬Dead(x))
∀x (Pet(x) ∧ In(x, myHouse) → Dead(x) ⊕ Alive(x))
Pet(jojo) ∧ InMyHouse(jojo)∧ ¬Alive(jojo)",Jojo is a cat or a ghost.,Cat(jojo) ∨ Ghost(jojo),True,1370,"all:x (pet(x) & in(x, myhouse) :- cat(x) ^ dog(x))
all:x (dog(x) & in(x, myhouse) :- bark(x))
all:x (~ghost(x))
all:x (bark(x) & pet(x) & in(x, myhouse) :- ~dead(x))
all:x (pet(x) & in(x, myhouse) :- dead(x) ^ alive(x))
pet(jojo) & inmyhouse(jojo)& ~alive(jojo)",cat(jojo) | ghost(jojo)
136,181,"American superheroes come from either the DC Universe or Marvel Universe.
Captain America is one of America's top-ten favorite superheroes
Captain America does not come from the DC Universe.
America's top-ten favorite superheroes speak English.
Some superheroes speak both English and Spanish. ","∀x (Superhero(x) ∧ American(x) → ComeFrom(x, dCUniverse) ⊕ ComeFrom(x, marvelUniverse)) 
American(captainAmerica) ∧ TopTenFavorite(captainAmerica) ∧ Superhero(captainAmerica) 
¬ComeFrom(captainAmerica, dCUniverse)
∀x (American(x) ∧ TopTenFavorite(x) ∧ Superhero(x)  → Speak(x, english)) 
∃x (Superhero(x) → (Speak(x, english) ∧ Speak(x, spanish)))",Captain America speaks Spanish.,"Speak(captainAmerica, spanish)",Uncertain,523,"all:x (superhero(x) & american(x) :- comefrom(x, dcuniverse) ^ comefrom(x, marveluniverse)) 
american(captainamerica) & toptenfavorite(captainamerica) & superhero(captainamerica) 
~comefrom(captainamerica, dcuniverse)
all:x (american(x) & toptenfavorite(x) & superhero(x)  :- speak(x, english)) 
x (superhero(x) :- (speak(x, english) & speak(x, spanish)))","speak(captainamerica, spanish)"
137,458,"Shoes are not food.
All slippers are shoes.
Any object donated to the homeless charity is either clothes or food.
Wearable things are not edible.
All clothes are wearable. 
The watch is donated to the homeless charify.
If the watch is not both edible and a piece of clothing, then the watch is either both edible and a piece of clothing or the watch is neither of them.","∀x (Shoe(x) → ¬Food(x))
∀x (Slipper(x) → Shoe(x))
∀x (DonatedTo(x, homelessCharity) → Food(x) ⊕ Clothes(x))
∀x (Wearable(x) → ¬Edible(x))
∀x (Clothes(x) → Wearable(x))
DonatedTo(watch, homelessCharify)
¬(Edible(watch) ∧ Clothes(watch)) → ¬(Edible(watch) ⊕ Clothes(watch))",A watch is wearable.,Wearable(watch),Uncertain,1321,"all:x (shoe(x) :- ~food(x))
all:x (slipper(x) :- shoe(x))
all:x (donatedto(x, homelesscharity) :- food(x) ^ clothes(x))
all:x (wearable(x) :- ~edible(x))
all:x (clothes(x) :- wearable(x))
donatedto(watch, homelesscharify)
~(edible(watch) & clothes(watch)) :- ~(edible(watch) ^ clothes(watch))",wearable(watch)
138,139,"UFC Fight Night was a mixed martial arts event held in Sweden.
At UFC Fight Night, Sadollah was scheduled to fight Musoke.
Sadollah fought Akiyama at UFC Fight Night.
Musoke fought Yakovlev at UFC Fight Night.
Jung was injured at UFC Fight Night.
People injured at UFC Fight Night did not fight.","Event(uFCFightNight) ∧ MixedMartial(uFCFightNight) ∧ HeldIn(uFCFightNight, sweden)
ScheduledToFight(sadollah, musoke,uFCFightNight)
Fight(sadollah, akiyama, uFCFightNight)
Fight(musoke, yakovlev, uFCFightNight)
InjuredAt(jung, uFCFightNight)
∀x (InjuredAt(x, uFCFightNight) → ¬FightIn(x, uFCFightNight))",Jung did not fight at UFC Fight Night.,"Event(uFCFightNight) ∧ ¬FightIn(jung, uFCFightNight)",True,408,"event(ufcfightnight) & mixedmartial(ufcfightnight) & heldin(ufcfightnight, sweden)
scheduledtofight(sadollah, musoke,ufcfightnight)
fight(sadollah, akiyama, ufcfightnight)
fight(musoke, yakovlev, ufcfightnight)
injuredat(jung, ufcfightnight)
all:x (injuredat(x, ufcfightnight) :- ~fightin(x, ufcfightnight))","event(ufcfightnight) & ~fightin(jung, ufcfightnight)"
139,436,"All of this brand's products are either produced in China or in the US. 
All of this brand's products produced in China are labeled. 
All of this brand's products produced in the US are sold in the US. 
The products of this brand that are labeled are cheaper.
All of this brand's products sold in the US are sold at Walmart. 
All products of this brand displayed on the homepage are sold at Walmart. 
None of this brand's products that are returned by customers are sold at Walmart. 
G-910 is a product of this brand, and it is either displayed on the homepage and is cheaper, or it is neither displayed on the homepage nor is it cheaper.","∀x (ThisBrand(x) ∧ Product(x) → (ProducedIn(x, china) ⊕ ProducedIn(x, uS)))
∀x ((ThisBrand(x) ∧ Product(x) ∧ ProducedIn(x, china)) → Labeled(x))
∀x ((ThisBrand(x) ∧ Product(x) ∧ ProducedIn(x, us)) → SoldIn(x, us))
∀x ((ThisBrand(x) ∧ Product(x) ∧ Labeled(x)) → Cheaper(x))
∀x ((ThisBrand(x) ∧ Product(x) ∧ SoldIn(x, us)) → SoldIn(x, walmart))
∀x (ThisBrand(x) ∧ Product(x) ∧ DisplayedIn(x, homepage) → SoldIn(x, walmart))
∀x (ThisBrand(x) ∧ Product(x) ∧ ReturnedBy(x, customer) → ¬SoldIn(x, walmart))
Product(g910) ∧ ThisBrand(g910) ∧ (¬(DisplayedIn(g910, homepage) ⊕ Cheaper(g910)))",G-910 is a product returned by customers.,"ThisBrand(g910) ∧ ReturnedBy(g910, customer)",False,1250,"all:x (thisbrand(x) & product(x) :- (producedin(x, china) ^ producedin(x, us)))
all:x ((thisbrand(x) & product(x) & producedin(x, china)) :- labeled(x))
all:x ((thisbrand(x) & product(x) & producedin(x, us)) :- soldin(x, us))
all:x ((thisbrand(x) & product(x) & labeled(x)) :- cheaper(x))
all:x ((thisbrand(x) & product(x) & soldin(x, us)) :- soldin(x, walmart))
all:x (thisbrand(x) & product(x) & displayedin(x, homepage) :- soldin(x, walmart))
all:x (thisbrand(x) & product(x) & returnedby(x, customer) :- ~soldin(x, walmart))
product(g910) & thisbrand(g910) & (~(displayedin(g910, homepage) ^ cheaper(g910)))","thisbrand(g910) & returnedby(g910, customer)"
140,7,"Six, seven and eight are real numbers.
If a real number equals another real number added by one, the first number is larger.
If the number x is larger than the number y, then y is not larger than x.
Seven equals six plus one.
Eight equals seven plus one.
Two is positive.
If a number is positive, then the double of it is also positive.
Eight is the double of four.
Four is the double of two.","RealNum(num6) ∧ RealNum(num7) ∧ RealNum(num8)
∀x ∀y ((RealNum(x) ∧ RealNum(y) ∧ IsSuccessorOf(x, y)) → Larger(x, y))
∀x ∀y (Larger(x, y) → ¬Larger(y, x))
∃y(IsSuccessorOf(y, num6) ∧ Equals(num7, y))
∃y(IsSuccessorOf(y, num7) ∧ Equals(num8, y))
Positive(num2)
∀x ∀y ((Positive(x) ∧ IsDouble(y, x)) → Positive(y))
IsDouble(num8, num4)
IsDouble(num4, num2)",Six is larger than seven.,"Larger(six, seven)",False,19,"realnum(num6) & realnum(num7) & realnum(num8)
all:x all:y ((realnum(x) & realnum(y) & issuccessorof(x, y)) :- larger(x, y))
all:x all:y (larger(x, y) :- ~larger(y, x))
y(issuccessorof(y, num6) & equals(num7, y))
y(issuccessorof(y, num7) & equals(num8, y))
positive(num2)
all:x all:y ((positive(x) & isdouble(y, x)) :- positive(y))
isdouble(num8, num4)
isdouble(num4, num2)","larger(six, seven)"
141,461,"Any convicted criminal that is innocent is not truly guilty.
All convicted criminals who did not commit a crime are truly innocent.
All convicted criminals are truly guilty or found guilty.
If a convicted criminal is found guilty, then they are sentenced to a punishment.
If a convicted criminal is found guilty, then they can argue against their punishment.
Garry is a convicted criminal who not found guilty or is sentenced to punishment.","∀x (ConvictedCriminal(x) ∧ Innocent(x) → ¬TrulyGuilty(x))
∀x (ConvictedCriminal(x) ∧ ¬CommitCrime(x) → Innocent(x))
∀x (ConvictedCriminal(x) ∧ (TrulyGuilty(x) ∨ FoundGuilty(x)))
∀x (ConvictedCriminal(x) ∧ FoundGuilty(x) → SentencedToPunishment(x))
∀x (ConvictedCriminal(x) ∧ FoundGuilty(x) → CanArgueAgainst(x, punishment))
ConvictedCriminal(garry) ∧ (¬(FoundGuilty(garry) ∨ SentencedToPunishment(garry)))",Garry is not both innocent and someone who did not commit a crime.,¬(Innocent(garry) ∧ ¬CommitCrime(garry)),True,1332,"all:x (convictedcriminal(x) & innocent(x) :- ~trulyguilty(x))
all:x (convictedcriminal(x) & ~commitcrime(x) :- innocent(x))
all:x (convictedcriminal(x) & (trulyguilty(x) | foundguilty(x)))
all:x (convictedcriminal(x) & foundguilty(x) :- sentencedtopunishment(x))
all:x (convictedcriminal(x) & foundguilty(x) :- canargueagainst(x, punishment))
convictedcriminal(garry) & (~(foundguilty(garry) | sentencedtopunishment(garry)))",~(innocent(garry) & ~commitcrime(garry))
142,401,"Everyone at 'Board Game night' is interested in puzzles, or they are bad at chess, or both.
If a person at 'Board Game night' is bad at chess, then they don't play a lot of chess.
There is a person at 'Board Game night' who is either a planner or a creative person.
Erica is at 'Board Game night,' and she is someone who plays a lot of chess.
If Erica is neither bad at chess nor creative, then Erica is either someone who plans and is creative, or she is neither of these things.","∀x (At(x, boardGameNight) → (InterestedIn(x, puzzle) ∨ BadAt(x, chess)))
∀x ((At(x, boardGameNight) ∧ BadAt(x, chess)) → ¬PlaysOften(x, chess))
∃x (At(x, boardGameNight) ∧ (Planner(x) ∨ Creative(x)))
At(erica, boardGameNight) ∧ PlaysOften(erica, chess)
(At(erica, boardGameNight) ∧ (¬(BadAt(erica, chess) ∨ Creative(erica)))) → ¬(Planner(erica) ⊕  Creative(erica))","If Erica is interested in puzzles and plays a lot of chess matches, then Erica is either a person who plays a lot of chess matches or a person that is creative.","PlaysOften(erica, chess) ⊕ InterestedIn(erica, puzzle)) → ¬(InterestedIn(erica, puzzle) ∨ PlaysOften(erica, chess)",False,1107,"all:x (at(x, boardgamenight) :- (interestedin(x, puzzle) | badat(x, chess)))
all:x ((at(x, boardgamenight) & badat(x, chess)) :- ~playsoften(x, chess))
x (at(x, boardgamenight) & (planner(x) | creative(x)))
at(erica, boardgamenight) & playsoften(erica, chess)
(at(erica, boardgamenight) & (~(badat(erica, chess) | creative(erica)))) :- ~(planner(erica) ^  creative(erica))","playsoften(erica, chess) ^ interestedin(erica, puzzle)) :- ~(interestedin(erica, puzzle) | playsoften(erica, chess)"
143,447,"No planet in the solar system relies on nuclear fusion to generate light.
All stars in the solar system rely on nuclear fusion to generate light. 
All celestial bodies in the solar systems that have greater than 0.08 solar masses are stars. 
If a celestial body in the solar system has cleared its orbit of other debris and has a nearly spherical shape due to its own gravity, then it is a planet.
If Europa is a celestial body in the solar system that has cleared its orbit of other debris and has a nearly spherical shape due to its own gravity or relies on nuclear fusion to generate light, then Europa is a celestial body in the solar system. ","∀x (Planet(x) ∧ In(x, solarSystem) → ¬RelyOnToGenerate(x, nuclearFusion, light))
∀x (Star(x) ∧ In(x, solarSystem) → RelyOnToGenerate(x, nuclearFusion, light))
∀x (CelestialBody(x) ∧ In(x, solarSystem) ∧ GreaterThan(x, solarMass, 0point08) → Star(x))
∀x (CelestialBody(x) ∧ In(x, solarSystem) ∧ (∃y (OrbitOf(y, x) ∧ Clear(x, y) ∧ DebrisFree(y))) ∧ NearlySphericalShape(x, gravity) → Planet(x))
(CelestialBody(europa) ∧ In(europa, solarSystem) ∧ (∃y (OrbitOf(y, x) ∧ Clear(x, y) ∧ DebrisFree(y))) ∧ NearlySphericalShape(europa, gravity)) ∨ RelyOnToGenerate(europa, nuclearFusion, light) → CelestialBody(europa) ∧ In(europa, solarSystem)",Europa is a celestial body in one of the solar systems that have greater than 0.08 solar masses.,"CelestialBody(europa) ∧ In(europa, solarSystem) ∧ GreaterThan(europa, solarMass, 0.08)",False,1287,"all:x (planet(x) & in(x, solarsystem) :- ~relyontogenerate(x, nuclearfusion, light))
all:x (star(x) & in(x, solarsystem) :- relyontogenerate(x, nuclearfusion, light))
all:x (celestialbody(x) & in(x, solarsystem) & greaterthan(x, solarmass, 0point08) :- star(x))
all:x (celestialbody(x) & in(x, solarsystem) & (y (orbitof(y, x) & clear(x, y) & debrisfree(y))) & nearlysphericalshape(x, gravity) :- planet(x))
(celestialbody(europa) & in(europa, solarsystem) & (y (orbitof(y, x) & clear(x, y) & debrisfree(y))) & nearlysphericalshape(europa, gravity)) | relyontogenerate(europa, nuclearfusion, light) :- celestialbody(europa) & in(europa, solarsystem)","celestialbody(europa) & in(europa, solarsystem) & greaterthan(europa, solarmass, 0.08)"
144,167,"If you go somewhere by train, you will not lose time.
If you go somewhere by car and meet a traffic jam, you will lose time.
If you lose time, you will be late for work.
Mary can get from New Haven to New York City either by train or car.
Mary is late for work.","∀x (GoByTrain(x) → ¬LoseTime(x))
∀x((GoByCar(x) ∧ Meet(x, trafficJam)) → LoseTime(x))
∀x (LoseTime(x) → LateForWork(x))
FromAndTo(newHaven, newYork) ∧ (GoByTrain(mary) ⊕ GoByCar(mary))
LateForWork(mary)",Mary gets from New Haven to New York City by train.,"FromAndTo(newHaven, newYork) ∧ GoByTrain(mary)",False,479,"all:x (gobytrain(x) :- ~losetime(x))
all:x((gobycar(x) & meet(x, trafficjam)) :- losetime(x))
all:x (losetime(x) :- lateforwork(x))
fromandto(newhaven, newyork) & (gobytrain(mary) ^ gobycar(mary))
lateforwork(mary)","fromandto(newhaven, newyork) & gobytrain(mary)"
145,348,"All young adults at the event like independence.
All college students at the event are young adults.
All Yale students at the event are college students.
Everyone at the event is a Yale student or a Harvard student.
All Harvard students at the event are diligent.
Susan is at the event, and if Susan is a Harvard student, then she is a young adult.
If Susan is a Yale student, then she does not like independence.","∀x (At(x, event) ∧ YoungAdult(x) → Like(x, independence))
∀x (At(x, event) ∧ CollegeStudent(x) → YoungAdult(x))
∀x (At(x, event) ∧ YaleStudent(x) → CollegeStudent(x))
∀x (At(x, event) → (YaleStudent(x) ⊕ HarvardStudent(x)))
∀x (At(x, event) ∧ HarvardStudent(x) → Diligent(x))
At(susan, event) ∧ (HarvardStudent(susan) → YoungAdult(susan))
YaleStudent(susan) → ¬Like(susan, independence)",Susan is a college student.,CollegeStudent(susan),Uncertain,921,"all:x (at(x, event) & youngadult(x) :- like(x, independence))
all:x (at(x, event) & collegestudent(x) :- youngadult(x))
all:x (at(x, event) & yalestudent(x) :- collegestudent(x))
all:x (at(x, event) :- (yalestudent(x) ^ harvardstudent(x)))
all:x (at(x, event) & harvardstudent(x) :- diligent(x))
at(susan, event) & (harvardstudent(susan) :- youngadult(susan))
yalestudent(susan) :- ~like(susan, independence)",collegestudent(susan)
146,418,"Some monitors equipped in the library are produced by AOC. 
All monitors equipped in the library are cheaper than 800 dollars. 
All monitors cheaper than 800 dollars are with a resolution lower than 1080p. 
If a monitor has a resolution lower than 1080p, then it does not support the type-c port. 
A-2017 supports the type-c port. ","∃x ∃y(Monitor(x) ∧ ProducedBy(x, aOC) ∧ In(x, library) ∧ (¬(x=y)) ∧ Monitor(y) ∧ ProducedBy(y, aOC) ∧ In(y, library))
∀x ((Monitor(x) ∧ In(x, library)) → CheaperThan(x, dollars800))
∀x ((Monitor(x) ∧ CheaperThan(x, dollars800)) → ResolutionLessThan(x, p1080))
∀x ((Monitor(x) ∧ ResolutionLessThan(x, p1080)) → ¬Supports(x, type-CPort))
Supports(a-2017, type-CPort)",A-2017 is produced by AOC and equipped in the library.,"ProducedBy(a-2017, aOC) ∧ In(a-2017, library)",False,1179,"x y(monitor(x) & producedby(x, aoc) & in(x, library) & (~(x=y)) & monitor(y) & producedby(y, aoc) & in(y, library))
all:x ((monitor(x) & in(x, library)) :- cheaperthan(x, dollars800))
all:x ((monitor(x) & cheaperthan(x, dollars800)) :- resolutionlessthan(x, p1080))
all:x ((monitor(x) & resolutionlessthan(x, p1080)) :- ~supports(x, type-cport))
supports(a-2017, type-cport)","producedby(a-2017, aoc) & in(a-2017, library)"
147,333,"If people have a lot of music decorations in their rooms, they cannot pack and move out of their rooms very easily.
If people have high ambitions and future career goals, then they can pack and move out of their rooms very easily.
If people are big fans of pop bands and singers, then they have a lot of music decorations in their room.
All young teenage girls who attend music festival frequently are big fans of pop bands and singers.
If Sam has high ambitions and future career goals, then Sam is a big fan of pop bands and singers.","∀x (HaveIn(x, aLotOfMusicDecoration, room) → ¬MoveOutEasily(x))
∀x (Ambitious(x) → MoveOutEasily(x))
∀x (BigFanOfMusic(x) → MusicDecorations(x, room))
∀x (AttendFrequently(x, musicFestival) ∧ YoungTeenageGirl(x) → BigFanOfPopBand(x) ∧ BigFanOfPopSinger(x))
Ambitious(sam) → BBigFanOfPopBand(sam) ∧ BigFanOfPopSinger(sam)",Sam has high ambitions and future career goals and is a young teenage girl attending college.,"Ambitious(sam) ∧ Attend(sam, festival) ∧ YoungTeenageGirl(sam)",False,868,"all:x (havein(x, alotofmusicdecoration, room) :- ~moveouteasily(x))
all:x (ambitious(x) :- moveouteasily(x))
all:x (bigfanofmusic(x) :- musicdecorations(x, room))
all:x (attendfrequently(x, musicfestival) & youngteenagegirl(x) :- bigfanofpopband(x) & bigfanofpopsinger(x))
ambitious(sam) :- bbigfanofpopband(sam) & bigfanofpopsinger(sam)","ambitious(sam) & attend(sam, festival) & youngteenagegirl(sam)"
148,454,"Functional brainstems are necessary for breath control.
All humans that can swim can control their breath. 
Humans can swim or walk. 
Humans who can walk can stand on the ground by themselves. 
Humans whose brainstems are functional can control their balance.
Every human who can stand on the ground by themselves has functional leg muscles. 
George and Archie are humans.
George can control his balance and can swim.
Archie can walk if and only if he has functional brainstems.","∀x (CanControl(x, breath) → FunctionalBrainStem(x))
∀x (Human(x) ∧ CanSwim(x) → CanControl(x, breath))
∀x (Human(x) → (CanSwim(x) ∨ CanWalk(x)))
∀x (Human(x) ∧ CanWalk(x) → CanStandOnTheGround(x, themselves))
∀x (Human(x) ∧ FunctionalBrainStem(x) → CanControl(x, balance))
∀x (Human(x) ∧ CanStandOnTheGround(x, themselves) → FunctionalLegMuscle(x)))
Human(george) ∧ Human(archie)
CanControl(george, balance) ∧ CanSwim(george)
¬(CanWalk(archie) ⊕ FunctionalBrainStem(x))
",George has functional leg muscles.,FunctionalLegMuscle(archie),Uncertain,1307,"all:x (cancontrol(x, breath) :- functionalbrainstem(x))
all:x (human(x) & canswim(x) :- cancontrol(x, breath))
all:x (human(x) :- (canswim(x) | canwalk(x)))
all:x (human(x) & canwalk(x) :- canstandontheground(x, themselves))
all:x (human(x) & functionalbrainstem(x) :- cancontrol(x, balance))
all:x (human(x) & canstandontheground(x, themselves) :- functionallegmuscle(x)))
human(george) & human(archie)
cancontrol(george, balance) & canswim(george)
~(canwalk(archie) ^ functionalbrainstem(x))
",functionallegmuscle(archie)
149,102,"Edwin Smith was a New Zealand rower from Auckland.
Edwin Smith was also known as Ted Smith.
Edwin Smith went to Rose Road Primary School, located in Grey Lynn.
Edwin Smith was a sergeant who served with the New Zealand 24th battalion in Italy and Egypt.
Broadway Sheetmetals was a business run and owned by Edwin Smith, a sheet metal worker.","From(edwinSmith, newZealand) ∧ Rower(edwinSmith) ∧ From(edwinSmith, auckland)
edwinSmith=tedSmith
GoTo(edwinSmith, roseRoadPrimarySchool) ∧ LocatedIn(roseRoadPrimarySchool, greyLynn)
Sergeant(edwinSmith) ∧ ServeWith(edwinSmith, newZealand24thBattalion) ∧ ServeIn(edwinSmith, italy) ∧ ServeIn(edwinSmith, egypt)
Buisness(broadwaySheetmetals) ∧ Run(edwinSmith, broadwaySheetmetals) ∧ Own(edwinSmith, broadwaySheetmetals) ∧ SheetmetalWorker(edwinsmith)",Ted Smith was a sergeant.,Sergeant(tedSmith),True,309,"from(edwinsmith, newzealand) & rower(edwinsmith) & from(edwinsmith, auckland)
edwinsmith=tedsmith
goto(edwinsmith, roseroadprimaryschool) & locatedin(roseroadprimaryschool, greylynn)
sergeant(edwinsmith) & servewith(edwinsmith, newzealand24thbattalion) & servein(edwinsmith, italy) & servein(edwinsmith, egypt)
buisness(broadwaysheetmetals) & run(edwinsmith, broadwaysheetmetals) & own(edwinsmith, broadwaysheetmetals) & sheetmetalworker(edwinsmith)",sergeant(tedsmith)
150,37,"Heptalogyy is a compound literary or narrative work that is made up of seven distinct works.
The Harry Potter series consists of 7 distinct works.
The Chronicles of Narnia consists of 7 distinct works.","∀x (SevenDistinctWorks(x) → Heptalogy(x))
SevenDistinctWorks(harryPotter)
SevenDistinctWorks(chroniclesOfNarnia)",The Chronicles of Narnia series of books is not Heptalogy.,¬Heptalogy(chroniclesOfNarnia),False,108,"all:x (sevendistinctworks(x) :- heptalogy(x))
sevendistinctworks(harrypotter)
sevendistinctworks(chroniclesofnarnia)",~heptalogy(chroniclesofnarnia)
151,108,"The world's only major large passenger aircraft manufacturers are Boeing and Airbus.
All American Airlines planes are from the world's major large passenger aircraft manufacturers. 
Airbus made more revenue than Boeing last year.","∀x (WorldMajorLargePassengerAircraftManufacturer(x) → x=boeing ⊕ x=airbus)
∀x (AmericanAirlinesAircraft(x) → WorldMajorLargePassengerAircraftManufacturer(x))
MoreInRevenue(airbus, boeing)",There exists a SpaceX commercial aircraft.,∃x (CommercialAircraft(x) ∧ x=spaceX),Uncertain,327,"all:x (worldmajorlargepassengeraircraftmanufacturer(x) :- x=boeing ^ x=airbus)
all:x (americanairlinesaircraft(x) :- worldmajorlargepassengeraircraftmanufacturer(x))
moreinrevenue(airbus, boeing)",x (commercialaircraft(x) & x=spacex)
152,382,"All people in this midwest town who own horse ranches regularly ride horses for pleasure and sport.
All people in this midwest town with a lot of disposable income have a horse ranch.
If people in this midwest town compete in horse dressage shows, then they have a lot of disposable income.
If people in this midwest town compete in horse dressage shows, then they have invested in high-quality equestrian gear and equipment.
If people in this midwest town regularly ride horses for pleasure and sport, then they do not live in cramped residential buildings.
Manny is in this midwest town, and she either has a horse ranch and lives in a cramped residential building, or she does neither.","∀x (InThisMidwestTown(x) ∧ Have(x, horseRanch) → RegularlyRideHorseForPleasure(x))
∀x (InThisMidwestTown(x) ∧ Have(x, disposableIncome) → Have(x, horseRank))
∀x (InThisMidwestTown(x) ∧ CompeteIn(x, horseDressageShow) → Have(x, disposableIncome))
∀x (InThisMidwestTown(x) ∧ CompeteIn(x, horseDressageShow) → InvestedIn(x, equestrianGearAndEquipment))
∀x (InThisMidwestTown(x) ∧ RegularlyRideHorseForPleasure(x) → ¬LiveIn(x, crampedBuilding))
InThisMidwestTown(manny) ∧ ¬(Have(manny, horseRanch) ⊕ LiveIn(manny, crampedBuilding))",Manny regularly rides horses for pleasure and sport.,RegularlyRideHorsesForPleasure(manny),Uncertain,1020,"all:x (inthismidwesttown(x) & have(x, horseranch) :- regularlyridehorseforpleasure(x))
all:x (inthismidwesttown(x) & have(x, disposableincome) :- have(x, horserank))
all:x (inthismidwesttown(x) & competein(x, horsedressageshow) :- have(x, disposableincome))
all:x (inthismidwesttown(x) & competein(x, horsedressageshow) :- investedin(x, equestriangearandequipment))
all:x (inthismidwesttown(x) & regularlyridehorseforpleasure(x) :- ~livein(x, crampedbuilding))
inthismidwesttown(manny) & ~(have(manny, horseranch) ^ livein(manny, crampedbuilding))",regularlyridehorsesforpleasure(manny)
153,428,"All devices belonging to the company are connected to Google Home. 
All devices with the company logo belong to the company. 
Each device either has the company logo or belongs to employees. 
All of the devices belonging to employees can be connected to the company's wifi. 
All of the devices connected to Google Home are controlled by managers. 
All of the devices that connect to the company's wifi are easy to operate. 
All of the devices that are easy to operate were produced after a new CTO is appointed. 
ModelXX was not produced after a new CTO was appointed.","∀x ((Devices(x) ∧ BelongTo(x, company)) → ConnectTo(x, googleHome))
∀x ((Devices(x) ∧ With(x, companyLogo)) → BelongTo(x, company))
∀x ((Devices(x) → (With(x, companyLogo) ⊕ BelongTo(x, employee)))
∀x ((Devices(x) ∧ BelongTo(x, employee)) → CanBeConnectedTo(x, wifi))
∀x ((Devices(x) ∧ ConnectTo(x, googleHome)) → ControlledBy(x, manager))
∀x ((Devices(x) ∧ CanBeConnectedTo(x, wifi)) → EasyToOperate(x))
∀x ((Devices(x) ∧ EasyToOperate(x)) → ProducedAfterNewCTOAppointed(x, company))
Devices(modelXX) ∧ (¬ProducedAfterNewCTOAppointed(modelXX, company))","ModelXX is not with the company logo, and managers do not control it.","¬With(modelXX, companyLogo) ∧ (¬ControlledBy(x, manager))",False,1217,"all:x ((devices(x) & belongto(x, company)) :- connectto(x, googlehome))
all:x ((devices(x) & with(x, companylogo)) :- belongto(x, company))
all:x ((devices(x) :- (with(x, companylogo) ^ belongto(x, employee)))
all:x ((devices(x) & belongto(x, employee)) :- canbeconnectedto(x, wifi))
all:x ((devices(x) & connectto(x, googlehome)) :- controlledby(x, manager))
all:x ((devices(x) & canbeconnectedto(x, wifi)) :- easytooperate(x))
all:x ((devices(x) & easytooperate(x)) :- producedafternewctoappointed(x, company))
devices(modelxx) & (~producedafternewctoappointed(modelxx, company))","~with(modelxx, companylogo) & (~controlledby(x, manager))"
154,425,"Everyone working at Meta has a high income. 
A person with a high income will not take a bus to their destination.
People will either take a bus or drive to their destination. 
Everyone who has a car will choose to drive to their destination. 
No students drive to their destination. 
James has a car or works at Meta.","∀x (WorkAt(x, meta) → HighIncome(x))
∀x (HighIncome(x) → ¬MeansToDestination(x, bus))
∀x (MeansToDestination(x, bus) ⊕ MeansToDestination(x, drive))
∀x (HaveCar(x) → MeansToDestination(x, drive))
∀x (Student(x) → ¬ MeansToDestination(x, drive))
HaveCar(james) ∨ WorkAt(james, meta)",James does not have a high income.,¬HighIncome(james),Uncertain,1203,"all:x (workat(x, meta) :- highincome(x))
all:x (highincome(x) :- ~meanstodestination(x, bus))
all:x (meanstodestination(x, bus) ^ meanstodestination(x, drive))
all:x (havecar(x) :- meanstodestination(x, drive))
all:x (student(x) :- ~ meanstodestination(x, drive))
havecar(james) | workat(james, meta)",~highincome(james)
155,104,"Ordinary is an unincorporated community.
Located within Elliot County, Ordinary is on Kentucky Route 32.
Ordinary is located northwest of Sandy Hook.","UnincorporatedCommunity(ordinary)
LocatedIn(ordinary, elliotCounty) ∧ On(ordinary, kentuckyRoute32)
LocatedNorthwestOf(ordinary, sandyHook)",There is an unincorporated community located in Elliot County.,"∃x (UnincorporatedCommunity(x) ∧ LocatedIn(x, elliotCounty))",True,317,"unincorporatedcommunity(ordinary)
locatedin(ordinary, elliotcounty) & on(ordinary, kentuckyroute32)
locatednorthwestof(ordinary, sandyhook)","x (unincorporatedcommunity(x) & locatedin(x, elliotcounty))"
156,66,"If a city holds a Summer Olympics, and the city is a US city, then the Summer Olympics will be in the US.
If a city is in a state in the US, the city is a US city.
If a city is in a state, and a Summer Olympics is in this city, then the Summer Olympics is in this state.
The 2028 Summer Olympics is scheduled to take place in Los Angeles.
Los Angeles is a city in California.
Atlanta is a US city.
Atlanta is in Georgia.
California is a state in the United States.
Boxing, modern pentathlon, and weightlifting will be removed from The 2028 Summer Olympics.
Atlanta in the United States held the 1996 Summer Olympics.","∀x ∀y ((SummerOlympicsIn(x,y) ∧ In(x, unitedStates)) → SummerOlympicsIn(x, unitedStates))
∀x ∀y ((In(x, y) ∧ In(y, unitedStates)) → In(x, unitedStates))
∀x ∀y ∀z ((In(x, z) ∧ State(z) ∧ SummerOlympicsIn(x,y)) → SummerOlympicsIn(z, y))
SummerOlympicsIn(losAngeles, yr2028)
In(losAngeles, california)
In(atlanta, unitedStates)
In(california, unitedStates)
In(atlanta, georgia)
¬InSummerOlympicsIn(boxing, yr2028) ∧ (¬InSummerOlympicsIn(modern_pentathlon, yr2028)) ∧ (¬InSummerOlympicsIn(weightlifting, yr2028))
SummerOlympicsIn(atlanta, yr1996)",Skateboarding will appear at The 2028 Summer Olympics.,"InSummerOlympicsIn(skateboarding, yr2028)",Uncertain,197,"all:x all:y ((summerolympicsin(x,y) & in(x, unitedstates)) :- summerolympicsin(x, unitedstates))
all:x all:y ((in(x, y) & in(y, unitedstates)) :- in(x, unitedstates))
all:x all:y all:z ((in(x, z) & state(z) & summerolympicsin(x,y)) :- summerolympicsin(z, y))
summerolympicsin(losangeles, yr2028)
in(losangeles, california)
in(atlanta, unitedstates)
in(california, unitedstates)
in(atlanta, georgia)
~insummerolympicsin(boxing, yr2028) & (~insummerolympicsin(modern_pentathlon, yr2028)) & (~insummerolympicsin(weightlifting, yr2028))
summerolympicsin(atlanta, yr1996)","insummerolympicsin(skateboarding, yr2028)"
157,177,"The National Lobster Hatchery is a hatchery located in Padstow, England.
The National Lobster Hatchery is open to visitors.
A hatchery is either for profit or for conservation.
If a hatchery is for conservation, it might release animals into the wild.
The National Lobster Hatchery is not for profit.","Hatchery(nationalLobsterHatchery) ∧ LocatedIn(nationalLobsterHatchery, padstowEngland)
OpenToVisitor(nationalLobsterHatchery)
∀x (Hatchery(x) → ForConservation(x) ⊕ ForProfit(x))
∃x (Hatchery(x) ∧ ForConservation(x) ∧ ReleaseAnimalToWild(x))
¬ForProfit(nationalLobsterHatchery)",The National Lobster Hatchery releases animals into the wild.,ReleaseAnimalToWild(nationalLobsterhatchery),Uncertain,511,"hatchery(nationallobsterhatchery) & locatedin(nationallobsterhatchery, padstowengland)
opentovisitor(nationallobsterhatchery)
all:x (hatchery(x) :- forconservation(x) ^ forprofit(x))
x (hatchery(x) & forconservation(x) & releaseanimaltowild(x))
~forprofit(nationallobsterhatchery)",releaseanimaltowild(nationallobsterhatchery)
158,446,"If something is a plant, then it is not a cute animal. Simeng: All plants are not cute animals. 
All flowers are plants.
Every kitten is a cute animal.
If something is grown in a garden, then it is a flower.
Piper is a kitten or a cute animal.","∀x (Plant(x) → ¬CuteAnimal(x))
∀x (Flower(x) → Plant(x))
∀x (Kitten(x) → CuteAnimal(x))
∀x (GrownIn(x, garden) → Flower(x))
Kitten(piper) ∨ CuteAnimal(piper)",Piper is a kitten.,Kitten(piper),Uncertain,1285,"all:x (plant(x) :- ~cuteanimal(x))
all:x (flower(x) :- plant(x))
all:x (kitten(x) :- cuteanimal(x))
all:x (grownin(x, garden) :- flower(x))
kitten(piper) | cuteanimal(piper)",kitten(piper)
159,396,"A neuroimaging technique is either an invasive neuroimaging technique or a noninvasive neuroimaging technique. 
All noninvasive neuroimaging techniques provide a spatial resolution of brains.
If a technique provides a spatial resolution of brains, then it is a measurement of brain activity. 
All measurements of brain activity are used by neuroscience researchers.
FMRI is either a measurement of brain activity or a noninvasive neuroimaging technique.
FMRI is a neuroimaging technique.","∀x (NeuroimagingTechnique(x) → (Invasive(x) ⊕ Noninvasive(x))) 
∀x (Noninvasive(x) → Provides(x, spatialResolutionOfBrains))
∀x (Provides(x, spatialResolutionOfBrains) → Measure(x, brainActivity))
∀x (Measure(x, brainActivity) → UsedBy(x, neuroscienceResearchers))
Measure(fMRI, brainActivity) ⊕ Noninvasive(fMRI)
NeuroimagingTechnique(fMRI)","If fMRI is not an invasive neuroimaging technique used by neuroscience researchers, then fMRI is neither a noninvasive neuroimaging technique nor provides a spatial resolution of brains.","¬(Invasive(fMRI) ∧ UsedBy(fMRI, neuroscienceResearchers)) → ¬(Noninvasive(fMRI) ∨ Provides(fMRI, spatialResolutionOfBrains))",True,1079,"all:x (neuroimagingtechnique(x) :- (invasive(x) ^ noninvasive(x))) 
all:x (noninvasive(x) :- provides(x, spatialresolutionofbrains))
all:x (provides(x, spatialresolutionofbrains) :- measure(x, brainactivity))
all:x (measure(x, brainactivity) :- usedby(x, neuroscienceresearchers))
measure(fmri, brainactivity) ^ noninvasive(fmri)
neuroimagingtechnique(fmri)","~(invasive(fmri) & usedby(fmri, neuroscienceresearchers)) :- ~(noninvasive(fmri) | provides(fmri, spatialresolutionofbrains))"
160,389,"A diseases affect females or males.
No women have prostate cancer.
A cancer is either prostate cancer or non-prostate cancer. 
No type of cancer is without mutations.
All non-prostate cancers are a type of cancer.
If adenocarcinoma is a type of cancer or without mutations or both, then adenocarcinoma is in women or without mutations or both.","∀x (Disease(x) → (Affects(x, female) ∨ Affects(x, male)) )
∀x (Affect(x, female) → ¬ProstateCancer(x))
∀x (ProstateCancer(x) ∨ NonProstateCancer(x)) 
∀x (Cancer(x) → ¬Without(x, mutation)) 
∀x (NonProstateCancer(x) → Cancer(x)) 
(Cancer(adenocarcinoma) ∨ Without(adenocarcinoma, mutation)) → (Affect(adenocarcinoma, female) ∨ Without(adenocarcinoma, mutation))",Adenocarcinoma is a disease in women.,"Affect(adenocarcinoma, men)",True,1042,"all:x (disease(x) :- (affects(x, female) | affects(x, male)) )
all:x (affect(x, female) :- ~prostatecancer(x))
all:x (prostatecancer(x) | nonprostatecancer(x)) 
all:x (cancer(x) :- ~without(x, mutation)) 
all:x (nonprostatecancer(x) :- cancer(x)) 
(cancer(adenocarcinoma) | without(adenocarcinoma, mutation)) :- (affect(adenocarcinoma, female) | without(adenocarcinoma, mutation))","affect(adenocarcinoma, men)"
161,255,"No homework is fun.
Some reading is homework.","∀x (Homework(x) → ¬Fun(x))
∃x (Reading(x) ∧ Homework(x))",Some reading is fun.,∃x (Reading(x) ∧ Fun(x)),Uncertain,699,"all:x (homework(x) :- ~fun(x))
x (reading(x) & homework(x))",x (reading(x) & fun(x))
162,326,"Some soccer defenders are center-backs.
All soccer defenders are soccer players.
No soccer players are professional basketball players.
All NBA players are professional basketball players.
Stephen Curry is an NBA player.","∃x (ProfessionalSoccerDefender(x) ∧ ProfessionalCenterback(x))
∀x (ProfessionalSoccerDefender(x) → ProfessionalSoccerPlayer(x))
∀x (ProfessionalSoccerPlayer(x) → ¬ProfessionalBasketballPlayer(x)))
∀x (NBAPlayer(x) → ProfessionalBasketballPlayer(x))
NBAPlayer(stephencurry)","If Stephen Curry is not both a centerback and a soccer defender, then Stephen Curry is neither a soccer player nor a professional basketball player.",¬(Centerback(stephenCurry) ∧ SoccerDefender(stephenCurry)) → ¬(SoccerPlayer(stephenCurry) ∨ ProfessionalBasketballPlayer(stephenCurry)),True,836,"x (professionalsoccerdefender(x) & professionalcenterback(x))
all:x (professionalsoccerdefender(x) :- professionalsoccerplayer(x))
all:x (professionalsoccerplayer(x) :- ~professionalbasketballplayer(x)))
all:x (nbaplayer(x) :- professionalbasketballplayer(x))
nbaplayer(stephencurry)",~(centerback(stephencurry) & soccerdefender(stephencurry)) :- ~(soccerplayer(stephencurry) | professionalbasketballplayer(stephencurry))
163,56,"If a person is the leader of a country for life, that person has power.
Leaders of a country for life are either a king or a queen.
Queens are female.
Kings are male. 
Elizabeth is a queen.
Elizabeth is a leader of a country for life.","∀x (Leader(x) → HavePower(x))
∀x (Leader(x) → (King(x) ⊕ Queen(x)))
∀x (Queen(x) → Female(x))
∀x (King(x) → Male(x))
Queen(elizabeth)
Leader(elizabeth)",Elizabeth is a leader of a country for life.,Leader(elizabeth),True,167,"all:x (leader(x) :- havepower(x))
all:x (leader(x) :- (king(x) ^ queen(x)))
all:x (queen(x) :- female(x))
all:x (king(x) :- male(x))
queen(elizabeth)
leader(elizabeth)",leader(elizabeth)
164,127,"New York City is Located in the United States of America.
The United States of America is part of North America.
North America is in the western hemisphere of the earth.
New York City is a highly developed city.
If place A is located in place B and place B is located in place C, then place A is located in place C.","LocatedIn(newYorkCity, unitedStatesOfAmerica)
LocatedIn(usa, northAmerica)
LocatedIn(northAmerica, westernHemisphere)
HighlyDeveloped(newYorkCity)
∀x ∀y ∀z ((LocatedIn(x, y) ∧ LocatedIn(y, z)) → LocatedIn(x, z))",A highly developed city is located in the western hemisphere of the earth.,"∃x (HighlyDeveloped(x) ∧ LocatedIn(x, westernHemisphere))",True,376,"locatedin(newyorkcity, unitedstatesofamerica)
locatedin(usa, northamerica)
locatedin(northamerica, westernhemisphere)
highlydeveloped(newyorkcity)
all:x all:y all:z ((locatedin(x, y) & locatedin(y, z)) :- locatedin(x, z))","x (highlydeveloped(x) & locatedin(x, westernhemisphere))"
165,136,"Phoneix's music is classified under the indie pop genre.
Phoenix is a band from France.
French bands write songs in French or in English.
Aside from indie pop, pop rock and synth-pop are two other genres of music.
Phoenix has no songs in French.","IndiePop(phoenix)
Band(phoenix) ∧ From(phoenix, france)
∀x ∃y (Band(x) ∧ From(x, france) ∧ Write(x, y) ∧ Song(y) → InFrench(y) ⊕ InEnglish(y))
∀x (IndiePop(x) → ¬PopRock(x) ∧ ¬SynthPop(x))
∀x (Song(x) ∧ By(phoenix, x) → ¬InFrench(x))",Phoenix writes songs in French.,"∃x (Write(phoenix, y) ∧ Song(x) → InFrench(x))",False,401,"indiepop(phoenix)
band(phoenix) & from(phoenix, france)
all:x y (band(x) & from(x, france) & write(x, y) & song(y) :- infrench(y) ^ inenglish(y))
all:x (indiepop(x) :- ~poprock(x) & ~synthpop(x))
all:x (song(x) & by(phoenix, x) :- ~infrench(x))","x (write(phoenix, y) & song(x) :- infrench(x))"
166,237,"Zaha Hadid is a British-Iraqi architect, artist, and designer.
Zaha Hadid was born on 31 October 1950 in Baghdad, Iraq.
Zaha Hadid was a visiting professor of Architectural Design at the Yale School of Architecture.
Max is an aspiring architecture student and plans to apply to the Yale School of Architecture. ","British-Iraqi(zahaHadid) ∧ Architect(zahaHadid) ∧ Artist(zahaHadid) ∧ Designer(zahaHadid)
BornOn(zahaHadid, 31October1950) ∧ BornIn(zahaHadid, baghdadIraq)
VisitingProfessorOf(zahaHadid, architecturalDesign) ∧ VisitingProfessorAt(zahaHadid, yaleSchoolOfArchitecture)
AspiringArchitectureStudent(max) ∧ PlansToApplyTo(max, yaleSchoolofArchitecture)",Max admires Zaha Hadid.,"Admires(max, zahaHadid)",Uncertain,675,"british-iraqi(zahahadid) & architect(zahahadid) & artist(zahahadid) & designer(zahahadid)
bornon(zahahadid, 31october1950) & bornin(zahahadid, baghdadiraq)
visitingprofessorof(zahahadid, architecturaldesign) & visitingprofessorat(zahahadid, yaleschoolofarchitecture)
aspiringarchitecturestudent(max) & planstoapplyto(max, yaleschoolofarchitecture)","admires(max, zahahadid)"
167,87,"Daveed Diggs is an actor and film producer.
Daveed Diggs played two roles in the musical Hamilton on Broadway.
One of the actors from Hamilton won the best actor award.
The actor playing Thomas Jefferson won the best actor award.
Daveed Diggs played Thomas Jefferson.
Musicals on Broadway are not films.","Actor(daveedDiggs) ∧ FilmProducer(daveedDiggs)
∃x ∃y(PlaysIn(daveedDiggs, x, hamilton) ∧ (¬(x=y)) ∧ PlaysIn(daveedDiggs, y, hamilton)) ∧ OnBroadway(hamilton) ∧ Musical(hamilton)
∃x ∃y(Actor(x) ∧ PlaysIn(x, y, hamilton) ∧ Wins(x, bestActorAward))
∃x (Actor(x) ∧ PlaysIn(x, thomasJefferson, hamilton) ∧ Wins(x, bestActorAward))
Plays(daveedDiggs, thomasJefferson)
∀x ((Musical(x) ∧ OnBroadway(x)) → ¬Film(x))",Hamilton is a film.,Film(hamilton),False,264,"actor(daveeddiggs) & filmproducer(daveeddiggs)
x y(playsin(daveeddiggs, x, hamilton) & (~(x=y)) & playsin(daveeddiggs, y, hamilton)) & onbroadway(hamilton) & musical(hamilton)
x y(actor(x) & playsin(x, y, hamilton) & wins(x, bestactoraward))
x (actor(x) & playsin(x, thomasjefferson, hamilton) & wins(x, bestactoraward))
plays(daveeddiggs, thomasjefferson)
all:x ((musical(x) & onbroadway(x)) :- ~film(x))",film(hamilton)
168,344,"All students are members of the university.
All graduate students are students.
All PhD students are graduate students.
Some PhD students are Teaching Fellows.
If John is not a PhD student, then he is not a member of the university.
If John is a Teaching Fellow, then he is a PhD student or a graduate student.","∀x (Student(x) → MemberOf(x, university))
∀x (GraduateStudent(x) → Student(x))
∀x (PhDStudent(x) → GraduateStudent(x))
∃x (PhDStudent(x) ∧ TeachingFellow(x))
¬PhDStudent(john) → ¬MemberOf(john, university)
TeachingFellow(john) → PhDStudent(john) ⊕ GraduateStudent(john)",John is a PhD student.,PhDStudent(john),Uncertain,909,"all:x (student(x) :- memberof(x, university))
all:x (graduatestudent(x) :- student(x))
all:x (phdstudent(x) :- graduatestudent(x))
x (phdstudent(x) & teachingfellow(x))
~phdstudent(john) :- ~memberof(john, university)
teachingfellow(john) :- phdstudent(john) ^ graduatestudent(john)",phdstudent(john)
169,418,"Some monitors equipped in the library are produced by AOC. 
All monitors equipped in the library are cheaper than 800 dollars. 
All monitors cheaper than 800 dollars are with a resolution lower than 1080p. 
If a monitor has a resolution lower than 1080p, then it does not support the type-c port. 
A-2017 supports the type-c port. ","∃x ∃y(Monitor(x) ∧ ProducedBy(x, aOC) ∧ In(x, library) ∧ (¬(x=y)) ∧ Monitor(y) ∧ ProducedBy(y, aOC) ∧ In(y, library))
∀x ((Monitor(x) ∧ In(x, library)) → CheaperThan(x, dollars800))
∀x ((Monitor(x) ∧ CheaperThan(x, dollars800)) → ResolutionLessThan(x, p1080))
∀x ((Monitor(x) ∧ ResolutionLessThan(x, p1080)) → ¬Supports(x, type-CPort))
Supports(a-2017, type-CPort)","If either A-2017 is both with a resolution of 1080p and produced by AOC or it is neither, then it is not equipped in the library.","¬(ResolutionLessThan(a-2017, p1080) ⊕ ProducedBy(x, aOC)) → ¬(In(a-2017, library))",True,1180,"x y(monitor(x) & producedby(x, aoc) & in(x, library) & (~(x=y)) & monitor(y) & producedby(y, aoc) & in(y, library))
all:x ((monitor(x) & in(x, library)) :- cheaperthan(x, dollars800))
all:x ((monitor(x) & cheaperthan(x, dollars800)) :- resolutionlessthan(x, p1080))
all:x ((monitor(x) & resolutionlessthan(x, p1080)) :- ~supports(x, type-cport))
supports(a-2017, type-cport)","~(resolutionlessthan(a-2017, p1080) ^ producedby(x, aoc)) :- ~(in(a-2017, library))"
170,102,"Edwin Smith was a New Zealand rower from Auckland.
Edwin Smith was also known as Ted Smith.
Edwin Smith went to Rose Road Primary School, located in Grey Lynn.
Edwin Smith was a sergeant who served with the New Zealand 24th battalion in Italy and Egypt.
Broadway Sheetmetals was a business run and owned by Edwin Smith, a sheet metal worker.","From(edwinSmith, newZealand) ∧ Rower(edwinSmith) ∧ From(edwinSmith, auckland)
edwinSmith=tedSmith
GoTo(edwinSmith, roseRoadPrimarySchool) ∧ LocatedIn(roseRoadPrimarySchool, greyLynn)
Sergeant(edwinSmith) ∧ ServeWith(edwinSmith, newZealand24thBattalion) ∧ ServeIn(edwinSmith, italy) ∧ ServeIn(edwinSmith, egypt)
Buisness(broadwaySheetmetals) ∧ Run(edwinSmith, broadwaySheetmetals) ∧ Own(edwinSmith, broadwaySheetmetals) ∧ SheetmetalWorker(edwinsmith)",There were no rowers that own a buisness.,"∀x ∀y (Rower(x) ∧ Buisness(y) → ¬Own(x, y))",False,310,"from(edwinsmith, newzealand) & rower(edwinsmith) & from(edwinsmith, auckland)
edwinsmith=tedsmith
goto(edwinsmith, roseroadprimaryschool) & locatedin(roseroadprimaryschool, greylynn)
sergeant(edwinsmith) & servewith(edwinsmith, newzealand24thbattalion) & servein(edwinsmith, italy) & servein(edwinsmith, egypt)
buisness(broadwaysheetmetals) & run(edwinsmith, broadwaysheetmetals) & own(edwinsmith, broadwaysheetmetals) & sheetmetalworker(edwinsmith)","all:x all:y (rower(x) & buisness(y) :- ~own(x, y))"
171,214,"If a class has prerequisites, the student must take the prerequisites to take the class.
If a class has no prerequisites, then the student can take the class
CPSC 201 and CPSC 223 are prerequisites for CPSC 323.
Intro Microeconomics is the only prerequisite for Intermediate Microeconomics.
Intro Geology has no prerequisites.","∀x ∀y ∀z (Class(x) ∧ Student(y) ∧ Prereq(z,x) ∧ ¬Take(y, z) → ¬CanTake(y, x))
∀x ∀y ((Class(x) ∧ Student(y) ∧ ¬∃z Prereq(z,x)) → CanTake(y, x))
Prereq(cpsc201, cpsc323) ∧ Prereq(cpsc223, cpsc323)
∀x (Prereq(x,intermediateMicro) → x=introMicroeconomics)
¬(∃x (Prereq(x, introGeology)))",A student cannot take Intro Geology.,¬CanTake(introgeology),False,613,"all:x all:y all:z (class(x) & student(y) & prereq(z,x) & ~take(y, z) :- ~cantake(y, x))
all:x all:y ((class(x) & student(y) & ~z prereq(z,x)) :- cantake(y, x))
prereq(cpsc201, cpsc323) & prereq(cpsc223, cpsc323)
all:x (prereq(x,intermediatemicro) :- x=intromicroeconomics)
~(x (prereq(x, introgeology)))",~cantake(introgeology)
172,188,"If two soccer teams score the same number of goals in one UCL final during the regular time, they need to play for the extra time.
If two soccer teams score the same number of goals in one UCL final during both regular and extra time, they need to play the penalty shoot-out.
Real Madrid and Atlético Madrid both scored one goal in the 2016 UCL final during the regular time.
Real Madrid and Atlético Madrid both scored zero goals in the 2016 UCL final during the extra time.","∀w ∀x ∀y ∀z (SoccerTeam(x) ∧ SoccerTeam(y) ∧ NumberOfGoalScored(x, z) ∧ NumberOfGoalScored(y, w) ∧ y=w ∧ During(regularTime) → PlayExtra(x, y))
∀x ∀y (SoccerTeam(x) ∧ SoccerTeam(y) ∧ SameScore(x, y) ∧ During(regularTime) ∧ During(extraTime) → PlayPenalty(x, y))
SoccerTeam(realMadrid) ∧ SoccerTeam(atleticoMadrid) ∧ SameScore(realMadrid, atleticoMadrid) ∧ During(regularTime)
SoccerTeam(realMadrid) ∧ SoccerTeam(atleticoMadrid) ∧ SameScore(realMadrid, atleticoMadrid) ∧ During(extraTime)",Real Madrid and Atlético Madrid did not need to play a penalty shoot-out in the 2016 UCL final.,"¬PlayPenalty(realMadrid, atleticoMadrid)",False,541,"all:w all:x all:y all:z (soccerteam(x) & soccerteam(y) & numberofgoalscored(x, z) & numberofgoalscored(y, w) & y=w & during(regulartime) :- playextra(x, y))
all:x all:y (soccerteam(x) & soccerteam(y) & samescore(x, y) & during(regulartime) & during(extratime) :- playpenalty(x, y))
soccerteam(realmadrid) & soccerteam(atleticomadrid) & samescore(realmadrid, atleticomadrid) & during(regulartime)
soccerteam(realmadrid) & soccerteam(atleticomadrid) & samescore(realmadrid, atleticomadrid) & during(extratime)","~playpenalty(realmadrid, atleticomadrid)"
173,399,"In Love City, everyone considers physical touch or words of affirmation to be their most important love language.
If someone in Love City considers physical touch as their most important love language, then they are good with pets.
If someone in Love City is good with pets, then they are not scared of animals.
In Love City, everyone is scared of animals, or loves animals, or both.
Adam, who is in Love City, either values physical touch as his most important love language or loves animals.","∀x (In(x, loveCity) → (ConsidersMostImportantLoveLanguage(x, physicalTouch)  ∨ ConsidersMostImportantLoveLanguage(x, wordOfAffirmation))
∀x ((ConsidersMostImportantLoveLanguage(x, physicalTouch)  ∧ In(x, loveCity) → GoodWith(x, pet))
∀x ((GoodWith(x, pet) ∧ In(x, loveCity)) → ¬ScaredOf(x, animal))
∀x (In(x, loveCity) → (ScaredOf(x, animal) ∨ Loves(x, animal)))
(ConsidersMostImportantLoveLanguage(adam, physicalTouch) ⊕ Loves(adam, animal)) ∧ In(adam, loveCity)",Adam considers words of affirmation to be the most important love language.,"ConsidersMostImportantLoveLanguage(adam, wordOfAffirmation)",True,1091,"all:x (in(x, lovecity) :- (considersmostimportantlovelanguage(x, physicaltouch)  | considersmostimportantlovelanguage(x, wordofaffirmation))
all:x ((considersmostimportantlovelanguage(x, physicaltouch)  & in(x, lovecity) :- goodwith(x, pet))
all:x ((goodwith(x, pet) & in(x, lovecity)) :- ~scaredof(x, animal))
all:x (in(x, lovecity) :- (scaredof(x, animal) | loves(x, animal)))
(considersmostimportantlovelanguage(adam, physicaltouch) ^ loves(adam, animal)) & in(adam, lovecity)","considersmostimportantlovelanguage(adam, wordofaffirmation)"
174,111,"Aberdeen won the cup in the 2013 final.
Rangers won the cup in the 2014 final.
Aberdeen and Rangers are different teams.
Different teams cannot win the cup in the same year's final.","WonCup(aberdeen, year2013Final)
WonCup(rangers, year2014Final)
¬(aberdeen=rangers)
∀x ∀y ∀z ∀w (¬(x=y) ∧ WonCup(x, z) ∧ WonCup(y, w) → ¬(z=w))",Rangers won the cup in 2015.,"WonCup(rangers, year2015Final)",Uncertain,336,"woncup(aberdeen, year2013final)
woncup(rangers, year2014final)
~(aberdeen=rangers)
all:x all:y all:z all:w (~(x=y) & woncup(x, z) & woncup(y, w) :- ~(z=w))","woncup(rangers, year2015final)"
175,425,"Everyone working at Meta has a high income. 
A person with a high income will not take a bus to their destination.
People will either take a bus or drive to their destination. 
Everyone who has a car will choose to drive to their destination. 
No students drive to their destination. 
James has a car or works at Meta.","∀x (WorkAt(x, meta) → HighIncome(x))
∀x (HighIncome(x) → ¬MeansToDestination(x, bus))
∀x (MeansToDestination(x, bus) ⊕ MeansToDestination(x, drive))
∀x (HaveCar(x) → MeansToDestination(x, drive))
∀x (Student(x) → ¬ MeansToDestination(x, drive))
HaveCar(james) ∨ WorkAt(james, meta)","If James either drives to his destination or is a student, then he has a high income and is a student.","(MeansToDestination(x, drive) ⊕ Student(james)) → (HighIncome(james) ∧ Student(james))",False,1207,"all:x (workat(x, meta) :- highincome(x))
all:x (highincome(x) :- ~meanstodestination(x, bus))
all:x (meanstodestination(x, bus) ^ meanstodestination(x, drive))
all:x (havecar(x) :- meanstodestination(x, drive))
all:x (student(x) :- ~ meanstodestination(x, drive))
havecar(james) | workat(james, meta)","(meanstodestination(x, drive) ^ student(james)) :- (highincome(james) & student(james))"
176,395,"All velvet-finish lipsticks in the Rouge Dior set, Lunar New Year Limited Edition are refillable.
Lipsticks in the Rouge Dior set, Lunar New Year Limited Edition have either a velvet-finish or a satin-finish.
No satin-finish lipsticks in the set do not have ""rosewood"" in its offical description. 
Lipstcks in the Rouge Dior set, Lunar New Year Limited Edition either does not have ""rosewood"" in its offical description or it has ""rosewood"" in its official description. 
ROUGE Dior Colored Lip Balm 999 is a lipstick in the set, and it either has ""rosewood"" in its official description or has a velvet finish.","∀x ((Lipstick(x) ∧ In(x, rougeDiorSet) ∧ In(x, lunarNewYearLimitedEdition) ∧ VelvetFinish(x)) → Refillable(x))
∀x ((Lipstick(x) ∧ In(x, rougeDiorSet) ∧ In(x, lunarNewYearLimitedEdition)) → (VelvetFinish(x) ⊕ SatinFinish(x))
∀x ((Lipstick(x) ∧ In(x, rougeDiorSet) ∧ In(x, lunarNewYearLimitedEdition) ∧ SatinFinish(x)) → ¬RosewoodInDescription(x))
∀x ((Lipstick(x) ∧ In(x, rougeDiorSet) ∧ In(x, lunarNewYearLimitedEdition)) → (RosewoodInDescription(x) ⊕ ¬RosewoodInDescription(x)))
Lipstick(rougeDiorColoredLipBalm999) ∧ In(rougeDiorColoredLipBalm999, rougeDiorSet) ∧ In(rougeDiorColoredLipBalm999, lunarNewYearLimitedEdition) ∧ (RosewoodInDescription(rougeDiorColoredLipBalm999) ⊕ VelvetFinish(rougeDiorColoredLipBalm999))","If ROUGE Dior Colored Lip Balm 999 either does not have ""rosewood"" in its official description or is refillable, then it neither has a satin-finish nor has ""rosewood"" in its official description.",(RosewoodInDescription(rougeDiorColoredLipBalm999) ⊕ Refillable(rougeDiorColoredLipBalm999)) → ¬(SatinFinish(rougeDiorColoredLipBalm999) ∨ RosewoodInDescription(rougeDiorColoredLipBalm999)),False,1074,"all:x ((lipstick(x) & in(x, rougediorset) & in(x, lunarnewyearlimitededition) & velvetfinish(x)) :- refillable(x))
all:x ((lipstick(x) & in(x, rougediorset) & in(x, lunarnewyearlimitededition)) :- (velvetfinish(x) ^ satinfinish(x))
all:x ((lipstick(x) & in(x, rougediorset) & in(x, lunarnewyearlimitededition) & satinfinish(x)) :- ~rosewoodindescription(x))
all:x ((lipstick(x) & in(x, rougediorset) & in(x, lunarnewyearlimitededition)) :- (rosewoodindescription(x) ^ ~rosewoodindescription(x)))
lipstick(rougediorcoloredlipbalm999) & in(rougediorcoloredlipbalm999, rougediorset) & in(rougediorcoloredlipbalm999, lunarnewyearlimitededition) & (rosewoodindescription(rougediorcoloredlipbalm999) ^ velvetfinish(rougediorcoloredlipbalm999))",(rosewoodindescription(rougediorcoloredlipbalm999) ^ refillable(rougediorcoloredlipbalm999)) :- ~(satinfinish(rougediorcoloredlipbalm999) | rosewoodindescription(rougediorcoloredlipbalm999))
177,462,"All classrooms in William L. Harkness Hall that are used for lectures are booked during the day. 
None of the classrooms in William L. Harkness Hall are private study spots.
All classrooms in William L. Harkness Hall are used for lectures or used for office hours.
If a classroom in William L. Harkness Hall is booked in the evening, then it is not freely usable at night.
If a classroom in William L. Harkness Hall is used for office hours, then it is booked in the evening.
Room 116 is a classroom in William L. Harkness Hall that is either both used for lecture and used for office hours or not used for either.","∀x (ClassroomIn(x, williamLHarknessHall) ∧ UsedFor(x, lecture) → BookedDuring(x, day))
∀x (ClassroomIn(x, williamLHarknessHall) ∧ ¬PrivateStudySpot(x))
∀x (ClassroomIn(x, williamLHarknessHall) ∧ (UsedFor(x, lecture) ∨ UsedFor(x, officeHours)))
∀x (ClassroomIn(x, williamLHarknessHall) ∧ BookedIn(x, evening) → ¬FreelyUsableAtNight(x))
∀x (ClassroomIn(x, williamLHarknessHall) ∧ UsedFor(x, officeHours) → BookedIn(x, evening))
ClassroomIn(116, williamLHarknessHall) ∧ ¬(UsedFor(116, lecture) ⊕ UsedFor(116, officeHours))","If Room 116 is either both booked during the day and freely usable at night, or neither, then it is either used for office hours or for private study spots.","¬(BookedDuring(room116, day) ⊕ FreelyUsableAtNight(room116) → (UsedFor(room116, officeHour) ⊕ PrivateStudySpot(room116))",True,1334,"all:x (classroomin(x, williamlharknesshall) & usedfor(x, lecture) :- bookedduring(x, day))
all:x (classroomin(x, williamlharknesshall) & ~privatestudyspot(x))
all:x (classroomin(x, williamlharknesshall) & (usedfor(x, lecture) | usedfor(x, officehours)))
all:x (classroomin(x, williamlharknesshall) & bookedin(x, evening) :- ~freelyusableatnight(x))
all:x (classroomin(x, williamlharknesshall) & usedfor(x, officehours) :- bookedin(x, evening))
classroomin(116, williamlharknesshall) & ~(usedfor(116, lecture) ^ usedfor(116, officehours))","~(bookedduring(room116, day) ^ freelyusableatnight(room116) :- (usedfor(room116, officehour) ^ privatestudyspot(room116))"
178,454,"Functional brainstems are necessary for breath control.
All humans that can swim can control their breath. 
Humans can swim or walk. 
Humans who can walk can stand on the ground by themselves. 
Humans whose brainstems are functional can control their balance.
Every human who can stand on the ground by themselves has functional leg muscles. 
George and Archie are humans.
George can control his balance and can swim.
Archie can walk if and only if he has functional brainstems.","∀x (CanControl(x, breath) → FunctionalBrainStem(x))
∀x (Human(x) ∧ CanSwim(x) → CanControl(x, breath))
∀x (Human(x) → (CanSwim(x) ∨ CanWalk(x)))
∀x (Human(x) ∧ CanWalk(x) → CanStandOnTheGround(x, themselves))
∀x (Human(x) ∧ FunctionalBrainStem(x) → CanControl(x, balance))
∀x (Human(x) ∧ CanStandOnTheGround(x, themselves) → FunctionalLegMuscle(x)))
Human(george) ∧ Human(archie)
CanControl(george, balance) ∧ CanSwim(george)
¬(CanWalk(archie) ⊕ FunctionalBrainStem(x))
",Archie has functional leg muscles and can control his balance.,"FunctionalLegMuscle(archie) ∧ CanControl(archie, balance)",True,1308,"all:x (cancontrol(x, breath) :- functionalbrainstem(x))
all:x (human(x) & canswim(x) :- cancontrol(x, breath))
all:x (human(x) :- (canswim(x) | canwalk(x)))
all:x (human(x) & canwalk(x) :- canstandontheground(x, themselves))
all:x (human(x) & functionalbrainstem(x) :- cancontrol(x, balance))
all:x (human(x) & canstandontheground(x, themselves) :- functionallegmuscle(x)))
human(george) & human(archie)
cancontrol(george, balance) & canswim(george)
~(canwalk(archie) ^ functionalbrainstem(x))
","functionallegmuscle(archie) & cancontrol(archie, balance)"
179,212,"If you have room for dessert, you have room for broccoli.
Everyone at Luis's dinner party has room for dessert, including Luis.
Mauricia does not have room for broccoli.
Luis's dinner party is the first ever dinner party that Allison has attended.
Gustave has room for both broccoli and asparagus.
Broccoli and asparagus are both vegetables.","∀x (RoomFor(x, dessert) → RoomFor(x, broccoli))
∀x (AtLuisParty(x) → RoomFor(x, dessert))
¬RoomFor(mauricia, broccoli)
AtLuisParty(allison) ∧ FirstDinnerPartyFor(luisparty, allison) 
RoomFor(gustave, broccoli) ∧ RoomFor(gustave, asparagus)
Vegetable(broccoli) ∧ Vegetable(asparagus)",Mauricia is at Luis's dinner party.,AtLuisParty(mauricia),False,606,"all:x (roomfor(x, dessert) :- roomfor(x, broccoli))
all:x (atluisparty(x) :- roomfor(x, dessert))
~roomfor(mauricia, broccoli)
atluisparty(allison) & firstdinnerpartyfor(luisparty, allison) 
roomfor(gustave, broccoli) & roomfor(gustave, asparagus)
vegetable(broccoli) & vegetable(asparagus)",atluisparty(mauricia)
180,408,"No trick-shot artist in Yale's varsity team struggles with half court shots.
Everyone on Yale's varsity team is someone who struggles with half court shots or who successfully shoots a high percentage of 3-pointers.  
Everyone on Yale's varsity team who successfully shoots a high percentage of 3-pointers is solid at shooting 2-pointers.  
No one on Yale's varsity team who is solid at shooting 2-pointers is bad at mid-range shots.  
Jack is on Yale's varsity team, and he is either a trick-shot artist or he successfully shoots a high percentage of 3-pointers.","∀x ((In(x, yaleSVarsityTeam) ∧ TrickShotArtist(x)) → ¬StruggleAt(x, halfCourtShot))
∀x (In(x, yaleSVarsityTeam) → (StruggleAt(x, halfCourtShot) ∨ GoodAt(x, threes)))
∀x ((In(x, yaleSVarsityTeam) ∧ GoodAt(x, threes)) → GoodAt(x, twos))
∀x ((In(x, yaleSVarsityTeam) ∧ GoodAt(x, twos)) → BadAt(x, midRangeShot))
In(jack, yaleSVarsityTeam) ∧ (TrickShotArtist(jack) ⊕  GoodAt(jack, threes))",Jack is bad at mid-range shots.,"BadAt(jack, midRangeShot)",False,1134,"all:x ((in(x, yalesvarsityteam) & trickshotartist(x)) :- ~struggleat(x, halfcourtshot))
all:x (in(x, yalesvarsityteam) :- (struggleat(x, halfcourtshot) | goodat(x, threes)))
all:x ((in(x, yalesvarsityteam) & goodat(x, threes)) :- goodat(x, twos))
all:x ((in(x, yalesvarsityteam) & goodat(x, twos)) :- badat(x, midrangeshot))
in(jack, yalesvarsityteam) & (trickshotartist(jack) ^  goodat(jack, threes))","badat(jack, midrangeshot)"
181,300,"If a movie is popular, some people enjoy watching it.
All things that some people enjoy attract attention.","∀x (Movie(x) ∧ Popular(x) → ∃y ∃z (Person(y) ∧ EnjoyWatching(y, x) ∧ Person(z) ∧ EnjoyWatching(z, x) ∧ ¬(y=z)))
∀x (∃y ∃z (Person(y) ∧ EnjoyWatching(y, x) ∧ Person(z) ∧ EnjoyWatching(z, x)) → Attract(x, attention))","If a movie is popular, then it attracts attention.","∀x (Movie(x) ∧ Popular(x) → Attract(x, attention))",True,744,"all:x (movie(x) & popular(x) :- y z (person(y) & enjoywatching(y, x) & person(z) & enjoywatching(z, x) & ~(y=z)))
all:x (y z (person(y) & enjoywatching(y, x) & person(z) & enjoywatching(z, x)) :- attract(x, attention))","all:x (movie(x) & popular(x) :- attract(x, attention))"
182,370,"If Robin's friends practice coding questions, then they are not studying to go to medical school to become a doctor.
If Robin's friends want to work in the software engineering industry, then they practice coding questions.
If Robin's friends enjoy healthcare fields and want to help people with medical issues, then they are studying to go to medical school to become a doctor.
If Robin's friends grew up with parents who worked as doctors, then they enjoy healthcare fields and want to help people with medical issues.
If Robin's friends study hard, then they grew up with parents who worked as doctors.
Mark is Robin's friend.
If Mark neither enjoys healthcare fields and wants to help people with medical issues nor grew up with parents who worked as doctors, then Mark is either a person who studies hard or grew up with parents who worked as doctors.","∀x (RobinsFriends(x) ∧ Practice(x, codingQuestion) → ¬StudyingToGoToToBecome(x, medicalSchool, doctor))
∀x (RobinsFriends(x) ∧ WantToWorkIn(x, softwareEngineeringIndustry) → PracticeCodingQuestions(x))
∀x (RobinsFriends(x) ∧ Enjoy(x, healthcareField) ∧ WantToHelp(x, peopleWithMedicalIssue) → StudyingToGoToToBecome(x, medicalSchool, doctor))
∀x (RobinsFriends(x) ∧ (∃y ∃z (¬(y=z) ∧ GrowUpWith(x, y) ∧ GrowUpWith(x, z) ∧ ParentOf(y, x) ∧ ParentOf(z, x) ∧ Doctor(y) ∧ Doctor(z))) → EnjoyHealthcareFields(x) ∧ WantToHelp(x, peopleWithMedicalIssue))
∀x (RobinsFriends(x) ∧ StudyHard(x) → ∃y ∃z (¬(y=z) ∧ GrowUpWith(x, y) ∧ GrowUpWith(x, z) ∧ ParentOf(y, x) ∧ ParentOf(z, x) ∧ Doctor(y) ∧ Doctor(z)))
RobinsFriends(mark)
¬((Enjoy(x, healthcareField) ∧ WantToHelp(mark, peopleWithMedicalIssues)) ∧ ¬(∃y ∃z (¬(y=z) ∧ GrowUpWith(x, y) ∧ GrowUpWith(x, z) ∧ ParentOf(y, x) ∧ ParentOf(z, x) ∧ Doctor(y) ∧ Doctor(z))) → StudyHard(mark) ∨ (∃y ∃z (¬(y=z) ∧ GrowUpWith(x, y) ∧ GrowUpWith(x, z) ∧ ParentOf(y, x) ∧ ParentOf(z, x) ∧ Doctor(y) ∧ Doctor(z)))",Mark is Robin's friend and he is a person who studies hard.,RobinsFriends(mark) ∧ StudyHard(mark),Uncertain,984,"all:x (robinsfriends(x) & practice(x, codingquestion) :- ~studyingtogototobecome(x, medicalschool, doctor))
all:x (robinsfriends(x) & wanttoworkin(x, softwareengineeringindustry) :- practicecodingquestions(x))
all:x (robinsfriends(x) & enjoy(x, healthcarefield) & wanttohelp(x, peoplewithmedicalissue) :- studyingtogototobecome(x, medicalschool, doctor))
all:x (robinsfriends(x) & (y z (~(y=z) & growupwith(x, y) & growupwith(x, z) & parentof(y, x) & parentof(z, x) & doctor(y) & doctor(z))) :- enjoyhealthcarefields(x) & wanttohelp(x, peoplewithmedicalissue))
all:x (robinsfriends(x) & studyhard(x) :- y z (~(y=z) & growupwith(x, y) & growupwith(x, z) & parentof(y, x) & parentof(z, x) & doctor(y) & doctor(z)))
robinsfriends(mark)
~((enjoy(x, healthcarefield) & wanttohelp(mark, peoplewithmedicalissues)) & ~(y z (~(y=z) & growupwith(x, y) & growupwith(x, z) & parentof(y, x) & parentof(z, x) & doctor(y) & doctor(z))) :- studyhard(mark) | (y z (~(y=z) & growupwith(x, y) & growupwith(x, z) & parentof(y, x) & parentof(z, x) & doctor(y) & doctor(z)))",robinsfriends(mark) & studyhard(mark)
183,128,"Donald Ervin Knuth is an American computer scientist, mathematician, and Professor Emeritus at Stanford University.
Knuth has been called the ""father of the analysis of algorithms.""","American(donaldErvinKnuth) ∧ ComputerScientist(donaldErvinKnuth) ∧ Mathematician(donaldErvinKnuth) ∧ ProfessorEmeritusAt(donaldErvinKnuth, stanford)
Called(donaldErvinKnuth, fatherOfTheAnalysisOfAlgorithms)","A mathematician has been called the ""father of the analysis of algorithms"".","∃x (Mathematician(x) ∧ Called(x, fatherOfTheAnalysisOfAlgorithms))",True,380,"american(donaldervinknuth) & computerscientist(donaldervinknuth) & mathematician(donaldervinknuth) & professoremeritusat(donaldervinknuth, stanford)
called(donaldervinknuth, fatheroftheanalysisofalgorithms)","x (mathematician(x) & called(x, fatheroftheanalysisofalgorithms))"
184,129,"The Turing Award has been awarded to Donald Knuth, Marvin Minsky, Richard Hamming, and John McCarthy. 
Donald Knuth made contributions to the analysis of algorithms.
Marvin Minsky is recognized for his contributions to the field of artificial intelligence.
Richard Hamming researched numerical methods.
John McCarthy made contributions to the field of artificial intelligence. ","AwardedTo(turingAward, donaldKnuth) ∧ AwardedTo(turingAward, marvinMinsky) ∧ AwardedTo(turingAward, richardHamming) ∧ AwardedTo(turingAward, johnMccarthy)
ContributedTo(donaldKnuth, analysisOfAlgorithms)
ContributedTo(marvinMinsky, artificialIntelligence)
ContributedTo(richardHamming, numericalMethods)
ContributedTo(johnMccarthy, artificialIntelligence)",At least two people who worked in artificial intelligence have won the Turing Award.,"∃x ∃y (¬(x=y) ∧ ContributedTo(x, artificialIntelligence) ∧ ContributedTo(x, artificialIntelligence) ∧ AwardedTo(turingAward, x) ∧ AwardedTo(turingAward, y))",True,383,"awardedto(turingaward, donaldknuth) & awardedto(turingaward, marvinminsky) & awardedto(turingaward, richardhamming) & awardedto(turingaward, johnmccarthy)
contributedto(donaldknuth, analysisofalgorithms)
contributedto(marvinminsky, artificialintelligence)
contributedto(richardhamming, numericalmethods)
contributedto(johnmccarthy, artificialintelligence)","x y (~(x=y) & contributedto(x, artificialintelligence) & contributedto(x, artificialintelligence) & awardedto(turingaward, x) & awardedto(turingaward, y))"
185,437,"Researchers present their work at the conference or provide a tutorial session there.
Everyone who presents their work at the conference will attend in person. 
Everyone providing a tutorial session at the conference will be invited to join the club. 
Everyone who attends the conference in person is provided with souvenirs. 
Everyone invited to join the club is provided with delicious meals. 
Everyone provided with delicious meals is happy to communicate with each other during the dinner. 
Everyone who is provided with delicious meals is invited to take a photo with the audience. 
It is not true that James both attended the conference in person and was provided with souvenirs.","∀x (PresentWorkAt(x, conference) ⊕ ProvideAt(x, tutorialSession, conference))
∀x (PresentWorkAt(x, conference) → AttendInPerson(x, conference))
∀x (ProvideSessionAt(x, tutorial, conference) → InvitedToJoin(x, club))
∀x (AttendInPerson(x, conference) → ProvidedWith(x, souvenir))
∀x (InvitedToJoin(x, club) → ProvidedWith(x, deliciousMeal))
∀x (ProvidedWith(x, deliciousMeal) ∧ ProvidedWith(y, deliciousMeal)  → ∃y ∃z (¬(y=x) ∧ ¬(z=x) ∧ ¬(y=z) ∧ HappyToCommunicateWithDuringTheDinner(x, y) ∧ HappyToCommunicateWithDuringTheDinner(x, z)))
∀x (ProvidedWith(x, deliciousMeal) → InvitedToTakePhotoWith(x, audience))
¬(AttendInPerson(james, conference) ∧ ProvidedWith(x, souvenir))",James is invited to take a photo with the audience or is happy to communicate with other guests(?) during the dinner.,"InvitedToTakePhotoWith(james, audience) → ∃y ∃z (¬(y=james) ∧ ¬(z=james) ∧ ¬(y=z) ∧ HappyToCommunicateWithDuringTheDinner(james, y) ∧ HappyToCommunicateWithDuringDinner(james, z)))",True,1256,"all:x (presentworkat(x, conference) ^ provideat(x, tutorialsession, conference))
all:x (presentworkat(x, conference) :- attendinperson(x, conference))
all:x (providesessionat(x, tutorial, conference) :- invitedtojoin(x, club))
all:x (attendinperson(x, conference) :- providedwith(x, souvenir))
all:x (invitedtojoin(x, club) :- providedwith(x, deliciousmeal))
all:x (providedwith(x, deliciousmeal) & providedwith(y, deliciousmeal)  :- y z (~(y=x) & ~(z=x) & ~(y=z) & happytocommunicatewithduringthedinner(x, y) & happytocommunicatewithduringthedinner(x, z)))
all:x (providedwith(x, deliciousmeal) :- invitedtotakephotowith(x, audience))
~(attendinperson(james, conference) & providedwith(x, souvenir))","invitedtotakephotowith(james, audience) :- y z (~(y=james) & ~(z=james) & ~(y=z) & happytocommunicatewithduringthedinner(james, y) & happytocommunicatewithduringdinner(james, z)))"
186,90,"Koei Tecmo is a Japanese video game and anime holding company.
Holding companies hold several companies.
Tecmo was disbanded in Japan, while Koei survived but was renamed.
Video game holding companies are holding companies.","Japanese(koeitecmo) ∧ VideoGameHoldingCompany(koeitecmo) ∧ AnimeHoldingCompany(koeitecmo) ∧ HoldingCompany(x) 
∀x (HoldingCompany(x) → ∃y(Company(y) ∧ Holds(x, y)))
DisbandsIn(tecmo, japan) ∧ Survives(koei) ∧ Renames(koei)
∀x (VideoGameHoldingCompany(x) → HoldingCompany(x))",Tecmo holds another company.,"∃x (Company(x) ∧ Holds(tecmo, x))",Uncertain,274,"japanese(koeitecmo) & videogameholdingcompany(koeitecmo) & animeholdingcompany(koeitecmo) & holdingcompany(x) 
all:x (holdingcompany(x) :- y(company(y) & holds(x, y)))
disbandsin(tecmo, japan) & survives(koei) & renames(koei)
all:x (videogameholdingcompany(x) :- holdingcompany(x))","x (company(x) & holds(tecmo, x))"
187,484,"No songs are visuals. 
All folk songs are songs. 
All videos are visuals. 
All movies are videos.
All sci-fi movies are movies.
Inception is a sci-fi movie.
Mac is neither a folk song nor a sci-fi movie.","∀x (Song(x) → ¬Visual(x))
∀x (FolkSong(x) → Song(x))
∀x (Video(x) → Visual(x))
∀x (Movie(x) → Video(x))
∀x (ScifiMovie(x) → Movie(x))
ScifiMovie(inception)
¬FolkSong(mac) ∧ ¬ScifiMovie(mac)",Inception is a folk song.,FolkSong(inception),False,1415,"all:x (song(x) :- ~visual(x))
all:x (folksong(x) :- song(x))
all:x (video(x) :- visual(x))
all:x (movie(x) :- video(x))
all:x (scifimovie(x) :- movie(x))
scifimovie(inception)
~folksong(mac) & ~scifimovie(mac)",folksong(inception)
188,14,"The USS Salem is a heavy cruiser built for the United States Navy.
The last heavy cruiser to enter service was the USS Salem.
The USS Salem is a museum ship.
Museum ships are open to the public.
The USS Salem served in the Atlantic and Mediterranean.","HeavyCruiser(usssalem) ∧ BuiltFor(usssalem, unitedstatesnavy)
LastHeavyCruiserToEnterService(usssalem)
MuseumShip(usssalem)
∀x (MuseumShip(x) → OpenToPublic(x))
ServedIn(usssalem, atlantic) ∧ ServedIn(usssalem, mediterranean)",The USS Salem is open to the public.,OpenToPublic(usssalem),True,38,"heavycruiser(usssalem) & builtfor(usssalem, unitedstatesnavy)
lastheavycruisertoenterservice(usssalem)
museumship(usssalem)
all:x (museumship(x) :- opentopublic(x))
servedin(usssalem, atlantic) & servedin(usssalem, mediterranean)",opentopublic(usssalem)
189,463,"All eels are fish. 
No fish are plants. 
Everything displayed in the collection is either a plant or an animal.
All multicellular animals are not bacteria.
All animals displayed in the collection are multicellular.
A sea eel is displayed in the collection.
The sea eel is an eel or an animal or not a plant.","∀x (Eel(x) → Fish(x))
∀x (Fish(x) → ¬Plant(x))
∀x (DisplayedIn(x, collection) → Plant(x) ⊕ Animal(x))
∀x (Multicellular(x) → ¬Bacteria(x))
∀x (DisplayedIn(x, collection) ∧ Animal(x) → Multicellular(x))
DisplayedIn(seaEel, collection)
Eel(seaEel) ∨ Animal(seaEel) ∨ ¬Plant(seaEel)",The sea eel is multicellular or is bacteria.,Multicellular(seaEel) ∨ Bacteria(seaEel),True,1338,"all:x (eel(x) :- fish(x))
all:x (fish(x) :- ~plant(x))
all:x (displayedin(x, collection) :- plant(x) ^ animal(x))
all:x (multicellular(x) :- ~bacteria(x))
all:x (displayedin(x, collection) & animal(x) :- multicellular(x))
displayedin(seaeel, collection)
eel(seaeel) | animal(seaeel) | ~plant(seaeel)",multicellular(seaeel) | bacteria(seaeel)
190,323,"No disposable products can help slow down global warming. 
All eco-friendly brands can help slow down global warming. 
All sustainable fashion brands are eco-friendly brands.
All fast fashion products are disposable products.
If Reformation is not helping slow down global warming, then Reformation is an eco-friendly brand or a sustainable fashion brand.","∀x (Disposable(x) ∧ Product(x) → ¬HelpSlowDown(x, globalWarming))
∀x (EcoFriendly(x) ∧ Brand(x) → Help(x, slowDownGlobalWarming))
∀x (Sustainable(x) ∧ FashionBrand(x) → EcoFriendly(x) ∧ Brand(x))
∀x (FastFashion(x) ∧ Product(x) → Disposable(x) ∧ Product(x)) 
¬HelpSlowDown(reformation, globalWarming) → (EcoFriendly(reformation) ∧ Brand(reformation)) ∨ (Sustainable(reformation) ∧ FashionBrand(reformation))",Reformation does not produce fast fashion products or does not produce disposable products.,¬(FastFashion(reformation) ∧ Product(reformation)) ∨ ¬(Disposable(x) ∧ Product(x)),True,825,"all:x (disposable(x) & product(x) :- ~helpslowdown(x, globalwarming))
all:x (ecofriendly(x) & brand(x) :- help(x, slowdownglobalwarming))
all:x (sustainable(x) & fashionbrand(x) :- ecofriendly(x) & brand(x))
all:x (fastfashion(x) & product(x) :- disposable(x) & product(x)) 
~helpslowdown(reformation, globalwarming) :- (ecofriendly(reformation) & brand(reformation)) | (sustainable(reformation) & fashionbrand(reformation))",~(fastfashion(reformation) & product(reformation)) | ~(disposable(x) & product(x))
191,7,"Six, seven and eight are real numbers.
If a real number equals another real number added by one, the first number is larger.
If the number x is larger than the number y, then y is not larger than x.
Seven equals six plus one.
Eight equals seven plus one.
Two is positive.
If a number is positive, then the double of it is also positive.
Eight is the double of four.
Four is the double of two.","RealNum(num6) ∧ RealNum(num7) ∧ RealNum(num8)
∀x ∀y ((RealNum(x) ∧ RealNum(y) ∧ IsSuccessorOf(x, y)) → Larger(x, y))
∀x ∀y (Larger(x, y) → ¬Larger(y, x))
∃y(IsSuccessorOf(y, num6) ∧ Equals(num7, y))
∃y(IsSuccessorOf(y, num7) ∧ Equals(num8, y))
Positive(num2)
∀x ∀y ((Positive(x) ∧ IsDouble(y, x)) → Positive(y))
IsDouble(num8, num4)
IsDouble(num4, num2)",Eight is positive.,Positive(eight),True,18,"realnum(num6) & realnum(num7) & realnum(num8)
all:x all:y ((realnum(x) & realnum(y) & issuccessorof(x, y)) :- larger(x, y))
all:x all:y (larger(x, y) :- ~larger(y, x))
y(issuccessorof(y, num6) & equals(num7, y))
y(issuccessorof(y, num7) & equals(num8, y))
positive(num2)
all:x all:y ((positive(x) & isdouble(y, x)) :- positive(y))
isdouble(num8, num4)
isdouble(num4, num2)",positive(eight)
192,221,"Ernest Pohl was a Polish football player. 
A football player in the Polish First Division has scored over 180 goals. 
Ernest Pohl scored more than 180 goals in the Polish First Division. 
Górnik Zabrze's stadium was named after a soccer player from Ruda Śląska. 
Ernest Pohl is from Ruda Śląska. ","Polish(ernestPohl) ∧ FootballPlayer(ernestPohl)
∃x (FootballPlayer(x) ∧ In(x, polishFirstDivision) ∧ ScoredOver(x, 180Goals))
In(ernestPohl, polishFirstDivision) ∧ ScoredOver(ernestPohl, 180Goals)
∃x ∃y (GornikZabrzes(x) ∧ Stadium(x) ∧ NamedAfter(x, y) ∧ SoccerPlayer(y) ∧ From(y, rudaŚląska))
From(ernestPohl, rudaŚląska))",Górnik Zabrze's stadium was named after Ernest Pohl.,"∀x (GornikZabrzes(x) ∧ Stadium(x) → NamedAfter(x, ernestPohl))",Uncertain,627,"polish(ernestpohl) & footballplayer(ernestpohl)
x (footballplayer(x) & in(x, polishfirstdivision) & scoredover(x, 180goals))
in(ernestpohl, polishfirstdivision) & scoredover(ernestpohl, 180goals)
x y (gornikzabrzes(x) & stadium(x) & namedafter(x, y) & soccerplayer(y) & from(y, rudaśląska))
from(ernestpohl, rudaśląska))","all:x (gornikzabrzes(x) & stadium(x) :- namedafter(x, ernestpohl))"
193,391,"All imaginative processes that Dan knows are results of creative processes.
All science fiction that Dan knows comes from an imaginative process.
Everthing that Dan knows comes from either science-fiction or realistic fiction.
No facts that Dan knows have proven to be false.
Dan knows that Dune is science fiction or has proven to be false.","∀x ((Knows(dan, x) ∧ ImaginativeProcess(x)) → ResultOf(x, creativeProcess))
∀x ((Knows(dan, x) ∧ ScienceFiction(x)) → ImaginativeProcess(x)) 
∀x (Knows(dan, x) → (ScienceFiction(x) ⊕ RealisticFiction(x)))
∀x ((Knows(dan, x) ∧ Fact(x)) → ¬ProvedToBe(x, false)) 
(Knows(dan, dune) ∧ ScienceFiction(dune)) ∨ ProvedToBe(dune, false))",Dune is either a result of creative processes or is science fiction.,"Knows(dan, dune) ∧ (ResultOf(dune, creativeProcess)  ⊕ ScienceFiction(dune))",False,1051,"all:x ((knows(dan, x) & imaginativeprocess(x)) :- resultof(x, creativeprocess))
all:x ((knows(dan, x) & sciencefiction(x)) :- imaginativeprocess(x)) 
all:x (knows(dan, x) :- (sciencefiction(x) ^ realisticfiction(x)))
all:x ((knows(dan, x) & fact(x)) :- ~provedtobe(x, false)) 
(knows(dan, dune) & sciencefiction(dune)) | provedtobe(dune, false))","knows(dan, dune) & (resultof(dune, creativeprocess)  ^ sciencefiction(dune))"
194,170,"The Mona Lisa is a world's best-known painting.
The Mona Lisa is a portrait painted by Leonardo da Vinci.
Leonardo da Vinci was a scientist and painter.
Painting genres can be history, portrait, animal, landscape, and still life.","Painting(monaLisa) ∧ TheWorldsBestKnown(monaLisa)
PaintedBy(monaLisa, leonardodaVinci) ∧ Portrait(monaLisa)
Scientist(leonardodaVinci) ∧ Painter(leonardodaVinci)
∀x (Painting(x) → (History(x) ∨ Portrait(x) ∨ Animal(x) ∨ Landscape(x) ∨ StillLife(x)))",A world's best-known artwork is painted by a scientist.,"∃x ∃y (Painting(x) ∧ TheWorldsBestKnown(x) ∧ PaintedBy(x, y) ∧ Scientist(y))",True,488,"painting(monalisa) & theworldsbestknown(monalisa)
paintedby(monalisa, leonardodavinci) & portrait(monalisa)
scientist(leonardodavinci) & painter(leonardodavinci)
all:x (painting(x) :- (history(x) | portrait(x) | animal(x) | landscape(x) | stilllife(x)))","x y (painting(x) & theworldsbestknown(x) & paintedby(x, y) & scientist(y))"
195,417,"Some monitors made by LG have a type-c port.
Monitors that have a type-c port were not made before 2010.
All monitors in the library are made before 2010. 
The L-2021 monitor is either used in the library or has a type-c port.
The L-2021 monitor is either both produced before 2010 and made by LG, or neither is true.","∃x (Monitor(x) ∧ ProducedBy(x, lG) ∧ Have(x, typeCPort) ∧ (¬(x=y)) ∧ Monitor(y) ∧ ProducedBy(y, lG) ∧ Have(y, typeCPort))
∀x (Have(x, typeCPort) → ¬ProducedBefore(x, yr2010))
∀x ((Monitor(x) ∧ In(x, library)) → ProducedBefore(x, yr2010))
Monitor(l-2021) ∧ (In(l-2021, library) ⊕ Have(l-2021, typeCPort))
¬(ProducedBefore(l-2021, yr2010) ⊕ ProducedBy(l-2021, lG))",The monitor L-2021 is in the library.,"In(l-2021, library)",Uncertain,1173,"x (monitor(x) & producedby(x, lg) & have(x, typecport) & (~(x=y)) & monitor(y) & producedby(y, lg) & have(y, typecport))
all:x (have(x, typecport) :- ~producedbefore(x, yr2010))
all:x ((monitor(x) & in(x, library)) :- producedbefore(x, yr2010))
monitor(l-2021) & (in(l-2021, library) ^ have(l-2021, typecport))
~(producedbefore(l-2021, yr2010) ^ producedby(l-2021, lg))","in(l-2021, library)"
196,76,"Asa Hoffmann was born in New York City.
Asa Hoffman lives in Manhattan.
Asa Hoffman is a chess player.
Some chess players are grandmasters.
People born and living in New York City are New Yorkers.
People living in Manhattan live in New York City.","BornIn(asaHoffmann, newYorkCity)
LiveIn(asaHoffmann, manhattan)
ChessPlayer(asaHoffmann)
∃x ∃y (ChessPlayer(x) ∧ GrandMaster(x) ∧ (¬(x=y)) ∧ ChessPlayer(y) ∧ GrandMaster(y))
∀x ((BornIn(x, newYorkCity) ∧ LiveIn(x, newYorkCity)) → NewYorker(x))
∀x (LiveIn(x, manhattan) → LiveIn(x, newYorkCity))",Asa Hoffmann does not live in New York.,"¬LiveIn(asaHoffmann, newYorkCity)",False,233,"bornin(asahoffmann, newyorkcity)
livein(asahoffmann, manhattan)
chessplayer(asahoffmann)
x y (chessplayer(x) & grandmaster(x) & (~(x=y)) & chessplayer(y) & grandmaster(y))
all:x ((bornin(x, newyorkcity) & livein(x, newyorkcity)) :- newyorker(x))
all:x (livein(x, manhattan) :- livein(x, newyorkcity))","~livein(asahoffmann, newyorkcity)"
197,475,"Everyone who is entitled to national social insurance coverage can have their medical bills partially covered. 
All PRC nationals are entitled to national social insurance coverage.
Everyone in the Franco-China diplomatic conference is either a PRC national or a French national, but not both. 
All French nationals are citizens of the European Union. 
All Spanish nationals are citizens of the European Union. 
No North Korean nationals are citizens of the European Union. 
Mei is at the Franco-China diplomatic conference. 
Either Mei is a North Korean and can have medical bills partially covered, or neither is true.","∀x (EntitledTo(x, nationalSocialInsuranceCoverage) → CanHavePartiallyCovered(x, medicalBills))
∀x (PRCNational(x) → EntitledTo(x, nationalSocialInsuranceCoverage))
∀x (In(x, franco-ChinaDiplomaticConference) → PRCNational(x) ⊕ FrenchNational(x))
∀x (FrenchNational(x) → CitizenOf(x, europeanUnion))
∀x (SpanishNational(x) → CitizenOf(x, europeanUnion))
∀x (NorthKoreanNational(x) → ¬CitizenOf(x, europeanUnion))
In(mei, franco-ChinaDiplomaticConference)
¬(NorthKoreanNational(mei) ⊕ CanHavePartiallyCovered(mei, medicalBills))","If Mei is either a North Korean or a Spanish national, then Mei is either both a French national and a citizen of the European Union, or neither a French national nor a citizen of the European Union.",NorthKoreanNational(mei) ⊕ SpanishNational(mei) → ¬(FrenchNational(mei) ⊕ European(mei)),True,1380,"all:x (entitledto(x, nationalsocialinsurancecoverage) :- canhavepartiallycovered(x, medicalbills))
all:x (prcnational(x) :- entitledto(x, nationalsocialinsurancecoverage))
all:x (in(x, franco-chinadiplomaticconference) :- prcnational(x) ^ frenchnational(x))
all:x (frenchnational(x) :- citizenof(x, europeanunion))
all:x (spanishnational(x) :- citizenof(x, europeanunion))
all:x (northkoreannational(x) :- ~citizenof(x, europeanunion))
in(mei, franco-chinadiplomaticconference)
~(northkoreannational(mei) ^ canhavepartiallycovered(mei, medicalbills))",northkoreannational(mei) ^ spanishnational(mei) :- ~(frenchnational(mei) ^ european(mei))
198,438,"None of the kids in our family love the opera.
All of the adults in our family love the opera.
If someone in our family is a scientist, then they are an adult.
Some students in our family are kids.
Billy is a kid in our family.","∀x ((Kid(x) ∧ In(x, ourFamily)) → ¬Love(x, opera))
∀x ((Adult(x) ∧ In(x, ourFamily)) → Love(x, opera))
∀x ((Scientist(x) ∧ In(x, ourFamily)) → Adult(x))
∃x (Student(x) ∧ In(x, ourFamily) ∧ Kid(x))
Kid(billy) ∧ In(billy, ourFamily) ",Billy is a student and a scientist.,Student(billy)  ∧ Scientist(billy),False,1259,"all:x ((kid(x) & in(x, ourfamily)) :- ~love(x, opera))
all:x ((adult(x) & in(x, ourfamily)) :- love(x, opera))
all:x ((scientist(x) & in(x, ourfamily)) :- adult(x))
x (student(x) & in(x, ourfamily) & kid(x))
kid(billy) & in(billy, ourfamily) ",student(billy)  & scientist(billy)
199,309,"Tipped employees are not entitled to be paid the federal minimum wage by their employees. 
If a person is a white-collar worker, they are entitled to be paid the federal minimum wage by their employees. 
All lawyers are white-collar workers.
Every advocate is a lawyer.
Mary is not a lawyer or a tipped employee.","∀x (TippedEmployee(x) → ¬EntitledTo(x, federalMinimumWage))
∀x (WhiteCollarWorker(x) → EntitledTo(x, federalMinimumWage))
∀x (Lawyer(x) → WhiteCollarWorker(x))
∀x (Advocate(x) → Lawyer(x))
¬(Lawyer(mary) ⊕ TippedEmployee(mary))",Mary is a white-collar worker.,WhiteCollarWorker(mary),Uncertain,764,"all:x (tippedemployee(x) :- ~entitledto(x, federalminimumwage))
all:x (whitecollarworker(x) :- entitledto(x, federalminimumwage))
all:x (lawyer(x) :- whitecollarworker(x))
all:x (advocate(x) :- lawyer(x))
~(lawyer(mary) ^ tippedemployee(mary))",whitecollarworker(mary)
200,486,"Everything in Size Town is big or small.
All big things in Size Town are heavy.
All small things in Size Town are light.
All heavy things in Size Town are still.
All light things in Size Town are unstable.
All unstable things in Size Town are changing.
All unstable things in Size Town are unpredictable.
The bird is in Size Town and it is not both heavy and still.","∀x (In(x, sizeTown) → (Big(x) ∨ Small(x)))
∀x (Big(x) ∧ In(x, sizeTown) → Heavy(x))
∀x (Small(x) ∧ In(x, sizeTown) → Light(x))
∀x (Heavy(x) ∧ In(x, sizeTown) → Still(x))
∀x (Light(x) ∧ In(x, sizeTown) → Unstable(x))
∀x (Unstable(x) ∧ In(x, sizeTown) → Changing(x))
∀x (Unstable(x) ∧ In(x, sizeTown) → Unpredictable(x))
In(bird, sizeTown) ∧ ¬(Heavy(bird) ∧ Still(bird))",The bird is still.,Still(bird),Uncertain,1424,"all:x (in(x, sizetown) :- (big(x) | small(x)))
all:x (big(x) & in(x, sizetown) :- heavy(x))
all:x (small(x) & in(x, sizetown) :- light(x))
all:x (heavy(x) & in(x, sizetown) :- still(x))
all:x (light(x) & in(x, sizetown) :- unstable(x))
all:x (unstable(x) & in(x, sizetown) :- changing(x))
all:x (unstable(x) & in(x, sizetown) :- unpredictable(x))
in(bird, sizetown) & ~(heavy(bird) & still(bird))",still(bird)
201,214,"If a class has prerequisites, the student must take the prerequisites to take the class.
If a class has no prerequisites, then the student can take the class
CPSC 201 and CPSC 223 are prerequisites for CPSC 323.
Intro Microeconomics is the only prerequisite for Intermediate Microeconomics.
Intro Geology has no prerequisites.","∀x ∀y ∀z (Class(x) ∧ Student(y) ∧ Prereq(z,x) ∧ ¬Take(y, z) → ¬CanTake(y, x))
∀x ∀y ((Class(x) ∧ Student(y) ∧ ¬∃z Prereq(z,x)) → CanTake(y, x))
Prereq(cpsc201, cpsc323) ∧ Prereq(cpsc223, cpsc323)
∀x (Prereq(x,intermediateMicro) → x=introMicroeconomics)
¬(∃x (Prereq(x, introGeology)))",Intermediate Microeconomics has one prerequisite.,∃x (Taken(x) → CanTake(intermediatemicro)),True,614,"all:x all:y all:z (class(x) & student(y) & prereq(z,x) & ~take(y, z) :- ~cantake(y, x))
all:x all:y ((class(x) & student(y) & ~z prereq(z,x)) :- cantake(y, x))
prereq(cpsc201, cpsc323) & prereq(cpsc223, cpsc323)
all:x (prereq(x,intermediatemicro) :- x=intromicroeconomics)
~(x (prereq(x, introgeology)))",x (taken(x) :- cantake(intermediatemicro))
202,130,"John will go to the cinema if and only if Jack goes to the cinema today.
Jack will go to the cinema if and only if Iron Man is on and the weather is not bad today.
Some days in March have bad weather.
Iron Man is on.
It's March now.","(GoTo(john, theCinema) ∧ GoTo(john, today)) ↔ GoTo(jack, theCinema) ∧ GoTo(jack, today)
(GoTo(john, theCinema) ∧ GoTo(john, today)) ↔ (On(ironman) ∧ ¬Bad(weather, today))
∃x (Day(x) ∧ March(x) → ¬Bad(weather, x))
On(ironman)
Day(presentMoment) ∧ March(presentMoment)",The weather is good today.,"¬Bad(weather, today)",Uncertain,387,"(goto(john, thecinema) & goto(john, today)) ↔ goto(jack, thecinema) & goto(jack, today)
(goto(john, thecinema) & goto(john, today)) ↔ (on(ironman) & ~bad(weather, today))
x (day(x) & march(x) :- ~bad(weather, x))
on(ironman)
day(presentmoment) & march(presentmoment)","~bad(weather, today)"
203,139,"UFC Fight Night was a mixed martial arts event held in Sweden.
At UFC Fight Night, Sadollah was scheduled to fight Musoke.
Sadollah fought Akiyama at UFC Fight Night.
Musoke fought Yakovlev at UFC Fight Night.
Jung was injured at UFC Fight Night.
People injured at UFC Fight Night did not fight.","Event(uFCFightNight) ∧ MixedMartial(uFCFightNight) ∧ HeldIn(uFCFightNight, sweden)
ScheduledToFight(sadollah, musoke,uFCFightNight)
Fight(sadollah, akiyama, uFCFightNight)
Fight(musoke, yakovlev, uFCFightNight)
InjuredAt(jung, uFCFightNight)
∀x (InjuredAt(x, uFCFightNight) → ¬FightIn(x, uFCFightNight))",Sadollah fought Musoke at UFC Fight Night.,"Fight(sadollah, musoke, uFCFightNight)",Uncertain,409,"event(ufcfightnight) & mixedmartial(ufcfightnight) & heldin(ufcfightnight, sweden)
scheduledtofight(sadollah, musoke,ufcfightnight)
fight(sadollah, akiyama, ufcfightnight)
fight(musoke, yakovlev, ufcfightnight)
injuredat(jung, ufcfightnight)
all:x (injuredat(x, ufcfightnight) :- ~fightin(x, ufcfightnight))","fight(sadollah, musoke, ufcfightnight)"
204,97,"Deborah Wallace is a Scottish-born actress, playwright, and producer.
Psyche is a play based on the life of James Miranda Barry.
Homesick, Psyche and The Void are plays by Deborah Wallace.
Deborah Wallace co-produced Gasland.","BornIn(deborahWallace, scotland) ∧ Actress(deborahWallace) ∧ Playwright(deborahWallace) ∧ Producer(deborahWallace)
Play(psyche) ∧ BasedOn(psyche, lifeOfJamesMirandaBarry)
Play(homesick) ∧ WrittenBy(homesick, deborahWallace) ∧ Play(psyche) ∧ WrittenBy(psyche, deborahWallace) ∧ Play(theVoid) ∧ WrittenBy(theVoid, deborahWallace)
CoProduce(deborahWallace, gasland)",Gasland is a play.,Play(gasland),Uncertain,294,"bornin(deborahwallace, scotland) & actress(deborahwallace) & playwright(deborahwallace) & producer(deborahwallace)
play(psyche) & basedon(psyche, lifeofjamesmirandabarry)
play(homesick) & writtenby(homesick, deborahwallace) & play(psyche) & writtenby(psyche, deborahwallace) & play(thevoid) & writtenby(thevoid, deborahwallace)
coproduce(deborahwallace, gasland)",play(gasland)
205,111,"Aberdeen won the cup in the 2013 final.
Rangers won the cup in the 2014 final.
Aberdeen and Rangers are different teams.
Different teams cannot win the cup in the same year's final.","WonCup(aberdeen, year2013Final)
WonCup(rangers, year2014Final)
¬(aberdeen=rangers)
∀x ∀y ∀z ∀w (¬(x=y) ∧ WonCup(x, z) ∧ WonCup(y, w) → ¬(z=w))",Rangers won the cup in 2013.,"WonCup(rangers, year2013Final)",False,337,"woncup(aberdeen, year2013final)
woncup(rangers, year2014final)
~(aberdeen=rangers)
all:x all:y all:z all:w (~(x=y) & woncup(x, z) & woncup(y, w) :- ~(z=w))","woncup(rangers, year2013final)"
206,116,"WeTab is a MeeGo-based tablet computer.
WeTab was announced by Neofonie.
Neofonie is a German producer.
Germans live in Germany or abroad. ","MeeGoBased(weTab) ∧ TabletComputer(weTab)
∀x (AnnouncedBy(weTab, neofonie))
German(neofonie) ∧ Producer(neofonie)
∀x (German(x) → LiveIn(x, german) ⊕ LiveAbroad(x))",Neofonie doesn't speak English or German.,"¬Speak(neofonie, english) ∧ ¬Speak(neofonie, german)",False,351,"meegobased(wetab) & tabletcomputer(wetab)
all:x (announcedby(wetab, neofonie))
german(neofonie) & producer(neofonie)
all:x (german(x) :- livein(x, german) ^ liveabroad(x))","~speak(neofonie, english) & ~speak(neofonie, german)"
207,484,"No songs are visuals. 
All folk songs are songs. 
All videos are visuals. 
All movies are videos.
All sci-fi movies are movies.
Inception is a sci-fi movie.
Mac is neither a folk song nor a sci-fi movie.","∀x (Song(x) → ¬Visual(x))
∀x (FolkSong(x) → Song(x))
∀x (Video(x) → Visual(x))
∀x (Movie(x) → Video(x))
∀x (ScifiMovie(x) → Movie(x))
ScifiMovie(inception)
¬FolkSong(mac) ∧ ¬ScifiMovie(mac)",Mac is a video.,Video(mac),Uncertain,1418,"all:x (song(x) :- ~visual(x))
all:x (folksong(x) :- song(x))
all:x (video(x) :- visual(x))
all:x (movie(x) :- video(x))
all:x (scifimovie(x) :- movie(x))
scifimovie(inception)
~folksong(mac) & ~scifimovie(mac)",video(mac)
208,431,"No Boeing-737 plane has more than 300 seats. 
All of the planes acquired by Delta in this batch are Boeing-737. 
Planes either have more than 300 seats or have a capacity of 100 passengers. 
All planes with a capacity of 100 passengers are scheduled for a short-distance flight. 
All planes with a capacity of 100 passengers are produced before 2010. 
Jake32 is either a Boeing-737 plane or a plane acquired by Delta in this batch.
T10 is either both a Boeing-737 plane and acquired by Delta in this batch, or it is neither.","∀x (Plane(x) ∧ Boeing737(x) → (¬∃y(GreaterThan(y, num300) ∧ EquippedWithSeats(x,y)))
∀x (Plane(x) ∧ AcquiredBy(x, delta) → Boeing737(x))
∀x (Plane(x) → ((∃y(GreaterThan(y, num300) ∧ EquippedWithSeats(x,y))) ⊕ (∃y(Equals(y, num100) ∧ EquippedWithSeats(x,y))))
∀x (Plane(x) ∧ ∃y(Equals(y, num100) ∧ EquippedWithSeats(x,y)) → ScheduledFor(x, shortdistanceflight))
∀x (Plane(x) ∧ ∃y(Equals(y, num100) ∧ EquippedWithSeats(x,y)) → ∃z(Before(z, yr2010) ∧ Produced(x, z))
(Boeing737(jake32) ∧ Plane(jake32)) ⊕ (AcquiredByDeltaInThisBatch(jake32) ∧ Plane(jake32))
¬((Boeing737(t10) ∧ Plane(t10)) ⊕ (AcquiredByDeltaInThisBatch(t10) ∧ Plane(t10)))",Jake32 is neither produced before 2010 nor scheduled for a short-distance flight.,"¬∃z(Before(z, year2010) ∧ Produced(jake32, z)) ∧ ¬ScheduledFor(jake32, shortdistanceflight))",False,1230,"all:x (plane(x) & boeing737(x) :- (~y(greaterthan(y, num300) & equippedwithseats(x,y)))
all:x (plane(x) & acquiredby(x, delta) :- boeing737(x))
all:x (plane(x) :- ((y(greaterthan(y, num300) & equippedwithseats(x,y))) ^ (y(equals(y, num100) & equippedwithseats(x,y))))
all:x (plane(x) & y(equals(y, num100) & equippedwithseats(x,y)) :- scheduledfor(x, shortdistanceflight))
all:x (plane(x) & y(equals(y, num100) & equippedwithseats(x,y)) :- z(before(z, yr2010) & produced(x, z))
(boeing737(jake32) & plane(jake32)) ^ (acquiredbydeltainthisbatch(jake32) & plane(jake32))
~((boeing737(t10) & plane(t10)) ^ (acquiredbydeltainthisbatch(t10) & plane(t10)))","~z(before(z, year2010) & produced(jake32, z)) & ~scheduledfor(jake32, shortdistanceflight))"
209,445,"Anything lazy is unproductive.
No one unproductive is energetic.
If something is a sloth, then it is lazy.
Some animals are sloths.
Sid is neither an energetic person nor a sloth.","∀x (Lazy(x) → Unproductive(x))
∀x (Unproductive(x) → ¬Energetic(x))
∀x (Sloth(x) → Lazy(x))
∃x (Animal(x) ∧ Sloth(x))
¬Energetic(sid) ∧ ¬Sloth(sid))",Sid is an animal.,Animal(sid),Uncertain,1280,"all:x (lazy(x) :- unproductive(x))
all:x (unproductive(x) :- ~energetic(x))
all:x (sloth(x) :- lazy(x))
x (animal(x) & sloth(x))
~energetic(sid) & ~sloth(sid))",animal(sid)
210,175,"A werewolf is a human that can turn into a wolf.
A werewolf has been scratched or bitten by another werewolf.
If someone has been scratched or bitten by some entity, they have been attacked by that entity.","∀x (Human(x) ∧ CanTurnInto(x, wolf) → Werewolf(x))
∀x ∃y (Werewolf(x) → (BittenBy(x, y) ∨ ScratchedBy(x, y)) ∧ Werewolf(y))
∀x ∃y (BittenBy(x, y) ∨ ScratchedBy(x, y)) → AttackedBy(x,y)",All humans are werewolves.,∀x (Human(x) → Werewolf(x)),Uncertain,503,"all:x (human(x) & canturninto(x, wolf) :- werewolf(x))
all:x y (werewolf(x) :- (bittenby(x, y) | scratchedby(x, y)) & werewolf(y))
all:x y (bittenby(x, y) | scratchedby(x, y)) :- attackedby(x,y)",all:x (human(x) :- werewolf(x))
211,321,"No people who have corporate jobs are taking more than normal financial risks.
All entrepreneurs are taking more than normal financial risks.
All risk-averse working people are people who have corporate jobs.
All working people who hate working for others want to be entrepreneurs.
If Mark Zuckerberg is neither an entrepreneur nor a person who hates working for others, then Mark Zuckerberg is not a risk-averse working person.","∀x (Have(x, corporateJob) → ¬Take(x, financialRisk))
∀x (Entrepreneur(x) → Take(x, financialRisk))
∀x (RiskAverse(x) → Have(x, corporateJob))
∀x (∃y ∃z (¬(y=x) ∧ ¬(z=x) ∧ ¬(y=z) ∧ HateWorkingFor(x, y) ∧ HateWorkingFor(x, z)) → Entrepreneur(x))
¬Entrepreneur(markZuckerberg) ∧ ¬(∃y ∃z (¬(y=markZuckerberg) ∧ ¬(z=markZuckerberg) ∧ ¬(y=z) ∧ HateWorkingFor(markZuckerberg, y) ∧ HateWorkingFor(markZuckerberg, z))) → ¬RiskAverse(markZuckerberg)",Mark Zuckerberg is not a risk-averse person.,¬RiskAverse(markZuckerberg),True,818,"all:x (have(x, corporatejob) :- ~take(x, financialrisk))
all:x (entrepreneur(x) :- take(x, financialrisk))
all:x (riskaverse(x) :- have(x, corporatejob))
all:x (y z (~(y=x) & ~(z=x) & ~(y=z) & hateworkingfor(x, y) & hateworkingfor(x, z)) :- entrepreneur(x))
~entrepreneur(markzuckerberg) & ~(y z (~(y=markzuckerberg) & ~(z=markzuckerberg) & ~(y=z) & hateworkingfor(markzuckerberg, y) & hateworkingfor(markzuckerberg, z))) :- ~riskaverse(markzuckerberg)",~riskaverse(markzuckerberg)
212,287,"Trees are plants. 
Some living things are trees.","∀x (Tree(x) → Plant(x))
∃x ∃y (Living(x) ∧ Living(y) ∧ Tree(x) ∧ Tree(y) ∧ ¬(x=y))",Some living things are plants.,∃x ∃y (Living(x) ∧ Living(y) ∧ Plant(x) ∧ Plant(y) ∧ ¬(x=y)),True,731,"all:x (tree(x) :- plant(x))
x y (living(x) & living(y) & tree(x) & tree(y) & ~(x=y))",x y (living(x) & living(y) & plant(x) & plant(y) & ~(x=y))
213,481,"All biodegradable things are environment-friendly. 
All woodware is biodegradable.
All paper is woodware. 
Nothing is a good thing and also a bad thing.
All environment-friendly things are good.
A worksheet is either paper or environment-friendly.","∀x (Biodegradable(x) → EnvironmentFriendly(x))
∀x (Woodware(x) → Biodegradable(x))
∀x (Paper(x) → Woodware(x))
¬(∃x (Good(x) ∧ Bad(x)))
∀x (EnvironmentFriendly(x) → Good(x))
Paper(worksheet) ⊕ EnvironmentFriendly(worksheet)",A worksheet is bad.,Bad(worksheet),False,1404,"all:x (biodegradable(x) :- environmentfriendly(x))
all:x (woodware(x) :- biodegradable(x))
all:x (paper(x) :- woodware(x))
~(x (good(x) & bad(x)))
all:x (environmentfriendly(x) :- good(x))
paper(worksheet) ^ environmentfriendly(worksheet)",bad(worksheet)
214,82,"Lawton Park is a neighborhood in Seattle. 
All citizens of Lawton Park use the zip code 98199. 
Tom is a citizen of Lawton Park.
Daniel uses the zip code 98199. ","NeighbourhoodIn(lawtonPark, seattle)
∀x (Residentof(x, lawtonPark) → UseZipCode(x, num98199))
ResidentOf(tom, lawtonPark)
UseZipCode(daniel, num98199)",Tom is a citizen of Washington.,"ResidentOf(tom, washington)",Uncertain,251,"neighbourhoodin(lawtonpark, seattle)
all:x (residentof(x, lawtonpark) :- usezipcode(x, num98199))
residentof(tom, lawtonpark)
usezipcode(daniel, num98199)","residentof(tom, washington)"
215,257,"Some cats are not pets.
All cats are mammals.","∃x (Cat(x) ∧ ¬Pet(x))
∀x (Cat(x) → Mammal(x))",Some mammals are not pets.,∃x ∃y (Mammal(x) ∧ Mammal(y) ∧ ¬Pet(x) ∧ ¬Pet(y)),True,701,"x (cat(x) & ~pet(x))
all:x (cat(x) :- mammal(x))",x y (mammal(x) & mammal(y) & ~pet(x) & ~pet(y))
216,162,"If a person plays an instrument in a concert, they are good at playing this kind of instrument.
Peter plays piano, violin, and saxophone.
Peter plays piano in a concert.
Oliver and Peter both play instruments in a concert.
Oliver plays a different musical instrument from Peter in the concert.","∀x ∀y (PlayIn(y, x, concert) → GoodAtPlaying(y, x))
Play(peter, piano) ∧ Play(peter, violin) ∧ Play(peter, saxophone)
PlayIn(peter, piano, concert)
∃x ∃y (PlayIn(peter, x, concert) ∧ PlayIn(oliver, y, concert))
∀x (PlayIn(oliver, x, concert) → ¬PlayIn(peter, y, concert))",Oliver plays violin in the concert.,"PlayIn(oliver, violin, concert)",Uncertain,465,"all:x all:y (playin(y, x, concert) :- goodatplaying(y, x))
play(peter, piano) & play(peter, violin) & play(peter, saxophone)
playin(peter, piano, concert)
x y (playin(peter, x, concert) & playin(oliver, y, concert))
all:x (playin(oliver, x, concert) :- ~playin(peter, y, concert))","playin(oliver, violin, concert)"
217,142,"Ann J. Land was a member of the Philadelphia City Council and the Democratic Party.
Ann J. Land ran unopposed for the Philadelphia City Council in 1980.
People who run unopposed for the Philadelphia City Council are elected to the positions they run for in the same year.
Michael Nutter was a political challenger.
Ann J. Land defeated Michael Nutter and ran for the Philadelphia City Council in 1987.","MemberOf(annJLand, philadelphiaCityCouncil) ∧ MemberOf(annJLand, democraticParty)
RunUnopposedFor(ann, philadelphiaCityCouncil, year1980)
∀x ∀y (RunUnopposedFor(x, philadelphiaCityCouncil, y) → ElectedTo(x, philadelphiaCityCouncil, y))
PoliticalChallenger(michaelNutter)
Defeat(annJLand, michaelNutter) ∧ RunFor(annJLand, philadelphiaCityCouncil, year1987)",There was some member of the Democratic Party elected to the Philadelphia City Council in 1980.,"∃x (MemberOf(x, democraticParty) ∧ ElectedTo(x, philadelphiaCouncil, year1980))",True,418,"memberof(annjland, philadelphiacitycouncil) & memberof(annjland, democraticparty)
rununopposedfor(ann, philadelphiacitycouncil, year1980)
all:x all:y (rununopposedfor(x, philadelphiacitycouncil, y) :- electedto(x, philadelphiacitycouncil, y))
politicalchallenger(michaelnutter)
defeat(annjland, michaelnutter) & runfor(annjland, philadelphiacitycouncil, year1987)","x (memberof(x, democraticparty) & electedto(x, philadelphiacouncil, year1980))"
218,364,"If people in this neighborhood visit a coffee shop regularly, then they are addicted to coffee. 
People in this neighborhood visit a coffee shop regularly or order takeout at least once a day.
If people in this neighborhood make a lot of their own food at home using recipes and online guides, then they order takeout at least once a day.
If people in this neighborhood own at least one coffeemaker and one blender in their home, then they do not order takeout at least once a day.
All people in this neighborhood who lead very busy lives that include 12-hour work hours make a lot of their own food at home using recipes and online guides.
Sam is living in this neighborhood, and he is either addicted to coffee or other caffeinated drinks and leads a very busy life that include 12-hour work hours, or is not addicted to coffee and does not lead a very busy life that include 12-hour work hours","∀x (In(x, thisNeighborhood) ∧ VisitRegularly(x, coffeeShop) → AddictedTo(x, coffee))
∀x (In(x, thisNeighborhood) → (VisitRegularly(x, coffeeShop) ∨ (∃y (TakeOut(y) ∧ Order(x, y, aDay))))
∀x (In(x, thisNeighborhood) ∧ MakeAtUsing(x, home, ownFood, recipe) → ∃y (TakeOut(y) ∧ Order(x, y)))
∀x (In(x, thisNeighborhood) ∧ ∃y (CoffeemakerAndBlender(y) ∧ Own(x, y)) → ¬OrderAtLeastOnceADay(x, takeout))
∀x (In(x, thisNeighborhood) ∧ BusyWith(x, 12HourWorkHour) → MakeAtUsing(x, home, ownFood, recipe))
In(sam, thisNeighborhood) ∧ ¬(AddictedTo(sam, coffee) ⊕ BusyWith(sam, 12HourWorkHour))",Sam is living in this neighborhood and he is addicted to coffee.,"InThisNeighborhood(sam) ∧ AddictedTo(sam, coffee)",Uncertain,967,"all:x (in(x, thisneighborhood) & visitregularly(x, coffeeshop) :- addictedto(x, coffee))
all:x (in(x, thisneighborhood) :- (visitregularly(x, coffeeshop) | (y (takeout(y) & order(x, y, aday))))
all:x (in(x, thisneighborhood) & makeatusing(x, home, ownfood, recipe) :- y (takeout(y) & order(x, y)))
all:x (in(x, thisneighborhood) & y (coffeemakerandblender(y) & own(x, y)) :- ~orderatleastonceaday(x, takeout))
all:x (in(x, thisneighborhood) & busywith(x, 12hourworkhour) :- makeatusing(x, home, ownfood, recipe))
in(sam, thisneighborhood) & ~(addictedto(sam, coffee) ^ busywith(sam, 12hourworkhour))","inthisneighborhood(sam) & addictedto(sam, coffee)"
219,367,"All people who went to Clay's school and who make their own matcha teas every morning with ceremonial-grade matcha powder do not wake up late and start their schedules past noon regularly.
All people who went to Clay's school, who live in California, and attend yoga classes regularly, make their own matcha teas every morning with ceremonial-grade matcha powder.
All people who went to Clay's school, and work in the entertainment industry as high-profile celebrities, wake up late and start their schedules past noon regularly.
All people who went to Clay's school that do not have regular 9-5 jobs, work in the entertainment industry as high-profile celebrities.
All people who went to Clay's school and prefer working at home over going to the office daily do not have regular 9-5 jobs.
Bunny went to Clay's school, and she either prefers to work at home over going to the office and makes her own matcha teas every morning with ceremonial-grade matcha powder, or does not prefer to work at home over going to the office every day and does not make her own matcha teas every morning with ceremonial-grade matcha powder.","∀x (GoTo(x, claysSchool) ∧ MakeWith(x, theirOwnMatchTea, ceremonialGradePowder) → ¬(WakeUpLate(x) ∧ StartPastNoonRegularly(x, schedule)))
∀x (GoTo(x, claysSchool) ∧ LiveIn(x, california) ∧ AttendRegularly(x, yogaClass) → MakeWith(x, ownMatch, ceremonialGradePowder))
∀x (GoTo(x, claysSchool) ∧ WorkInAs(x, entertainmentIndustry, highProfileCelebrity) → (WakeUpLate(x) ∧ StartPastNoonRegularly(x, schedule)))
∀x (GoTo(x, claysSchool) ∧ ¬(Have(x, y) ∧ Regular(y) ∧ NineToFiveJob(y)) → WorkInAs(x, entertainmentIndustry, highProfileCelebrity))
∀x (GoTo(x, claysSchool) ∧ Prefer(x, workingAtHome, goingToTheOffice) → ¬(Have(x, y) ∧ Regular(y) ∧ NineToFiveJob(y)))
GoTo(bunny, claysSchool) ∧ ¬(Prefer(bunny, workingAtHome, goingToTheOffice) ⊕ MakeWith(bunny, theirOwnMatchTea, ceremonialGradePowder))",Bunny does not have a regular 9-5 job.,"Have(bunny, y) ∧ Regular(y) ∧ NineToFiveJob(y)",Uncertain,976,"all:x (goto(x, claysschool) & makewith(x, theirownmatchtea, ceremonialgradepowder) :- ~(wakeuplate(x) & startpastnoonregularly(x, schedule)))
all:x (goto(x, claysschool) & livein(x, california) & attendregularly(x, yogaclass) :- makewith(x, ownmatch, ceremonialgradepowder))
all:x (goto(x, claysschool) & workinas(x, entertainmentindustry, highprofilecelebrity) :- (wakeuplate(x) & startpastnoonregularly(x, schedule)))
all:x (goto(x, claysschool) & ~(have(x, y) & regular(y) & ninetofivejob(y)) :- workinas(x, entertainmentindustry, highprofilecelebrity))
all:x (goto(x, claysschool) & prefer(x, workingathome, goingtotheoffice) :- ~(have(x, y) & regular(y) & ninetofivejob(y)))
goto(bunny, claysschool) & ~(prefer(bunny, workingathome, goingtotheoffice) ^ makewith(bunny, theirownmatchtea, ceremonialgradepowder))","have(bunny, y) & regular(y) & ninetofivejob(y)"
220,160,"Common utilities include water, electricity, gas, heating, sewer, trash, and recycling.
Many apartment rents cover the cost of water and electricity.
Susan lives in an apartment where the rent covers all utilities.
The rent of the apartment where Ava lives does not cover any utility expenses.
Noah lives in an apartment where the rent does not cover heating.","CommonUtilities(water) ∧ CommonUtilities(electricity) ∧ CommonUtilities(gas) ∧ CommonUtilities(heating)
∃x (Apartment(x) ∧ Cover(x, water) ∧ Cover(x, electricity))
∀x (Apartment(x) ∧ LiveIn(susan, x) ∧ Cover(x, water) ∧ Cover(x, electricity) ∧ Cover(x, gas) ∧ Cover(x, heating))
∀x (Apartment(x) ∧ LiveIn(ava, x) ∧ ¬Cover(x, water) ∧ ¬Cover(x, electricity) ∧ ¬Cover(x, gas) ∧ ¬Cover(x, heating))
∀x (Apartment(x) ∧ LiveIn(noah, x) ∧ ¬Cover(x, heating))",Noah and Ava both need to pay the heating bill.,"¬Cover(noah, heating) ∧ ¬Cover(ava, heating)",True,459,"commonutilities(water) & commonutilities(electricity) & commonutilities(gas) & commonutilities(heating)
x (apartment(x) & cover(x, water) & cover(x, electricity))
all:x (apartment(x) & livein(susan, x) & cover(x, water) & cover(x, electricity) & cover(x, gas) & cover(x, heating))
all:x (apartment(x) & livein(ava, x) & ~cover(x, water) & ~cover(x, electricity) & ~cover(x, gas) & ~cover(x, heating))
all:x (apartment(x) & livein(noah, x) & ~cover(x, heating))","~cover(noah, heating) & ~cover(ava, heating)"
221,226,"William Dickinson was a British politician who sat in the House of Commons
William Dickinson attended Westminster school for high school and then the University of Edinburgh.
The University of Edinburgh is a university located in the United Kingdom.
William Dickinson supported the Portland Whigs.
People who supported the Portland Whigs did not get a seat in the Parliament.","British(williamDickinson) ∧ Politician(williamDickinson) ∧ SatIn(williamDickinson, houseOfCommons)
Attended(williamDickinson, westminsterSchool) ∧ Highschool(westminsterSchool) ∧ Attended(williamDickinson, universityOfEdinburgh)
University(universityOfEdinburgh) ∧ LocatedIn(universityOfEdinburgh, unitedKingdom)
Supported(williamDickinson, portlandWhigs)
∀x (Supported(x, portlandWhigs) → ¬SatIn(x, parliament))",William Dickinson did not get a seat in Parliament.,"SatIn(williamDickinson, parliament)",True,636,"british(williamdickinson) & politician(williamdickinson) & satin(williamdickinson, houseofcommons)
attended(williamdickinson, westminsterschool) & highschool(westminsterschool) & attended(williamdickinson, universityofedinburgh)
university(universityofedinburgh) & locatedin(universityofedinburgh, unitedkingdom)
supported(williamdickinson, portlandwhigs)
all:x (supported(x, portlandwhigs) :- ~satin(x, parliament))","satin(williamdickinson, parliament)"
222,308,"No video games released by Nintendo support the PS4 platform.
All video games in the Pokemon series are released by Nintendo. 
All video games in the FIFA series support the PS4 platform. 
All video games that allow users to simulate playing online soccer using licensed players are in the FIFA series.
The video game named “Be Lionel” is in the Pokemon series, or it allows users to simulate playing online soccer games using licensed players.","∀x (VideoGame(x) ∧ ReleasedBy(x, nintendo) → ¬Support(x, pS4))
∀x (VideoGame(x) ∧ In(x, pokemonSeries) → ReleasedBy(x, nintendo))
∀x (VideoGame(x) ∧ In(x, fIFASeries) → Support(x, pS4))
∀x (VideoGame(x) ∧ Simulate(x, onlineSoccer) ∧ Use(x, licensedPlayer) → In(x, fIFASeries))
VideoGame(beLionel) ∧ In(beLionel, pokemonSeries) ∨ (Simulate(beLionel, onlineSoccer) ∧ Use(beLionel, licensedPlayer))","The video game ""Be Lionel"" is in the pokemon series.",VideoGame(beLionel) ∧ PokemonSeries(beLionel),Uncertain,760,"all:x (videogame(x) & releasedby(x, nintendo) :- ~support(x, ps4))
all:x (videogame(x) & in(x, pokemonseries) :- releasedby(x, nintendo))
all:x (videogame(x) & in(x, fifaseries) :- support(x, ps4))
all:x (videogame(x) & simulate(x, onlinesoccer) & use(x, licensedplayer) :- in(x, fifaseries))
videogame(belionel) & in(belionel, pokemonseries) | (simulate(belionel, onlinesoccer) & use(belionel, licensedplayer))",videogame(belionel) & pokemonseries(belionel)
223,391,"All imaginative processes that Dan knows are results of creative processes.
All science fiction that Dan knows comes from an imaginative process.
Everthing that Dan knows comes from either science-fiction or realistic fiction.
No facts that Dan knows have proven to be false.
Dan knows that Dune is science fiction or has proven to be false.","∀x ((Knows(dan, x) ∧ ImaginativeProcess(x)) → ResultOf(x, creativeProcess))
∀x ((Knows(dan, x) ∧ ScienceFiction(x)) → ImaginativeProcess(x)) 
∀x (Knows(dan, x) → (ScienceFiction(x) ⊕ RealisticFiction(x)))
∀x ((Knows(dan, x) ∧ Fact(x)) → ¬ProvedToBe(x, false)) 
(Knows(dan, dune) ∧ ScienceFiction(dune)) ∨ ProvedToBe(dune, false))","If Dune is not a result of creative processes and science-fiction, then Dune neither came from an imaginative process nor proved to be false.","Knows(dan, dune) ∧ (¬(ResultOf(dune, creativeProcess)  ∧ ScienceFiction(dune))) → (¬(ImaginativeProcess(dune) ∨ ProvedToBe(dune, false)))",True,1055,"all:x ((knows(dan, x) & imaginativeprocess(x)) :- resultof(x, creativeprocess))
all:x ((knows(dan, x) & sciencefiction(x)) :- imaginativeprocess(x)) 
all:x (knows(dan, x) :- (sciencefiction(x) ^ realisticfiction(x)))
all:x ((knows(dan, x) & fact(x)) :- ~provedtobe(x, false)) 
(knows(dan, dune) & sciencefiction(dune)) | provedtobe(dune, false))","knows(dan, dune) & (~(resultof(dune, creativeprocess)  & sciencefiction(dune))) :- (~(imaginativeprocess(dune) | provedtobe(dune, false)))"
224,474,"All humans are capable of abstract thoughts.
Plants are not capable of abstract thoughts.
All multicellular creatures that are autotrophic or digest food internally are plants and animals.
All goats are animals.
Dirt is not an animal.
Hulu is a goat or a human.
Hulu is a multicellular creature that is autotrophic or digests food internally. ","∀x (Human(x) → CapableOf(x, abstractThought))
∀x (Plant(x) → ¬CapableOf(x, abstractThought))
∀x (MulticellularCreature(x) ∧ (Autotrophic(x) ∨ DigestFoodInternally (x)) → Plant(x) ⊕ Animal(x))
∀x (Goat(x) → Animal(x))
∀x (Dirt(x) → ¬Animal(x))
Goat(hulu) ∨ HumanBeing(hulu)
(MulticellularCreature(hulu) ∧ (Autotrophic(hulu) ∨ DigestFoodInternally (hulu))",Hulu is not capable of abstract thoughts.,"¬CapableOf(hulu, abstractThought)",Uncertain,1373,"all:x (human(x) :- capableof(x, abstractthought))
all:x (plant(x) :- ~capableof(x, abstractthought))
all:x (multicellularcreature(x) & (autotrophic(x) | digestfoodinternally (x)) :- plant(x) ^ animal(x))
all:x (goat(x) :- animal(x))
all:x (dirt(x) :- ~animal(x))
goat(hulu) | humanbeing(hulu)
(multicellularcreature(hulu) & (autotrophic(hulu) | digestfoodinternally (hulu))","~capableof(hulu, abstractthought)"
225,269,"All proteins are organic compounds.
All enzymes are organic compounds.","∀x (Protein(x) → OrganicCompound(x))
∀x (Enzyme(x) → OrganicCompound(x))",All enzymes are proteins.,∀x (Enzyme(x) → Protein(x)),Uncertain,713,"all:x (protein(x) :- organiccompound(x))
all:x (enzyme(x) :- organiccompound(x))",all:x (enzyme(x) :- protein(x))
226,399,"In Love City, everyone considers physical touch or words of affirmation to be their most important love language.
If someone in Love City considers physical touch as their most important love language, then they are good with pets.
If someone in Love City is good with pets, then they are not scared of animals.
In Love City, everyone is scared of animals, or loves animals, or both.
Adam, who is in Love City, either values physical touch as his most important love language or loves animals.","∀x (In(x, loveCity) → (ConsidersMostImportantLoveLanguage(x, physicalTouch)  ∨ ConsidersMostImportantLoveLanguage(x, wordOfAffirmation))
∀x ((ConsidersMostImportantLoveLanguage(x, physicalTouch)  ∧ In(x, loveCity) → GoodWith(x, pet))
∀x ((GoodWith(x, pet) ∧ In(x, loveCity)) → ¬ScaredOf(x, animal))
∀x (In(x, loveCity) → (ScaredOf(x, animal) ∨ Loves(x, animal)))
(ConsidersMostImportantLoveLanguage(adam, physicalTouch) ⊕ Loves(adam, animal)) ∧ In(adam, loveCity)",Adam is scared of animals.,"ScaredOf(adam, animal)",Uncertain,1090,"all:x (in(x, lovecity) :- (considersmostimportantlovelanguage(x, physicaltouch)  | considersmostimportantlovelanguage(x, wordofaffirmation))
all:x ((considersmostimportantlovelanguage(x, physicaltouch)  & in(x, lovecity) :- goodwith(x, pet))
all:x ((goodwith(x, pet) & in(x, lovecity)) :- ~scaredof(x, animal))
all:x (in(x, lovecity) :- (scaredof(x, animal) | loves(x, animal)))
(considersmostimportantlovelanguage(adam, physicaltouch) ^ loves(adam, animal)) & in(adam, lovecity)","scaredof(adam, animal)"
227,170,"The Mona Lisa is a world's best-known painting.
The Mona Lisa is a portrait painted by Leonardo da Vinci.
Leonardo da Vinci was a scientist and painter.
Painting genres can be history, portrait, animal, landscape, and still life.","Painting(monaLisa) ∧ TheWorldsBestKnown(monaLisa)
PaintedBy(monaLisa, leonardodaVinci) ∧ Portrait(monaLisa)
Scientist(leonardodaVinci) ∧ Painter(leonardodaVinci)
∀x (Painting(x) → (History(x) ∨ Portrait(x) ∨ Animal(x) ∨ Landscape(x) ∨ StillLife(x)))",No world's best-known artworks are portraits.,∀x (WorldsBestKnown(x)  → ¬Portrait(x)),False,490,"painting(monalisa) & theworldsbestknown(monalisa)
paintedby(monalisa, leonardodavinci) & portrait(monalisa)
scientist(leonardodavinci) & painter(leonardodavinci)
all:x (painting(x) :- (history(x) | portrait(x) | animal(x) | landscape(x) | stilllife(x)))",all:x (worldsbestknown(x)  :- ~portrait(x))
228,390,"There are no elements with atomic number between 61-63 that are not scarce in China.
Non-rare earth elements are not scarce in China.
All elements are either non-rare earth elements or rare earth elements. 
All rare earth elements can be used for industry.
All rare earth elements are essential for exploring future directions of electronics.
Lithium is either a non-rare earth element and essential for exploring future directions of electronics, or is not a non-rare earth element and is not essential for exploring future directions of electronics.","∀x ((Element(x) ∧ ∃y(Between(y, num61, num63) ∧ AtomicNumber(x, y))) → ScarceIn(x, china))
∀x (¬RareEarthElement(x) → ¬ScarceIn(x, china)) 
∀x (¬RareEarthElement(x) ⊕ RareEarthElement(x)) 
∀x (RareEarthElement(x) → UsedIn(x, industry)) 
∀x (RareEarthElement(x) → EssentialFor(x, electronics))
¬(¬RareEarthElement(lithium) ⊕ EssentialFor(lithium, electronics))",Lithium is an element with atomic number between 61-63 and is used for batteries.,"Element(x) ∧ ∃y(Between(y, num61, num63) ∧ AtomicNumber(x, y)) ∧ UsedFor(lithium, batteries)",False,1045,"all:x ((element(x) & y(between(y, num61, num63) & atomicnumber(x, y))) :- scarcein(x, china))
all:x (~rareearthelement(x) :- ~scarcein(x, china)) 
all:x (~rareearthelement(x) ^ rareearthelement(x)) 
all:x (rareearthelement(x) :- usedin(x, industry)) 
all:x (rareearthelement(x) :- essentialfor(x, electronics))
~(~rareearthelement(lithium) ^ essentialfor(lithium, electronics))","element(x) & y(between(y, num61, num63) & atomicnumber(x, y)) & usedfor(lithium, batteries)"
229,395,"All velvet-finish lipsticks in the Rouge Dior set, Lunar New Year Limited Edition are refillable.
Lipsticks in the Rouge Dior set, Lunar New Year Limited Edition have either a velvet-finish or a satin-finish.
No satin-finish lipsticks in the set do not have ""rosewood"" in its offical description. 
Lipstcks in the Rouge Dior set, Lunar New Year Limited Edition either does not have ""rosewood"" in its offical description or it has ""rosewood"" in its official description. 
ROUGE Dior Colored Lip Balm 999 is a lipstick in the set, and it either has ""rosewood"" in its official description or has a velvet finish.","∀x ((Lipstick(x) ∧ In(x, rougeDiorSet) ∧ In(x, lunarNewYearLimitedEdition) ∧ VelvetFinish(x)) → Refillable(x))
∀x ((Lipstick(x) ∧ In(x, rougeDiorSet) ∧ In(x, lunarNewYearLimitedEdition)) → (VelvetFinish(x) ⊕ SatinFinish(x))
∀x ((Lipstick(x) ∧ In(x, rougeDiorSet) ∧ In(x, lunarNewYearLimitedEdition) ∧ SatinFinish(x)) → ¬RosewoodInDescription(x))
∀x ((Lipstick(x) ∧ In(x, rougeDiorSet) ∧ In(x, lunarNewYearLimitedEdition)) → (RosewoodInDescription(x) ⊕ ¬RosewoodInDescription(x)))
Lipstick(rougeDiorColoredLipBalm999) ∧ In(rougeDiorColoredLipBalm999, rougeDiorSet) ∧ In(rougeDiorColoredLipBalm999, lunarNewYearLimitedEdition) ∧ (RosewoodInDescription(rougeDiorColoredLipBalm999) ⊕ VelvetFinish(rougeDiorColoredLipBalm999))","If ROUGE Dior Colored Lip Balm 999 either does not have ""rosewood"" in its official description or is refillable, then it has ""rosewood"" in its official description.",(¬RosewoodInDescription(rougeEDiorColoredLipBalm999) ⊕ Refillable(rougeDiorColoredLipBalm999)) → RosewoodInDescription(rougeDiorColoredLipBalm999),False,1073,"all:x ((lipstick(x) & in(x, rougediorset) & in(x, lunarnewyearlimitededition) & velvetfinish(x)) :- refillable(x))
all:x ((lipstick(x) & in(x, rougediorset) & in(x, lunarnewyearlimitededition)) :- (velvetfinish(x) ^ satinfinish(x))
all:x ((lipstick(x) & in(x, rougediorset) & in(x, lunarnewyearlimitededition) & satinfinish(x)) :- ~rosewoodindescription(x))
all:x ((lipstick(x) & in(x, rougediorset) & in(x, lunarnewyearlimitededition)) :- (rosewoodindescription(x) ^ ~rosewoodindescription(x)))
lipstick(rougediorcoloredlipbalm999) & in(rougediorcoloredlipbalm999, rougediorset) & in(rougediorcoloredlipbalm999, lunarnewyearlimitededition) & (rosewoodindescription(rougediorcoloredlipbalm999) ^ velvetfinish(rougediorcoloredlipbalm999))",(~rosewoodindescription(rougeediorcoloredlipbalm999) ^ refillable(rougediorcoloredlipbalm999)) :- rosewoodindescription(rougediorcoloredlipbalm999)
230,67,"If an album is written by a rock band, then the genre of the album is rock.
If a band writes an album winning an award, then this band wins this award.
Trouble at the Henhouse is an album by The Tragically Hip.
The Tragically Hip is a Canadian rock band.
The song ""Butts Wigglin'"" is in Trouble at the Henhouse.
Trouble at the Henhouse won the Album of the Year award.
A song in Trouble at the Henhouse appeared in a film.","∀x ∀y ∀z (AlbumByBand(x, y) ∧ RockBand(y, z) → Genre(x, rock))
∀x ∀y ∀z (AlbumByBand(x, y) ∧ AlbumAward(x, z) → RockBandAward(y, z))
AlbumByBand(trouble_at_the_Henhouse, the_Tragically_Hip)
RockBand(the_Tragically_Hip, canada)
SongInAlbum(butts_Wigglin, trouble_at_the_Henhouse)
AlbumAward(trouble_at_the_Henhouse, the_Album_of_the_Year)
∃x (SongInFilm(x) ∧ SongInAlbum(x, trouble_at_the_Henhouse))","""Butts Wigglin'"" appeared in a film.",SongInFilm(buttsWigglin),Uncertain,200,"all:x all:y all:z (albumbyband(x, y) & rockband(y, z) :- genre(x, rock))
all:x all:y all:z (albumbyband(x, y) & albumaward(x, z) :- rockbandaward(y, z))
albumbyband(trouble_at_the_henhouse, the_tragically_hip)
rockband(the_tragically_hip, canada)
songinalbum(butts_wigglin, trouble_at_the_henhouse)
albumaward(trouble_at_the_henhouse, the_album_of_the_year)
x (songinfilm(x) & songinalbum(x, trouble_at_the_henhouse))",songinfilm(buttswigglin)
231,328,"No soccer players are professional basketball players.
All NBA players are professional basketball players.
All soccer defenders are soccer players.
All centerback players are soccer defenders.
If Stephen Curry is an NBA player or a soccer player, then he is a professional basketball player.","∀x (ProfessionalSoccerPlayer(x) → ¬ProfessionalBasketballPlayer(x))
∀x (NBAPlayer(x) → ProfessionalBasketballPlayer(x))
∀x (ProfessionalSoccerDefender(x) → ProfessionalSoccerPlayer(x))
∀x (ProfessionalCenterback(x) → ProfessionalSoccerDefender(x))
(NBAPlayer(stephencurry) ⊕ ProfessionalSoccerPlayer(stephencurry)) → ProfessionalBasketballPlayer(stephencurry)",Stephen Curry is not a centerback player.,¬ProfessionalCenterback(stephenCurry),True,842,"all:x (professionalsoccerplayer(x) :- ~professionalbasketballplayer(x))
all:x (nbaplayer(x) :- professionalbasketballplayer(x))
all:x (professionalsoccerdefender(x) :- professionalsoccerplayer(x))
all:x (professionalcenterback(x) :- professionalsoccerdefender(x))
(nbaplayer(stephencurry) ^ professionalsoccerplayer(stephencurry)) :- professionalbasketballplayer(stephencurry)",~professionalcenterback(stephencurry)
232,199,"The PlayStation EyeToy is a camera accessory for the PlayStation 2 system. 
The PlayStation Eye is a camera accessory for the PlayStation 3 system.
The PlayStation Camera is a camera accessory for the PlayStation 4 and the PlayStation 5 systems.
Camera accessories for a system are compatible with that system.
Playstation 2, 3,4, and 5 are all different.
Only the PlayStation Camera camera system is compatible with different systems.","System(playStation2) ∧ CameraAccessoryFor(playStationEyeToy, playStation2)
System(playStation3) ∧ CameraAccessoryFor(playStationEye, playStation3)  
System(playStation4) ∧ System(playStation5) ∧ CameraAccessoryFor(playStationCamera, playStation4) ∧ CameraAccessoryFor(playStationCamera, playStation5)
∀x ∀y (CameraAccessoryFor(x, y) ∧ System(y) → CompatibleWith(x, y))
¬(playStation2=playStation3) ∧ ¬(playStation2=playStation4) ∧ ¬(playStation2=playStation5) ∧ ¬(playStation3=playStation4) ∧ ¬(playStation3=playStation5) ∧ ¬(playStation4=playStation5)
∀x ∃y ∃z (System(y) ∧ System(z) ∧ ¬(y=z) ∧ CompatibleWith(x, y) ∧ CompatibleWith(x, z) → x=playstationCamera)",The Playstation EyeToy is compatible with the PlayStation 2.,"Compatible(playStationEyeToy, playStation2)",True,567,"system(playstation2) & cameraaccessoryfor(playstationeyetoy, playstation2)
system(playstation3) & cameraaccessoryfor(playstationeye, playstation3)  
system(playstation4) & system(playstation5) & cameraaccessoryfor(playstationcamera, playstation4) & cameraaccessoryfor(playstationcamera, playstation5)
all:x all:y (cameraaccessoryfor(x, y) & system(y) :- compatiblewith(x, y))
~(playstation2=playstation3) & ~(playstation2=playstation4) & ~(playstation2=playstation5) & ~(playstation3=playstation4) & ~(playstation3=playstation5) & ~(playstation4=playstation5)
all:x y z (system(y) & system(z) & ~(y=z) & compatiblewith(x, y) & compatiblewith(x, z) :- x=playstationcamera)","compatible(playstationeyetoy, playstation2)"
233,206,"China is one of the BRICS, and its economy is emerging.
If someone is from China, then they are from a country of BRICS.
India is one of the BRICS, and its economy is emerging.
If someone is from India, then they are in a country of BRICS.
All people from China are Chinese people.
All people from India are Indian people.
There is a person from India.","∃x (BRIC(x) ∧ ¬(x=china) ∧ BRIC(china) ∧ Emerging(chinaEconomy))
∀x (From(x, china) → From(x, bric))
BRIC(india) ∧ Emerging(indiaEconomy)
∀x (From(x, india) → From(x, bric))
∀x (From(x, china) → Chinese(x))
∀x (From(x, india) → Indian(x))
∃x (From(x, india))",India's economy is not emerging.,EmergingEconomy(india),False,590,"x (bric(x) & ~(x=china) & bric(china) & emerging(chinaeconomy))
all:x (from(x, china) :- from(x, bric))
bric(india) & emerging(indiaeconomy)
all:x (from(x, india) :- from(x, bric))
all:x (from(x, china) :- chinese(x))
all:x (from(x, india) :- indian(x))
x (from(x, india))",emergingeconomy(india)
234,103,"Palstaves are a type of early bronze axe.
Palstaves are found in northern, western, and southwestern Europe and are cast in molds.
John Evans is an archeologist who popularized the term ""palstave.""
Paalstabs are not a type of axe but rather a digging shovel.","EarlyBronzeAge(palstave) ∧ Axe(palstave)
FoundIn(palstave, northernEurope) ∨ FoundIn(palstave, westernEurope) ∨ FoundIn(palstave, southWesternEurope)) ∧ CastIn(palstave, molds)
Archeologist(johnEvans) ∧ Popularize(johnEvans, termPalstave)
¬Axe(paalstab) ∧ DiggingShovel(paalstab)",Archeologists haven't popularized anything.,"∀x ∀y (Archeologist(x) → ¬Popularize(x, y))",False,315,"earlybronzeage(palstave) & axe(palstave)
foundin(palstave, northerneurope) | foundin(palstave, westerneurope) | foundin(palstave, southwesterneurope)) & castin(palstave, molds)
archeologist(johnevans) & popularize(johnevans, termpalstave)
~axe(paalstab) & diggingshovel(paalstab)","all:x all:y (archeologist(x) :- ~popularize(x, y))"
235,346,"All professional athletes spend most of their time on sports.
All Olympic gold medal winners are professional athletes.
No full-time scientists spend the majority of their time on sports.
All Nobel physics laureates are full-time scientists.
Amy spends the most time on sports, or Amy is an Olympic gold medal winner.
If Amy is not a Nobel physics laureate, then Amy is not an Olympic gold medal winner.","∀x (ProfessionalAthlete(x) → SpendOn(x, mostOfTheirTime, sports))
∀x (OlympicGoldMedalWinner(x) → ProfessionalAthlete(x))
∀x (FullTimeScientist(x) → ¬SpendOn(x, mostOfTheirTime, sports))
∀x (NobelPhysicsLaureate(x) → FullTimeScientist(x))
SpendOn(amy, mostOfTheirTime, sports) ∨ OlympicGoldMedalWinner(amy)
¬NobelPhysicsLaureate(amy) → ¬OlympicGoldMedalWinner(amy)",Amy is neither a full-time scientist nor an Olympic gold medal winner.,¬(FullTimeScientist(amy) ∨ OlympicGoldMedalWinner(amy)),True,914,"all:x (professionalathlete(x) :- spendon(x, mostoftheirtime, sports))
all:x (olympicgoldmedalwinner(x) :- professionalathlete(x))
all:x (fulltimescientist(x) :- ~spendon(x, mostoftheirtime, sports))
all:x (nobelphysicslaureate(x) :- fulltimescientist(x))
spendon(amy, mostoftheirtime, sports) | olympicgoldmedalwinner(amy)
~nobelphysicslaureate(amy) :- ~olympicgoldmedalwinner(amy)",~(fulltimescientist(amy) | olympicgoldmedalwinner(amy))
236,82,"Lawton Park is a neighborhood in Seattle. 
All citizens of Lawton Park use the zip code 98199. 
Tom is a citizen of Lawton Park.
Daniel uses the zip code 98199. ","NeighbourhoodIn(lawtonPark, seattle)
∀x (Residentof(x, lawtonPark) → UseZipCode(x, num98199))
ResidentOf(tom, lawtonPark)
UseZipCode(daniel, num98199)",Daniel is a citizen of Lawton Park.,"ResidentOf(daniel, lawtonPark)",Uncertain,252,"neighbourhoodin(lawtonpark, seattle)
all:x (residentof(x, lawtonpark) :- usezipcode(x, num98199))
residentof(tom, lawtonpark)
usezipcode(daniel, num98199)","residentof(daniel, lawtonpark)"
237,129,"The Turing Award has been awarded to Donald Knuth, Marvin Minsky, Richard Hamming, and John McCarthy. 
Donald Knuth made contributions to the analysis of algorithms.
Marvin Minsky is recognized for his contributions to the field of artificial intelligence.
Richard Hamming researched numerical methods.
John McCarthy made contributions to the field of artificial intelligence. ","AwardedTo(turingAward, donaldKnuth) ∧ AwardedTo(turingAward, marvinMinsky) ∧ AwardedTo(turingAward, richardHamming) ∧ AwardedTo(turingAward, johnMccarthy)
ContributedTo(donaldKnuth, analysisOfAlgorithms)
ContributedTo(marvinMinsky, artificialIntelligence)
ContributedTo(richardHamming, numericalMethods)
ContributedTo(johnMccarthy, artificialIntelligence)",No Turing Award winners worked in the field of numerical methods.,"∀x (AwardedTo(turingAward, x) → ¬ContributedTo(x, numericalMethods))",False,385,"awardedto(turingaward, donaldknuth) & awardedto(turingaward, marvinminsky) & awardedto(turingaward, richardhamming) & awardedto(turingaward, johnmccarthy)
contributedto(donaldknuth, analysisofalgorithms)
contributedto(marvinminsky, artificialintelligence)
contributedto(richardhamming, numericalmethods)
contributedto(johnmccarthy, artificialintelligence)","all:x (awardedto(turingaward, x) :- ~contributedto(x, numericalmethods))"
238,157,"The party provides five kinds of fruits: strawberry, orange, blueberry, grape, and cherry.
If the fruit had the lowest remaining weight at the end of the party, then it means it was the most popular fruit.
At the end of the party, strawberries had the lowest remaining weight.
At the end of the party, the number of leftover blueberries was lower than that of cherries.
Benjamin only ate oranges and grapes at the party.","Provide(party, strawberry) ∧ Provide(party, orange) ∧ Provide(party, blueberry) ∧ Provide(party, grape) ∧ Provide(party, cherry) 
∀x (LowestWeightRemainingAt(x, endOfParty) → MostPopular(x)) 
LowestWeightRemainingAt(strawberries, endOfParty)
LowerWeightAt(blueberry, cherry, endOfParty)
Eat(benjamin, orange) ∧ Eat(benjamin, grape) ∧ ¬Eat(benjamin, blueberry) ∧ ¬Eat(benjamin, cherry) ∧ ¬Eat(benjamin, strawberry)",Benjamin ate blueberries at the party.,"Eat(blueberry, benjamin)",False,452,"provide(party, strawberry) & provide(party, orange) & provide(party, blueberry) & provide(party, grape) & provide(party, cherry) 
all:x (lowestweightremainingat(x, endofparty) :- mostpopular(x)) 
lowestweightremainingat(strawberries, endofparty)
lowerweightat(blueberry, cherry, endofparty)
eat(benjamin, orange) & eat(benjamin, grape) & ~eat(benjamin, blueberry) & ~eat(benjamin, cherry) & ~eat(benjamin, strawberry)","eat(blueberry, benjamin)"
239,60,"All buildings in New Haven are not high.
All buildings managed by Yale Housing are located in New Haven. 
All buildings in Manhattans are high. 
All buildings owned by Bloomberg are located in Manhattans. 
All buildings with the Bloomberg logo are owned by Bloomberg. 
Tower A is managed by Yale Housing.
Tower B is with the Bloomberg logo.","∀x (In(x, newHaven) → ¬High(x))
∀x (YaleHousing(x) → In(x, newHaven))
∀x (In(x, manhattan) → High(x))
∀x (Bloomberg(x) → In(x, manhattan))
∀x (BloombergLogo(x) → Bloomberg(x))
YaleHousing(tower-a)
BloombergLogo(tower-b)",Tower B is located in New Haven.,"¬In(tower-b, newHaven)",False,179,"all:x (in(x, newhaven) :- ~high(x))
all:x (yalehousing(x) :- in(x, newhaven))
all:x (in(x, manhattan) :- high(x))
all:x (bloomberg(x) :- in(x, manhattan))
all:x (bloomberglogo(x) :- bloomberg(x))
yalehousing(tower-a)
bloomberglogo(tower-b)","~in(tower-b, newhaven)"
240,416,"Some students in the class who are good at math are also good at chemistry.
All students in the class who are good at chemistry enjoy conducting experiments. 
All students in the class that enjoy conducting experiments are good at planning. 
None of the students who are good at planning failed the class.
James is a student in the class; he is either good at chemistry and failed the class, or bad at chemistry and passed the class.","∃x ∃y (StudentInTheClass(x) ∧ GoodAt(x, math) ∧ GoodAt(x, chemistry) ∧ (¬(x=y)) ∧ StudentInTheClass(y) ∧ GoodAt(y, math) ∧ GoodAt(y, chemistry))
∀x ((StudentInTheClass(x) ∧ GoodAt(x, chemistry)) → Enjoy(x, conductingExperiment))
∀x ((StudentInTheClass(x) ∧ Enjoy(x, conductingExperiment)) → GoodAt(x, planning))
∀x ((StudentInTheClass(x) ∧ GoodAt(x, planning)) → ¬Failed(x, theClass))
StudentInTheClass(james) ∧ (¬(GoodAt(james, chemistry) ⊕ Failed(james, theClass)))",James is good at planning.,"GoodAt(james, planning)",Uncertain,1169,"x y (studentintheclass(x) & goodat(x, math) & goodat(x, chemistry) & (~(x=y)) & studentintheclass(y) & goodat(y, math) & goodat(y, chemistry))
all:x ((studentintheclass(x) & goodat(x, chemistry)) :- enjoy(x, conductingexperiment))
all:x ((studentintheclass(x) & enjoy(x, conductingexperiment)) :- goodat(x, planning))
all:x ((studentintheclass(x) & goodat(x, planning)) :- ~failed(x, theclass))
studentintheclass(james) & (~(goodat(james, chemistry) ^ failed(james, theclass)))","goodat(james, planning)"
241,339,"No professional tennis umpires are professional tennis players.
If you are a World Tour player, then you are a professional tennis player.
All Grand Slam champions are World Tour players.
All Grand Slam umpires are professional tennis umpires.
Nadal is a World Tour player or a Grand Slam champion","∀x (ProfessionalTennisUmpire(x) → ¬ProfessionalTennisPlayer(x))
∀x (WorldTourPlayer(x) → ProfessionalTennisPlayer(x))
∀x (GrandSlamChampion(x) → WorldTourPlayer(x))
∀x (GrandSlamUmpire(x) → ProfessionalTennisUmpire(x))
WorldTourPlayer(nadal) ∨ GrandSlamChampion(nadal)",Nadal is neither a Grand Slam umpire nor a professional tennis umpire.,¬(GrandSlamUmpire(nadal) ∨ ProfessionalTennisUmpire(nadal)),True,890,"all:x (professionaltennisumpire(x) :- ~professionaltennisplayer(x))
all:x (worldtourplayer(x) :- professionaltennisplayer(x))
all:x (grandslamchampion(x) :- worldtourplayer(x))
all:x (grandslamumpire(x) :- professionaltennisumpire(x))
worldtourplayer(nadal) | grandslamchampion(nadal)",~(grandslamumpire(nadal) | professionaltennisumpire(nadal))
242,201,"A game is played with three stages: red stage, yellow stage, and green stage.
Each player begins at the red stage.
All players must reach the yellow stage before they can reach the green stage.
The yellow stage comes after the red stage.
All players must proceed one stage at a time.","∃x ∃y ∃y ∃w (Game(x) ∧ StageNumber(x,3) ∧ Stage(y) ∧ Stage(z) ∧ Stage(w) ∧ ¬(y=z) ∧ ¬(z=w) ∧ ¬(y=w) ∧ Red(y) ∧ Yellow(z) ∧ Green(w))
∀x (Player(x) → StartRed(x))
∀x (Player(x) ∧ ¬ReachYellow(x) → ¬ReachGreen(x))
∀x (Player(x) ∧ StartRed(x) → ReachYellow(x))
∀x (Player(x) ∧ StartRed(x) ∧ ¬ReachYellow(x) → ¬ReachGreen(x))",It is possible to move to the green stage without ever reaching the yellow stage.,∃x (Player(x) ∧ RedToGreen(x)),False,572,"x y y w (game(x) & stagenumber(x,3) & stage(y) & stage(z) & stage(w) & ~(y=z) & ~(z=w) & ~(y=w) & red(y) & yellow(z) & green(w))
all:x (player(x) :- startred(x))
all:x (player(x) & ~reachyellow(x) :- ~reachgreen(x))
all:x (player(x) & startred(x) :- reachyellow(x))
all:x (player(x) & startred(x) & ~reachyellow(x) :- ~reachgreen(x))",x (player(x) & redtogreen(x))
243,121,"Neocrepidodera Corpulentas are flea beetles or moths, or both.
Neocrepidodera Corpulentas are in the Chrysomelidae family.
There are no moths within the Chrysomelidae family.
There is a Neocrepidodera Corpulenta. ","∀x (NeocrepidoderaCorpulenta(x) → (FleaBeetle(x) ∨ Moth(x)))
∀x (NeocrepidoderaCorpulenta(x) → In(x, chrysomelidaeFamily))
∀x (In(x, chrysomelidaeFamily) → ¬Moth(x))
∃x (NeocrepidoderaCorpulenta(x))",There are no flea beetles within the Chrysomelidae family.,"∀x (FleaBeetle(x) → ¬In(x, chrysomelidaeFamily))",False,363,"all:x (neocrepidoderacorpulenta(x) :- (fleabeetle(x) | moth(x)))
all:x (neocrepidoderacorpulenta(x) :- in(x, chrysomelidaefamily))
all:x (in(x, chrysomelidaefamily) :- ~moth(x))
x (neocrepidoderacorpulenta(x))","all:x (fleabeetle(x) :- ~in(x, chrysomelidaefamily))"
244,218,"Maya would only play the violin if her fingers could never be injured. 
Volleyball players can injure their ankles, fingers, or shoulder.
Maya is a volleyball player.","Play(maya, violin) → ¬CanInjure(maya, fingers)
∀x (VolleyballPlayer(x) → (CanInjure(ankles) ∧ CanInjure(fingers) ∧ CanInjure(shoulder)))
VolleyballPlayer(maya)",Maya will not play the violin.,"¬Play(maya, violin)",True,620,"play(maya, violin) :- ~caninjure(maya, fingers)
all:x (volleyballplayer(x) :- (caninjure(ankles) & caninjure(fingers) & caninjure(shoulder)))
volleyballplayer(maya)","~play(maya, violin)"
245,193,"A La Liga soccer team ranks higher than another La Liga soccer team if it receives more points.
If there are two La Liga soccer teams and neither has more points than the other, then the team which receives more points from the games between the two teams ranks higher.
Real Madrid and Barcelona are both La Liga soccer teams.
Real Madrid received more points than Barcelona.
Neither Real Madrid nor Barcelona received more points from the games between them.","∀x ∀y (LaLigaSoccerTeam(x) ∧ LaLigaSoccerTeam(y) ∧ MorePoints(x, y) → RankHigherThan(x, y))
∀x ∀y (LaLigaSoccerTeam(x) ∧ LaLigaSoccerTeam(y) ∧ ¬MorePoints(x, y) ∧ ¬MorePoints(y, x) ∧ MorePointsInGameBetween(x, y) →  RankHigherThan(x, y))
LaLigaSoccerTeam(realMadrid) ∧ LaLigaSoccerTeam(barcelona)
MorePoints(realMadrid, barcelona)
¬MorePointsInGameBetween(realMadrid, barcelona) ∧ ¬MorePointsInGameBetween(barcelona, realMadrid)",Barcelona ranks higher than Real Madrid.,"RankHigherThan(barcelona, realMadrid)",False,551,"all:x all:y (laligasoccerteam(x) & laligasoccerteam(y) & morepoints(x, y) :- rankhigherthan(x, y))
all:x all:y (laligasoccerteam(x) & laligasoccerteam(y) & ~morepoints(x, y) & ~morepoints(y, x) & morepointsingamebetween(x, y) :-  rankhigherthan(x, y))
laligasoccerteam(realmadrid) & laligasoccerteam(barcelona)
morepoints(realmadrid, barcelona)
~morepointsingamebetween(realmadrid, barcelona) & ~morepointsingamebetween(barcelona, realmadrid)","rankhigherthan(barcelona, realmadrid)"
246,94,"Ainderby Quernhow is a village and civil parish in the Hambleton District.
Hambleton District is in North Yorkshire.
North Yorkshire is in England.
If place A is located in place B and place B is located in place C, then place A is located in place C.","Village(ainderbyQuernhow) ∧ CivilParish(ainderbyQuernhow) ∧ In(ainderbyQuernhow, hambletonDistrict)
In(hambletonDistrict, northYorkshire)
In(northYorkshire, england)
∀x ∀y ∀z ((In(x, y) ∧ In(y, z)) → In(x, z))",There is a village in England.,"∃x (Village(x) ∧ In(x, england))",True,285,"village(ainderbyquernhow) & civilparish(ainderbyquernhow) & in(ainderbyquernhow, hambletondistrict)
in(hambletondistrict, northyorkshire)
in(northyorkshire, england)
all:x all:y all:z ((in(x, y) & in(y, z)) :- in(x, z))","x (village(x) & in(x, england))"
247,113,"Roversi is an Italian surname.
Alba Roversi uses Roversi as a surname.
Paolo Roversi uses Roversi as a surname.
Roberto Roversi uses Roversi as a surname.
Paolo Roversi is a photographer.
A photographer is a professional or an amateur.","ItalianName(roversi) ∧ Surname(roversi)
UseAsSurname(albaRoversi, roversi)
UseAsSurname(paoloRoversi, roversi)
UseAsSurname(robertoRoversi, roversi)
Photographer(paoloRoversi)
∀x (Photographer(x) → Professional(x) ⊕ Amateur(x))",Paolo is an amateur photographer.,Amateur(paoloRoversi) ∧ Photographer(paoloRoversi),Uncertain,343,"italianname(roversi) & surname(roversi)
useassurname(albaroversi, roversi)
useassurname(paoloroversi, roversi)
useassurname(robertoroversi, roversi)
photographer(paoloroversi)
all:x (photographer(x) :- professional(x) ^ amateur(x))",amateur(paoloroversi) & photographer(paoloroversi)
248,265,"All Senate Republicans are elected officials.
Some elected officials are not conservatives.","∀x (SenateRepublican(x) → ElectedOfficial(x))
∃x ∃y (ElectedOfficial(x) ∧ ElectedOfficial(y) ∧ ¬Conservative(x) ∧ ¬Conservative(y) ∧ ¬(x=y))",Some conservatives are not Senate Republicans.,∃x ∃y (Conservative(x) ∧ Conservative(y) ∧ ¬SenateRepublican(x) ∧ ¬SenateRepublican(y) ∧ ¬(x=y)),Uncertain,709,"all:x (senaterepublican(x) :- electedofficial(x))
x y (electedofficial(x) & electedofficial(y) & ~conservative(x) & ~conservative(y) & ~(x=y))",x y (conservative(x) & conservative(y) & ~senaterepublican(x) & ~senaterepublican(y) & ~(x=y))
249,71,"Herodicus was a Greek physician, dietician, sophist, and gymnast.
Herodicus was born in the city of Selymbria.
Selymbria is a colony of the city-state Megara.
One of the tutors of Hippocrates was Herodicus.
Massages were recommended by Herodicus.
Some of the theories of Herodicus are considered to be the foundation of sports medicine.","Greek(herodicus) ∧ Physician(herodicus) ∧ Dietician(herodicus) ∧ Sophist(herodicus) ∧ Gymnast(herodicus)
Born(herodicus, selymbia) ∧ City(selymbia)
Colony(selymbia, megara) ∧ CityState(megara)
Tutor(herodicus, hippocrates)
Recommend(herodicus, massages)
∃x ∃y (Theory(x) ∧ From(x, herodicus) ∧ FoundationOf(x, sportsMedicine) ∧ (¬(x=y)) ∧ Theory(y) ∧ From(y, herodicus) ∧ FoundationOf(y, sportsMedicine))",Herodicus did not recommend massages.,"¬Recommend(herodicus, massages)",False,216,"greek(herodicus) & physician(herodicus) & dietician(herodicus) & sophist(herodicus) & gymnast(herodicus)
born(herodicus, selymbia) & city(selymbia)
colony(selymbia, megara) & citystate(megara)
tutor(herodicus, hippocrates)
recommend(herodicus, massages)
x y (theory(x) & from(x, herodicus) & foundationof(x, sportsmedicine) & (~(x=y)) & theory(y) & from(y, herodicus) & foundationof(y, sportsmedicine))","~recommend(herodicus, massages)"
250,364,"If people in this neighborhood visit a coffee shop regularly, then they are addicted to coffee. 
People in this neighborhood visit a coffee shop regularly or order takeout at least once a day.
If people in this neighborhood make a lot of their own food at home using recipes and online guides, then they order takeout at least once a day.
If people in this neighborhood own at least one coffeemaker and one blender in their home, then they do not order takeout at least once a day.
All people in this neighborhood who lead very busy lives that include 12-hour work hours make a lot of their own food at home using recipes and online guides.
Sam is living in this neighborhood, and he is either addicted to coffee or other caffeinated drinks and leads a very busy life that include 12-hour work hours, or is not addicted to coffee and does not lead a very busy life that include 12-hour work hours","∀x (In(x, thisNeighborhood) ∧ VisitRegularly(x, coffeeShop) → AddictedTo(x, coffee))
∀x (In(x, thisNeighborhood) → (VisitRegularly(x, coffeeShop) ∨ (∃y (TakeOut(y) ∧ Order(x, y, aDay))))
∀x (In(x, thisNeighborhood) ∧ MakeAtUsing(x, home, ownFood, recipe) → ∃y (TakeOut(y) ∧ Order(x, y)))
∀x (In(x, thisNeighborhood) ∧ ∃y (CoffeemakerAndBlender(y) ∧ Own(x, y)) → ¬OrderAtLeastOnceADay(x, takeout))
∀x (In(x, thisNeighborhood) ∧ BusyWith(x, 12HourWorkHour) → MakeAtUsing(x, home, ownFood, recipe))
In(sam, thisNeighborhood) ∧ ¬(AddictedTo(sam, coffee) ⊕ BusyWith(sam, 12HourWorkHour))",Sam is living in this neighborhood and he owns at least one coffeemaker and one blender in his home or orders takeout at least once a day.,"(∃y (CoffeemakerAndBlender(y) ∧ Own(sam, y)) ∨ (∃y (TakeOut(y) ∧ Order(sam, y, aDay)))",True,969,"all:x (in(x, thisneighborhood) & visitregularly(x, coffeeshop) :- addictedto(x, coffee))
all:x (in(x, thisneighborhood) :- (visitregularly(x, coffeeshop) | (y (takeout(y) & order(x, y, aday))))
all:x (in(x, thisneighborhood) & makeatusing(x, home, ownfood, recipe) :- y (takeout(y) & order(x, y)))
all:x (in(x, thisneighborhood) & y (coffeemakerandblender(y) & own(x, y)) :- ~orderatleastonceaday(x, takeout))
all:x (in(x, thisneighborhood) & busywith(x, 12hourworkhour) :- makeatusing(x, home, ownfood, recipe))
in(sam, thisneighborhood) & ~(addictedto(sam, coffee) ^ busywith(sam, 12hourworkhour))","(y (coffeemakerandblender(y) & own(sam, y)) | (y (takeout(y) & order(sam, y, aday)))"
251,433,"There are no buildings in New Haven higher than 400 meters. 
All buildings managed by Yale Housing are in New Haven. 
All Manhattan skyscrapers are higher than 400 meters. 
All buildings owned by Bloomberg are in Manhattan. 
All buildings with the Bloomberg logo are buildings owned by Bloomberg. 
Tower A is neither a building in New Haven nor a skyscraper in Manhattan.
Tower B is a skyscraper building in Manhattan with a Bloomberg logo. ","∀x ((Buildings(x) ∧ In(x, newHaven)) → ¬HigherThan(x, num400))
∀x ((Buildings(x) ∧ ManagedBy(x, yaleHousing)) → In(x, newHaven))
∀x ((Buildings(x) ∧ Skyscraper(x) ∧ In(x, manhattan)) → HigherThan(x, num400))
∀x ((Buildings(x) ∧ OwnedBy(x, bloomberg)) → Skyscraper(x) ∧ In(x, manhattan))
∀x ((Buildings(x) ∧ HasLogo(x, bloomberg)) → OwnedBy(x, bloomberg))
Buildings(towerA) ∧ (¬InNewHaven(towerA)) ∧ (¬ManhattanSkyscraper(towerA))
Buildings(towerB) ∧ HasLogo(towerB, bloomberg) ∧ Skyscraper(towerB) ∧ In(towerB, manhattan)",Tower A is higher than 400 meters.,"HigherThan(towerA, num400)",Uncertain,1235,"all:x ((buildings(x) & in(x, newhaven)) :- ~higherthan(x, num400))
all:x ((buildings(x) & managedby(x, yalehousing)) :- in(x, newhaven))
all:x ((buildings(x) & skyscraper(x) & in(x, manhattan)) :- higherthan(x, num400))
all:x ((buildings(x) & ownedby(x, bloomberg)) :- skyscraper(x) & in(x, manhattan))
all:x ((buildings(x) & haslogo(x, bloomberg)) :- ownedby(x, bloomberg))
buildings(towera) & (~innewhaven(towera)) & (~manhattanskyscraper(towera))
buildings(towerb) & haslogo(towerb, bloomberg) & skyscraper(towerb) & in(towerb, manhattan)","higherthan(towera, num400)"
252,443,"Some teachers who work at pools are not nice.
All teachers working at pools are pool managers.
All pool managers are lifeguards.
If someone is a lifeguard, then they work at a pool.
Mary does not work at a pool.","∃x (Teacher(x) ∧ WorkAt(x, pool) ∧ ¬Nice(x))
∀x (Teacher(x) ∧ WorkAt(x, pool) → PoolManager(x))
∀x (PoolManager(x) → Lifeguard(x))
∀x (Lifeguard(x) → WorkAt(x, pool))
¬WorkAt(mary, pool)",Mary is nice.,Nice(mary),Uncertain,1274,"x (teacher(x) & workat(x, pool) & ~nice(x))
all:x (teacher(x) & workat(x, pool) :- poolmanager(x))
all:x (poolmanager(x) :- lifeguard(x))
all:x (lifeguard(x) :- workat(x, pool))
~workat(mary, pool)",nice(mary)
253,309,"Tipped employees are not entitled to be paid the federal minimum wage by their employees. 
If a person is a white-collar worker, they are entitled to be paid the federal minimum wage by their employees. 
All lawyers are white-collar workers.
Every advocate is a lawyer.
Mary is not a lawyer or a tipped employee.","∀x (TippedEmployee(x) → ¬EntitledTo(x, federalMinimumWage))
∀x (WhiteCollarWorker(x) → EntitledTo(x, federalMinimumWage))
∀x (Lawyer(x) → WhiteCollarWorker(x))
∀x (Advocate(x) → Lawyer(x))
¬(Lawyer(mary) ⊕ TippedEmployee(mary))","If Mary is either an advocate or a tipped employee, she is an advocate.",(Advocate(mary) ⊕ TippedEmployee(mary)) → Advocate(mary),True,769,"all:x (tippedemployee(x) :- ~entitledto(x, federalminimumwage))
all:x (whitecollarworker(x) :- entitledto(x, federalminimumwage))
all:x (lawyer(x) :- whitecollarworker(x))
all:x (advocate(x) :- lawyer(x))
~(lawyer(mary) ^ tippedemployee(mary))",(advocate(mary) ^ tippedemployee(mary)) :- advocate(mary)
254,215,"Adam owns cars.
Adam has a favorite car.
Among the cars he owns, Adam's favorite car is European.
Adam broke his favorite car.","∃x∃y (Car(x) ∧ Car(y) ∧ (x≠y) ∧ Owns(adam, x)) 
∃x (Car(x) ∧ Favorite(adam, x))
∀x ((Car(x) ∧ Owns(adam, x) ∧ Favorite(adam, x)) → European(x))
∀x ((Car(x) ∧ Owns(adam, x) ∧ Favorite(adam, x)) → Broke(adam, x))",Adam broke a European car.,"∃x (European(x) ∧ Broke(adam, x))",True,616,"xy (car(x) & car(y) & (x≠y) & owns(adam, x)) 
x (car(x) & favorite(adam, x))
all:x ((car(x) & owns(adam, x) & favorite(adam, x)) :- european(x))
all:x ((car(x) & owns(adam, x) & favorite(adam, x)) :- broke(adam, x))","x (european(x) & broke(adam, x))"
255,173,"Detroit City is a horse.
Some horses are racehorses.
If a horse falls in a race, it poses risks to its rider.
Detroit City fell in a race.
A horse is a racehorse if it is in a race.","Horse(detroitcity)
∃x (Horse(x) ∧ Racehorse(x))
∀x (Horse(x) ∧ InRace(x) ∧ Falls(x) → PoseRiskTo(x, rider))
InRace(detroitcity) ∧ Fall(detroitcity)
∀x (Horse(x) ∧ InRace(x) → Racehorse(x))",Detroit City is a racehorse.,Racehorse(detroitcity),True,499,"horse(detroitcity)
x (horse(x) & racehorse(x))
all:x (horse(x) & inrace(x) & falls(x) :- poseriskto(x, rider))
inrace(detroitcity) & fall(detroitcity)
all:x (horse(x) & inrace(x) :- racehorse(x))",racehorse(detroitcity)
256,31,"Naive cynicism was proposed by Justin Kruger and a colleague.
Thomas Gilovich is a colleague of Justin Kruger. 
Naive cynicism is a philosophy of mind.","Proposed(justinKruger, naiveCynicism) ∧ ∃y (colleagueOfJustinKruger(y) ∧ Proposed(y, naiveCynicism))
Colleagues(thomasGilovich, justinKruger)
PhilosophyOfMind(naiveCynicism)",Justin Kruger proposed a philosophy of mind.,"∃x (Proposed(justinKruger, x) ∧ PhilosophyOfMind(x))",True,90,"proposed(justinkruger, naivecynicism) & y (colleagueofjustinkruger(y) & proposed(y, naivecynicism))
colleagues(thomasgilovich, justinkruger)
philosophyofmind(naivecynicism)","x (proposed(justinkruger, x) & philosophyofmind(x))"
257,381,"All people who attend Renaissance fairs regularly enjoy dressing up in old-fashioned and historical period clothing.
If people are fascinated by the history of the Renaissance and other past eras, then they attend Renaissance fairs regularly.
People are fascinated by the history of the Renaissance and other past eras, or they are contemporary academics who enjoy learning.
People who are focused on futuristic and vocational subjects are contemporary academics who enjoy learning.
If people are professors who take a historical approach, then they are not contemporary academics who enjoy learning.
If Clyde is not focused on futuristic and voctional subjects, then he is neither focused on futuristic and vocational subjects nor enjoys dressing up in old-fashioned and historical period clothing.","∀x (AttendRegularly(x, renaissanceFair) → Enjoy(x, dressingUp, oldFashionedClothing) ∧ Enjoy(x, dressingUp, historicalPeriodClothing))
∀x (FascinatedBy(x, historyOfRenaissance) → AttendRegularly(x, renaissanceFair))
∀x (FascinatedBy(x, historyOfRenaissance) ⊕ (ContemporaryAcademic(x) ∧ Enjoy(x, learning)))
∀x (FocusedOn(x, futuristicSubject) ∧ FocusedOn(x, vocationalSubject) → ContemporaryAcademic(x) ∧ Enjoy(x, learning))
∀x (Professor(x) ∧ Take(x, historicalApproach) → ¬(ContemporaryAcademic(x) ∧ Enjoy(x, learning)))
¬(FocusedOn(clyde, futuristicSubject) ∧ FocusedOn(clyde, vocationalSubject))→ ¬(FocusedOn(clyde, futuristicSubject) ∧ FocusedOn(clyde, vocationalSubject) ∨ (Enjoy(clyde, dressingUp, oldFashionedClothing) ∧ Enjoy(clyde, dressingUp, historicalPeriodClothing)))",Clyde is a professor who takes a historical approach.,"Professor(clyde) ∧ Take(clyde, historicalApproach)",False,1018,"all:x (attendregularly(x, renaissancefair) :- enjoy(x, dressingup, oldfashionedclothing) & enjoy(x, dressingup, historicalperiodclothing))
all:x (fascinatedby(x, historyofrenaissance) :- attendregularly(x, renaissancefair))
all:x (fascinatedby(x, historyofrenaissance) ^ (contemporaryacademic(x) & enjoy(x, learning)))
all:x (focusedon(x, futuristicsubject) & focusedon(x, vocationalsubject) :- contemporaryacademic(x) & enjoy(x, learning))
all:x (professor(x) & take(x, historicalapproach) :- ~(contemporaryacademic(x) & enjoy(x, learning)))
~(focusedon(clyde, futuristicsubject) & focusedon(clyde, vocationalsubject)):- ~(focusedon(clyde, futuristicsubject) & focusedon(clyde, vocationalsubject) | (enjoy(clyde, dressingup, oldfashionedclothing) & enjoy(clyde, dressingup, historicalperiodclothing)))","professor(clyde) & take(clyde, historicalapproach)"
258,326,"Some soccer defenders are center-backs.
All soccer defenders are soccer players.
No soccer players are professional basketball players.
All NBA players are professional basketball players.
Stephen Curry is an NBA player.","∃x (ProfessionalSoccerDefender(x) ∧ ProfessionalCenterback(x))
∀x (ProfessionalSoccerDefender(x) → ProfessionalSoccerPlayer(x))
∀x (ProfessionalSoccerPlayer(x) → ¬ProfessionalBasketballPlayer(x)))
∀x (NBAPlayer(x) → ProfessionalBasketballPlayer(x))
NBAPlayer(stephencurry)",Stephen Curry is not both a centerback and a soccer defender.,¬(ProfessionalCenterback(stephenCurry) ∧ ProfessionalSoccerDefender(stephenCurry)),False,835,"x (professionalsoccerdefender(x) & professionalcenterback(x))
all:x (professionalsoccerdefender(x) :- professionalsoccerplayer(x))
all:x (professionalsoccerplayer(x) :- ~professionalbasketballplayer(x)))
all:x (nbaplayer(x) :- professionalbasketballplayer(x))
nbaplayer(stephencurry)",~(professionalcenterback(stephencurry) & professionalsoccerdefender(stephencurry))
259,309,"Tipped employees are not entitled to be paid the federal minimum wage by their employees. 
If a person is a white-collar worker, they are entitled to be paid the federal minimum wage by their employees. 
All lawyers are white-collar workers.
Every advocate is a lawyer.
Mary is not a lawyer or a tipped employee.","∀x (TippedEmployee(x) → ¬EntitledTo(x, federalMinimumWage))
∀x (WhiteCollarWorker(x) → EntitledTo(x, federalMinimumWage))
∀x (Lawyer(x) → WhiteCollarWorker(x))
∀x (Advocate(x) → Lawyer(x))
¬(Lawyer(mary) ⊕ TippedEmployee(mary))",Mary is either an advocate or a tipped employee.,Advocate(mary) ⊕ TippedEmployee(mary),False,767,"all:x (tippedemployee(x) :- ~entitledto(x, federalminimumwage))
all:x (whitecollarworker(x) :- entitledto(x, federalminimumwage))
all:x (lawyer(x) :- whitecollarworker(x))
all:x (advocate(x) :- lawyer(x))
~(lawyer(mary) ^ tippedemployee(mary))",advocate(mary) ^ tippedemployee(mary)
260,224,"Rhos Aelwyd F.C. is a Welsh football club.
Rhos Aelwyd F.C. is the only football club located in Ponciau. 
The Premier Division was won in June 2005 by a team from Ponciau. 
The winner of the Premier Division in October 2009 was promoted to the Cymru Alliance.
The Premier Division in October 2009 was won by the same team that won in June 2005. ","∀x (Rhosaelwydfc(x) → FootballClub(x) ∧ Welsh(x))
∀x (FootballClub(x) ∧ LocatedIn(x, ponciau) ↔ Rhosaelwydfc(x))
∃x (LocatedIn(x, ponciau) ∧ WonPremierDivisionDuring(x, year2005MonthJune))
∀x (WonPremierDivisionDuring(x, year2009MonthOctober) → PromotedTo(x, cymruAlliance))
∀x (WonPremierDivisionDuring(x, year2009MonthOctober) ↔ WonPremierDivisionDuring(x, y2005MonthJune))",Rhos Aelwyd F.C. won Premier Division in June 2005.,"∃x (Rhosaelwydfc(x) ∧ WonPremierDivisionDuring(x, year2005MonthJune))",True,632,"all:x (rhosaelwydfc(x) :- footballclub(x) & welsh(x))
all:x (footballclub(x) & locatedin(x, ponciau) ↔ rhosaelwydfc(x))
x (locatedin(x, ponciau) & wonpremierdivisionduring(x, year2005monthjune))
all:x (wonpremierdivisionduring(x, year2009monthoctober) :- promotedto(x, cymrualliance))
all:x (wonpremierdivisionduring(x, year2009monthoctober) ↔ wonpremierdivisionduring(x, y2005monthjune))","x (rhosaelwydfc(x) & wonpremierdivisionduring(x, year2005monthjune))"
261,429,"None of the easy Leetcode problems have an AC rate lower than 20 percent. 
All Leetcode problems recommended to novices are easy. 
Leetcode problems either have an AC rate lower than 20 percent or are starred by more than 1 thousand users. 
All hard Leetcode problems are starred by more than 1,000 users. 
No Leetcode problems published after 2022 are starred by more than 1,000 users. 
'2Sum' is not both hard and also recommended to novices.
'4Sum' is either starred by more than 1,000 users and published after 2022, or it is neither. ","∀x ((LeetcodeProblems(x) ∧ Easy(x)) → ¬HaveAnACRateLowerThan(x, percent20))
∀x ((LeetcodeProblems(x) ∧ RecommendedTo(x, novices)) → Easy(x))
∀x (LeetcodeProblems(x) → HaveAnACRateLowerThan(x, percent20) ⊕ StarredByMoreThan(x, num1000))
∀x ((LeetcodeProblems(x) ∧ Hard(x)) → StarredByMoreThan(x, num1000))
∀x ((LeetcodeProblems(x) ∧ PublishedAfter(x, yr2022)) → (¬StarredByMoreThan(x, num1000)))
¬(RecommendedTo(twosum, novices) ∧ Hard(twosum)) ∧ LeetcodeProblems(twosum)
¬(StarredByMoreThan(foursum, num1000) ⊕ PublishedAfter(foursum, yr2022)) ∧ LeetcodeProblems(twosum)",2Sum is an easy Leetcode problem.,LeetcodeProblems(twosum) ∧ Easy(twosum),Uncertain,1219,"all:x ((leetcodeproblems(x) & easy(x)) :- ~haveanacratelowerthan(x, percent20))
all:x ((leetcodeproblems(x) & recommendedto(x, novices)) :- easy(x))
all:x (leetcodeproblems(x) :- haveanacratelowerthan(x, percent20) ^ starredbymorethan(x, num1000))
all:x ((leetcodeproblems(x) & hard(x)) :- starredbymorethan(x, num1000))
all:x ((leetcodeproblems(x) & publishedafter(x, yr2022)) :- (~starredbymorethan(x, num1000)))
~(recommendedto(twosum, novices) & hard(twosum)) & leetcodeproblems(twosum)
~(starredbymorethan(foursum, num1000) ^ publishedafter(foursum, yr2022)) & leetcodeproblems(twosum)",leetcodeproblems(twosum) & easy(twosum)
262,450,"Those who can fly over a vast distance glide in the air. 
Flightless birds cannot fly over a vast distance. 
Penguins are flightless birds. 
Nonflying birds in Antarctica are penguins. 
Fido is a penguin, or flies over a vast distance. ","∀x (FlyOver(x, vastDistance) → GlideInAir(x))
∀x (Flightless(x) ∧ Bird(x) → ¬FlyOver(x, vastDistance))
∀x (Penguin(x) → Flightless(x) ∧ Bird(x))
∀x (NonFlying(x) ∧ Bird(x) ∧ In(x, antarctica) → Penguin(x))
Penguin(fido) ∨ FlyOver(fido, vastDistance)","Fido is not a nonflying bird in Antarctica, and he cannot glid in the air.","¬(NonFlying(fido) ∧ Bird(fido) ∧ In(fido, antarctica)) ∧ ¬GlideInAir(fido)",False,1296,"all:x (flyover(x, vastdistance) :- glideinair(x))
all:x (flightless(x) & bird(x) :- ~flyover(x, vastdistance))
all:x (penguin(x) :- flightless(x) & bird(x))
all:x (nonflying(x) & bird(x) & in(x, antarctica) :- penguin(x))
penguin(fido) | flyover(fido, vastdistance)","~(nonflying(fido) & bird(fido) & in(fido, antarctica)) & ~glideinair(fido)"
263,11,"Walter Folger Brown was an American politician and lawyer who served as the postmaster general.
Walter Folger Brown graduated from Harvard University with a Bachelor of Arts.
While they were both in Toledo, Walter Folger Brown's father practiced law with Walter Folger Brown.
Katherin Hafer married Walter Folger Brown.","AmericanPolitician(walterBrown) ∧ Lawyer(walterBrown) ∧ ServedAs(walterBrown, postMasterGeneral)
Graduated(walterBrown, harvard) ∧ GraduatedWith(walterBrown, bachelorsOfArt)
∃t(In(walterBrown, toledo, t) ∧ In(walterBrownFather, toledo, t) ∧ PracticedLawTogether(walterBrown, walterBrownFather, t))
Married(katherinHafer, walterBrown)",Walter Folger Brown's father was in Toledo.,"∃t(In(walterBrownFather, toledo, t))",True,30,"americanpolitician(walterbrown) & lawyer(walterbrown) & servedas(walterbrown, postmastergeneral)
graduated(walterbrown, harvard) & graduatedwith(walterbrown, bachelorsofart)
t(in(walterbrown, toledo, t) & in(walterbrownfather, toledo, t) & practicedlawtogether(walterbrown, walterbrownfather, t))
married(katherinhafer, walterbrown)","t(in(walterbrownfather, toledo, t))"
264,88,"Bernarda Bryson Shahn was a painter and lithographer.
Bernarda Bryson Shahn was born in Athens, Ohio. 
Bernarda Bryson Shahn was married to Ben Shahn.
People born in Athens, Ohio, are Americans.","Painter(bernardaBrysonShahn) ∧ Lithographer(bernardaBrysonShahn) 
BornIn(bernardaBrysonShahn, athensOhio)
MarriedTo(bernardaBrysonShahn, benShahn)
∀x (BornIn(x, athensOhio) → American(x))",Bernarda Bryson Shahn was American.,American(bernardaBrysonShahn),True,268,"painter(bernardabrysonshahn) & lithographer(bernardabrysonshahn) 
bornin(bernardabrysonshahn, athensohio)
marriedto(bernardabrysonshahn, benshahn)
all:x (bornin(x, athensohio) :- american(x))",american(bernardabrysonshahn)
265,68,"Lana Wilson directed After Tiller, The Departure, and Miss Americana.
If a film is directed by a person, the person is a filmmaker.
After Tiller is a documentary.
The documentary is a type of film.
Lana Wilson is from Kirkland.
Kirkland is a US city.
If a person is from a city in a country, the person is from the country.
After Tiller is nominated for the Independent Spirit Award for Best Documentary.","DirectedBy(afterTiller, lanaWilson) ∧ DirectedBy(theDeparture, lanaWilson) ∧ DirectedBy(missAmericana, lanaWilson)
∀x ∀y (DirectedBy(x, y) → Filmmaker(y))
Documentary(afterTiller)
∀x (Documentary(x) → Film(x))
From(lanaWilson, kirkland)
In(kirkland, unitedStates)
∀x ∀y ∀z ((From(x, y) ∧ In(y, z)) → From(x, z))
Nomination(afterTiller, theIndependentSpiritAwardForBestDocumentary)",Lana Wilson is a US filmmaker.,"From(lanaWilson, unitedStates) ∧ Filmmaker(lanaWilson)",True,201,"directedby(aftertiller, lanawilson) & directedby(thedeparture, lanawilson) & directedby(missamericana, lanawilson)
all:x all:y (directedby(x, y) :- filmmaker(y))
documentary(aftertiller)
all:x (documentary(x) :- film(x))
from(lanawilson, kirkland)
in(kirkland, unitedstates)
all:x all:y all:z ((from(x, y) & in(y, z)) :- from(x, z))
nomination(aftertiller, theindependentspiritawardforbestdocumentary)","from(lanawilson, unitedstates) & filmmaker(lanawilson)"
266,226,"William Dickinson was a British politician who sat in the House of Commons
William Dickinson attended Westminster school for high school and then the University of Edinburgh.
The University of Edinburgh is a university located in the United Kingdom.
William Dickinson supported the Portland Whigs.
People who supported the Portland Whigs did not get a seat in the Parliament.","British(williamDickinson) ∧ Politician(williamDickinson) ∧ SatIn(williamDickinson, houseOfCommons)
Attended(williamDickinson, westminsterSchool) ∧ Highschool(westminsterSchool) ∧ Attended(williamDickinson, universityOfEdinburgh)
University(universityOfEdinburgh) ∧ LocatedIn(universityOfEdinburgh, unitedKingdom)
Supported(williamDickinson, portlandWhigs)
∀x (Supported(x, portlandWhigs) → ¬SatIn(x, parliament))",William Dickinson attended university in the United Kingdom.,"∃x (Attended(williamDickinson, x) ∧ University(x) ∧ LocatedIn(x, unitedKingdom))",True,638,"british(williamdickinson) & politician(williamdickinson) & satin(williamdickinson, houseofcommons)
attended(williamdickinson, westminsterschool) & highschool(westminsterschool) & attended(williamdickinson, universityofedinburgh)
university(universityofedinburgh) & locatedin(universityofedinburgh, unitedkingdom)
supported(williamdickinson, portlandwhigs)
all:x (supported(x, portlandwhigs) :- ~satin(x, parliament))","x (attended(williamdickinson, x) & university(x) & locatedin(x, unitedkingdom))"
267,482,"If someone in Potterville yells, then they are not cool.
If someone in Potterville is angry, then they yell.
If someone in Potterville flies, then they are cool.
Every person in Potterville that knows magic flies.
All wizards in Potterville know magic.
Harry, who lives in Potterville either yells or flies. 
Potter, who lives in Potterville, is a wizard and flies.","∀x (In(x, potterville) ∧ Yell(x) → ¬Cool(x))
∀x (In(x, potterville) ∧ Angry(x) → Yell(x))
∀x (In(x, potterville) ∧ Fly(x) → Cool(x))
∀x (In(x, potterville) ∧ Know(x, magic) → Fly(x))
∀x (In(x, potterville) ∧ Wizard(x) → Know(x, magic))
In(harry, potterville) ∧ (Yell(harry) ⊕ Fly(harry))
Wizard(potter) ∧ Fly(potter)",Harry is cool.,Cool(harry),Uncertain,1406,"all:x (in(x, potterville) & yell(x) :- ~cool(x))
all:x (in(x, potterville) & angry(x) :- yell(x))
all:x (in(x, potterville) & fly(x) :- cool(x))
all:x (in(x, potterville) & know(x, magic) :- fly(x))
all:x (in(x, potterville) & wizard(x) :- know(x, magic))
in(harry, potterville) & (yell(harry) ^ fly(harry))
wizard(potter) & fly(potter)",cool(harry)
268,407,"No touring musicians who perform at the New Haven Symphony Orchestra are permanent members of the orchestra.
Musicians who perform at the New Haven Symphony Orchestra are permanent members of an orchestra, or they have temporary roles at the orchestra.
All touring musicians who perform at the New Haven Symphony Orchestra have temporary roles at the orchestra.
All musicians performing at the New Haven Symphony Orchestra who have temporary roles at the orchestra are interesting soloists.
All musicians performing at New Haven Symphony Orchestra who are interesting soloists are capable of attracting audiences.
Ryan is performing at New Haven Symphony Orchestra.
If Ryan is an interesting soloist and has a temporary role at the orchestra, then he is capable of attracting large audiences if and only if he is a touring soloist musician. ","∀x ((PerformAt(x, newHavenSymphonyOrchestra) ∧ TouringMusician(x)) → ¬PermanentMemberOf(x, theOrchestra))
∀x (PerformAt(x, newHavenSymphonyOrchestra) → (PermanentMemberOf(x, theOrchestra) ∨ HaveTemporaryRoleAt(x, theOrchestra)))
∀x ((PerformAt(x, newHavenSymphonyOrchestra) ∧ TouringMusicians(x)) → HaveTemporaryRoleAt(x, theOrchestra))
∀x ((PerformAt(x, newHavenSymphonyOrchestra) ∧ HaveTemporaryRoleAt(x, theOrchestra)) → InterestingSoloist(x))
∀x ((PerformAt(x, newHavenSymphonyOrchestra) ∧ InterestingSoloist(x)) → CapableOfAttractingAudiences(x))
PerformAt(ryan, newHavenSymphonyOrchestra)
(InterestingSoloist(ryan) ∧ HaveTemporaryRoleAt(ryan, theOrchestra)) → ¬(TouringMusician(ryan) ⊕ CapableOfAttractingAudiences(ryan))",Ryan is either a permanent member of an orchestra or has a temporary role at the orchestra.,"(PermanentMemberOf(ryan, orchestra) ⊕ HaveTemporaryRoleAt(ryan, orchestra))",True,1132,"all:x ((performat(x, newhavensymphonyorchestra) & touringmusician(x)) :- ~permanentmemberof(x, theorchestra))
all:x (performat(x, newhavensymphonyorchestra) :- (permanentmemberof(x, theorchestra) | havetemporaryroleat(x, theorchestra)))
all:x ((performat(x, newhavensymphonyorchestra) & touringmusicians(x)) :- havetemporaryroleat(x, theorchestra))
all:x ((performat(x, newhavensymphonyorchestra) & havetemporaryroleat(x, theorchestra)) :- interestingsoloist(x))
all:x ((performat(x, newhavensymphonyorchestra) & interestingsoloist(x)) :- capableofattractingaudiences(x))
performat(ryan, newhavensymphonyorchestra)
(interestingsoloist(ryan) & havetemporaryroleat(ryan, theorchestra)) :- ~(touringmusician(ryan) ^ capableofattractingaudiences(ryan))","(permanentmemberof(ryan, orchestra) ^ havetemporaryroleat(ryan, orchestra))"
269,296,"Some fears lead to anxiety.
Some anxiety leads to terror.","∃x ∃y (Fear(x) ∧ Anxiety(y) ∧ LeadTo(x, y) ∧ ¬(x=y))
∃x ∃y (Anxiety(x) ∧ Terror(y) ∧ LeadTo(x, y))",No fears lead to terror.,"∀x ∀y (Fear(x) → ¬(Terror(y) ∧ LeadTo(x, y)))",Uncertain,740,"x y (fear(x) & anxiety(y) & leadto(x, y) & ~(x=y))
x y (anxiety(x) & terror(y) & leadto(x, y))","all:x all:y (fear(x) :- ~(terror(y) & leadto(x, y)))"
270,116,"WeTab is a MeeGo-based tablet computer.
WeTab was announced by Neofonie.
Neofonie is a German producer.
Germans live in Germany or abroad. ","MeeGoBased(weTab) ∧ TabletComputer(weTab)
∀x (AnnouncedBy(weTab, neofonie))
German(neofonie) ∧ Producer(neofonie)
∀x (German(x) → LiveIn(x, german) ⊕ LiveAbroad(x))",There is a tablet computer announced by a German producer.,"∃x ∃y (TabletComputer(x) ∧ German(y) ∧ Producer(y) ∧ AnnouncedBy(x, y))",True,350,"meegobased(wetab) & tabletcomputer(wetab)
all:x (announcedby(wetab, neofonie))
german(neofonie) & producer(neofonie)
all:x (german(x) :- livein(x, german) ^ liveabroad(x))","x y (tabletcomputer(x) & german(y) & producer(y) & announcedby(x, y))"
271,10,"Thick as Thieves is a young adult fantasy novel written by Megan Whalen Turner.
Thick as Thieves was published by Greenwillow Books.
If a book was published by a company, then the author of that book worked with the company that published the book.
The fictional Mede Empire is where Thick as Thieves is set.
The Mede Empire plots to swallow up some nearby countries.
Attolia and Sounis are countries near the Mede Empire.
Thick as Thieves was sold both as a hardcover and an e-book.","YoungAdultFantasy(thickAsTheives) ∧ Novel(thickAsTheives) ∧ WrittenBy(thickAsTheives, meganWhalenTurner)
PublishedBy(thickAsTheives, greenWillowBooks)
∀x ∀y ∀z ((WrittenBy(x, y) ∧ PublishedBy(x, z)) → WorkedWith(y, z))
Fictional(medeEmpire) ∧ SetIn(thickAsTheives, medeEmpire)
∃x ∃y ((Country(x) ∧ Near(x, medeEmpire) ∧ PlotsToSwallowUp(medeEmpire, x)) ∧ (¬(x=y) ∧ Near(y, medeEmpire) ∧ PlotsToSwallowUp(medeEmpire, y)))
Country(attolia) ∧ Near(attolia, medeEmpire) ∧ Country(sounis) ∧ Near(sounis, medeEmpire)
SoldAs(thickAsTheives, hardCover) ∧ SoldAs(thickAsTheives, softCover)",Megan Whalen Turner did not work with Greenwillow Books.,"¬WorkedWith(megan, greenWillowbooks)",False,28,"youngadultfantasy(thickastheives) & novel(thickastheives) & writtenby(thickastheives, meganwhalenturner)
publishedby(thickastheives, greenwillowbooks)
all:x all:y all:z ((writtenby(x, y) & publishedby(x, z)) :- workedwith(y, z))
fictional(medeempire) & setin(thickastheives, medeempire)
x y ((country(x) & near(x, medeempire) & plotstoswallowup(medeempire, x)) & (~(x=y) & near(y, medeempire) & plotstoswallowup(medeempire, y)))
country(attolia) & near(attolia, medeempire) & country(sounis) & near(sounis, medeempire)
soldas(thickastheives, hardcover) & soldas(thickastheives, softcover)","~workedwith(megan, greenwillowbooks)"
272,476,"All phones are things.
All cell phones are phones. 
All iPhones are cell phones. 
All employees are wage earners.
All wage earners are human. 
Jack is either an employee or a wage earner.
Jack is either a human or a phone.","∀x (Phone(x) → Thing(x))
∀x (Cellphone(x) → Phone(x))
∀x (Iphone(x) → Cellphone(x))
∀x (Employee(x) → WageEarner(x))
∀x (WageEarner(x) → Human(x))
Employee(jack) ⊕ WageEarner(jack) 
Human(jack) ⊕ Phone(jack)",Jack is a thing and an iPhone.,Thing(jack) ∧ Iphone(jack),False,1383,"all:x (phone(x) :- thing(x))
all:x (cellphone(x) :- phone(x))
all:x (iphone(x) :- cellphone(x))
all:x (employee(x) :- wageearner(x))
all:x (wageearner(x) :- human(x))
employee(jack) ^ wageearner(jack) 
human(jack) ^ phone(jack)",thing(jack) & iphone(jack)
273,278,"The bottle not falling is either standing upright or toppled over. 
The bottle not falling is not standing upright.","¬Falling(bottle) → (Upright(bottle) ⊕ ToppledOver(bottle))
¬Falling(bottle) → ¬Upright(bottle)",The bottle not falling is toppled over.,¬Falling(bottle) → ToppleOver(bottle),True,722,"~falling(bottle) :- (upright(bottle) ^ toppledover(bottle))
~falling(bottle) :- ~upright(bottle)",~falling(bottle) :- toppleover(bottle)
274,482,"If someone in Potterville yells, then they are not cool.
If someone in Potterville is angry, then they yell.
If someone in Potterville flies, then they are cool.
Every person in Potterville that knows magic flies.
All wizards in Potterville know magic.
Harry, who lives in Potterville either yells or flies. 
Potter, who lives in Potterville, is a wizard and flies.","∀x (In(x, potterville) ∧ Yell(x) → ¬Cool(x))
∀x (In(x, potterville) ∧ Angry(x) → Yell(x))
∀x (In(x, potterville) ∧ Fly(x) → Cool(x))
∀x (In(x, potterville) ∧ Know(x, magic) → Fly(x))
∀x (In(x, potterville) ∧ Wizard(x) → Know(x, magic))
In(harry, potterville) ∧ (Yell(harry) ⊕ Fly(harry))
Wizard(potter) ∧ Fly(potter)",Harry is neither a wizard nor angry.,¬Wizard(harry) ∧ ¬Angry(harry),True,1409,"all:x (in(x, potterville) & yell(x) :- ~cool(x))
all:x (in(x, potterville) & angry(x) :- yell(x))
all:x (in(x, potterville) & fly(x) :- cool(x))
all:x (in(x, potterville) & know(x, magic) :- fly(x))
all:x (in(x, potterville) & wizard(x) :- know(x, magic))
in(harry, potterville) & (yell(harry) ^ fly(harry))
wizard(potter) & fly(potter)",~wizard(harry) & ~angry(harry)
275,440,"All tigers are cats.
No cats are dogs.
All Bengal tigers are tigers.
All huskies are dogs.
Fido is either a Bengal tiger or a cat.","∀x (Tiger(x) → Cat(x))
∀x (Cat(x) → ¬Dog(x))
∀x (BengalTiger(x) → Tiger(x))
∀x (Husky(x) → Dog(x))
BengalTiger(fido) ⊕ Cat(fido)",Fido is neither a dog nor a husky.,¬Dog(fido) ∧ ¬Husky(fido),True,1267,"all:x (tiger(x) :- cat(x))
all:x (cat(x) :- ~dog(x))
all:x (bengaltiger(x) :- tiger(x))
all:x (husky(x) :- dog(x))
bengaltiger(fido) ^ cat(fido)",~dog(fido) & ~husky(fido)
276,207,"TOra is a GUI.
GUIs are software.
Software can be free or paid.
Paid Software is not under the GNU General Public License.
TOra is under the GNU General Public License.","GUI(tora)
∀x (GUI(x) → Software(x))
∀x (Software(x) → Free(x) ⊕ Paid(x))
∀x (Paid(x) ∧ Software(x) → ¬UnderGNULicense(x))
UnderGNULicense(tora)",TOra is a free software.,Free(tora) ∧ Software(tora),True,593,"gui(tora)
all:x (gui(x) :- software(x))
all:x (software(x) :- free(x) ^ paid(x))
all:x (paid(x) & software(x) :- ~undergnulicense(x))
undergnulicense(tora)",free(tora) & software(tora)
277,200,"Wildfeed exists as an unannounced program.
Wildfeed can be sporting events, news, or syndicated shows.
Pre-recorded content is a copyright violation.
Programs are pre-recorded.","∃x (Wildfeed(x) ∧ Unannounced(x) ∧ Program(x))
∀x (Wildfeed(x) → SportingEvent(x) ∨ News(x) ∨ SyndicatedShow(x))
∀x (Prerecorded(x) → CopyrightViolation(x))
∀x (Program(x) → Prerecorded(x))",Wildfeed can be prerecorded.,∃x (Wildfeed(x) ∧ Prerecorded(x)),True,570,"x (wildfeed(x) & unannounced(x) & program(x))
all:x (wildfeed(x) :- sportingevent(x) | news(x) | syndicatedshow(x))
all:x (prerecorded(x) :- copyrightviolation(x))
all:x (program(x) :- prerecorded(x))",x (wildfeed(x) & prerecorded(x))
278,397,"All brain study designs are either block designs or event-related designs. 
All event-related brain study designs are brain image acquisition.
All brain image acquisition in brain study designs is preceded by data processing.
Nothing in brain study designs preceded by data processing analyzes data.
Picture memory is a type of brain study design that is not either event-related or analyzing data.","∀x (BrainStudy(x) → (BlockDesign(x) ⊕ Event-relatedDesign(x)))
∀x ((BrainStudy(x) ∧ EventRelatedDesign(x)) → BrainImageAcquisition(x))
∀x ((BrainStudy(x) ∧ BrainImageAcquisition(x)) → PrecededBy(x, dataProcessing))
∀x ((BrainStudy(x) ∧ PrecededBy(x, dataProcessing)) → ¬Analyze(x, data))
BrainStudy(pictureMemory) ∧ (¬(EventRelatedDesign(pictureMemory) ⊕ AnalyzingData(pictureMemory)))","If picture memory is not analyzing data, then picture memory is a block design and analyzing data.","¬Analyze(pictureMemory, data) → (BlockDesign(pictureMemory) ∧ Analyze(pictureMemory, data))",False,1083,"all:x (brainstudy(x) :- (blockdesign(x) ^ event-relateddesign(x)))
all:x ((brainstudy(x) & eventrelateddesign(x)) :- brainimageacquisition(x))
all:x ((brainstudy(x) & brainimageacquisition(x)) :- precededby(x, dataprocessing))
all:x ((brainstudy(x) & precededby(x, dataprocessing)) :- ~analyze(x, data))
brainstudy(picturememory) & (~(eventrelateddesign(picturememory) ^ analyzingdata(picturememory)))","~analyze(picturememory, data) :- (blockdesign(picturememory) & analyze(picturememory, data))"
279,316,"There are no mansion houses in an urban area.
All skyscrapers are in urban areas.
Every creepy haunted house is a mansion house.
Every terrifying building on Halloween is a creepy haunted house.
The LaLaurie House is a creepy haunted house or a terrifying building on Halloween.","∀x (InUrbanArea(x) → ¬MansionHouse(x))
∀x (Skyscraper(x) → InUrbanArea(x))
∀x (CreepyHauntedHouse(x) → MansionHouse(x))
∀x (TerrifyingBuilding(x) ∧ OnHalloween(x) → CreepyHauntedHouse(x))
CreepyHauntedHouse(laLaurieHouse) ∨ TerrifyingBuilding(laLaurieHouse) ∧ OnHalloween(laLaurieHouse)",The LaLaurie House is either a skyscraper or a mansion house.,Skyscraper(laLaurieHouse) ⊕ MansionHouse(laLaurieHouse),True,792,"all:x (inurbanarea(x) :- ~mansionhouse(x))
all:x (skyscraper(x) :- inurbanarea(x))
all:x (creepyhauntedhouse(x) :- mansionhouse(x))
all:x (terrifyingbuilding(x) & onhalloween(x) :- creepyhauntedhouse(x))
creepyhauntedhouse(lalauriehouse) | terrifyingbuilding(lalauriehouse) & onhalloween(lalauriehouse)",skyscraper(lalauriehouse) ^ mansionhouse(lalauriehouse)
280,12,"The Croton River watershed is the drainage basin of the Croton River.
The Croton River is in southwestern New York.
Water from the Croton River watershed flows to the Bronx.
The Bronx is in New York.","DrainageBasinOf(crotonRiverWatershed, crotonRiver)
In(crotonRiver, southwesternNewYork)
∀x ((Water(x) ∧ In(x, crotonRiverWatershed)) → FlowsTo(x, bronx))
In(bronx, newYork)",Water from the Croton River flows to the Bronx.,"∀x (Water(x) ∧ From(x, crotonRiver) → FlowsTo(x, bronx))",Uncertain,34,"drainagebasinof(crotonriverwatershed, crotonriver)
in(crotonriver, southwesternnewyork)
all:x ((water(x) & in(x, crotonriverwatershed)) :- flowsto(x, bronx))
in(bronx, newyork)","all:x (water(x) & from(x, crotonriver) :- flowsto(x, bronx))"
281,153,"A laptop is a computer.
You can play games on a computer.
A phone is not a computer.","∀x (Laptop(x) → Computer(x))
∀x (Computer(x) → CanPlayGameOn(x))
∀x (Phone(x) → ¬Computer(x))",You can play games on a laptop.,∀x (Laptop(x) → CanPlayGameOn(x)),True,444,"all:x (laptop(x) :- computer(x))
all:x (computer(x) :- canplaygameon(x))
all:x (phone(x) :- ~computer(x))",all:x (laptop(x) :- canplaygameon(x))
282,399,"In Love City, everyone considers physical touch or words of affirmation to be their most important love language.
If someone in Love City considers physical touch as their most important love language, then they are good with pets.
If someone in Love City is good with pets, then they are not scared of animals.
In Love City, everyone is scared of animals, or loves animals, or both.
Adam, who is in Love City, either values physical touch as his most important love language or loves animals.","∀x (In(x, loveCity) → (ConsidersMostImportantLoveLanguage(x, physicalTouch)  ∨ ConsidersMostImportantLoveLanguage(x, wordOfAffirmation))
∀x ((ConsidersMostImportantLoveLanguage(x, physicalTouch)  ∧ In(x, loveCity) → GoodWith(x, pet))
∀x ((GoodWith(x, pet) ∧ In(x, loveCity)) → ¬ScaredOf(x, animal))
∀x (In(x, loveCity) → (ScaredOf(x, animal) ∨ Loves(x, animal)))
(ConsidersMostImportantLoveLanguage(adam, physicalTouch) ⊕ Loves(adam, animal)) ∧ In(adam, loveCity)",Adam either values physical touch as an especially important love language or values words of affirmation as an especially important love language.,"ConsidersMostImportantLoveLanguage(adam, physicalTouch) ⊕ ConsidersMostImportantLoveLanguage(adam, wordOfAffirmation)",True,1093,"all:x (in(x, lovecity) :- (considersmostimportantlovelanguage(x, physicaltouch)  | considersmostimportantlovelanguage(x, wordofaffirmation))
all:x ((considersmostimportantlovelanguage(x, physicaltouch)  & in(x, lovecity) :- goodwith(x, pet))
all:x ((goodwith(x, pet) & in(x, lovecity)) :- ~scaredof(x, animal))
all:x (in(x, lovecity) :- (scaredof(x, animal) | loves(x, animal)))
(considersmostimportantlovelanguage(adam, physicaltouch) ^ loves(adam, animal)) & in(adam, lovecity)","considersmostimportantlovelanguage(adam, physicaltouch) ^ considersmostimportantlovelanguage(adam, wordofaffirmation)"
283,208,"The Great Lakes are Lake Superior, Lake Michigan, Lake Huron, Lake Erie, and Lake Ontario.
Some major settlements of Lake Erie are in NY, PA, OH, and MI.
NY, PA, OH, and MI are states in the US.
ON is a state of Canada.
There is a major settlement of Lake Huron in ON. 
All states are in their country.
The US is in North America.
The Great Lakes began to form at the end of the Last Glacial Period.","∀x (GreatLake(x) → Superior(x) ⊕ Michigan(x) ⊕ Huron(x) ⊕ Erie(x) ⊕ Ontario(x))
∀x (Erie (x) ∧ MajorSettlement(x) → In(x, nY) ∨ In(x, pA) ∨ In(x, oH) ∨ In(x, mI))
StateOf(nY, uS) ∧ StateOf(pA, uS) ∧ StateOf(oH, uS) ∧ StateOf(mI, uS)
StateOf(oN, canada)
∃x (Huron(x) ∧ MajorSettlement(x) ∧ In(x, oN))
∀x ∀y (StateOf(x, y) → In(x, y))
In(us, northAmerica)
∀x (GreatLake(x) → FormAtEndOf(x, lastGlacialPeriod))",Lake Erie has a major settlement.,"∃x ∃y (Erie(y) ∧ MajorSettlementOf(x, y))",True,594,"all:x (greatlake(x) :- superior(x) ^ michigan(x) ^ huron(x) ^ erie(x) ^ ontario(x))
all:x (erie (x) & majorsettlement(x) :- in(x, ny) | in(x, pa) | in(x, oh) | in(x, mi))
stateof(ny, us) & stateof(pa, us) & stateof(oh, us) & stateof(mi, us)
stateof(on, canada)
x (huron(x) & majorsettlement(x) & in(x, on))
all:x all:y (stateof(x, y) :- in(x, y))
in(us, northamerica)
all:x (greatlake(x) :- formatendof(x, lastglacialperiod))","x y (erie(y) & majorsettlementof(x, y))"
284,339,"No professional tennis umpires are professional tennis players.
If you are a World Tour player, then you are a professional tennis player.
All Grand Slam champions are World Tour players.
All Grand Slam umpires are professional tennis umpires.
Nadal is a World Tour player or a Grand Slam champion","∀x (ProfessionalTennisUmpire(x) → ¬ProfessionalTennisPlayer(x))
∀x (WorldTourPlayer(x) → ProfessionalTennisPlayer(x))
∀x (GrandSlamChampion(x) → WorldTourPlayer(x))
∀x (GrandSlamUmpire(x) → ProfessionalTennisUmpire(x))
WorldTourPlayer(nadal) ∨ GrandSlamChampion(nadal)","If Nadal is a Grand Slam umpire or a professional tennis player, then Nadal is a Grand Slam umpire.",GrandSlamUmpire(nadal) ∨ ProfessionalTennisPlayer(nadal) → GrandSlamUmpire(nadal),False,892,"all:x (professionaltennisumpire(x) :- ~professionaltennisplayer(x))
all:x (worldtourplayer(x) :- professionaltennisplayer(x))
all:x (grandslamchampion(x) :- worldtourplayer(x))
all:x (grandslamumpire(x) :- professionaltennisumpire(x))
worldtourplayer(nadal) | grandslamchampion(nadal)",grandslamumpire(nadal) | professionaltennisplayer(nadal) :- grandslamumpire(nadal)
285,395,"All velvet-finish lipsticks in the Rouge Dior set, Lunar New Year Limited Edition are refillable.
Lipsticks in the Rouge Dior set, Lunar New Year Limited Edition have either a velvet-finish or a satin-finish.
No satin-finish lipsticks in the set do not have ""rosewood"" in its offical description. 
Lipstcks in the Rouge Dior set, Lunar New Year Limited Edition either does not have ""rosewood"" in its offical description or it has ""rosewood"" in its official description. 
ROUGE Dior Colored Lip Balm 999 is a lipstick in the set, and it either has ""rosewood"" in its official description or has a velvet finish.","∀x ((Lipstick(x) ∧ In(x, rougeDiorSet) ∧ In(x, lunarNewYearLimitedEdition) ∧ VelvetFinish(x)) → Refillable(x))
∀x ((Lipstick(x) ∧ In(x, rougeDiorSet) ∧ In(x, lunarNewYearLimitedEdition)) → (VelvetFinish(x) ⊕ SatinFinish(x))
∀x ((Lipstick(x) ∧ In(x, rougeDiorSet) ∧ In(x, lunarNewYearLimitedEdition) ∧ SatinFinish(x)) → ¬RosewoodInDescription(x))
∀x ((Lipstick(x) ∧ In(x, rougeDiorSet) ∧ In(x, lunarNewYearLimitedEdition)) → (RosewoodInDescription(x) ⊕ ¬RosewoodInDescription(x)))
Lipstick(rougeDiorColoredLipBalm999) ∧ In(rougeDiorColoredLipBalm999, rougeDiorSet) ∧ In(rougeDiorColoredLipBalm999, lunarNewYearLimitedEdition) ∧ (RosewoodInDescription(rougeDiorColoredLipBalm999) ⊕ VelvetFinish(rougeDiorColoredLipBalm999))","ROUGE Dior Colored Lip Balm 999 either is refillable or has ""rosewood"" in its official description.",Refillable(rougeDiorColoredLipBalm999) ⊕ RosewoodInDescription(rougeDiorColoredLipBalm999),False,1070,"all:x ((lipstick(x) & in(x, rougediorset) & in(x, lunarnewyearlimitededition) & velvetfinish(x)) :- refillable(x))
all:x ((lipstick(x) & in(x, rougediorset) & in(x, lunarnewyearlimitededition)) :- (velvetfinish(x) ^ satinfinish(x))
all:x ((lipstick(x) & in(x, rougediorset) & in(x, lunarnewyearlimitededition) & satinfinish(x)) :- ~rosewoodindescription(x))
all:x ((lipstick(x) & in(x, rougediorset) & in(x, lunarnewyearlimitededition)) :- (rosewoodindescription(x) ^ ~rosewoodindescription(x)))
lipstick(rougediorcoloredlipbalm999) & in(rougediorcoloredlipbalm999, rougediorset) & in(rougediorcoloredlipbalm999, lunarnewyearlimitededition) & (rosewoodindescription(rougediorcoloredlipbalm999) ^ velvetfinish(rougediorcoloredlipbalm999))",refillable(rougediorcoloredlipbalm999) ^ rosewoodindescription(rougediorcoloredlipbalm999)
286,408,"No trick-shot artist in Yale's varsity team struggles with half court shots.
Everyone on Yale's varsity team is someone who struggles with half court shots or who successfully shoots a high percentage of 3-pointers.  
Everyone on Yale's varsity team who successfully shoots a high percentage of 3-pointers is solid at shooting 2-pointers.  
No one on Yale's varsity team who is solid at shooting 2-pointers is bad at mid-range shots.  
Jack is on Yale's varsity team, and he is either a trick-shot artist or he successfully shoots a high percentage of 3-pointers.","∀x ((In(x, yaleSVarsityTeam) ∧ TrickShotArtist(x)) → ¬StruggleAt(x, halfCourtShot))
∀x (In(x, yaleSVarsityTeam) → (StruggleAt(x, halfCourtShot) ∨ GoodAt(x, threes)))
∀x ((In(x, yaleSVarsityTeam) ∧ GoodAt(x, threes)) → GoodAt(x, twos))
∀x ((In(x, yaleSVarsityTeam) ∧ GoodAt(x, twos)) → BadAt(x, midRangeShot))
In(jack, yaleSVarsityTeam) ∧ (TrickShotArtist(jack) ⊕  GoodAt(jack, threes))",Jack is a trick-shot artist or bad at mid-range shots.,"TrickShotArtist(jack) ∨ BadAt(jack, midRangeShot))",False,1137,"all:x ((in(x, yalesvarsityteam) & trickshotartist(x)) :- ~struggleat(x, halfcourtshot))
all:x (in(x, yalesvarsityteam) :- (struggleat(x, halfcourtshot) | goodat(x, threes)))
all:x ((in(x, yalesvarsityteam) & goodat(x, threes)) :- goodat(x, twos))
all:x ((in(x, yalesvarsityteam) & goodat(x, twos)) :- badat(x, midrangeshot))
in(jack, yalesvarsityteam) & (trickshotartist(jack) ^  goodat(jack, threes))","trickshotartist(jack) | badat(jack, midrangeshot))"
287,172,"Indonesia is a country.
In Indonesia, the prosecutor only personally investigates cases of some special crimes.
Corruption is a type of crime.
Once the police complete crime investigations, the evidence is handed to the prosecutor. 
Evidence can be either satisfactory or unsatisfactory.
If the evidence is handed to the prosecutor and the evidence is satisfactory, the prosecutor will prosecute the offender in an appropriate court.","Country(indonesia)
∀x ∃y (In(indonesia) ∧ Prosecutor(x) ∧ SpecialCrime(y) → InvestigatePersonally(x, y))
Crime(corruption)
∀x ∀y ∀z (Crime(y) ∧ PoliceCompleteInvestigation(y) ∧ Prosecutor(x) → Evidence(z) ∧ HandedTo(z, x))
∀x (Evidence(x) ∧ (Satisfactory(x) ⊕ Unsatisfactory(x)))
∀x ∀y (Evidence(y) ∧ Prosecutor(x) ∧ HandedTo(x) ∧ Satisfactory(y) → ProsecuteInAppropriateCourt(x, theOffender))","In Indonesia, the prosecutor personally investigates cases of corruption.","∀x (Country(indonesia) ∧ Prosecutor(x) ∧ Crime(corruption) → InvestigatePersonally(x, corruption))",Uncertain,495,"country(indonesia)
all:x y (in(indonesia) & prosecutor(x) & specialcrime(y) :- investigatepersonally(x, y))
crime(corruption)
all:x all:y all:z (crime(y) & policecompleteinvestigation(y) & prosecutor(x) :- evidence(z) & handedto(z, x))
all:x (evidence(x) & (satisfactory(x) ^ unsatisfactory(x)))
all:x all:y (evidence(y) & prosecutor(x) & handedto(x) & satisfactory(y) :- prosecuteinappropriatecourt(x, theoffender))","all:x (country(indonesia) & prosecutor(x) & crime(corruption) :- investigatepersonally(x, corruption))"
288,106,"Ralph Hammerthaler was born in Wasserburg am Inn.
Wasserburg am Inn is in Germany.
Germany is in Europe.
Ralph Hammerthaler is a German writer.
Ralph Hammerthaler was born in 1965. ","BornIn(ralphHammerthaler, wasserburgamInn)
LocatedIn(wasserbAmInn, germany)
LocatedIn(germany, europe)
Writer(ralphHammerthaler) ∧ German(ralphHammerthaler)
BornIn1965(ralphHammerthaler)",Ralph Hammerthaler is a writer born in Asia.,"Writer(ralphHammerthaler) ∧ BornIn(ralphHammerthaler, asia)",Uncertain,321,"bornin(ralphhammerthaler, wasserburgaminn)
locatedin(wasserbaminn, germany)
locatedin(germany, europe)
writer(ralphhammerthaler) & german(ralphhammerthaler)
bornin1965(ralphhammerthaler)","writer(ralphhammerthaler) & bornin(ralphhammerthaler, asia)"
289,5,"Peter Parker is either a superhero or a civilian.
The Hulk is a destroyer.
The Hulk wakes up when he is angry.
If the Hulk wakes up, then he will break a bridge.
Thor is a god.
Thor will break a bridge when he is happy.
A god is not a destroyer.
Peter Parker wears a uniform when he is a superhero.
Peter Parker is not a civilian if a destroyer is breaking a bridge.
If Thor is happy, the Hulk is angry.","Superhero(peterParker) ⊕ Civilian(peterParker)
Destroyer(theHulk)
Angry(theHulk) → WakesUp(theHulk)
WakesUp(theHulk) → Breaks(theHulk, bridge)
God(thor)
Happy(thor) → Breaks(thor, bridge)
∀x (God(x) → ¬Destroyer(x))
Superhero(peter) → Wears(peter, uniform)
∀x ((Destroyer(x) ∧ Breaks(x,bridge)) → ¬Civilian(peter))
Happy(thor) → Angry(theHulk)","If Thor is not happy, then no bridge will be broken.","¬Happy(thor) → ¬Breaks(thor, bridge)",Uncertain,13,"superhero(peterparker) ^ civilian(peterparker)
destroyer(thehulk)
angry(thehulk) :- wakesup(thehulk)
wakesup(thehulk) :- breaks(thehulk, bridge)
god(thor)
happy(thor) :- breaks(thor, bridge)
all:x (god(x) :- ~destroyer(x))
superhero(peter) :- wears(peter, uniform)
all:x ((destroyer(x) & breaks(x,bridge)) :- ~civilian(peter))
happy(thor) :- angry(thehulk)","~happy(thor) :- ~breaks(thor, bridge)"
290,353,"If Max listens to music, he either listens to classical music or rap.
All the classical songs that Max listens to are from the 12th century. 
If Max is listening to a rap song, then the song is by Kanye West. 
All songs by Kanye West are full of lyrics. 
All songs that are full of lyrics need to be written with words
It is not true that “As it was” by Harry Styles is classical music that Max listens to and is from the 12th century.
Max listens to ""As it was"" by Harry Styles.","∀x (MaxListenTo(x) → (ClassicalMusic(x) ⊕ Rap(x)))
∀x (MaxListenTo(x) ∧ ClassicalMusic(x) → Song(x) ∧ From(x, 12thCentury))
∀x (MaxListenTo(x) ∧ Rap(x) → Song(x) ∧ By(x, kanyeWest))
∀x (Song(x) ∧ By(x, kanyeWest) → Song(x) ∧ FullOfLyrics(x))
∀x (Song(x) ∧ FullOfLyrics(x) → NeedToBeWrittenWith(x, words))
¬(ClassicalMusic(asItWasByHarryStyles) ∧ Song(asItWasByHarryStyles) ∧ From(asItWasByHarryStyles, 12thCentury))
MaxListenTo(asItWasByHarryStyles)","""As it was” by Harry Styles is a song from the 12th century.","Song(asItWasByHarryStyles) ∧ From(asItWasByHarryStyles, 12thCentury)",Uncertain,937,"all:x (maxlistento(x) :- (classicalmusic(x) ^ rap(x)))
all:x (maxlistento(x) & classicalmusic(x) :- song(x) & from(x, 12thcentury))
all:x (maxlistento(x) & rap(x) :- song(x) & by(x, kanyewest))
all:x (song(x) & by(x, kanyewest) :- song(x) & fulloflyrics(x))
all:x (song(x) & fulloflyrics(x) :- needtobewrittenwith(x, words))
~(classicalmusic(asitwasbyharrystyles) & song(asitwasbyharrystyles) & from(asitwasbyharrystyles, 12thcentury))
maxlistento(asitwasbyharrystyles)","song(asitwasbyharrystyles) & from(asitwasbyharrystyles, 12thcentury)"
291,66,"If a city holds a Summer Olympics, and the city is a US city, then the Summer Olympics will be in the US.
If a city is in a state in the US, the city is a US city.
If a city is in a state, and a Summer Olympics is in this city, then the Summer Olympics is in this state.
The 2028 Summer Olympics is scheduled to take place in Los Angeles.
Los Angeles is a city in California.
Atlanta is a US city.
Atlanta is in Georgia.
California is a state in the United States.
Boxing, modern pentathlon, and weightlifting will be removed from The 2028 Summer Olympics.
Atlanta in the United States held the 1996 Summer Olympics.","∀x ∀y ((SummerOlympicsIn(x,y) ∧ In(x, unitedStates)) → SummerOlympicsIn(x, unitedStates))
∀x ∀y ((In(x, y) ∧ In(y, unitedStates)) → In(x, unitedStates))
∀x ∀y ∀z ((In(x, z) ∧ State(z) ∧ SummerOlympicsIn(x,y)) → SummerOlympicsIn(z, y))
SummerOlympicsIn(losAngeles, yr2028)
In(losAngeles, california)
In(atlanta, unitedStates)
In(california, unitedStates)
In(atlanta, georgia)
¬InSummerOlympicsIn(boxing, yr2028) ∧ (¬InSummerOlympicsIn(modern_pentathlon, yr2028)) ∧ (¬InSummerOlympicsIn(weightlifting, yr2028))
SummerOlympicsIn(atlanta, yr1996)",The 1996 Summer Olympics is not in Georgia.,"¬SummerOlympicsIn(georgia, yr1996)",False,196,"all:x all:y ((summerolympicsin(x,y) & in(x, unitedstates)) :- summerolympicsin(x, unitedstates))
all:x all:y ((in(x, y) & in(y, unitedstates)) :- in(x, unitedstates))
all:x all:y all:z ((in(x, z) & state(z) & summerolympicsin(x,y)) :- summerolympicsin(z, y))
summerolympicsin(losangeles, yr2028)
in(losangeles, california)
in(atlanta, unitedstates)
in(california, unitedstates)
in(atlanta, georgia)
~insummerolympicsin(boxing, yr2028) & (~insummerolympicsin(modern_pentathlon, yr2028)) & (~insummerolympicsin(weightlifting, yr2028))
summerolympicsin(atlanta, yr1996)","~summerolympicsin(georgia, yr1996)"
292,474,"All humans are capable of abstract thoughts.
Plants are not capable of abstract thoughts.
All multicellular creatures that are autotrophic or digest food internally are plants and animals.
All goats are animals.
Dirt is not an animal.
Hulu is a goat or a human.
Hulu is a multicellular creature that is autotrophic or digests food internally. ","∀x (Human(x) → CapableOf(x, abstractThought))
∀x (Plant(x) → ¬CapableOf(x, abstractThought))
∀x (MulticellularCreature(x) ∧ (Autotrophic(x) ∨ DigestFoodInternally (x)) → Plant(x) ⊕ Animal(x))
∀x (Goat(x) → Animal(x))
∀x (Dirt(x) → ¬Animal(x))
Goat(hulu) ∨ HumanBeing(hulu)
(MulticellularCreature(hulu) ∧ (Autotrophic(hulu) ∨ DigestFoodInternally (hulu))",Hulu is an animal or dirt.,Animal(hulu) ∨ Dirt(hulu),True,1375,"all:x (human(x) :- capableof(x, abstractthought))
all:x (plant(x) :- ~capableof(x, abstractthought))
all:x (multicellularcreature(x) & (autotrophic(x) | digestfoodinternally (x)) :- plant(x) ^ animal(x))
all:x (goat(x) :- animal(x))
all:x (dirt(x) :- ~animal(x))
goat(hulu) | humanbeing(hulu)
(multicellularcreature(hulu) & (autotrophic(hulu) | digestfoodinternally (hulu))",animal(hulu) | dirt(hulu)
293,486,"Everything in Size Town is big or small.
All big things in Size Town are heavy.
All small things in Size Town are light.
All heavy things in Size Town are still.
All light things in Size Town are unstable.
All unstable things in Size Town are changing.
All unstable things in Size Town are unpredictable.
The bird is in Size Town and it is not both heavy and still.","∀x (In(x, sizeTown) → (Big(x) ∨ Small(x)))
∀x (Big(x) ∧ In(x, sizeTown) → Heavy(x))
∀x (Small(x) ∧ In(x, sizeTown) → Light(x))
∀x (Heavy(x) ∧ In(x, sizeTown) → Still(x))
∀x (Light(x) ∧ In(x, sizeTown) → Unstable(x))
∀x (Unstable(x) ∧ In(x, sizeTown) → Changing(x))
∀x (Unstable(x) ∧ In(x, sizeTown) → Unpredictable(x))
In(bird, sizeTown) ∧ ¬(Heavy(bird) ∧ Still(bird))",The bird is either unpredictable or changing.,Unpredictable(bird) ⊕ Changing(bird),False,1428,"all:x (in(x, sizetown) :- (big(x) | small(x)))
all:x (big(x) & in(x, sizetown) :- heavy(x))
all:x (small(x) & in(x, sizetown) :- light(x))
all:x (heavy(x) & in(x, sizetown) :- still(x))
all:x (light(x) & in(x, sizetown) :- unstable(x))
all:x (unstable(x) & in(x, sizetown) :- changing(x))
all:x (unstable(x) & in(x, sizetown) :- unpredictable(x))
in(bird, sizetown) & ~(heavy(bird) & still(bird))",unpredictable(bird) ^ changing(bird)
294,86,"If a legislator is found guilty of stealing government funds, they will be suspended from office.
Tiffany T. Alston was a legislator in Maryland's House of Delegates from 2011 to 2013.
Tiffany T. Alston was found guilty of stealing government funds in 2012.","∀x ((Legislator(x) ∧ StealsFunds(x)) → Suspended(x))
Legislator(tiffanyTAlston)
StealsFunds(tiffanyTAlston) ∧ StealsFundsInYr(tiffanyTAlston, yr2012)",Tiffany T. Alston went to prison for stealing government funds.,Prison(tiffanyTAlston),Uncertain,263,"all:x ((legislator(x) & stealsfunds(x)) :- suspended(x))
legislator(tiffanytalston)
stealsfunds(tiffanytalston) & stealsfundsinyr(tiffanytalston, yr2012)",prison(tiffanytalston)
295,341,"No battery-powered watch is automatic.
All digital watches are battery-powered.
Some mechanical watches are automatic.
All smart watches are digital.
Moonwatch is either a digital watch and an automatic, or it is neither.","∀x (BatteryPoweredWatch(x) → ¬AutomaticWatch(x))
∀x (DigitalWatch(x) → BatteryPoweredWatch(x))
∃x (MechanicalWatch(x) ∧ AutomaticWatch(x))
∀x (SmartWatch(x) → DigitalWatch(x))
¬(DigitalWatch(moonwatch) ⊕ AutomaticWatch(moonwatch))",Moonwatch is a mechanical watch.,MechanicalWatch(moonWatch),Uncertain,896,"all:x (batterypoweredwatch(x) :- ~automaticwatch(x))
all:x (digitalwatch(x) :- batterypoweredwatch(x))
x (mechanicalwatch(x) & automaticwatch(x))
all:x (smartwatch(x) :- digitalwatch(x))
~(digitalwatch(moonwatch) ^ automaticwatch(moonwatch))",mechanicalwatch(moonwatch)
296,22,"If a customer subscribes to AMC A-List, then he/she can watch 3 movies every week without any additional fees. 
Some customers go to cinemas every week. 
Customers who prefer TV series will not watch TV series in cinemas.
James watches TV series in cinemas. 
James subscribes to AMC A-List.
Peter prefers TV series.","∀x (SubscribedTo(x, aMCAList) → EligibleForThreeFreeMovies(x))
∃x (CinemaEveryWeek(x))
∀x (Prefer(x, tVSeries) → ¬WatchTVIn(x, cinemas))
WatchTVIn(james, cinemas)
SubscribedTo(james, aMCAList)
Prefer(peter, tVSeries)",Peter will not watch TV series in cinemas.,"¬WatchTVIn(peter, cinemas)",True,65,"all:x (subscribedto(x, amcalist) :- eligibleforthreefreemovies(x))
x (cinemaeveryweek(x))
all:x (prefer(x, tvseries) :- ~watchtvin(x, cinemas))
watchtvin(james, cinemas)
subscribedto(james, amcalist)
prefer(peter, tvseries)","~watchtvin(peter, cinemas)"
297,338,"No iPhones are standalone desktops. 
All Apple-made cellphones are iPhones.  
All phones with A15 Bionic chips are Apple-made cell phones. 
All phones equipped with four core-GPU made by Apple are phones with A15 Bionic chips. 
If an unannounced Huawei phone is either a phone with A15 Bionic chips or equipped with four core-GPU made by Apple, then unannounced Huawei phone is neither a phone with A15 Bionic chips nor a standalone desktop.","∀x (IPhone(x) → ¬StandaloneDesktop(x))
∀x (AppleMade(x) ∧ Cellphone(x) → IPhone(x))
∀x (Phone(x) ∧ With(x, a15BionicChip) → AppleMade(x) ∧ Cellphone(x))
∀x (Phone(x) ∧ EquippedWith(x, fourCoreGPU) ∧ MadeBy(x, apple) → Phone(x) ∧ With(x, a15BionicChip))
(Phone(unannouncedHuaweiPhone) ∧ With(unannouncedHuaweiPhone, a15BionicChip)) ⊕ (Phone(unannouncedHuaweiPhone) ∧ EquippedWith(unannouncedHuaweiPhone, fourCoreGPU) ∧ MadeBy(unannouncedHuaweiPhone, apple)) → ¬(Phone(unannouncedHuaweiPhone) ∧ With(unannouncedHuaweiPhone, a15BionicChip) ∧ StandaloneDesktop(unannouncedHuaweiPhone))",Joe is not a PhD student.,"¬(Phone(unannouncedHuaweiPhone) ∧ EquippedWith(unannouncedHuaweiPhone, fourCoreGPU) ∧ MadeByApple(unannouncedHuaweiPhone))",True,886,"all:x (iphone(x) :- ~standalonedesktop(x))
all:x (applemade(x) & cellphone(x) :- iphone(x))
all:x (phone(x) & with(x, a15bionicchip) :- applemade(x) & cellphone(x))
all:x (phone(x) & equippedwith(x, fourcoregpu) & madeby(x, apple) :- phone(x) & with(x, a15bionicchip))
(phone(unannouncedhuaweiphone) & with(unannouncedhuaweiphone, a15bionicchip)) ^ (phone(unannouncedhuaweiphone) & equippedwith(unannouncedhuaweiphone, fourcoregpu) & madeby(unannouncedhuaweiphone, apple)) :- ~(phone(unannouncedhuaweiphone) & with(unannouncedhuaweiphone, a15bionicchip) & standalonedesktop(unannouncedhuaweiphone))","~(phone(unannouncedhuaweiphone) & equippedwith(unannouncedhuaweiphone, fourcoregpu) & madebyapple(unannouncedhuaweiphone))"
298,410,"All products designed by Apple are sold at Apple Stores.
All products with Apple logos are designed by Apple.
All Macbooks have Apple logos.
All products with Apple M2 chips are Mackbooks.
A Thinkpad X1 is not both sold in Apple Stores and is a Macbook.","∀x ((Product(x) ∧ DesignedBy(x, apple)) → SoldIn(x, appleStore))
∀x ((Product(x) ∧ With(x, appleLogo)) → DesignedBy(x, apple))
∀x (Macbook(x) → With(x, appleLogo))
∀x ((Product(x) ∧ With(x, appleM2Chip)) → Macbook(x))
¬(SoldIn(thinkpadX1, appleStore) ∧ Macbook(thinkpadX1))","If the Thinkpad X1 has an Apple M2 chip and is a Macbook, then it neither has an Apple M2 chip nor is sold in Apple Stores.","(With(thinkpadX1, appleM2Chip) ∧ Macbook(thinkpadX1)) → ¬(With(thinkpadX1, appleM2Chip) ∨ SoldIn(thinkpadX1, appleStore))",True,1151,"all:x ((product(x) & designedby(x, apple)) :- soldin(x, applestore))
all:x ((product(x) & with(x, applelogo)) :- designedby(x, apple))
all:x (macbook(x) :- with(x, applelogo))
all:x ((product(x) & with(x, applem2chip)) :- macbook(x))
~(soldin(thinkpadx1, applestore) & macbook(thinkpadx1))","(with(thinkpadx1, applem2chip) & macbook(thinkpadx1)) :- ~(with(thinkpadx1, applem2chip) | soldin(thinkpadx1, applestore))"
299,345,"All kids are young.
All toddlers are kids.
If someone is young, then they are not elderly.
All pirates are seafarers.
If Nancy is not a pirate, then Nancy is young.
If Nancy is not a toddler, then Nancy is a seafarer.","∀x (Kid(x) → Young(x))
∀x (Toddler(x) → Kid(x))
∀x (Young(x) → ¬Elderly(x))
∀x (Pirate(x) → Seafarer(x))
¬Pirate(nancy) → Young(nancy)
¬Toddler(nancy) → Seafarer(nancy)","If Nancy is not either a pirate or a toddler, then she is young and is a kid.",¬(Pirate(nancy) ⊕ Toddler(nancy)) → Young(nancy) ∧ Kid(nancy),True,912,"all:x (kid(x) :- young(x))
all:x (toddler(x) :- kid(x))
all:x (young(x) :- ~elderly(x))
all:x (pirate(x) :- seafarer(x))
~pirate(nancy) :- young(nancy)
~toddler(nancy) :- seafarer(nancy)",~(pirate(nancy) ^ toddler(nancy)) :- young(nancy) & kid(nancy)
300,98,"Maggie Friedman is an American screenwriter and producer.
Maggie Friedman was the showrunner and executive producer of the lifetime television series Witches of East End.
Witches of East End is a fantasy-drama series.
Maggie Friedman produced and developed Eastwick.
Eastwick is a series by ABC.","American(maggieFriedman) ∧ Screenwriter(maggieFriedman) ∧ Producer(maggieFriedman)
ShowRunnerOf(maggieFriedman, witchesOfEastEnd) ∧ ExecutiveProducerOf(maggieFriedman, witchesOfEastEnd) ∧ LifetimeTelevisionSeries(maggieFriedman)
FantasyDrama(witchesOfEastEnd) ∧ Series(witchesOfEastEnd)
Produces(maggieFriedman, eastwick) ∧ Develops(maggieFriedman, eastwick)
Series(eastwick) ∧ AiredOn(eastwick, aBC)",No series by ABC was developed by the showrunner of Witches of East End.,"∀x (Series(x) ∧ AiredOn(x, aBC) ∧ ∃y(ShowRunnerOf(y, witchesOfEastEnd)) → ¬Develops(y, x))",False,296,"american(maggiefriedman) & screenwriter(maggiefriedman) & producer(maggiefriedman)
showrunnerof(maggiefriedman, witchesofeastend) & executiveproducerof(maggiefriedman, witchesofeastend) & lifetimetelevisionseries(maggiefriedman)
fantasydrama(witchesofeastend) & series(witchesofeastend)
produces(maggiefriedman, eastwick) & develops(maggiefriedman, eastwick)
series(eastwick) & airedon(eastwick, abc)","all:x (series(x) & airedon(x, abc) & y(showrunnerof(y, witchesofeastend)) :- ~develops(y, x))"
301,109,"Phuoc Binh national park is a national park in Vietnam. 
Any national park in Vietnam is classified as a nature reserve. 
There is a national park in Vietnam classified as a UNESCO World Heritage Site.
All national parks in Vietnam are either managed by the Ministry of Agriculture or managed by the People's Committee. 
Phuoc Binh is not managed by the Ministry of Agriculture.","NationalPark(phuocBinh) ∧ Locatedin(phuocBinh, vietnam)
∀x ((NationalPark(x) ∧ Locatedin(x, vietnam)) → NatureReserve(x))
∃x (NationalPark(x) ∧ Locatedin(x, vietnam) ∧ UNESCOWorldHeritageSite(x))
∀x ((NationalPark(x) ∧ Locatedin(x, vietnam)) → (Mangedby(x, ministryofAgriculture) ⊕ Managedby(x, peoplesCommittee)))
¬Mangedby(phuocBinh, ministryofAgriculture)",There is a nature reserve in Vietnam.,"∃x (NatureReserve(x) ∧ LocatedIn(x, vietnam))",True,330,"nationalpark(phuocbinh) & locatedin(phuocbinh, vietnam)
all:x ((nationalpark(x) & locatedin(x, vietnam)) :- naturereserve(x))
x (nationalpark(x) & locatedin(x, vietnam) & unescoworldheritagesite(x))
all:x ((nationalpark(x) & locatedin(x, vietnam)) :- (mangedby(x, ministryofagriculture) ^ managedby(x, peoplescommittee)))
~mangedby(phuocbinh, ministryofagriculture)","x (naturereserve(x) & locatedin(x, vietnam))"
302,18,"Miroslav Fiedler was a Czech mathematician.
Miroslav Fiedler is known for his contributions to linear algebra and graph theory.
Miroslav Fiedler is honored by the Fiedler eigenvalue.
Fiedler eigenvalue is the second smallest eigenvalue of the graph Laplacian.","Czech(miroslavFiedler) ∧ Mathematician(miroslavFiedler)
KnownFor(miroslavFiedler, contributionsToLinearAlgebraAndGraphTheory)
HonoredBy(miroslavFiedler, fiedlerEigenvalue)
TheSecondSmallestEigenvalueOf(fiedlerEigenvalue, theGraphLaplacian)",Miroslav Fiedler is honored by the second smallest eigenvalue of the graph Laplacian.,"∃x (TheSecondSmallestEigenvalueOf(x, theGraphLaplacian) ∧ HonoredBy(miroslavFiedler, x))",True,51,"czech(miroslavfiedler) & mathematician(miroslavfiedler)
knownfor(miroslavfiedler, contributionstolinearalgebraandgraphtheory)
honoredby(miroslavfiedler, fiedlereigenvalue)
thesecondsmallesteigenvalueof(fiedlereigenvalue, thegraphlaplacian)","x (thesecondsmallesteigenvalueof(x, thegraphlaplacian) & honoredby(miroslavfiedler, x))"
303,127,"New York City is Located in the United States of America.
The United States of America is part of North America.
North America is in the western hemisphere of the earth.
New York City is a highly developed city.
If place A is located in place B and place B is located in place C, then place A is located in place C.","LocatedIn(newYorkCity, unitedStatesOfAmerica)
LocatedIn(usa, northAmerica)
LocatedIn(northAmerica, westernHemisphere)
HighlyDeveloped(newYorkCity)
∀x ∀y ∀z ((LocatedIn(x, y) ∧ LocatedIn(y, z)) → LocatedIn(x, z))",New York City is located in New York State.,"LocatedIn(newYorkCity, newYork)",Uncertain,378,"locatedin(newyorkcity, unitedstatesofamerica)
locatedin(usa, northamerica)
locatedin(northamerica, westernhemisphere)
highlydeveloped(newyorkcity)
all:x all:y all:z ((locatedin(x, y) & locatedin(y, z)) :- locatedin(x, z))","locatedin(newyorkcity, newyork)"
304,97,"Deborah Wallace is a Scottish-born actress, playwright, and producer.
Psyche is a play based on the life of James Miranda Barry.
Homesick, Psyche and The Void are plays by Deborah Wallace.
Deborah Wallace co-produced Gasland.","BornIn(deborahWallace, scotland) ∧ Actress(deborahWallace) ∧ Playwright(deborahWallace) ∧ Producer(deborahWallace)
Play(psyche) ∧ BasedOn(psyche, lifeOfJamesMirandaBarry)
Play(homesick) ∧ WrittenBy(homesick, deborahWallace) ∧ Play(psyche) ∧ WrittenBy(psyche, deborahWallace) ∧ Play(theVoid) ∧ WrittenBy(theVoid, deborahWallace)
CoProduce(deborahWallace, gasland)",Gasland was coproduced by the same person Homesick was from.,"∃x (CoProduces(x, gasland) ∧ WrittenBy(homesick, x))",True,292,"bornin(deborahwallace, scotland) & actress(deborahwallace) & playwright(deborahwallace) & producer(deborahwallace)
play(psyche) & basedon(psyche, lifeofjamesmirandabarry)
play(homesick) & writtenby(homesick, deborahwallace) & play(psyche) & writtenby(psyche, deborahwallace) & play(thevoid) & writtenby(thevoid, deborahwallace)
coproduce(deborahwallace, gasland)","x (coproduces(x, gasland) & writtenby(homesick, x))"
305,15,"Elephantopus is a genus of perennial plants in the daisy family.
Elephantopus is widespread over much of Africa, southern Asia, Australia, and the Americas.
Several species of Elephantopus are native to the southeastern United States.
Elephantopus scaber is a traditional medicine.","∀x (Elephantopus(x) → (Genus(x, perennialplants) ∧ BelongTo(x, daisyfamily)))
∃x ∃y ∃z(Elephantopus(x) ∧ In(x,africa) ∧ (¬(x=y)) ∧ Elephantopus(y) ∧ In(y, southernasia) ∧ (¬(x=z)) ∧ (¬(y=z)) ∧ Elephantopus(z) ∧ In(z, australia))
∃x ∃y (Elephantopus(x) ∧ NativeTo(x, southeasternunitedstates) ∧ (¬(x=y)) ∧ Elephantopus(y) ∧ NativeTo(y, southeasternunitedstates))
∀x (ElephantopusScaber(x) → TraditionalMedicine(x))",Elephantopus is a traditional medicine.,∀x (Elephantopus(x) → TraditionalMedicine(x)),Uncertain,43,"all:x (elephantopus(x) :- (genus(x, perennialplants) & belongto(x, daisyfamily)))
x y z(elephantopus(x) & in(x,africa) & (~(x=y)) & elephantopus(y) & in(y, southernasia) & (~(x=z)) & (~(y=z)) & elephantopus(z) & in(z, australia))
x y (elephantopus(x) & nativeto(x, southeasternunitedstates) & (~(x=y)) & elephantopus(y) & nativeto(y, southeasternunitedstates))
all:x (elephantopusscaber(x) :- traditionalmedicine(x))",all:x (elephantopus(x) :- traditionalmedicine(x))
306,321,"No people who have corporate jobs are taking more than normal financial risks.
All entrepreneurs are taking more than normal financial risks.
All risk-averse working people are people who have corporate jobs.
All working people who hate working for others want to be entrepreneurs.
If Mark Zuckerberg is neither an entrepreneur nor a person who hates working for others, then Mark Zuckerberg is not a risk-averse working person.","∀x (Have(x, corporateJob) → ¬Take(x, financialRisk))
∀x (Entrepreneur(x) → Take(x, financialRisk))
∀x (RiskAverse(x) → Have(x, corporateJob))
∀x (∃y ∃z (¬(y=x) ∧ ¬(z=x) ∧ ¬(y=z) ∧ HateWorkingFor(x, y) ∧ HateWorkingFor(x, z)) → Entrepreneur(x))
¬Entrepreneur(markZuckerberg) ∧ ¬(∃y ∃z (¬(y=markZuckerberg) ∧ ¬(z=markZuckerberg) ∧ ¬(y=z) ∧ HateWorkingFor(markZuckerberg, y) ∧ HateWorkingFor(markZuckerberg, z))) → ¬RiskAverse(markZuckerberg)",Mark Zuckerberg is an entrepreneur.,Entrepreneur(markZuckerberg),Uncertain,816,"all:x (have(x, corporatejob) :- ~take(x, financialrisk))
all:x (entrepreneur(x) :- take(x, financialrisk))
all:x (riskaverse(x) :- have(x, corporatejob))
all:x (y z (~(y=x) & ~(z=x) & ~(y=z) & hateworkingfor(x, y) & hateworkingfor(x, z)) :- entrepreneur(x))
~entrepreneur(markzuckerberg) & ~(y z (~(y=markzuckerberg) & ~(z=markzuckerberg) & ~(y=z) & hateworkingfor(markzuckerberg, y) & hateworkingfor(markzuckerberg, z))) :- ~riskaverse(markzuckerberg)",entrepreneur(markzuckerberg)
307,316,"There are no mansion houses in an urban area.
All skyscrapers are in urban areas.
Every creepy haunted house is a mansion house.
Every terrifying building on Halloween is a creepy haunted house.
The LaLaurie House is a creepy haunted house or a terrifying building on Halloween.","∀x (InUrbanArea(x) → ¬MansionHouse(x))
∀x (Skyscraper(x) → InUrbanArea(x))
∀x (CreepyHauntedHouse(x) → MansionHouse(x))
∀x (TerrifyingBuilding(x) ∧ OnHalloween(x) → CreepyHauntedHouse(x))
CreepyHauntedHouse(laLaurieHouse) ∨ TerrifyingBuilding(laLaurieHouse) ∧ OnHalloween(laLaurieHouse)",The LaLaurie House is either a skyscraper or a creepy haunted house.,Skyscraper(laLaurieHouse) ⊕ CreepyHauntedHouse(laLaurieHouse),True,794,"all:x (inurbanarea(x) :- ~mansionhouse(x))
all:x (skyscraper(x) :- inurbanarea(x))
all:x (creepyhauntedhouse(x) :- mansionhouse(x))
all:x (terrifyingbuilding(x) & onhalloween(x) :- creepyhauntedhouse(x))
creepyhauntedhouse(lalauriehouse) | terrifyingbuilding(lalauriehouse) & onhalloween(lalauriehouse)",skyscraper(lalauriehouse) ^ creepyhauntedhouse(lalauriehouse)
308,382,"All people in this midwest town who own horse ranches regularly ride horses for pleasure and sport.
All people in this midwest town with a lot of disposable income have a horse ranch.
If people in this midwest town compete in horse dressage shows, then they have a lot of disposable income.
If people in this midwest town compete in horse dressage shows, then they have invested in high-quality equestrian gear and equipment.
If people in this midwest town regularly ride horses for pleasure and sport, then they do not live in cramped residential buildings.
Manny is in this midwest town, and she either has a horse ranch and lives in a cramped residential building, or she does neither.","∀x (InThisMidwestTown(x) ∧ Have(x, horseRanch) → RegularlyRideHorseForPleasure(x))
∀x (InThisMidwestTown(x) ∧ Have(x, disposableIncome) → Have(x, horseRank))
∀x (InThisMidwestTown(x) ∧ CompeteIn(x, horseDressageShow) → Have(x, disposableIncome))
∀x (InThisMidwestTown(x) ∧ CompeteIn(x, horseDressageShow) → InvestedIn(x, equestrianGearAndEquipment))
∀x (InThisMidwestTown(x) ∧ RegularlyRideHorseForPleasure(x) → ¬LiveIn(x, crampedBuilding))
InThisMidwestTown(manny) ∧ ¬(Have(manny, horseRanch) ⊕ LiveIn(manny, crampedBuilding))","If Manny either has a horse ranch or competes in horse dressage shows, then Manny has not invested in high-quality equestrian equipment and gear.","¬(HaveAHorseRanch(manny) ⊕ CompeteIn(manny, horseDressageShow)) → ¬InvestedIn(manny, equestrianGearAndEquipment)",True,1022,"all:x (inthismidwesttown(x) & have(x, horseranch) :- regularlyridehorseforpleasure(x))
all:x (inthismidwesttown(x) & have(x, disposableincome) :- have(x, horserank))
all:x (inthismidwesttown(x) & competein(x, horsedressageshow) :- have(x, disposableincome))
all:x (inthismidwesttown(x) & competein(x, horsedressageshow) :- investedin(x, equestriangearandequipment))
all:x (inthismidwesttown(x) & regularlyridehorseforpleasure(x) :- ~livein(x, crampedbuilding))
inthismidwesttown(manny) & ~(have(manny, horseranch) ^ livein(manny, crampedbuilding))","~(haveahorseranch(manny) ^ competein(manny, horsedressageshow)) :- ~investedin(manny, equestriangearandequipment)"
309,57,"All pets are animals.
Pets can be either a dog or a cat.
If a person has a pet, they care for that pet. 
Dogs and cats can be naughty. 
Pets who are naughty are not liked as much. 
Charlie has a naughty pet dog named Leo. ","∀x (Pet(x) → Animal(x))
∀x (Pet(x) → (Dog(x) ⊕ Cat(x)))
∀x ∀y ((Pet(y) ∧ OwnedBy(x,y)) → Cares(x, y))
∃x ∃y (Cat(x) ∧ Naughty(x) ∧ (¬(x=y)) ∧ Dog(y) ∧ Naughty(y))
∀x ∀y ((Pet(x) ∧ Naughty(x) ∧ OwnedBy(x,y)) → ¬Liked(x, y))
OwnedBy(leo, charlie) ∧ Pet(leo) ∧ Dog(leo) ∧ Naughty(leo)",Dogs are not always naughty.,∀x (Dog(x) → ¬Naughty(x)),False,170,"all:x (pet(x) :- animal(x))
all:x (pet(x) :- (dog(x) ^ cat(x)))
all:x all:y ((pet(y) & ownedby(x,y)) :- cares(x, y))
x y (cat(x) & naughty(x) & (~(x=y)) & dog(y) & naughty(y))
all:x all:y ((pet(x) & naughty(x) & ownedby(x,y)) :- ~liked(x, y))
ownedby(leo, charlie) & pet(leo) & dog(leo) & naughty(leo)",all:x (dog(x) :- ~naughty(x))
310,333,"If people have a lot of music decorations in their rooms, they cannot pack and move out of their rooms very easily.
If people have high ambitions and future career goals, then they can pack and move out of their rooms very easily.
If people are big fans of pop bands and singers, then they have a lot of music decorations in their room.
All young teenage girls who attend music festival frequently are big fans of pop bands and singers.
If Sam has high ambitions and future career goals, then Sam is a big fan of pop bands and singers.","∀x (HaveIn(x, aLotOfMusicDecoration, room) → ¬MoveOutEasily(x))
∀x (Ambitious(x) → MoveOutEasily(x))
∀x (BigFanOfMusic(x) → MusicDecorations(x, room))
∀x (AttendFrequently(x, musicFestival) ∧ YoungTeenageGirl(x) → BigFanOfPopBand(x) ∧ BigFanOfPopSinger(x))
Ambitious(sam) → BBigFanOfPopBand(sam) ∧ BigFanOfPopSinger(sam)",Sam is a young teenage girl who attends music festival frequently,"Attend(sam, festival) ∧ YoungTeenageGirl(sam)",False,863,"all:x (havein(x, alotofmusicdecoration, room) :- ~moveouteasily(x))
all:x (ambitious(x) :- moveouteasily(x))
all:x (bigfanofmusic(x) :- musicdecorations(x, room))
all:x (attendfrequently(x, musicfestival) & youngteenagegirl(x) :- bigfanofpopband(x) & bigfanofpopsinger(x))
ambitious(sam) :- bbigfanofpopband(sam) & bigfanofpopsinger(sam)","attend(sam, festival) & youngteenagegirl(sam)"
311,231,"The 2008 Summer Olympics were held in Beijing, China.
The 2008 Summer Olympics was the second Summer Olympic Games held in a communist state.
China won the most gold medals (48) in the 2008 Summer Olympics.
The United States placed second in the gold medal tally but won the highest number of medals overall (112) in the 2008 Summer Olympics.
The third place in the gold medal tally was achieved by Russia in the 2008 Summer Olympics.
If a country placed third in gold medals, then it had fewer gold medals than the team that won the most gold medals.","HeldIn(2008SummerOlympics, beijingChina)
SecondSummerOlympicsGames(2008SummerOlympics) ∧ BeHeldIn(2008SummerOlympics, communistState)
Won(china, theMostGoldMedals)
PlacedSecondInGoldMedalsIn(unitedStates, 2008SummerOlympics) ∧ Won(unitedStates, highestNumberOfMedals)
PlacedThirdInGoldMedalsIn(russia, 2008SummerOlympics)
∀x ∀y (Placed(x, thirdInGoldMedals) ∧ Won(y, mostGoldMedals) → FewerGoldMedalsThan(x, y))",Russia did not win fewer gold medals than China.,"¬FewerGoldMedalsThan(russia, china)",False,655,"heldin(2008summerolympics, beijingchina)
secondsummerolympicsgames(2008summerolympics) & beheldin(2008summerolympics, communiststate)
won(china, themostgoldmedals)
placedsecondingoldmedalsin(unitedstates, 2008summerolympics) & won(unitedstates, highestnumberofmedals)
placedthirdingoldmedalsin(russia, 2008summerolympics)
all:x all:y (placed(x, thirdingoldmedals) & won(y, mostgoldmedals) :- fewergoldmedalsthan(x, y))","~fewergoldmedalsthan(russia, china)"
312,398,"All mind-reading is either brain reading or brain decoding. 
All brain decoding that is mind-reading is extracting information from BOLD signals.
No studies that are mind-reading and extract information from BOLD signals are without statistical pattern analysis. 
Writing a novel is without statistical pattern analysis.
If multivoxel (pattern) analysis is without statistical pattern analysis and a brain reading, then multivoxel (pattern) analysis is without statistical pattern analysis and brain decoding.
Multivoxel (pattern) analysis is a type of mind-reading.","∀x (MindReading(x) ∧ (BrainReading(x) ⊕ BrainDecoding(x)))
∀x ((MindReading(x) ∧ BrainDecoding(x)) → ExtractingFrom(x, information, bOLDSignals))
∀x ((MindReading(x) ∧ ExtractingFrom(x, information, bOLDSignals)) → Uses(x, statisticalPatternAnalysis))
∀x (NovelWriting(x) → ¬Uses(x, statisticalPatternAnalysis)) 
MindReading(multivoxelPatternAnalysis) ∧ (¬Uses(multivoxelPatternAnalysis, statisticalPatternAnalysis) ∧ BrainReading(multivoxelPatternAnalysis)) →  (¬Uses(multivoxelPatternAnalysis, statisticalPatternAnalysis) ∧ (¬BrainDecoding(multivoxelPatternAnalysis)))
MindReading(multivoxelPatternAnalysis) ",Multivoxel (pattern) analysis is either without statistical pattern analysis or writing a novel.,"¬Uses(multivoxelPatternAnalysis, statisticalPatternAnalysis) ⊕ Writing(multivoxelPatternAnalysis, aNovel)",False,1088,"all:x (mindreading(x) & (brainreading(x) ^ braindecoding(x)))
all:x ((mindreading(x) & braindecoding(x)) :- extractingfrom(x, information, boldsignals))
all:x ((mindreading(x) & extractingfrom(x, information, boldsignals)) :- uses(x, statisticalpatternanalysis))
all:x (novelwriting(x) :- ~uses(x, statisticalpatternanalysis)) 
mindreading(multivoxelpatternanalysis) & (~uses(multivoxelpatternanalysis, statisticalpatternanalysis) & brainreading(multivoxelpatternanalysis)) :-  (~uses(multivoxelpatternanalysis, statisticalpatternanalysis) & (~braindecoding(multivoxelpatternanalysis)))
mindreading(multivoxelpatternanalysis) ","~uses(multivoxelpatternanalysis, statisticalpatternanalysis) ^ writing(multivoxelpatternanalysis, anovel)"
313,329,"All young working professionals who have regular 9-5 jobs have stable jobs.
Some people living in Manhattan are young professionals with regular 9-5 jobs.
All people who have stable jobs are people who work regularly.
People who work regularly do not frequently disobey their bosses.
Mary either frequently disobeys her bosses and works regularly, or that she neither frequently disobeys her bosses nor works regularly.","∀x (YoungWorkingProfessional(x) ∧ Have(x, regular9To5Job) → Have(x, stableJob))
∃x (LiveIn(x, manhattan) ∧ YoungWorkingProfessional(x) ∧ Have(x, regular9To5Job))
∀x (Have(x, stableJob) → WorkRegularly(x))
∀x (WorkRegularly(x) → ¬DisobeyFrequently(x, boss))
¬(DisobeyFrequently(mary, boss) ⊕ WorkRegularly(mary))",Mary lives in Manhattan and is a young working professional who has a regular 9-5 job.,"LiveIn(mary, manhattan) ∧ YoungWorkingProfessional(mary) ∧ Have(mary, regular9-5Job)",False,844,"all:x (youngworkingprofessional(x) & have(x, regular9to5job) :- have(x, stablejob))
x (livein(x, manhattan) & youngworkingprofessional(x) & have(x, regular9to5job))
all:x (have(x, stablejob) :- workregularly(x))
all:x (workregularly(x) :- ~disobeyfrequently(x, boss))
~(disobeyfrequently(mary, boss) ^ workregularly(mary))","livein(mary, manhattan) & youngworkingprofessional(mary) & have(mary, regular9-5job)"
314,193,"A La Liga soccer team ranks higher than another La Liga soccer team if it receives more points.
If there are two La Liga soccer teams and neither has more points than the other, then the team which receives more points from the games between the two teams ranks higher.
Real Madrid and Barcelona are both La Liga soccer teams.
Real Madrid received more points than Barcelona.
Neither Real Madrid nor Barcelona received more points from the games between them.","∀x ∀y (LaLigaSoccerTeam(x) ∧ LaLigaSoccerTeam(y) ∧ MorePoints(x, y) → RankHigherThan(x, y))
∀x ∀y (LaLigaSoccerTeam(x) ∧ LaLigaSoccerTeam(y) ∧ ¬MorePoints(x, y) ∧ ¬MorePoints(y, x) ∧ MorePointsInGameBetween(x, y) →  RankHigherThan(x, y))
LaLigaSoccerTeam(realMadrid) ∧ LaLigaSoccerTeam(barcelona)
MorePoints(realMadrid, barcelona)
¬MorePointsInGameBetween(realMadrid, barcelona) ∧ ¬MorePointsInGameBetween(barcelona, realMadrid)",Real Madrid ranks higher than Barcelona.,"RankHigherThan(realMadrid, barcelona)",True,550,"all:x all:y (laligasoccerteam(x) & laligasoccerteam(y) & morepoints(x, y) :- rankhigherthan(x, y))
all:x all:y (laligasoccerteam(x) & laligasoccerteam(y) & ~morepoints(x, y) & ~morepoints(y, x) & morepointsingamebetween(x, y) :-  rankhigherthan(x, y))
laligasoccerteam(realmadrid) & laligasoccerteam(barcelona)
morepoints(realmadrid, barcelona)
~morepointsingamebetween(realmadrid, barcelona) & ~morepointsingamebetween(barcelona, realmadrid)","rankhigherthan(realmadrid, barcelona)"
315,391,"All imaginative processes that Dan knows are results of creative processes.
All science fiction that Dan knows comes from an imaginative process.
Everthing that Dan knows comes from either science-fiction or realistic fiction.
No facts that Dan knows have proven to be false.
Dan knows that Dune is science fiction or has proven to be false.","∀x ((Knows(dan, x) ∧ ImaginativeProcess(x)) → ResultOf(x, creativeProcess))
∀x ((Knows(dan, x) ∧ ScienceFiction(x)) → ImaginativeProcess(x)) 
∀x (Knows(dan, x) → (ScienceFiction(x) ⊕ RealisticFiction(x)))
∀x ((Knows(dan, x) ∧ Fact(x)) → ¬ProvedToBe(x, false)) 
(Knows(dan, dune) ∧ ScienceFiction(dune)) ∨ ProvedToBe(dune, false))","If Dune is either a fact and a result of creative processes, or neither a fact nor a result of creative processes, then Dune is a result of creative processes and science-fiction.","Knows(dan, dune) ∧ (¬(Fact(dune) ⊕ ResultOf(dune, creativeProcess))) → (ResultOf(dune, creativeProcess) ∧ ScienceFiction(dune))",True,1053,"all:x ((knows(dan, x) & imaginativeprocess(x)) :- resultof(x, creativeprocess))
all:x ((knows(dan, x) & sciencefiction(x)) :- imaginativeprocess(x)) 
all:x (knows(dan, x) :- (sciencefiction(x) ^ realisticfiction(x)))
all:x ((knows(dan, x) & fact(x)) :- ~provedtobe(x, false)) 
(knows(dan, dune) & sciencefiction(dune)) | provedtobe(dune, false))","knows(dan, dune) & (~(fact(dune) ^ resultof(dune, creativeprocess))) :- (resultof(dune, creativeprocess) & sciencefiction(dune))"
316,139,"UFC Fight Night was a mixed martial arts event held in Sweden.
At UFC Fight Night, Sadollah was scheduled to fight Musoke.
Sadollah fought Akiyama at UFC Fight Night.
Musoke fought Yakovlev at UFC Fight Night.
Jung was injured at UFC Fight Night.
People injured at UFC Fight Night did not fight.","Event(uFCFightNight) ∧ MixedMartial(uFCFightNight) ∧ HeldIn(uFCFightNight, sweden)
ScheduledToFight(sadollah, musoke,uFCFightNight)
Fight(sadollah, akiyama, uFCFightNight)
Fight(musoke, yakovlev, uFCFightNight)
InjuredAt(jung, uFCFightNight)
∀x (InjuredAt(x, uFCFightNight) → ¬FightIn(x, uFCFightNight))",Jung fought Sadollah.,"Fight(jung, sadollah, uFCFightNight)",Uncertain,407,"event(ufcfightnight) & mixedmartial(ufcfightnight) & heldin(ufcfightnight, sweden)
scheduledtofight(sadollah, musoke,ufcfightnight)
fight(sadollah, akiyama, ufcfightnight)
fight(musoke, yakovlev, ufcfightnight)
injuredat(jung, ufcfightnight)
all:x (injuredat(x, ufcfightnight) :- ~fightin(x, ufcfightnight))","fight(jung, sadollah, ufcfightnight)"
317,437,"Researchers present their work at the conference or provide a tutorial session there.
Everyone who presents their work at the conference will attend in person. 
Everyone providing a tutorial session at the conference will be invited to join the club. 
Everyone who attends the conference in person is provided with souvenirs. 
Everyone invited to join the club is provided with delicious meals. 
Everyone provided with delicious meals is happy to communicate with each other during the dinner. 
Everyone who is provided with delicious meals is invited to take a photo with the audience. 
It is not true that James both attended the conference in person and was provided with souvenirs.","∀x (PresentWorkAt(x, conference) ⊕ ProvideAt(x, tutorialSession, conference))
∀x (PresentWorkAt(x, conference) → AttendInPerson(x, conference))
∀x (ProvideSessionAt(x, tutorial, conference) → InvitedToJoin(x, club))
∀x (AttendInPerson(x, conference) → ProvidedWith(x, souvenir))
∀x (InvitedToJoin(x, club) → ProvidedWith(x, deliciousMeal))
∀x (ProvidedWith(x, deliciousMeal) ∧ ProvidedWith(y, deliciousMeal)  → ∃y ∃z (¬(y=x) ∧ ¬(z=x) ∧ ¬(y=z) ∧ HappyToCommunicateWithDuringTheDinner(x, y) ∧ HappyToCommunicateWithDuringTheDinner(x, z)))
∀x (ProvidedWith(x, deliciousMeal) → InvitedToTakePhotoWith(x, audience))
¬(AttendInPerson(james, conference) ∧ ProvidedWith(x, souvenir))",James is invited to take a photo with the audience and is happy to communicate with other guests at the dinner.,"InvitedToTakePhotoWith(james, audience) → ∃y ∃z (¬(y=james) ∧ ¬(z=james) ∧ ¬(y=z) ∧ HappyToCommunicateWithDuringTheDinner(james, y) ∧ HappyToCommunicateWithDuringDinner(james, z)))",True,1255,"all:x (presentworkat(x, conference) ^ provideat(x, tutorialsession, conference))
all:x (presentworkat(x, conference) :- attendinperson(x, conference))
all:x (providesessionat(x, tutorial, conference) :- invitedtojoin(x, club))
all:x (attendinperson(x, conference) :- providedwith(x, souvenir))
all:x (invitedtojoin(x, club) :- providedwith(x, deliciousmeal))
all:x (providedwith(x, deliciousmeal) & providedwith(y, deliciousmeal)  :- y z (~(y=x) & ~(z=x) & ~(y=z) & happytocommunicatewithduringthedinner(x, y) & happytocommunicatewithduringthedinner(x, z)))
all:x (providedwith(x, deliciousmeal) :- invitedtotakephotowith(x, audience))
~(attendinperson(james, conference) & providedwith(x, souvenir))","invitedtotakephotowith(james, audience) :- y z (~(y=james) & ~(z=james) & ~(y=z) & happytocommunicatewithduringthedinner(james, y) & happytocommunicatewithduringdinner(james, z)))"
318,229,"Barbara Ann Marshall is a former swimmer and former world record-holder.
Barbara Ann Marshall participated in the 1972 Summer Olympics.
Barbara Ann Marshall's home country is the United States.
All people who competed in the 1972 Summer Olympics represented their home country.
Barbara Ann Marshall participated in the preliminary heat in the freestyle relay.
Barbara Ann Marshall did not participate in the event final of the 1972 Summer Olympics freestyle relay.
Only relay swimmers who participated in the final event at the 1972 Summer Olympics received medals.","FormerSwimmer(barbaraAnnMarshall) ∧ FormerWorldRecordHolder(barbaraAnnMarshall)
ParticipatedIn(barbaraAnnMarshall, 1972SummerOlympics)
HomeCountry(barbaraAnnMarshall, unitedStates)
∀x ∃y (ParticipatedIn(x, 1972SummerOlympics) ∧ HomeCountry(x, y) → Represented(x, y))
ParticipatedIn(barbaraAnnMarshall, preliminaryHeatFreestyleRelay)
¬ParticipatedIn(barbaraAnnMarshall, finalHeatFreestyleRelay)
∀x ((ParticipatedIn(x, 1972SummerOlympics) ∧ RelaySwimmer(x) ∧ ¬ParticipatedIn(x, finalHeatFreestyleRelay)) ↔ ¬Recieved(x, medal)))",Barbara Ann Marshall did not receive medals.,"¬Recieved(barbaraAnnMarshall, medal)",Uncertain,650,"formerswimmer(barbaraannmarshall) & formerworldrecordholder(barbaraannmarshall)
participatedin(barbaraannmarshall, 1972summerolympics)
homecountry(barbaraannmarshall, unitedstates)
all:x y (participatedin(x, 1972summerolympics) & homecountry(x, y) :- represented(x, y))
participatedin(barbaraannmarshall, preliminaryheatfreestylerelay)
~participatedin(barbaraannmarshall, finalheatfreestylerelay)
all:x ((participatedin(x, 1972summerolympics) & relayswimmer(x) & ~participatedin(x, finalheatfreestylerelay)) ↔ ~recieved(x, medal)))","~recieved(barbaraannmarshall, medal)"
319,359,"Everyone who chooses what they want to do with their time has flexible schedules.
Everyone with a lot of free time chooses what they want to do with their time.
People either have a lot of free time or they invest in a career in which they are willing to spend the rest of their lives.
If people invest in a career in which they are willing to spend the rest of their lives, then they are hardworking individuals with high ambitions and goals for the future.  
If people are hardworking individuals with high ambitions and goals for the future, then they are not short sighted.
John is not either a hardworking individual with high ambitions and goals for the future or has a flexible schedule.","∀x (ChooseWhatToDoWith(x, time) → FlexibleSchedule(x))
∀x (Have(x, lotsOfFreetime) → ChooseWhatToDoWith(x, time))
∀x (Have(x, lotsOfFreetime) ⊕ (∃y (InvestIn(x, y) ∧ Career(y) ∧ WillingToSpendIn(restOfLife, y))))
∀x (∃y (InvestIn(x, y) ∧ Career(y) ∧ WillingToSpendIn(restOfLife, y)) → Hardworking(x))
∀x (Hardworking(x) ∧ HaveFor(x, highAmbition, future) ∧ HaveFor(x, goal, future) → ¬ShortSighted(x))
¬((Hardworking(john) ∧ HaveFor(john, highAmbition, future) ∧ HaveFor(john, goal, future)) ⊕ FlexibleSchedule(john))",John chooses what he want to do with his time.,"ChooseWhatToDoWith(john, time)",Uncertain,953,"all:x (choosewhattodowith(x, time) :- flexibleschedule(x))
all:x (have(x, lotsoffreetime) :- choosewhattodowith(x, time))
all:x (have(x, lotsoffreetime) ^ (y (investin(x, y) & career(y) & willingtospendin(restoflife, y))))
all:x (y (investin(x, y) & career(y) & willingtospendin(restoflife, y)) :- hardworking(x))
all:x (hardworking(x) & havefor(x, highambition, future) & havefor(x, goal, future) :- ~shortsighted(x))
~((hardworking(john) & havefor(john, highambition, future) & havefor(john, goal, future)) ^ flexibleschedule(john))","choosewhattodowith(john, time)"
320,439,"No fish are birds.
An osprey is a bird.
A carp is a fish.
All goldfish are carp.
If Bubbles is either an osprey or a goldfish, then Bubbles is not also a fish.","∀x (Fish(x) → ¬Bird(x))
∀x (Osprey(x) → Bird(x))
∀x (Carp(x) → Fish(x))
∀x (Goldfish(x) → Carp(x))
Osprey(bubbles) ⊕ Goldfish(bubbles) → ¬Fish(bubbles)",Bubbles is a goldfish.,Goldfish(bubbles),False,1262,"all:x (fish(x) :- ~bird(x))
all:x (osprey(x) :- bird(x))
all:x (carp(x) :- fish(x))
all:x (goldfish(x) :- carp(x))
osprey(bubbles) ^ goldfish(bubbles) :- ~fish(bubbles)",goldfish(bubbles)
321,431,"No Boeing-737 plane has more than 300 seats. 
All of the planes acquired by Delta in this batch are Boeing-737. 
Planes either have more than 300 seats or have a capacity of 100 passengers. 
All planes with a capacity of 100 passengers are scheduled for a short-distance flight. 
All planes with a capacity of 100 passengers are produced before 2010. 
Jake32 is either a Boeing-737 plane or a plane acquired by Delta in this batch.
T10 is either both a Boeing-737 plane and acquired by Delta in this batch, or it is neither.","∀x (Plane(x) ∧ Boeing737(x) → (¬∃y(GreaterThan(y, num300) ∧ EquippedWithSeats(x,y)))
∀x (Plane(x) ∧ AcquiredBy(x, delta) → Boeing737(x))
∀x (Plane(x) → ((∃y(GreaterThan(y, num300) ∧ EquippedWithSeats(x,y))) ⊕ (∃y(Equals(y, num100) ∧ EquippedWithSeats(x,y))))
∀x (Plane(x) ∧ ∃y(Equals(y, num100) ∧ EquippedWithSeats(x,y)) → ScheduledFor(x, shortdistanceflight))
∀x (Plane(x) ∧ ∃y(Equals(y, num100) ∧ EquippedWithSeats(x,y)) → ∃z(Before(z, yr2010) ∧ Produced(x, z))
(Boeing737(jake32) ∧ Plane(jake32)) ⊕ (AcquiredByDeltaInThisBatch(jake32) ∧ Plane(jake32))
¬((Boeing737(t10) ∧ Plane(t10)) ⊕ (AcquiredByDeltaInThisBatch(t10) ∧ Plane(t10)))",Jake32 was produced before 2010 and is scheduled for a short-distance flight.,"∃z(Before(z, year2010) ∧ Produced(jake32, z)) ∧ ScheduledFor(jake32, shortdistanceflight))",True,1227,"all:x (plane(x) & boeing737(x) :- (~y(greaterthan(y, num300) & equippedwithseats(x,y)))
all:x (plane(x) & acquiredby(x, delta) :- boeing737(x))
all:x (plane(x) :- ((y(greaterthan(y, num300) & equippedwithseats(x,y))) ^ (y(equals(y, num100) & equippedwithseats(x,y))))
all:x (plane(x) & y(equals(y, num100) & equippedwithseats(x,y)) :- scheduledfor(x, shortdistanceflight))
all:x (plane(x) & y(equals(y, num100) & equippedwithseats(x,y)) :- z(before(z, yr2010) & produced(x, z))
(boeing737(jake32) & plane(jake32)) ^ (acquiredbydeltainthisbatch(jake32) & plane(jake32))
~((boeing737(t10) & plane(t10)) ^ (acquiredbydeltainthisbatch(t10) & plane(t10)))","z(before(z, year2010) & produced(jake32, z)) & scheduledfor(jake32, shortdistanceflight))"
322,316,"There are no mansion houses in an urban area.
All skyscrapers are in urban areas.
Every creepy haunted house is a mansion house.
Every terrifying building on Halloween is a creepy haunted house.
The LaLaurie House is a creepy haunted house or a terrifying building on Halloween.","∀x (InUrbanArea(x) → ¬MansionHouse(x))
∀x (Skyscraper(x) → InUrbanArea(x))
∀x (CreepyHauntedHouse(x) → MansionHouse(x))
∀x (TerrifyingBuilding(x) ∧ OnHalloween(x) → CreepyHauntedHouse(x))
CreepyHauntedHouse(laLaurieHouse) ∨ TerrifyingBuilding(laLaurieHouse) ∧ OnHalloween(laLaurieHouse)",The LaLaurie House is not a skyscraper.,¬Skyscraper(laLaurieHouse),True,790,"all:x (inurbanarea(x) :- ~mansionhouse(x))
all:x (skyscraper(x) :- inurbanarea(x))
all:x (creepyhauntedhouse(x) :- mansionhouse(x))
all:x (terrifyingbuilding(x) & onhalloween(x) :- creepyhauntedhouse(x))
creepyhauntedhouse(lalauriehouse) | terrifyingbuilding(lalauriehouse) & onhalloween(lalauriehouse)",~skyscraper(lalauriehouse)
323,477,"All social media applications containing chat features are software. 
All social media applications that allow users to send messages to each other have chat features. 
All social media applications have chat features or video features. 
All social media applications that have video features allow users to upload videos. 
All software that is social media applications are computer programs. 
All social media applications that have high engagement metrics are addictive. 
If a social media application is addictive, then it is not ideal for preteens. 
TikTok is a social media application, and it is not ideal for preteens. ","∀x (SocialMedia(x) ∧ Application(x) ∧ Contain(x, chatFeature) → Software(x))
∀x (SocialMedia(x) ∧ Application(x) ∧ AllowToSendTo(x, user, message) → Contain(x, chatFeature))
∀x (SocialMedia(x) ∧ Application(x) → Contain(x, chatFeature) ∨ Contain(x, videoFeature))
∀x (SocialMedia(x) ∧ Application(x) ∧ Contain(x, videoFeature) → Allow(x, user, uploadVideo))
∀x (SocialMedia(x) ∧ Application(x) ∧ Software(x) → ComputerProgram(x))
∀x (SocialMedia(x) ∧ Application(x) ∧Have(x, highEngagementMetric) → Addictive(x))
∀x (SocialMedia(x) ∧ Application(x) ∧ Addictive(x) → ¬IdealFor(x, preteen))
SocialMedia(tikTok) ∧ Application(tikTok) ∧ ¬IdealFor(tikTok, preteen)",TikTok is either ideal for preteens or a computer program.,"IdealFor(tikTok, preteen) ⊕ ComputerProgram(tikTok)",True,1386,"all:x (socialmedia(x) & application(x) & contain(x, chatfeature) :- software(x))
all:x (socialmedia(x) & application(x) & allowtosendto(x, user, message) :- contain(x, chatfeature))
all:x (socialmedia(x) & application(x) :- contain(x, chatfeature) | contain(x, videofeature))
all:x (socialmedia(x) & application(x) & contain(x, videofeature) :- allow(x, user, uploadvideo))
all:x (socialmedia(x) & application(x) & software(x) :- computerprogram(x))
all:x (socialmedia(x) & application(x) &have(x, highengagementmetric) :- addictive(x))
all:x (socialmedia(x) & application(x) & addictive(x) :- ~idealfor(x, preteen))
socialmedia(tiktok) & application(tiktok) & ~idealfor(tiktok, preteen)","idealfor(tiktok, preteen) ^ computerprogram(tiktok)"
324,95,"DI Ray is a police procedural television series.
DI Ray was created and written by Maya Sondhi.
DI Ray was produced by Jed Mercurio.
Maya Sondhi and Jed Mercurio are both British.","TelevisionSeries(dIRay) ∧ PoliceProcedural(dIRay)
Creates(maya, dIRay) ∧ Writes(maya, dIRay)
Produces(jed, dIRay)
British(maya) ∧ British(jed) ",Some Brit produced a television series.,"∃x ∃y(British(x) ∧ TelevisionSeries(y) ∧ Produces(x, y))",True,288,"televisionseries(diray) & policeprocedural(diray)
creates(maya, diray) & writes(maya, diray)
produces(jed, diray)
british(maya) & british(jed) ","x y(british(x) & televisionseries(y) & produces(x, y))"
325,474,"All humans are capable of abstract thoughts.
Plants are not capable of abstract thoughts.
All multicellular creatures that are autotrophic or digest food internally are plants and animals.
All goats are animals.
Dirt is not an animal.
Hulu is a goat or a human.
Hulu is a multicellular creature that is autotrophic or digests food internally. ","∀x (Human(x) → CapableOf(x, abstractThought))
∀x (Plant(x) → ¬CapableOf(x, abstractThought))
∀x (MulticellularCreature(x) ∧ (Autotrophic(x) ∨ DigestFoodInternally (x)) → Plant(x) ⊕ Animal(x))
∀x (Goat(x) → Animal(x))
∀x (Dirt(x) → ¬Animal(x))
Goat(hulu) ∨ HumanBeing(hulu)
(MulticellularCreature(hulu) ∧ (Autotrophic(hulu) ∨ DigestFoodInternally (hulu))","If Hulu is either an animal or dirt, then Hulu is capable of abstract thoughts and is dirt.","Animal(hulu) ⊕ Dirt(hulu) → CapableOf(hulu, abstractThought) ∧ Dirt(hulu)",False,1377,"all:x (human(x) :- capableof(x, abstractthought))
all:x (plant(x) :- ~capableof(x, abstractthought))
all:x (multicellularcreature(x) & (autotrophic(x) | digestfoodinternally (x)) :- plant(x) ^ animal(x))
all:x (goat(x) :- animal(x))
all:x (dirt(x) :- ~animal(x))
goat(hulu) | humanbeing(hulu)
(multicellularcreature(hulu) & (autotrophic(hulu) | digestfoodinternally (hulu))","animal(hulu) ^ dirt(hulu) :- capableof(hulu, abstractthought) & dirt(hulu)"
326,153,"A laptop is a computer.
You can play games on a computer.
A phone is not a computer.","∀x (Laptop(x) → Computer(x))
∀x (Computer(x) → CanPlayGameOn(x))
∀x (Phone(x) → ¬Computer(x))",You can not play games on a phone.,∀x (Phone(x) → ¬CanPlayGameOn(x)),Uncertain,445,"all:x (laptop(x) :- computer(x))
all:x (computer(x) :- canplaygameon(x))
all:x (phone(x) :- ~computer(x))",all:x (phone(x) :- ~canplaygameon(x))
327,59,"Some monitors equipped in the lab are produced by the company named AOC. 
All monitors equipped in the lab are cheaper than their original prices. 
If a monitor is cheaper than its original price, then its resolution is 1080p. 
If a monitor has a resolution of 1080p, then it does not support the type-c port. 
LG34 is equipped in the lab.  ","∃x ∃y  (LabMonitor(x) ∧ AOC(x) ∧ (¬(x=y)) ∧ LabMonitor(y) ∧ AOC(y))
∀x (LabMonitor(x) → Discounted(x))
∀x (Discounted(x) → A1080p(x))
∀x (A1080p(x) → ¬TypeC(x))
LabMonitor(lg-34)",LG34 machine does not support the type-c port.,¬TypeC(lg-34),True,175,"x y  (labmonitor(x) & aoc(x) & (~(x=y)) & labmonitor(y) & aoc(y))
all:x (labmonitor(x) :- discounted(x))
all:x (discounted(x) :- a1080p(x))
all:x (a1080p(x) :- ~typec(x))
labmonitor(lg-34)",~typec(lg-34)
328,446,"If something is a plant, then it is not a cute animal. Simeng: All plants are not cute animals. 
All flowers are plants.
Every kitten is a cute animal.
If something is grown in a garden, then it is a flower.
Piper is a kitten or a cute animal.","∀x (Plant(x) → ¬CuteAnimal(x))
∀x (Flower(x) → Plant(x))
∀x (Kitten(x) → CuteAnimal(x))
∀x (GrownIn(x, garden) → Flower(x))
Kitten(piper) ∨ CuteAnimal(piper)",Piper was grown in a garden.,"GrownIn(piper, garden)",False,1283,"all:x (plant(x) :- ~cuteanimal(x))
all:x (flower(x) :- plant(x))
all:x (kitten(x) :- cuteanimal(x))
all:x (grownin(x, garden) :- flower(x))
kitten(piper) | cuteanimal(piper)","grownin(piper, garden)"
329,332,"If people don't often clean their homes, then they do not have tidy houses.
If people don't prioritize cleaning, then they do not often clean their homes.
If people hire a maid or cleaning service, then they have tidy houses.
If people don't care about cleanliness, then they do not prioritize cleaning.
Either Jack does hire a maid or cleaning service and does not often clean his home, or he does not hire a maid or cleaning service nor often clean his home.","∀x (¬CleanOften(x, home) → ¬Have(x, tidyHouse))
∀x (¬Prioritize(x, cleaning) → ¬CleanOften(x, home))
∀x (Hire(x, maid) ∨ Hire(x, cleaningService) → Have(x, tidyHouse))
∀x (¬CareAbout(x, cleanliness) → ¬Prioritize(x, cleaning))
¬(Hire(x, maid) ∨ Hire(x, cleaningService)) ⊕ ¬CleanOften(jack, home))",Jack doesn't care about cleanliness.,"¬(CareAbout(jack, cleanliness))",False,858,"all:x (~cleanoften(x, home) :- ~have(x, tidyhouse))
all:x (~prioritize(x, cleaning) :- ~cleanoften(x, home))
all:x (hire(x, maid) | hire(x, cleaningservice) :- have(x, tidyhouse))
all:x (~careabout(x, cleanliness) :- ~prioritize(x, cleaning))
~(hire(x, maid) | hire(x, cleaningservice)) ^ ~cleanoften(jack, home))","~(careabout(jack, cleanliness))"
330,136,"Phoneix's music is classified under the indie pop genre.
Phoenix is a band from France.
French bands write songs in French or in English.
Aside from indie pop, pop rock and synth-pop are two other genres of music.
Phoenix has no songs in French.","IndiePop(phoenix)
Band(phoenix) ∧ From(phoenix, france)
∀x ∃y (Band(x) ∧ From(x, france) ∧ Write(x, y) ∧ Song(y) → InFrench(y) ⊕ InEnglish(y))
∀x (IndiePop(x) → ¬PopRock(x) ∧ ¬SynthPop(x))
∀x (Song(x) ∧ By(phoenix, x) → ¬InFrench(x))",Phoneix's music is classified under the pop rock genre.,PopRock(phoenix),False,400,"indiepop(phoenix)
band(phoenix) & from(phoenix, france)
all:x y (band(x) & from(x, france) & write(x, y) & song(y) :- infrench(y) ^ inenglish(y))
all:x (indiepop(x) :- ~poprock(x) & ~synthpop(x))
all:x (song(x) & by(phoenix, x) :- ~infrench(x))",poprock(phoenix)
331,316,"There are no mansion houses in an urban area.
All skyscrapers are in urban areas.
Every creepy haunted house is a mansion house.
Every terrifying building on Halloween is a creepy haunted house.
The LaLaurie House is a creepy haunted house or a terrifying building on Halloween.","∀x (InUrbanArea(x) → ¬MansionHouse(x))
∀x (Skyscraper(x) → InUrbanArea(x))
∀x (CreepyHauntedHouse(x) → MansionHouse(x))
∀x (TerrifyingBuilding(x) ∧ OnHalloween(x) → CreepyHauntedHouse(x))
CreepyHauntedHouse(laLaurieHouse) ∨ TerrifyingBuilding(laLaurieHouse) ∧ OnHalloween(laLaurieHouse)",The LaLaurie House is a terrifying building on Halloween.,TerrifyingBuilding(laLaurieHouse) ∧ OnHalloween(laLaurieHouse),Uncertain,791,"all:x (inurbanarea(x) :- ~mansionhouse(x))
all:x (skyscraper(x) :- inurbanarea(x))
all:x (creepyhauntedhouse(x) :- mansionhouse(x))
all:x (terrifyingbuilding(x) & onhalloween(x) :- creepyhauntedhouse(x))
creepyhauntedhouse(lalauriehouse) | terrifyingbuilding(lalauriehouse) & onhalloween(lalauriehouse)",terrifyingbuilding(lalauriehouse) & onhalloween(lalauriehouse)
332,171,"Some fish stings people.
Stonefish is a fish.
Stonefish stings when stepped on. 
If a stonefish stings someone and they are not treated, it can cause death to them.
To treat stonefish stings, apply heat to the affected area or use an antivenom.","∃x ∃y (Fish(x) → Sting(x,y))
Fish(stonefish)
∀x (SteppedOnBy(stonefish, x) → Sting(stonefish, x))
∀x (Sting(stonefish, x) ∧ ¬Treated(x) → CauseDeathTo(stonefish, x))
∀x (Sting(stonefish, x) ∧ (ApplyHeatTo(x) ∨ UseAntivenomOn(x)) → Treated(x))",Stings of some fish can cause death if not treated.,"∃x ∃y (Fish(x) ∧ Sting(x, y) ∧ ¬Treated(y) → CauseDeathTo(x, y))",True,492,"x y (fish(x) :- sting(x,y))
fish(stonefish)
all:x (steppedonby(stonefish, x) :- sting(stonefish, x))
all:x (sting(stonefish, x) & ~treated(x) :- causedeathto(stonefish, x))
all:x (sting(stonefish, x) & (applyheatto(x) | useantivenomon(x)) :- treated(x))","x y (fish(x) & sting(x, y) & ~treated(y) :- causedeathto(x, y))"
333,165,"Belgium, France, and Germany are European countries.
Paris is the capital of France.
The Eiffel Tower is one of the main tourist attractions located in Paris.
Some people who live in Belgium speak French.
If John goes to Europe, he will see some tourist attractions.
John speaks French.","EuropeanCountry(belgium) ∧ EuropeanCountry(france) ∧ EuropeanCountry(germany)
CapitalOf(paris, france)
TouristAttraction(eiffelTower) ∧ LocatedIn(eiffelTower, paris)
∃x (LiveIn(x, belgium) → Speak(x, french))
∃x (GoTo(john, europe) → (See(john, x) ∧ TouristAttraction(x)))
Speak(john, french)",John lives in Belgium.,"LiveIn(john, belgium)",Uncertain,475,"europeancountry(belgium) & europeancountry(france) & europeancountry(germany)
capitalof(paris, france)
touristattraction(eiffeltower) & locatedin(eiffeltower, paris)
x (livein(x, belgium) :- speak(x, french))
x (goto(john, europe) :- (see(john, x) & touristattraction(x)))
speak(john, french)","livein(john, belgium)"
334,142,"Ann J. Land was a member of the Philadelphia City Council and the Democratic Party.
Ann J. Land ran unopposed for the Philadelphia City Council in 1980.
People who run unopposed for the Philadelphia City Council are elected to the positions they run for in the same year.
Michael Nutter was a political challenger.
Ann J. Land defeated Michael Nutter and ran for the Philadelphia City Council in 1987.","MemberOf(annJLand, philadelphiaCityCouncil) ∧ MemberOf(annJLand, democraticParty)
RunUnopposedFor(ann, philadelphiaCityCouncil, year1980)
∀x ∀y (RunUnopposedFor(x, philadelphiaCityCouncil, y) → ElectedTo(x, philadelphiaCityCouncil, y))
PoliticalChallenger(michaelNutter)
Defeat(annJLand, michaelNutter) ∧ RunFor(annJLand, philadelphiaCityCouncil, year1987)",Ann J. Land was elected to the Philadelphia City Council in 1987.,"ElectedTo(ann, philadelphiaCityCouncil, year1987)",Uncertain,417,"memberof(annjland, philadelphiacitycouncil) & memberof(annjland, democraticparty)
rununopposedfor(ann, philadelphiacitycouncil, year1980)
all:x all:y (rununopposedfor(x, philadelphiacitycouncil, y) :- electedto(x, philadelphiacitycouncil, y))
politicalchallenger(michaelnutter)
defeat(annjland, michaelnutter) & runfor(annjland, philadelphiacitycouncil, year1987)","electedto(ann, philadelphiacitycouncil, year1987)"
335,8,"Miroslav Venhoda was a Czech choral conductor who specialized in the performance of Renaissance and Baroque music.
Any choral conductor is a musician.
Some musicians love music.
Miroslav Venhoda published a book in 1946 called Method of Studying Gregorian Chant.","Czech(miroslav) ∧ ChoralConductor(miroslav) ∧ SpecializeInPerformanceOf(miroslav, renaissanceMusic) ∧ SpecializeInPerformanceOf(miroslav, baroqueMusic)
∀x (ChoralConductor(x) → Musician(x))
∃x ∃y ((Musician(x) → Love(x, music)) ∧ (¬(x=y) ∧ Musician(y) → Love(y, music)))
PublishedBook(miroslav, methodOfStudyingGregorianChant, yr1946)",Miroslav Venhoda loved music.,"Love(miroslav, music)",Uncertain,20,"czech(miroslav) & choralconductor(miroslav) & specializeinperformanceof(miroslav, renaissancemusic) & specializeinperformanceof(miroslav, baroquemusic)
all:x (choralconductor(x) :- musician(x))
x y ((musician(x) :- love(x, music)) & (~(x=y) & musician(y) :- love(y, music)))
publishedbook(miroslav, methodofstudyinggregorianchant, yr1946)","love(miroslav, music)"
336,387,"If some diseases require a medical diagnosis, then lab tests or imaging is required. 
All rare diseases require a medical diagnosis.
If a disease is mild, then no lab tests or imaging is required. 
All blood cancers are rare diseases.
All types of leukemia are diseases and blood cancers. 
Bladder cancer is a disease and is blood cancer or Leukemia.","∀x (Disease(x) ∧ Require(x, medicalDiagnosis) → RequiredFor(labTest, x) ∨ RequiredFor(imaging, x)) 
∀x (RareDisease(x) → Require(x, medicalDiagnosis))
∀x (Disease(x) ∧ Mild(x) → ¬(RequiredFor(labTest, x) ∨ RequiredFor(imaging, x))) 
∀x (BloodCancer(x) → RareDiseases(x))
∀x (Disease(x) ∧ Leukemia(x) → BloodCancer(x))
Disease(bladderCancer) ∧ (BloodCancer(bladderCancer) ∨ Leukemia(bladderCancer))",Bladder cancer is Leukemia.,Leukemia(bladderCancer),Uncertain,1036,"all:x (disease(x) & require(x, medicaldiagnosis) :- requiredfor(labtest, x) | requiredfor(imaging, x)) 
all:x (raredisease(x) :- require(x, medicaldiagnosis))
all:x (disease(x) & mild(x) :- ~(requiredfor(labtest, x) | requiredfor(imaging, x))) 
all:x (bloodcancer(x) :- rarediseases(x))
all:x (disease(x) & leukemia(x) :- bloodcancer(x))
disease(bladdercancer) & (bloodcancer(bladdercancer) | leukemia(bladdercancer))",leukemia(bladdercancer)
337,415,"All books written by Neil Gaiman have sold more than one thousand copies.
Some books that have won Hugo Awards are written by Neil Gaiman.
Tomas has read all books written by Tolkien. 
Either Tomas has read Hamlet, or it has sold more than one thousand copies.
Hamlet has either sold more than one thousand copies or it is written by Neil Gaiman.","∀x ((Book(x) ∧ WrittenBy(x, neilGaiman)) → ∃y (MoreThan(y, num1000) ∧ SoldCopies(x, y)))
∃x ∃y (Book(x) ∧ Win(x, hugoAward) ∧ WrittenBy(x, neilGaiman) ∧ (¬(x=y)) ∧ Book(y) ∧ Win(y, hugoAward) ∧ WrittenBy(y, neilGaiman))
∀x ((Book(x) ∧ WrittenBy(x, tolkien)) → ReadBy(x, tomas))
ReadBy(hamlet, tomas) ⊕ (∃y (MoreThan(y, num1000) ∧ SoldCopies(hamlet, y)))
∃y (MoreThan(y, num1000) ∧ SoldCopies(hamlet, y)) ⊕ WrittenBy(hamlet, neilGaiman)","If Hamlet has either won a Hugo Award and is written by Tolkien, or neither has won a Hugo Award nor is written by Tolkien, then Hamlet has neither won a Hugo Award nor is written by Neil Gaiman.","¬(Win(hamlet, hugoAward) ⊕ WrittenBy(hamlet, tolkien)) → (¬Win(hamlet, hugoAward) ∧ (¬WrittenBy(hamlet, neilGaiman)))",True,1168,"all:x ((book(x) & writtenby(x, neilgaiman)) :- y (morethan(y, num1000) & soldcopies(x, y)))
x y (book(x) & win(x, hugoaward) & writtenby(x, neilgaiman) & (~(x=y)) & book(y) & win(y, hugoaward) & writtenby(y, neilgaiman))
all:x ((book(x) & writtenby(x, tolkien)) :- readby(x, tomas))
readby(hamlet, tomas) ^ (y (morethan(y, num1000) & soldcopies(hamlet, y)))
y (morethan(y, num1000) & soldcopies(hamlet, y)) ^ writtenby(hamlet, neilgaiman)","~(win(hamlet, hugoaward) ^ writtenby(hamlet, tolkien)) :- (~win(hamlet, hugoaward) & (~writtenby(hamlet, neilgaiman)))"
338,432,"All Yale dormitories are located on the Yale campus. 
All Yale buildings managed by Yale Housing are dormitories. 
All Yale buildings operated by Yale Housing staff are managed by Yale Housing. 
None of the Yale buildings open to students were built before 1701. 
All Yale buildings located on the Yale campus are open to students. 
Harkness is either a Yale building operated by Yale Housing staff, or it is located on York Street. ","∀x (YaleDormitory(x) → LocatedOn(x, yaleCampus))
∀x ((YaleBuildings(x) ∧ ManagedBy(x, yaleHousing)) → YaleDormitory(x))
∀x ((YaleBuildings(x) ∧ OperatedBy(x, yaleHousingStaff)) → ManagedBy(x, yaleHousing))
∀x ((YaleBuildings(x) ∧ OpenToStudents(x)) → (¬∃y(Before(y, yr1701) ∧ Established(x, y))))
∀x ((YaleBuildings(x) ∧ LocatedOn(x, yaleCampus)) → OpenToStudents(x))
YaleBuildings(harkness) ∧ (OperatedBy(x, harkness) ⊕ LocatedOn(harkness, yaleCampus))",Harkness is not established before 1701.,"¬∃y(Before(y, year1701) ∧ Established(x, y))",True,1234,"all:x (yaledormitory(x) :- locatedon(x, yalecampus))
all:x ((yalebuildings(x) & managedby(x, yalehousing)) :- yaledormitory(x))
all:x ((yalebuildings(x) & operatedby(x, yalehousingstaff)) :- managedby(x, yalehousing))
all:x ((yalebuildings(x) & opentostudents(x)) :- (~y(before(y, yr1701) & established(x, y))))
all:x ((yalebuildings(x) & locatedon(x, yalecampus)) :- opentostudents(x))
yalebuildings(harkness) & (operatedby(x, harkness) ^ locatedon(harkness, yalecampus))","~y(before(y, year1701) & established(x, y))"
339,353,"If Max listens to music, he either listens to classical music or rap.
All the classical songs that Max listens to are from the 12th century. 
If Max is listening to a rap song, then the song is by Kanye West. 
All songs by Kanye West are full of lyrics. 
All songs that are full of lyrics need to be written with words
It is not true that “As it was” by Harry Styles is classical music that Max listens to and is from the 12th century.
Max listens to ""As it was"" by Harry Styles.","∀x (MaxListenTo(x) → (ClassicalMusic(x) ⊕ Rap(x)))
∀x (MaxListenTo(x) ∧ ClassicalMusic(x) → Song(x) ∧ From(x, 12thCentury))
∀x (MaxListenTo(x) ∧ Rap(x) → Song(x) ∧ By(x, kanyeWest))
∀x (Song(x) ∧ By(x, kanyeWest) → Song(x) ∧ FullOfLyrics(x))
∀x (Song(x) ∧ FullOfLyrics(x) → NeedToBeWrittenWith(x, words))
¬(ClassicalMusic(asItWasByHarryStyles) ∧ Song(asItWasByHarryStyles) ∧ From(asItWasByHarryStyles, 12thCentury))
MaxListenTo(asItWasByHarryStyles)",“As it was” by Harry Styles needs to be written with words.,"NeedToBeWrittenWith(asItWasByHarryStyles, words)",True,936,"all:x (maxlistento(x) :- (classicalmusic(x) ^ rap(x)))
all:x (maxlistento(x) & classicalmusic(x) :- song(x) & from(x, 12thcentury))
all:x (maxlistento(x) & rap(x) :- song(x) & by(x, kanyewest))
all:x (song(x) & by(x, kanyewest) :- song(x) & fulloflyrics(x))
all:x (song(x) & fulloflyrics(x) :- needtobewrittenwith(x, words))
~(classicalmusic(asitwasbyharrystyles) & song(asitwasbyharrystyles) & from(asitwasbyharrystyles, 12thcentury))
maxlistento(asitwasbyharrystyles)","needtobewrittenwith(asitwasbyharrystyles, words)"
340,17,"Odell is an English surname originating in Odell, Bedfordshire.
In some families, Odell is spelled O'Dell in a mistaken Irish adaptation.
Notable people with surnames include Amy Odell, Jack Odell, and Mats Odell.
Amy Odell is a British singer-songwriter.
Jack Odell is an English toy inventor.","Surname(nameODell) ∧ From(nameODell, oDellBedfordshire)
MistakenSpellingOf(nameO'Dell, nameODell) ∧ (∃x∃y(Family(x) ∧ Named(x, nameO'Dell) ∧ (¬(x=y)) ∧ Family(y) ∧ Named(y, nameO'Dell))
Named(amyODell, nameODell) ∧ NotablePerson(amyODell) ∧ Named(jackODell, nameODell) ∧ NotablePerson(jackODell) ∧ Named(matsODell, nameODell) ∧ NotablePerson(matsODell)
British(amyODell) ∧ Singer(amyODell) ∧ SongWriter(amyODell)
English(jackODell) ∧ ToyInventor(jackODell)",Odell is Amy Odell's surname.,"Named(amyODell, nameODell)",True,48,"surname(nameodell) & from(nameodell, odellbedfordshire)
mistakenspellingof(nameo'dell, nameodell) & (xy(family(x) & named(x, nameo'dell) & (~(x=y)) & family(y) & named(y, nameo'dell))
named(amyodell, nameodell) & notableperson(amyodell) & named(jackodell, nameodell) & notableperson(jackodell) & named(matsodell, nameodell) & notableperson(matsodell)
british(amyodell) & singer(amyodell) & songwriter(amyodell)
english(jackodell) & toyinventor(jackodell)","named(amyodell, nameodell)"
341,264,"No television stars are certified public accountants.
All certified public accountants have good business sense.","∀x (TelevisionStar(x) → ¬CertifiedPublicAccoutant(x))
∀x (CertifiedPublicAccoutant(x) → Have(x, goodBusinessSense))",All television stars have good business sense.,"∀x (TelevisionStar(x) → Have(x, goodBusinessSense))",Uncertain,708,"all:x (televisionstar(x) :- ~certifiedpublicaccoutant(x))
all:x (certifiedpublicaccoutant(x) :- have(x, goodbusinesssense))","all:x (televisionstar(x) :- have(x, goodbusinesssense))"
342,311,"No payment cards issued by Russian banks can be used with ApplePay.
All MIR payment cards are issued by Russian banks.
Some international payment cards can be used with ApplePay.
Social payments in Russia can only be transferred to MIR payment cards.
Bank of America payment cards can be used with ApplePay.","∀x ∀y (PaymentCard(x) ∧ RussianBank(y) ∧ IssuedBy(x, y) → ¬UsedWith(x, applePay))
∀x ∀y (PaymentCard(x) ∧ MIR(x) → RussianBank(y) ∧ IssuedBy(x, y))
∃x (PaymentCard(x) ∧ International(x) → UsedWith(x, applePay))
∀x ∀y (SocialPayment(x) ∧TransferredTo(x, y) → PaymentCard(y) ∧ MIR(y))
PaymentCard(bankOfAmerica) ∧ UsedWith(bankOfAmerica, applePay)","If Bank of America payment cards are international and can be used to transfer social payments in Russia, then they are international.","∀x ((PaymentCard(bandOfAmerica) ∧ International(bandOfAmerica) ∧ SocialPayment(x) ∧ TransferredTo(x, bandOfAmerica)) → International(bandOfAmerica))",True,775,"all:x all:y (paymentcard(x) & russianbank(y) & issuedby(x, y) :- ~usedwith(x, applepay))
all:x all:y (paymentcard(x) & mir(x) :- russianbank(y) & issuedby(x, y))
x (paymentcard(x) & international(x) :- usedwith(x, applepay))
all:x all:y (socialpayment(x) &transferredto(x, y) :- paymentcard(y) & mir(y))
paymentcard(bankofamerica) & usedwith(bankofamerica, applepay)","all:x ((paymentcard(bandofamerica) & international(bandofamerica) & socialpayment(x) & transferredto(x, bandofamerica)) :- international(bandofamerica))"
343,182,"Brita was a cargo ship built for Norwegians.
Brita was impressed into service by Germany.
Ships that have been impressed into service were seized by whoever impressed them into service.
The Britta was sold to Hong Kong.","CargoShip(britta) ∧ Ship(britta) ∧ BuiltFor(britta, norwegians)
ImpressedIntoServiceBy(britta, germany)
∀x ∀y (Ship(x) ∧ ImpressedIntoServiceBy(x, y) → SeizedBy(x, y))
SoldTo(britta, hongkong)",Hong Kong seized the Britta.,"SeizedBy(britta, hongkong)",Uncertain,526,"cargoship(britta) & ship(britta) & builtfor(britta, norwegians)
impressedintoserviceby(britta, germany)
all:x all:y (ship(x) & impressedintoserviceby(x, y) :- seizedby(x, y))
soldto(britta, hongkong)","seizedby(britta, hongkong)"
344,170,"The Mona Lisa is a world's best-known painting.
The Mona Lisa is a portrait painted by Leonardo da Vinci.
Leonardo da Vinci was a scientist and painter.
Painting genres can be history, portrait, animal, landscape, and still life.","Painting(monaLisa) ∧ TheWorldsBestKnown(monaLisa)
PaintedBy(monaLisa, leonardodaVinci) ∧ Portrait(monaLisa)
Scientist(leonardodaVinci) ∧ Painter(leonardodaVinci)
∀x (Painting(x) → (History(x) ∨ Portrait(x) ∨ Animal(x) ∨ Landscape(x) ∨ StillLife(x)))",Leonardo da Vinci has artworks in the landscape genre.,"∃x (PaintedBy(x, leonardodaVinci) ∧ Landscape(x))",Uncertain,489,"painting(monalisa) & theworldsbestknown(monalisa)
paintedby(monalisa, leonardodavinci) & portrait(monalisa)
scientist(leonardodavinci) & painter(leonardodavinci)
all:x (painting(x) :- (history(x) | portrait(x) | animal(x) | landscape(x) | stilllife(x)))","x (paintedby(x, leonardodavinci) & landscape(x))"
345,35,"An Olympian is a person who trains for an Olympic sport and goes to the Olympics.
Carlos Reyes trains for an Olympic sport.
Carlos Reyes went to the Olympics.
Carlos Reyes is a welterweight.
Heavy weights are not welterweights.","∀x ((DoesOlympicSport(x) ∧ GoesToOlympicGames(x)) → Olympian(x))
DoesOlympicSport(carlosReyes)
GoesToOlympicGames(carlosReyes)
WelterWeight(carlosReyes)
∀x (WelterWeight(x) → ¬ HeavyWeight(x))",Carlos Reyes is a heavy weight.,HeavyWeight(carlosReyes),False,102,"all:x ((doesolympicsport(x) & goestoolympicgames(x)) :- olympian(x))
doesolympicsport(carlosreyes)
goestoolympicgames(carlosreyes)
welterweight(carlosreyes)
all:x (welterweight(x) :- ~ heavyweight(x))",heavyweight(carlosreyes)
346,249,"Every chef can cook.
Some people who aren’t chefs can cook.
People who cook can make scrambled eggs and pasta.
If someone can make cookies and muffins, they are a baker.
Bakers who can also make scrambled eggs can make a good breakfast.
Luke can make cookies, scrambled eggs, and muffins, but not pasta.","∀x (Chef(x) → Can(x, cook))
∃x (¬Chef(x) ∧ Can(x, cook))
∀x (Can(x, cook) → (CanMake(x, scrambledEggs) ∧ CanMake(x, pasta)))
∀x (CanMake(x, cookies) ∧ CanMake(x, muffins) → Baker(x))
∀x ((Baker(x) ∧ CanMake(x, scrambledEggs)) → CanMake(x, goodBreakfast))
CanMake(luke, cookies) ∧ (CanMake(luke, scrambledEggs) ∧ CanMake(luke, muffins) ∧ ¬CanMake(luke, pasta)",Luke is a chef.,Chef(luke),False,693,"all:x (chef(x) :- can(x, cook))
x (~chef(x) & can(x, cook))
all:x (can(x, cook) :- (canmake(x, scrambledeggs) & canmake(x, pasta)))
all:x (canmake(x, cookies) & canmake(x, muffins) :- baker(x))
all:x ((baker(x) & canmake(x, scrambledeggs)) :- canmake(x, goodbreakfast))
canmake(luke, cookies) & (canmake(luke, scrambledeggs) & canmake(luke, muffins) & ~canmake(luke, pasta)",chef(luke)
347,38,"The Metropolitan Museum of Art is a museum in NYC.
Whitney Museum of American Art is a museum in NYC.
The Museum of Modern Art (MoMA) is a museum in NYC. 
The Metropolitan Museum of Art includes Byzantine and Islamic Art. 
Whitney Museum of American Art includes American art.","Museum(metropolitanMuseumOfArt) ∧ In(metropolitanMuseumOfArt, nYC)
Museum(whitneyMuseumOfAmericanArt) ∧ In(metropolitanMuseumOfArt, nYC)
Museum(museumOfModernArt) ∧ In(museumOfModernArt, nYC)
Include(metropolitanMuseumOfArt, byzantineArt) ∧ Include(metropolitanMuseumOfArt, islamicArt)
Include(whitneyMuseumOfAmericanArt, americanArt)",A museum in NYC includes Byzantine and Islamic Art.,"∃x (Museum(x) ∧ In(x, nYC) ∧ Include(x, byzantineArt) ∧ Include(x, islamicArt))",True,110,"museum(metropolitanmuseumofart) & in(metropolitanmuseumofart, nyc)
museum(whitneymuseumofamericanart) & in(metropolitanmuseumofart, nyc)
museum(museumofmodernart) & in(museumofmodernart, nyc)
include(metropolitanmuseumofart, byzantineart) & include(metropolitanmuseumofart, islamicart)
include(whitneymuseumofamericanart, americanart)","x (museum(x) & in(x, nyc) & include(x, byzantineart) & include(x, islamicart))"
348,409,"All red fruits that grow in Ben's yard contain some Vitamin C.
All apples that grow in Ben's yard are red fruits.
All fruits that grow in Ben's yard and contain some Vitamin C are healthy. 
No fruits that grow in Ben's yard and are healthy are on a warning list.
The cherries grow in Ben's yard.
If cherries are not apples and are not healthy, then they are red fruits.","∀x ((GrownIn(x, benSYard) ∧ RedFruit(x)) → Contain(x, vitaminC))
∀x (GrownIn(x, benSYard) ∧ Is(x, apple) → RedFruit(x))
∀x ((GrownIn(x, benSYard) ∧ Contain(x, vitaminC)) → healthy(x))
∀x ((GrownIn(x, benSYard) ∧ Healthy(x)) → ¬On(x, warningList))
GrownIn(cherry, benSYard)
¬(Healthy(cherry) ∧ Is(cherry, apple)) → RedFruit(cherry)
",The cherries are either on a warning list or are red.,"On(cherry, warningList) ⊕ RedFruit(cherry)",True,1144,"all:x ((grownin(x, bensyard) & redfruit(x)) :- contain(x, vitaminc))
all:x (grownin(x, bensyard) & is(x, apple) :- redfruit(x))
all:x ((grownin(x, bensyard) & contain(x, vitaminc)) :- healthy(x))
all:x ((grownin(x, bensyard) & healthy(x)) :- ~on(x, warninglist))
grownin(cherry, bensyard)
~(healthy(cherry) & is(cherry, apple)) :- redfruit(cherry)
","on(cherry, warninglist) ^ redfruit(cherry)"
349,317,"All clothes are products. 
No products are perfect. 
All dresses are clothes.
All skirts are dresses. 
If the fabric bundle is a piece of clothing, then the fabric bundle is a perfect dress.","∀x (Clothes(x) → Product(x))
∀x (Product(x) → ¬Perfect(x))
∀x (Dress(x) → Clothes(x))
∀x (Skirt(x) → Dress(x))
Clothes(fabricBundle) → Perfect(fabricBundle) ∧ Dress(fabricBundle)",The fabric bundle is not a skirt.,¬Skirt(fabricbundle),True,801,"all:x (clothes(x) :- product(x))
all:x (product(x) :- ~perfect(x))
all:x (dress(x) :- clothes(x))
all:x (skirt(x) :- dress(x))
clothes(fabricbundle) :- perfect(fabricbundle) & dress(fabricbundle)",~skirt(fabricbundle)
350,455,"All philosophers reason. 
Some sophists reason. 
All who can reason can distinguish truth from falsehood.
Nobody who can distinguish truth from falsehood is morally perfect.  
The theistic God is morally perfect.","∀x (Philosopher(x) → Reason(x))
∃x (Sophist(x) ∧ Reason(x))
∀x (Reason(x) → CanDistinguishFrom(x, truth, falsehood))
∀x (CanDistinguishFrom(x, truth, falsehood) → ¬MorallyPerfect(x))
MorallyPerfect(theisticGod)","if the theistic God is a philosopher, then he is not a sophist.",Philosopher(theisticGod) → ¬Sophist(theisticGod),True,1312,"all:x (philosopher(x) :- reason(x))
x (sophist(x) & reason(x))
all:x (reason(x) :- candistinguishfrom(x, truth, falsehood))
all:x (candistinguishfrom(x, truth, falsehood) :- ~morallyperfect(x))
morallyperfect(theisticgod)",philosopher(theisticgod) :- ~sophist(theisticgod)
351,18,"Miroslav Fiedler was a Czech mathematician.
Miroslav Fiedler is known for his contributions to linear algebra and graph theory.
Miroslav Fiedler is honored by the Fiedler eigenvalue.
Fiedler eigenvalue is the second smallest eigenvalue of the graph Laplacian.","Czech(miroslavFiedler) ∧ Mathematician(miroslavFiedler)
KnownFor(miroslavFiedler, contributionsToLinearAlgebraAndGraphTheory)
HonoredBy(miroslavFiedler, fiedlerEigenvalue)
TheSecondSmallestEigenvalueOf(fiedlerEigenvalue, theGraphLaplacian)",Miroslav Fiedler was a French mathematician.,French(miroslavFiedler) ∧ Mathematician(miroslavFiedler),Uncertain,52,"czech(miroslavfiedler) & mathematician(miroslavfiedler)
knownfor(miroslavfiedler, contributionstolinearalgebraandgraphtheory)
honoredby(miroslavfiedler, fiedlereigenvalue)
thesecondsmallesteigenvalueof(fiedlereigenvalue, thegraphlaplacian)",french(miroslavfiedler) & mathematician(miroslavfiedler)
352,316,"There are no mansion houses in an urban area.
All skyscrapers are in urban areas.
Every creepy haunted house is a mansion house.
Every terrifying building on Halloween is a creepy haunted house.
The LaLaurie House is a creepy haunted house or a terrifying building on Halloween.","∀x (InUrbanArea(x) → ¬MansionHouse(x))
∀x (Skyscraper(x) → InUrbanArea(x))
∀x (CreepyHauntedHouse(x) → MansionHouse(x))
∀x (TerrifyingBuilding(x) ∧ OnHalloween(x) → CreepyHauntedHouse(x))
CreepyHauntedHouse(laLaurieHouse) ∨ TerrifyingBuilding(laLaurieHouse) ∧ OnHalloween(laLaurieHouse)","If the LaLaurie House is either a skyscraper or a creepy haunted house, then it is not a mansion house.",Skyscraper(laLaurieHouse) ⊕ CreepyHauntedHouse(laLaurieHouse) → ¬MansionHouse(laLaurieHouse),False,798,"all:x (inurbanarea(x) :- ~mansionhouse(x))
all:x (skyscraper(x) :- inurbanarea(x))
all:x (creepyhauntedhouse(x) :- mansionhouse(x))
all:x (terrifyingbuilding(x) & onhalloween(x) :- creepyhauntedhouse(x))
creepyhauntedhouse(lalauriehouse) | terrifyingbuilding(lalauriehouse) & onhalloween(lalauriehouse)",skyscraper(lalauriehouse) ^ creepyhauntedhouse(lalauriehouse) :- ~mansionhouse(lalauriehouse)
353,188,"If two soccer teams score the same number of goals in one UCL final during the regular time, they need to play for the extra time.
If two soccer teams score the same number of goals in one UCL final during both regular and extra time, they need to play the penalty shoot-out.
Real Madrid and Atlético Madrid both scored one goal in the 2016 UCL final during the regular time.
Real Madrid and Atlético Madrid both scored zero goals in the 2016 UCL final during the extra time.","∀w ∀x ∀y ∀z (SoccerTeam(x) ∧ SoccerTeam(y) ∧ NumberOfGoalScored(x, z) ∧ NumberOfGoalScored(y, w) ∧ y=w ∧ During(regularTime) → PlayExtra(x, y))
∀x ∀y (SoccerTeam(x) ∧ SoccerTeam(y) ∧ SameScore(x, y) ∧ During(regularTime) ∧ During(extraTime) → PlayPenalty(x, y))
SoccerTeam(realMadrid) ∧ SoccerTeam(atleticoMadrid) ∧ SameScore(realMadrid, atleticoMadrid) ∧ During(regularTime)
SoccerTeam(realMadrid) ∧ SoccerTeam(atleticoMadrid) ∧ SameScore(realMadrid, atleticoMadrid) ∧ During(extraTime)",Real Madrid and Atlético Madrid needed to play a penalty shoot-out in the 2016 UCL final.,"PlayPenalty(realMadrid, atleticoMadrid)",True,540,"all:w all:x all:y all:z (soccerteam(x) & soccerteam(y) & numberofgoalscored(x, z) & numberofgoalscored(y, w) & y=w & during(regulartime) :- playextra(x, y))
all:x all:y (soccerteam(x) & soccerteam(y) & samescore(x, y) & during(regulartime) & during(extratime) :- playpenalty(x, y))
soccerteam(realmadrid) & soccerteam(atleticomadrid) & samescore(realmadrid, atleticomadrid) & during(regulartime)
soccerteam(realmadrid) & soccerteam(atleticomadrid) & samescore(realmadrid, atleticomadrid) & during(extratime)","playpenalty(realmadrid, atleticomadrid)"
354,403,"There's a person in Benji's family who likes eating cheese or is a francophile.
There is no francophile in Benji's family whose favorite country is Spain.
There is a person in Benji's family who likes eating cheese or whose favorite country is Spain.
Fabien is in Benji's family and  does not both study Spanish and also like eating cheese.
Fabien studies Spanish.","∃x (InBenjiSFamily(x) → (LikeEating(x, cheese) ∨ Francophile(x)))
∀x ((InBenjiSFamily(x) ∧ Francophile(x)) → ¬Favor(x, spain))
∃x (InBenjiSFamily(x) ∧ (Favor(x, spain) ∨ LikeEating(x, cheese)))
InBenjiSFamily(fabien) ∧ (¬(LikeEating(fabien, cheese) ∧ Study(fabien, spanish)))
Study(fabien, spanish)","If Fabien is either a person who likes eating cheese or a francophile, then Fabien is neither a person who studies Spanish nor a person who is a francophile.","(LikeEating(fabien, cheese) ⊕ Francophile(fabien)) → (¬(Study(fabien, spanish) ∨ Francophile(fabien)))",True,1118,"x (inbenjisfamily(x) :- (likeeating(x, cheese) | francophile(x)))
all:x ((inbenjisfamily(x) & francophile(x)) :- ~favor(x, spain))
x (inbenjisfamily(x) & (favor(x, spain) | likeeating(x, cheese)))
inbenjisfamily(fabien) & (~(likeeating(fabien, cheese) & study(fabien, spanish)))
study(fabien, spanish)","(likeeating(fabien, cheese) ^ francophile(fabien)) :- (~(study(fabien, spanish) | francophile(fabien)))"
355,75,"Robert Zimmer was a philosopher born in Germany.
Robert Zimmer is an essayist.
Robert Zimmer was born in 1953.
Every essayist is a writer.","BornIn(robertZimmer, germany) ∧ Philosopher(robertZimmer)
Essayist(robertZimmer)
BornIn(robertZimmer, yr1953)
∀x (Essayist(x) → Writer(x))",Robert Zimmer is a biographer.,Biographer(robertZimmer),Uncertain,230,"bornin(robertzimmer, germany) & philosopher(robertzimmer)
essayist(robertzimmer)
bornin(robertzimmer, yr1953)
all:x (essayist(x) :- writer(x))",biographer(robertzimmer)
356,173,"Detroit City is a horse.
Some horses are racehorses.
If a horse falls in a race, it poses risks to its rider.
Detroit City fell in a race.
A horse is a racehorse if it is in a race.","Horse(detroitcity)
∃x (Horse(x) ∧ Racehorse(x))
∀x (Horse(x) ∧ InRace(x) ∧ Falls(x) → PoseRiskTo(x, rider))
InRace(detroitcity) ∧ Fall(detroitcity)
∀x (Horse(x) ∧ InRace(x) → Racehorse(x))",Detroit City has been in multiple races.,MultipleRace(detroitcity),Uncertain,497,"horse(detroitcity)
x (horse(x) & racehorse(x))
all:x (horse(x) & inrace(x) & falls(x) :- poseriskto(x, rider))
inrace(detroitcity) & fall(detroitcity)
all:x (horse(x) & inrace(x) :- racehorse(x))",multiplerace(detroitcity)
357,169,"All volunteers receive intangible benefits for their work.
Volunteers work regularly or on an as-needed basis.
Some volunteers are trained.
Volunteers work in groups or individually.
Environmental volunteers contribute toward environmental management or conservation.
Participating in natural disaster response is an example of volunteers working in groups on an as-needed basis.","∀x (Volunteer(x) → Receive(x, intangibleBenefit))
∀x (Volunteer(x) → WorkRegularly(x) ⊕ WorkAsNeeded(x))
∃x (Volunteer(x) → Trained(x))
∀x (Volunteer(x) → (WorkInGroup(x) ∨ WorkIndividually(x)))
∀x (Volunteer(x) ∧ Environmental(x) → (ContributeTo(x, environmentalManagement) ∨ ContributeTo(x, environmentalConservation)))
∃x (Volunteer(x) ∧ ContributeTo(x, naturalDisasterResponse) → WorkInGroup(x) ∧ WorkAsNeeded(x))",Environmental volunteers work in groups.,∀x (Volunteer(x) ∧ Environmental(x) → WorkInGroup(x)),Uncertain,486,"all:x (volunteer(x) :- receive(x, intangiblebenefit))
all:x (volunteer(x) :- workregularly(x) ^ workasneeded(x))
x (volunteer(x) :- trained(x))
all:x (volunteer(x) :- (workingroup(x) | workindividually(x)))
all:x (volunteer(x) & environmental(x) :- (contributeto(x, environmentalmanagement) | contributeto(x, environmentalconservation)))
x (volunteer(x) & contributeto(x, naturaldisasterresponse) :- workingroup(x) & workasneeded(x))",all:x (volunteer(x) & environmental(x) :- workingroup(x))
358,381,"All people who attend Renaissance fairs regularly enjoy dressing up in old-fashioned and historical period clothing.
If people are fascinated by the history of the Renaissance and other past eras, then they attend Renaissance fairs regularly.
People are fascinated by the history of the Renaissance and other past eras, or they are contemporary academics who enjoy learning.
People who are focused on futuristic and vocational subjects are contemporary academics who enjoy learning.
If people are professors who take a historical approach, then they are not contemporary academics who enjoy learning.
If Clyde is not focused on futuristic and voctional subjects, then he is neither focused on futuristic and vocational subjects nor enjoys dressing up in old-fashioned and historical period clothing.","∀x (AttendRegularly(x, renaissanceFair) → Enjoy(x, dressingUp, oldFashionedClothing) ∧ Enjoy(x, dressingUp, historicalPeriodClothing))
∀x (FascinatedBy(x, historyOfRenaissance) → AttendRegularly(x, renaissanceFair))
∀x (FascinatedBy(x, historyOfRenaissance) ⊕ (ContemporaryAcademic(x) ∧ Enjoy(x, learning)))
∀x (FocusedOn(x, futuristicSubject) ∧ FocusedOn(x, vocationalSubject) → ContemporaryAcademic(x) ∧ Enjoy(x, learning))
∀x (Professor(x) ∧ Take(x, historicalApproach) → ¬(ContemporaryAcademic(x) ∧ Enjoy(x, learning)))
¬(FocusedOn(clyde, futuristicSubject) ∧ FocusedOn(clyde, vocationalSubject))→ ¬(FocusedOn(clyde, futuristicSubject) ∧ FocusedOn(clyde, vocationalSubject) ∨ (Enjoy(clyde, dressingUp, oldFashionedClothing) ∧ Enjoy(clyde, dressingUp, historicalPeriodClothing)))","Clyde is a professor who takes a historical approach, or is a contemporary academic.","(Professor(clyde) ∧ Take(clyde, historicalApproach)) ∨ (ContemporaryAcademic(clyde) ∧ Enjoy(clyde, learning))",True,1019,"all:x (attendregularly(x, renaissancefair) :- enjoy(x, dressingup, oldfashionedclothing) & enjoy(x, dressingup, historicalperiodclothing))
all:x (fascinatedby(x, historyofrenaissance) :- attendregularly(x, renaissancefair))
all:x (fascinatedby(x, historyofrenaissance) ^ (contemporaryacademic(x) & enjoy(x, learning)))
all:x (focusedon(x, futuristicsubject) & focusedon(x, vocationalsubject) :- contemporaryacademic(x) & enjoy(x, learning))
all:x (professor(x) & take(x, historicalapproach) :- ~(contemporaryacademic(x) & enjoy(x, learning)))
~(focusedon(clyde, futuristicsubject) & focusedon(clyde, vocationalsubject)):- ~(focusedon(clyde, futuristicsubject) & focusedon(clyde, vocationalsubject) | (enjoy(clyde, dressingup, oldfashionedclothing) & enjoy(clyde, dressingup, historicalperiodclothing)))","(professor(clyde) & take(clyde, historicalapproach)) | (contemporaryacademic(clyde) & enjoy(clyde, learning))"
359,453,"No birds are ectothermic.
All penguins are birds.
An animal is ectothermic or endothermic.
All endothermic animals produce heat within the body.
Ron and Henry are both animals.
Ron is not a bird and does not produce heat with the body. 
Henry is not a cat and does not produce heat with the body. ","∀x (Bird(x) → ¬Ectothermic(x))
∀x (Penguin(x) → Bird(x))
∀x (Animal(x) → Ectothermic(x) ∨ Endothermic(x))
∀x (Endothermic(x) → ProduceWithIn(x, heat, body))
Animal(ron) ∧ Animal(henry)
¬Bird(ron) ∧ ¬ProduceWithIn(ron, heat, body)
¬Cat(henry) ∧ ¬ProduceWithIn(henry, heat, body)","Ron is either both a penguin and endothermic, or he is nether.",¬(Penguin(ron) ⊕ Endothermic(henry)),True,1306,"all:x (bird(x) :- ~ectothermic(x))
all:x (penguin(x) :- bird(x))
all:x (animal(x) :- ectothermic(x) | endothermic(x))
all:x (endothermic(x) :- producewithin(x, heat, body))
animal(ron) & animal(henry)
~bird(ron) & ~producewithin(ron, heat, body)
~cat(henry) & ~producewithin(henry, heat, body)",~(penguin(ron) ^ endothermic(henry))
360,214,"If a class has prerequisites, the student must take the prerequisites to take the class.
If a class has no prerequisites, then the student can take the class
CPSC 201 and CPSC 223 are prerequisites for CPSC 323.
Intro Microeconomics is the only prerequisite for Intermediate Microeconomics.
Intro Geology has no prerequisites.","∀x ∀y ∀z (Class(x) ∧ Student(y) ∧ Prereq(z,x) ∧ ¬Take(y, z) → ¬CanTake(y, x))
∀x ∀y ((Class(x) ∧ Student(y) ∧ ¬∃z Prereq(z,x)) → CanTake(y, x))
Prereq(cpsc201, cpsc323) ∧ Prereq(cpsc223, cpsc323)
∀x (Prereq(x,intermediateMicro) → x=introMicroeconomics)
¬(∃x (Prereq(x, introGeology)))",CPSC 201 has no prerequisites.,"∀x (¬Prereq(x, cpsc201))",Uncertain,611,"all:x all:y all:z (class(x) & student(y) & prereq(z,x) & ~take(y, z) :- ~cantake(y, x))
all:x all:y ((class(x) & student(y) & ~z prereq(z,x)) :- cantake(y, x))
prereq(cpsc201, cpsc323) & prereq(cpsc223, cpsc323)
all:x (prereq(x,intermediatemicro) :- x=intromicroeconomics)
~(x (prereq(x, introgeology)))","all:x (~prereq(x, cpsc201))"
361,19,"Thomas Barber was an English professional footballer.
Thomas Barber played in the Football League for Aston Villa.
Thomas Barber played as a halfback and inside left.
Thomas Barber scored the winning goal in the 1913 FA Cup Final.","English(thomasBarber) ∧ ProfessionalFootballer(thomasBarber)
PlayedFor(thomasBarber, astonVilla) ∧ PlayedIn(astonVilla,theFootballLeague)
PlayedAs(thomasBarber, halfBack) ∧ PlayedAs(thomasBarber, insideLeft)
ScoredTheWinningGoalIn(thomasBarber, facupfinal1913)",Thomas Barber played as an inside left.,"PlayedAs(thomasBarber, insideLeft)",True,55,"english(thomasbarber) & professionalfootballer(thomasbarber)
playedfor(thomasbarber, astonvilla) & playedin(astonvilla,thefootballleague)
playedas(thomasbarber, halfback) & playedas(thomasbarber, insideleft)
scoredthewinninggoalin(thomasbarber, facupfinal1913)","playedas(thomasbarber, insideleft)"
362,417,"Some monitors made by LG have a type-c port.
Monitors that have a type-c port were not made before 2010.
All monitors in the library are made before 2010. 
The L-2021 monitor is either used in the library or has a type-c port.
The L-2021 monitor is either both produced before 2010 and made by LG, or neither is true.","∃x (Monitor(x) ∧ ProducedBy(x, lG) ∧ Have(x, typeCPort) ∧ (¬(x=y)) ∧ Monitor(y) ∧ ProducedBy(y, lG) ∧ Have(y, typeCPort))
∀x (Have(x, typeCPort) → ¬ProducedBefore(x, yr2010))
∀x ((Monitor(x) ∧ In(x, library)) → ProducedBefore(x, yr2010))
Monitor(l-2021) ∧ (In(l-2021, library) ⊕ Have(l-2021, typeCPort))
¬(ProducedBefore(l-2021, yr2010) ⊕ ProducedBy(l-2021, lG))","If the monitor L-2021 is either produced by LG and produced before 2010 or neither produced by LG nor produced before 2010,  then L-2021 is either in the library or produced by LG.","¬(ProducedBefore(l-2021, year2010) ⊕ ProducedBy(l-2021, lG)) → (In(l-2021, library) ⊕ ProducedBy(l-2021, lG))",False,1177,"x (monitor(x) & producedby(x, lg) & have(x, typecport) & (~(x=y)) & monitor(y) & producedby(y, lg) & have(y, typecport))
all:x (have(x, typecport) :- ~producedbefore(x, yr2010))
all:x ((monitor(x) & in(x, library)) :- producedbefore(x, yr2010))
monitor(l-2021) & (in(l-2021, library) ^ have(l-2021, typecport))
~(producedbefore(l-2021, yr2010) ^ producedby(l-2021, lg))","~(producedbefore(l-2021, year2010) ^ producedby(l-2021, lg)) :- (in(l-2021, library) ^ producedby(l-2021, lg))"
363,54,"A roundel is a rounded artillery fortification.
A roundel is not higher than adjacent walls. 
Cannons can be deployed on artillery fortifications. 
Roundels are the oldest artillery fortifications.
Battery towers are artillery fortifications.","∀x (Roundel(x) → (Rounded(x) ∧ ArtilleryFortification(x)))
∀x ∀y ((Roundel(x) ∧ AdjacentWalls(x,y)) → ¬Higher(x, y))
∀x (ArtilleryFortification(x) → DeployCannons(x))
∀x ∀y ((Roundel(x) ∧ ArtilleryFortification(y)) → Older(x, y))
∀x (BatteryTower(x) → ArtilleryFortification(x))",Cannons can be deployed on roundels.,∀x (Roundel(x) → DeployCannons(x)),True,161,"all:x (roundel(x) :- (rounded(x) & artilleryfortification(x)))
all:x all:y ((roundel(x) & adjacentwalls(x,y)) :- ~higher(x, y))
all:x (artilleryfortification(x) :- deploycannons(x))
all:x all:y ((roundel(x) & artilleryfortification(y)) :- older(x, y))
all:x (batterytower(x) :- artilleryfortification(x))",all:x (roundel(x) :- deploycannons(x))
364,345,"All kids are young.
All toddlers are kids.
If someone is young, then they are not elderly.
All pirates are seafarers.
If Nancy is not a pirate, then Nancy is young.
If Nancy is not a toddler, then Nancy is a seafarer.","∀x (Kid(x) → Young(x))
∀x (Toddler(x) → Kid(x))
∀x (Young(x) → ¬Elderly(x))
∀x (Pirate(x) → Seafarer(x))
¬Pirate(nancy) → Young(nancy)
¬Toddler(nancy) → Seafarer(nancy)",Nancy is a pirate.,Pirate(nancy),Uncertain,910,"all:x (kid(x) :- young(x))
all:x (toddler(x) :- kid(x))
all:x (young(x) :- ~elderly(x))
all:x (pirate(x) :- seafarer(x))
~pirate(nancy) :- young(nancy)
~toddler(nancy) :- seafarer(nancy)",pirate(nancy)
365,10,"Thick as Thieves is a young adult fantasy novel written by Megan Whalen Turner.
Thick as Thieves was published by Greenwillow Books.
If a book was published by a company, then the author of that book worked with the company that published the book.
The fictional Mede Empire is where Thick as Thieves is set.
The Mede Empire plots to swallow up some nearby countries.
Attolia and Sounis are countries near the Mede Empire.
Thick as Thieves was sold both as a hardcover and an e-book.","YoungAdultFantasy(thickAsTheives) ∧ Novel(thickAsTheives) ∧ WrittenBy(thickAsTheives, meganWhalenTurner)
PublishedBy(thickAsTheives, greenWillowBooks)
∀x ∀y ∀z ((WrittenBy(x, y) ∧ PublishedBy(x, z)) → WorkedWith(y, z))
Fictional(medeEmpire) ∧ SetIn(thickAsTheives, medeEmpire)
∃x ∃y ((Country(x) ∧ Near(x, medeEmpire) ∧ PlotsToSwallowUp(medeEmpire, x)) ∧ (¬(x=y) ∧ Near(y, medeEmpire) ∧ PlotsToSwallowUp(medeEmpire, y)))
Country(attolia) ∧ Near(attolia, medeEmpire) ∧ Country(sounis) ∧ Near(sounis, medeEmpire)
SoldAs(thickAsTheives, hardCover) ∧ SoldAs(thickAsTheives, softCover)",Megan Whalen Turner worked with Greenwillow Books.,"WorkedWith(WhalenTurner, greenWillowbooks)",True,25,"youngadultfantasy(thickastheives) & novel(thickastheives) & writtenby(thickastheives, meganwhalenturner)
publishedby(thickastheives, greenwillowbooks)
all:x all:y all:z ((writtenby(x, y) & publishedby(x, z)) :- workedwith(y, z))
fictional(medeempire) & setin(thickastheives, medeempire)
x y ((country(x) & near(x, medeempire) & plotstoswallowup(medeempire, x)) & (~(x=y) & near(y, medeempire) & plotstoswallowup(medeempire, y)))
country(attolia) & near(attolia, medeempire) & country(sounis) & near(sounis, medeempire)
soldas(thickastheives, hardcover) & soldas(thickastheives, softcover)","workedwith(whalenturner, greenwillowbooks)"
366,60,"All buildings in New Haven are not high.
All buildings managed by Yale Housing are located in New Haven. 
All buildings in Manhattans are high. 
All buildings owned by Bloomberg are located in Manhattans. 
All buildings with the Bloomberg logo are owned by Bloomberg. 
Tower A is managed by Yale Housing.
Tower B is with the Bloomberg logo.","∀x (In(x, newHaven) → ¬High(x))
∀x (YaleHousing(x) → In(x, newHaven))
∀x (In(x, manhattan) → High(x))
∀x (Bloomberg(x) → In(x, manhattan))
∀x (BloombergLogo(x) → Bloomberg(x))
YaleHousing(tower-a)
BloombergLogo(tower-b)",Tower B is not located in Manhattans.,"¬In(tower-b, manhattan)",False,178,"all:x (in(x, newhaven) :- ~high(x))
all:x (yalehousing(x) :- in(x, newhaven))
all:x (in(x, manhattan) :- high(x))
all:x (bloomberg(x) :- in(x, manhattan))
all:x (bloomberglogo(x) :- bloomberg(x))
yalehousing(tower-a)
bloomberglogo(tower-b)","~in(tower-b, manhattan)"
367,3,"Fort Ticonderoga is the current name for Fort Carillon.
Pierre de Rigaud de Vaudreuil built Fort Carillon.
Fort Carillon was located in New France.
New France is not in Europe.","RenamedAs(fortCarillon, fortTiconderoga)
Built(pierredeRigauddeVaudreuil, fortCarillon)
LocatedIn(fortCarillon, newFrance)
¬LocatedIn(newFrance, europe) ",Pierre de Rigaud de Vaudreuil built a fort in New France.,"∃x (Built(pierredeRigauddeVaudreuil, x) ∧ LocatedIn(x, newFrance))",True,7,"renamedas(fortcarillon, fortticonderoga)
built(pierrederigauddevaudreuil, fortcarillon)
locatedin(fortcarillon, newfrance)
~locatedin(newfrance, europe) ","x (built(pierrederigauddevaudreuil, x) & locatedin(x, newfrance))"
368,443,"Some teachers who work at pools are not nice.
All teachers working at pools are pool managers.
All pool managers are lifeguards.
If someone is a lifeguard, then they work at a pool.
Mary does not work at a pool.","∃x (Teacher(x) ∧ WorkAt(x, pool) ∧ ¬Nice(x))
∀x (Teacher(x) ∧ WorkAt(x, pool) → PoolManager(x))
∀x (PoolManager(x) → Lifeguard(x))
∀x (Lifeguard(x) → WorkAt(x, pool))
¬WorkAt(mary, pool)",Mary is not a nice teacher working at a pool.,"¬(Nice(mary) ∧ Teacher(mary) ∧ WorkAt(mary, pool))",True,1275,"x (teacher(x) & workat(x, pool) & ~nice(x))
all:x (teacher(x) & workat(x, pool) :- poolmanager(x))
all:x (poolmanager(x) :- lifeguard(x))
all:x (lifeguard(x) :- workat(x, pool))
~workat(mary, pool)","~(nice(mary) & teacher(mary) & workat(mary, pool))"
369,67,"If an album is written by a rock band, then the genre of the album is rock.
If a band writes an album winning an award, then this band wins this award.
Trouble at the Henhouse is an album by The Tragically Hip.
The Tragically Hip is a Canadian rock band.
The song ""Butts Wigglin'"" is in Trouble at the Henhouse.
Trouble at the Henhouse won the Album of the Year award.
A song in Trouble at the Henhouse appeared in a film.","∀x ∀y ∀z (AlbumByBand(x, y) ∧ RockBand(y, z) → Genre(x, rock))
∀x ∀y ∀z (AlbumByBand(x, y) ∧ AlbumAward(x, z) → RockBandAward(y, z))
AlbumByBand(trouble_at_the_Henhouse, the_Tragically_Hip)
RockBand(the_Tragically_Hip, canada)
SongInAlbum(butts_Wigglin, trouble_at_the_Henhouse)
AlbumAward(trouble_at_the_Henhouse, the_Album_of_the_Year)
∃x (SongInFilm(x) ∧ SongInAlbum(x, trouble_at_the_Henhouse))",The genre of Trouble at the Henhouse is rock.,"Genre(troubleAtTheHenhouse, rock)",True,198,"all:x all:y all:z (albumbyband(x, y) & rockband(y, z) :- genre(x, rock))
all:x all:y all:z (albumbyband(x, y) & albumaward(x, z) :- rockbandaward(y, z))
albumbyband(trouble_at_the_henhouse, the_tragically_hip)
rockband(the_tragically_hip, canada)
songinalbum(butts_wigglin, trouble_at_the_henhouse)
albumaward(trouble_at_the_henhouse, the_album_of_the_year)
x (songinfilm(x) & songinalbum(x, trouble_at_the_henhouse))","genre(troubleatthehenhouse, rock)"
370,468,"All drinks on the counter are edible. 
All juices on the counter are drinks. 
Orange juice is a type of juice. 
Everything on the counter is either orange juice or apple juice.
All apple juices on the counter are sweet.
The coke is on the counter and if the coke is apple juice, then the coke is a drink.
If the coke is not apple juice, then the coke is not edible.","∀x (OnCounter(x) ∧ Drink(x) → Edible(x))
∀x (OnCounter(x) ∧ Juice(x) → Drink(x))
∀x (OrangeJuice(x) → Juice(x))
∀x (OnCounter(x) → OrangeJuice(x) ⊕ AppleJuice(x))
∀x (OnCounter(x) ∧ AppleJuice(x) → Sweet(x))
OnCounter(coke) ∧ (AppleJuice(coke) → Drink(coke))
¬AppleJuice(coke) → ¬Edible(coke)",The coke is orange juice.,OrangeJuice(coke),Uncertain,1351,"all:x (oncounter(x) & drink(x) :- edible(x))
all:x (oncounter(x) & juice(x) :- drink(x))
all:x (orangejuice(x) :- juice(x))
all:x (oncounter(x) :- orangejuice(x) ^ applejuice(x))
all:x (oncounter(x) & applejuice(x) :- sweet(x))
oncounter(coke) & (applejuice(coke) :- drink(coke))
~applejuice(coke) :- ~edible(coke)",orangejuice(coke)
371,311,"No payment cards issued by Russian banks can be used with ApplePay.
All MIR payment cards are issued by Russian banks.
Some international payment cards can be used with ApplePay.
Social payments in Russia can only be transferred to MIR payment cards.
Bank of America payment cards can be used with ApplePay.","∀x ∀y (PaymentCard(x) ∧ RussianBank(y) ∧ IssuedBy(x, y) → ¬UsedWith(x, applePay))
∀x ∀y (PaymentCard(x) ∧ MIR(x) → RussianBank(y) ∧ IssuedBy(x, y))
∃x (PaymentCard(x) ∧ International(x) → UsedWith(x, applePay))
∀x ∀y (SocialPayment(x) ∧TransferredTo(x, y) → PaymentCard(y) ∧ MIR(y))
PaymentCard(bankOfAmerica) ∧ UsedWith(bankOfAmerica, applePay)",Bank of America payment cards are international.,PaymentCard(bankOfAmerica) ∧ International(bankOfAmerica),Uncertain,773,"all:x all:y (paymentcard(x) & russianbank(y) & issuedby(x, y) :- ~usedwith(x, applepay))
all:x all:y (paymentcard(x) & mir(x) :- russianbank(y) & issuedby(x, y))
x (paymentcard(x) & international(x) :- usedwith(x, applepay))
all:x all:y (socialpayment(x) &transferredto(x, y) :- paymentcard(y) & mir(y))
paymentcard(bankofamerica) & usedwith(bankofamerica, applepay)",paymentcard(bankofamerica) & international(bankofamerica)
372,349,"All disposables are designed to be used only once.
Some items used in Tom's house are eco-friendly.
Every item used in Tom's house is either disposable or reusable. 
If something is made from metal, then it is not made from plastic. 
All reusable items used in Tom's house are made from metal.
The chopsticks used in Tom's house are either made from metals and plastics, or that they are neither made from metals nor plastics.","∀x (Disposable(x) → DesignedToBeOnlyUsedOnce(x))
∃x (EcoFriendly(x))
∀x (UsedIn(x, tomsHouse) → Disposable(x) ⊕ Reusable(x))
∀x (MadeFrom(x, metal) → ¬MadeFrom(x, plastic))
∀x (Reusable(x) → MadeFrom(x, metal))
¬(MadeFrom(chopsticksUsedInTomsHouse, metal) ⊕ MadeFrom(chopsticksUsedInTomsHouse, plastic))","If chopsticks used in Tom's house are made from plastic or designed to be used only once, then they are made from plastic and are eco-friendly.","MadeFrom(chopsticks, plastic) ∨ DesignedBeOnlyUsedOnce(chopsticks) → MadeFrom(chopsticks, plastic) ∧ EcoFriendly(chopsticks)",False,926,"all:x (disposable(x) :- designedtobeonlyusedonce(x))
x (ecofriendly(x))
all:x (usedin(x, tomshouse) :- disposable(x) ^ reusable(x))
all:x (madefrom(x, metal) :- ~madefrom(x, plastic))
all:x (reusable(x) :- madefrom(x, metal))
~(madefrom(chopsticksusedintomshouse, metal) ^ madefrom(chopsticksusedintomshouse, plastic))","madefrom(chopsticks, plastic) | designedbeonlyusedonce(chopsticks) :- madefrom(chopsticks, plastic) & ecofriendly(chopsticks)"
373,84,"Luzon is an island in the Philippines.
In December 1999, an earthquake struck Luzon.
People died in the December 1999 earthquake in Luzon.","Island(luzon) ∧ In(luzon, philippines)
∃x (Earthquake(x) ∧ StrikeInYr(x, year1999) ∧ StrikeInMo(x, december) ∧ StrikeInCity(x, luzon))
∃x (Earthquake(x) ∧ StrikeInYr(x, year1999) ∧ StrikeInMo(x, december) ∧ StrikeInCity(x, luzon) ∧ Deadly(x))",Leyte is an island in the Philippines.,"Island(leyte) ∧ In(leyte, philippines)",Uncertain,255,"island(luzon) & in(luzon, philippines)
x (earthquake(x) & strikeinyr(x, year1999) & strikeinmo(x, december) & strikeincity(x, luzon))
x (earthquake(x) & strikeinyr(x, year1999) & strikeinmo(x, december) & strikeincity(x, luzon) & deadly(x))","island(leyte) & in(leyte, philippines)"
374,99,"Shafaq-Asiman is a large complex of offshore geological structures in the Caspian Sea.
Baku is northwest of Shafaq-Asiman.
If place A is northwest of place B, then place B is southeast of place A.","LargeComplex(shafaq-asiman) ∧ LargeComplex(shafaq-asiman) ∧ Offshore(shafaq-asiman) ∧ GeologicalStructures(shafaq-asiman) ∧ In(shafaq-asiman, caspiansea)
NorthwestOf(baku, shafaq-asiman)
∀x ∀y (NorthwestOf(x, y) → SoutheastOf(y, x))",Baku is not northwest of offshore geological structures.,"∀x (GeologicalStructures(x) ∧ Offshore(x) → ¬NorthwestOf(baku, x))",False,300,"largecomplex(shafaq-asiman) & largecomplex(shafaq-asiman) & offshore(shafaq-asiman) & geologicalstructures(shafaq-asiman) & in(shafaq-asiman, caspiansea)
northwestof(baku, shafaq-asiman)
all:x all:y (northwestof(x, y) :- southeastof(y, x))","all:x (geologicalstructures(x) & offshore(x) :- ~northwestof(baku, x))"
375,227,"Carrozzeria Colli is a Milanese coachbuilder company established by Giuseppe Colli in 1931.
Carrozzeria Colli is a company that specializes in using aluminum.
The first automobiles built by Carrozzeria Colli were racing cars.
Some racing cars built by Carrozzeria Colli used Fiat 1100 mechanicals and chassis.
Carrozzeria Colli worked for airforces.
Carrozzeria Colli made car bodies. ","Milanese(carrozzeriaColli) ∧ CoachBuilder(carrozzeriaColli) ∧ Company(carrozzeriaColli) ∧ EstablishedBy(carrozzeriaColli, giuseppeColli) ∧ EstablishedIn(carrozzeriaColli, 1931)
Company(carrozzeriaColli) ∧ SpecializesIn(carrozzeriaColli, usingAluminum)
∀x (BuiltBy(x, carrozzeriaColli) ∧ FirstAutomobile(x) → RacingCar(x))
∃x (BuiltBy(x, carrozzeriaColli) ∧ RacingCar(x) ∧ Used(x, fiat1100mechanicals) ∧ Used(x, chassis))
∃x (Airforce(x) ∧ WorkedFor(carrozzeriaColli, x))
∃(CarBody(x) ∧ Made(x, carrozzeriaColli))",Carrozzeria Colli built airplanes during World War II.,"∃x (Airplane(x) ∧ Made(x, carrozzeriaColli) ∧ MadeDuring(x, worldWarII))",Uncertain,641,"milanese(carrozzeriacolli) & coachbuilder(carrozzeriacolli) & company(carrozzeriacolli) & establishedby(carrozzeriacolli, giuseppecolli) & establishedin(carrozzeriacolli, 1931)
company(carrozzeriacolli) & specializesin(carrozzeriacolli, usingaluminum)
all:x (builtby(x, carrozzeriacolli) & firstautomobile(x) :- racingcar(x))
x (builtby(x, carrozzeriacolli) & racingcar(x) & used(x, fiat1100mechanicals) & used(x, chassis))
x (airforce(x) & workedfor(carrozzeriacolli, x))
(carbody(x) & made(x, carrozzeriacolli))","x (airplane(x) & made(x, carrozzeriacolli) & madeduring(x, worldwarii))"
376,62,"All devices belonging to the company are connected to Google Home. 
All devices belonging to employees are connected to the company's wifi. 
All devices connected to Google Home are controlled by the managers. 
All devices that connect to the company's wifi are easy to operate. 
ModelXX belongs to employees. ","∀x (OwnedBy(x, company) → ConnectedTo(x, googleHome))
∀x (OwnedBy(x, employee) → ConnectedTo(x, companyWiFi))
∀x (ConnectedTo(x, googleHome) → ControlledBy(x, managers))
∀x (ConnectedTo(x, companyWiFi) → EasyToOperate(x))
OwnedBy(modelXX, employee)",ModelXX is easy to operate.,EasyToOperate(modelXX),True,183,"all:x (ownedby(x, company) :- connectedto(x, googlehome))
all:x (ownedby(x, employee) :- connectedto(x, companywifi))
all:x (connectedto(x, googlehome) :- controlledby(x, managers))
all:x (connectedto(x, companywifi) :- easytooperate(x))
ownedby(modelxx, employee)",easytooperate(modelxx)
377,422,"All customers in James' family who subscribe to AMC A-List are eligible to watch three movies every week without any additional fees. 
Some of the customers in James' family go to the cinema every week.
Customers in James' family subscribe to AMC A-List or HBO service. 
Customers in James' family who prefer TV series will not watch TV series in cinemas.
All customers in James' family who subscribe to HBO services prefer TV series to movies. 
Lily is in James' family; she watches TV series in cinemas. ","∀x ((Customer(x) ∧ In(x, jameSFamily) ∧ SubscribedTo(x, aMCAList)) →  EligibleForThreeFreeMoviesEveryWeekWithoutAdditionalFees(x))
∃x ∃y (Customer(x) ∧ In(x, jameSFamily) ∧ GoToEveryWeek(x, cinema) ∧ (¬(x=y)) ∧ Customer(y) ∧ In(y, jameSFamily) ∧ GoToEveryWeek(y, cinema))
∀x (Customer(x) ∧ In(x, jameSFamily) ∧ (SubscribedTo(x, aMCAList) ∨ SubscribedTo(x, hBO)))
∀x ((Customer(x) ∧ In(x, jameSFamily) ∧ Prefer(x, tVSeries)) → (¬WatchIn(x, tV, cinema)))
∀x ((Customer(x) ∧ In(x, jameSFamily) ∧  SubscribedTo(x, hBO)) → Prefer(x, tVSeries))
Customer(lily) ∧ In(lily, jameSFamily ∧ WatchIn(lily, tV, cinema)","If Lily does not both go to cinemas every week and subscribe to HBO service, then Lily is either available to watch 3 movies every week without any additional fees or she prefers TV more.","(GoToEveryWeek(lily, cinema) ∧ SubscribedTo(lily, hBO)) → (EligibleForThreeFreeMoviesEveryWeek(lily) ⊕ Prefer(lily, tVSeries))",True,1195,"all:x ((customer(x) & in(x, jamesfamily) & subscribedto(x, amcalist)) :-  eligibleforthreefreemovieseveryweekwithoutadditionalfees(x))
x y (customer(x) & in(x, jamesfamily) & gotoeveryweek(x, cinema) & (~(x=y)) & customer(y) & in(y, jamesfamily) & gotoeveryweek(y, cinema))
all:x (customer(x) & in(x, jamesfamily) & (subscribedto(x, amcalist) | subscribedto(x, hbo)))
all:x ((customer(x) & in(x, jamesfamily) & prefer(x, tvseries)) :- (~watchin(x, tv, cinema)))
all:x ((customer(x) & in(x, jamesfamily) &  subscribedto(x, hbo)) :- prefer(x, tvseries))
customer(lily) & in(lily, jamesfamily & watchin(lily, tv, cinema)","(gotoeveryweek(lily, cinema) & subscribedto(lily, hbo)) :- (eligibleforthreefreemovieseveryweek(lily) ^ prefer(lily, tvseries))"
378,146,"Catullus 4 is a poem written by the ancient Roman writer Catullus.
Catullus 4 is a story about the retirement of a well-traveled ship.
There is a strong analogy of human aging in the poem Catullus 4.
Catullus 4 is written in an unusual iambic trimeter to convey a sense of speed over the waves.","Poem(catullus4) ∧ WrittenBy(catullus4, catullus) ∧ AncientRomanWriter(catullus)
Story(catullus4) ∧ About(catullus4, retirementOfAWellTraveledShip)
Poem(catullus4) ∧ StrongAgingAnalogy(catullus4)
Poem(catullus4) ∧ WrittenIn(catullus4, iambicTrimeter) ∧ Convey(catullus4, aSenseOfSpeedOverTheWaves)",There is a poem written by an ancient Roman writer in iambic trimeter.,"∃x ∃y (Poem(x) ∧ WrittenBy(x, y) ∧ AncientRomanWriter(y) ∧ WrittenIn(x, iambicTrimeter))",Uncertain,428,"poem(catullus4) & writtenby(catullus4, catullus) & ancientromanwriter(catullus)
story(catullus4) & about(catullus4, retirementofawelltraveledship)
poem(catullus4) & strongaginganalogy(catullus4)
poem(catullus4) & writtenin(catullus4, iambictrimeter) & convey(catullus4, asenseofspeedoverthewaves)","x y (poem(x) & writtenby(x, y) & ancientromanwriter(y) & writtenin(x, iambictrimeter))"
379,298,"The handbrake of a car is either up or down.
The handbrake is down when a car is parked.","∀x ∀y (HandbrakeOf(x, y) ∧ Car(y) → Up(x) ⊕ Down(x))
∀x ∀y (HandbrakeOf(x, y) ∧ Parked(y) ∧ Car(y) → Down(x))",The handbrake is up when some cars are parked.,"∃x ∃y (HandbrakeOf(x, y) ∧ Parked(y) ∧ Car(y) ∧ Up(x))",False,742,"all:x all:y (handbrakeof(x, y) & car(y) :- up(x) ^ down(x))
all:x all:y (handbrakeof(x, y) & parked(y) & car(y) :- down(x))","x y (handbrakeof(x, y) & parked(y) & car(y) & up(x))"
380,39,"""Your Woman"" is a song by the British one-person band White Town.
""Your Woman"" song peaked at No. 1 on the UK Singles Chart.
If a song peaked at No.1 at a particular place, it was extremely popular.
""Your Woman"" peaked at No. 1 in Iceland, Israel, and Spain.","Produce(whiteTown, yourWoman) ∧ OnePersonBand(whiteTown)
Peak(yourWoman, uKSinglesChart)
∀x ((∃y(Peak(x, y))) → Popular(x))
Peak(yourWoman, iceland) ∧ Peak(yourWoman, israel) ∧ Peak(yourWoman, spain)",White Town did not produce any popular songs.,"∀x (Produce(whiteTown, x) → ¬Popular(x))",False,114,"produce(whitetown, yourwoman) & onepersonband(whitetown)
peak(yourwoman, uksingleschart)
all:x ((y(peak(x, y))) :- popular(x))
peak(yourwoman, iceland) & peak(yourwoman, israel) & peak(yourwoman, spain)","all:x (produce(whitetown, x) :- ~popular(x))"
381,270,"No sports cars are vehicles intended to be driven at moderate speeds.
All automobiles designed for family use are vehicles intended to be driven at moderate speeds.","∀x (SportsCar(x) → ¬IntendedToBeDrivenAt(x, moderateSpeed))
∀x (DesignedFor(x, familyUse) → IntendedToBeDrivenAt(x, moderateSpeed))",No sports cars are automobiles designed for family use.,"∀x (SportsCar(x) → ¬For(x, familyUse))",True,714,"all:x (sportscar(x) :- ~intendedtobedrivenat(x, moderatespeed))
all:x (designedfor(x, familyuse) :- intendedtobedrivenat(x, moderatespeed))","all:x (sportscar(x) :- ~for(x, familyuse))"
382,109,"Phuoc Binh national park is a national park in Vietnam. 
Any national park in Vietnam is classified as a nature reserve. 
There is a national park in Vietnam classified as a UNESCO World Heritage Site.
All national parks in Vietnam are either managed by the Ministry of Agriculture or managed by the People's Committee. 
Phuoc Binh is not managed by the Ministry of Agriculture.","NationalPark(phuocBinh) ∧ Locatedin(phuocBinh, vietnam)
∀x ((NationalPark(x) ∧ Locatedin(x, vietnam)) → NatureReserve(x))
∃x (NationalPark(x) ∧ Locatedin(x, vietnam) ∧ UNESCOWorldHeritageSite(x))
∀x ((NationalPark(x) ∧ Locatedin(x, vietnam)) → (Mangedby(x, ministryofAgriculture) ⊕ Managedby(x, peoplesCommittee)))
¬Mangedby(phuocBinh, ministryofAgriculture)",Phuoc Binh is managed by the People's Committee.,"Mangedby(phuocBinh, peoplesCommittee)",True,332,"nationalpark(phuocbinh) & locatedin(phuocbinh, vietnam)
all:x ((nationalpark(x) & locatedin(x, vietnam)) :- naturereserve(x))
x (nationalpark(x) & locatedin(x, vietnam) & unescoworldheritagesite(x))
all:x ((nationalpark(x) & locatedin(x, vietnam)) :- (mangedby(x, ministryofagriculture) ^ managedby(x, peoplescommittee)))
~mangedby(phuocbinh, ministryofagriculture)","mangedby(phuocbinh, peoplescommittee)"
383,412,"All fruits sold at Nica's market are shipped from Colombia. 
Some fruits sold in New Haven are shipped from Mexico.
No fruits shipped from Colombia are sold at the local farmers market in New Haven. 
Avocados are a kind of fruit sold at the local farmers market in New Haven or at Nica's market. 
Avocados are either shipped from Colombia and sold in New Haven, or neither.","∀x ((Fruit(x) ∧ SoldAt(x, nicasMarket)) → ShippedFrom(x, colombia))
∃x ∃y (Fruit(x) ∧ SoldIn(x, newHaven) ∧ ShippedFrom(x, mexico) ∧ (¬(x=y)) ∧ Fruit(y) ∧ SoldIn(y, newHaven) ∧ ShippedFrom(y, mexico))
∀x ((Fruit(x) ∧ ShippedFrom(x, colombia)) → ¬(SoldAt(x, localFarmersMarket)))
Fruit(avocado) ∧ (SoldAt(avocado, localFarmersMarket) ∨ SoldAt(avocado, nica'sMarket))
¬(ShippedFrom(avocado, colombia) ⊕ SoldIn(avocado, newHaven))","If avocados are not both sold at the local farmers market in New Haven and shipped from Columbia, then they are neither sold at the local farmers market in New Haven nor in New Haven generally.","¬(SoldAt(avocado, localFarmersMarket) ∧ ShippedFrom(avocado, colombia)) → ¬SoldAt(avocado, localFarmersMarket) ∧ ¬SoldIn(avocado, newHaven)",False,1158,"all:x ((fruit(x) & soldat(x, nicasmarket)) :- shippedfrom(x, colombia))
x y (fruit(x) & soldin(x, newhaven) & shippedfrom(x, mexico) & (~(x=y)) & fruit(y) & soldin(y, newhaven) & shippedfrom(y, mexico))
all:x ((fruit(x) & shippedfrom(x, colombia)) :- ~(soldat(x, localfarmersmarket)))
fruit(avocado) & (soldat(avocado, localfarmersmarket) | soldat(avocado, nica'smarket))
~(shippedfrom(avocado, colombia) ^ soldin(avocado, newhaven))","~(soldat(avocado, localfarmersmarket) & shippedfrom(avocado, colombia)) :- ~soldat(avocado, localfarmersmarket) & ~soldin(avocado, newhaven)"
384,263,"All artificial satellites are important scientific achievements.
Some artificial satellites are not U.S. inventions.","∀x (ArtificialSatellite(x) → ImportantScientificAchievement(x))
∃x (ArtificialSatellite(x) ∧ ¬USInvention(x))",All important scientific achievements are U.S. inventions.,∀x (ImportantScientificAchievement(x) ∧ USInvention(x)),False,707,"all:x (artificialsatellite(x) :- importantscientificachievement(x))
x (artificialsatellite(x) & ~usinvention(x))",all:x (importantscientificachievement(x) & usinvention(x))
385,409,"All red fruits that grow in Ben's yard contain some Vitamin C.
All apples that grow in Ben's yard are red fruits.
All fruits that grow in Ben's yard and contain some Vitamin C are healthy. 
No fruits that grow in Ben's yard and are healthy are on a warning list.
The cherries grow in Ben's yard.
If cherries are not apples and are not healthy, then they are red fruits.","∀x ((GrownIn(x, benSYard) ∧ RedFruit(x)) → Contain(x, vitaminC))
∀x (GrownIn(x, benSYard) ∧ Is(x, apple) → RedFruit(x))
∀x ((GrownIn(x, benSYard) ∧ Contain(x, vitaminC)) → healthy(x))
∀x ((GrownIn(x, benSYard) ∧ Healthy(x)) → ¬On(x, warningList))
GrownIn(cherry, benSYard)
¬(Healthy(cherry) ∧ Is(cherry, apple)) → RedFruit(cherry)
","If the cherries are either healthy or are on a warning list, then they are not red.","BeneficialTo(cherry, people) ⊕ On(cherry, warningList))) → ¬RedFruit(cherry)",False,1145,"all:x ((grownin(x, bensyard) & redfruit(x)) :- contain(x, vitaminc))
all:x (grownin(x, bensyard) & is(x, apple) :- redfruit(x))
all:x ((grownin(x, bensyard) & contain(x, vitaminc)) :- healthy(x))
all:x ((grownin(x, bensyard) & healthy(x)) :- ~on(x, warninglist))
grownin(cherry, bensyard)
~(healthy(cherry) & is(cherry, apple)) :- redfruit(cherry)
","beneficialto(cherry, people) ^ on(cherry, warninglist))) :- ~redfruit(cherry)"
386,36,"Tyga is a rapper.
Rappers release rap albums.
Tyga released the Well Done 3 album.
Rappers are not opera singers.","IsRapper(tyga)
∀x ∀y ((IsRapper(x) ∧ ReleasedAlbum(x, y)) → IsRapAlbum(y))
ReleasedAlbum(tyga, wellDone3)
∀x (IsRapper(x) → ¬IsOperaSinger(x))",Well Done 3 is a rap album.,IsRapAlbum(wellDone3),True,104,"israpper(tyga)
all:x all:y ((israpper(x) & releasedalbum(x, y)) :- israpalbum(y))
releasedalbum(tyga, welldone3)
all:x (israpper(x) :- ~isoperasinger(x))",israpalbum(welldone3)
387,236,"Cancer biology is finding genetic alterations that confer a selective advantage to cancer cells. 
Cancer researchers have frequently ranked the importance of substitutions to cancer growth by the P value.
P values are thresholds for belief, not metrics of effect. ","Finding(cancerBiology, geneticAlteration) ∧ Confer(geneticAlteration, selectiveAdvantage, toCancerCell)
∃x ∃y (CancerResearcher(x) ∧ Ranked(x, importanceOfSubstitutionsToCancerGrowth) ∧ PValue(y) ∧ RankedBy(importanceOfSubstitutionsToCancerGrowth, y))
∀x (PValue(x) → ThresholdForBelief(x) ∧ ¬MetricOfEffect(x))",Cancer researchers tend to use the cancer effect size to determine the relative importance of the genetic alterations that confer selective advantage to cancer cells.,"∃x ∃y (CancerResearcher(x) ∧ Use(x, cancerEffectSize) ∧ UsedToDetermine(cancerEffectSize, relativeImportanceOfGeneteticAlterations))",Uncertain,668,"finding(cancerbiology, geneticalteration) & confer(geneticalteration, selectiveadvantage, tocancercell)
x y (cancerresearcher(x) & ranked(x, importanceofsubstitutionstocancergrowth) & pvalue(y) & rankedby(importanceofsubstitutionstocancergrowth, y))
all:x (pvalue(x) :- thresholdforbelief(x) & ~metricofeffect(x))","x y (cancerresearcher(x) & use(x, cancereffectsize) & usedtodetermine(cancereffectsize, relativeimportanceofgeneteticalterations))"
388,57,"All pets are animals.
Pets can be either a dog or a cat.
If a person has a pet, they care for that pet. 
Dogs and cats can be naughty. 
Pets who are naughty are not liked as much. 
Charlie has a naughty pet dog named Leo. ","∀x (Pet(x) → Animal(x))
∀x (Pet(x) → (Dog(x) ⊕ Cat(x)))
∀x ∀y ((Pet(y) ∧ OwnedBy(x,y)) → Cares(x, y))
∃x ∃y (Cat(x) ∧ Naughty(x) ∧ (¬(x=y)) ∧ Dog(y) ∧ Naughty(y))
∀x ∀y ((Pet(x) ∧ Naughty(x) ∧ OwnedBy(x,y)) → ¬Liked(x, y))
OwnedBy(leo, charlie) ∧ Pet(leo) ∧ Dog(leo) ∧ Naughty(leo)",Charlie does not like Leo and does not care for Leo.,"¬Liked(leo, charlie) ∧ ¬Cares(charlie, leo)",False,169,"all:x (pet(x) :- animal(x))
all:x (pet(x) :- (dog(x) ^ cat(x)))
all:x all:y ((pet(y) & ownedby(x,y)) :- cares(x, y))
x y (cat(x) & naughty(x) & (~(x=y)) & dog(y) & naughty(y))
all:x all:y ((pet(x) & naughty(x) & ownedby(x,y)) :- ~liked(x, y))
ownedby(leo, charlie) & pet(leo) & dog(leo) & naughty(leo)","~liked(leo, charlie) & ~cares(charlie, leo)"
389,23,"All books written by Cixin Liu have sold more than 1 million copies. 
Some books that have won the Hugo Award were written by Cixin Liu.
All books about the future are forward-looking.
The book Three-Body Problem has sold more than 1 million copies.
The Three-Body Problem is about the future.","∀x ((Book(x) ∧ WrittenBy(x, cixinLiu)) → ∃y(MoreThan(y, oneMillion) ∧ Sold(x,y)))
∃x (Won(x, hugoAward) ∧ Book(x) ∧ WrittenBy(x, cixinLiu))
∀x ((Book(x) ∧ AboutFuture(x)) → FowardLooking(x))
Book(threeBodyProblem) ∧ ∃y(MoreThan(y, oneMillion) ∧ Sold(threeBodyProblem,y))
AboutFuture(threeBodyProblem)",The Three-Body Problem was written by Cixin Liu.,"WrittenBy(threeBodyProblem, cixinLiu)",Uncertain,68,"all:x ((book(x) & writtenby(x, cixinliu)) :- y(morethan(y, onemillion) & sold(x,y)))
x (won(x, hugoaward) & book(x) & writtenby(x, cixinliu))
all:x ((book(x) & aboutfuture(x)) :- fowardlooking(x))
book(threebodyproblem) & y(morethan(y, onemillion) & sold(threebodyproblem,y))
aboutfuture(threebodyproblem)","writtenby(threebodyproblem, cixinliu)"
390,333,"If people have a lot of music decorations in their rooms, they cannot pack and move out of their rooms very easily.
If people have high ambitions and future career goals, then they can pack and move out of their rooms very easily.
If people are big fans of pop bands and singers, then they have a lot of music decorations in their room.
All young teenage girls who attend music festival frequently are big fans of pop bands and singers.
If Sam has high ambitions and future career goals, then Sam is a big fan of pop bands and singers.","∀x (HaveIn(x, aLotOfMusicDecoration, room) → ¬MoveOutEasily(x))
∀x (Ambitious(x) → MoveOutEasily(x))
∀x (BigFanOfMusic(x) → MusicDecorations(x, room))
∀x (AttendFrequently(x, musicFestival) ∧ YoungTeenageGirl(x) → BigFanOfPopBand(x) ∧ BigFanOfPopSinger(x))
Ambitious(sam) → BBigFanOfPopBand(sam) ∧ BigFanOfPopSinger(sam)","If Sam has high ambitions and future career goals, then Sam is a young teenage girl attending college.","Ambitious(sam) → Attend(sam, festival) ∧ YoungTeenageGirl(sam)",True,871,"all:x (havein(x, alotofmusicdecoration, room) :- ~moveouteasily(x))
all:x (ambitious(x) :- moveouteasily(x))
all:x (bigfanofmusic(x) :- musicdecorations(x, room))
all:x (attendfrequently(x, musicfestival) & youngteenagegirl(x) :- bigfanofpopband(x) & bigfanofpopsinger(x))
ambitious(sam) :- bbigfanofpopband(sam) & bigfanofpopsinger(sam)","ambitious(sam) :- attend(sam, festival) & youngteenagegirl(sam)"
391,71,"Herodicus was a Greek physician, dietician, sophist, and gymnast.
Herodicus was born in the city of Selymbria.
Selymbria is a colony of the city-state Megara.
One of the tutors of Hippocrates was Herodicus.
Massages were recommended by Herodicus.
Some of the theories of Herodicus are considered to be the foundation of sports medicine.","Greek(herodicus) ∧ Physician(herodicus) ∧ Dietician(herodicus) ∧ Sophist(herodicus) ∧ Gymnast(herodicus)
Born(herodicus, selymbia) ∧ City(selymbia)
Colony(selymbia, megara) ∧ CityState(megara)
Tutor(herodicus, hippocrates)
Recommend(herodicus, massages)
∃x ∃y (Theory(x) ∧ From(x, herodicus) ∧ FoundationOf(x, sportsMedicine) ∧ (¬(x=y)) ∧ Theory(y) ∧ From(y, herodicus) ∧ FoundationOf(y, sportsMedicine))",Herodicus was born in a city-state.,"∃x (Born(herodicus, x) ∧ CityState(x))",Uncertain,215,"greek(herodicus) & physician(herodicus) & dietician(herodicus) & sophist(herodicus) & gymnast(herodicus)
born(herodicus, selymbia) & city(selymbia)
colony(selymbia, megara) & citystate(megara)
tutor(herodicus, hippocrates)
recommend(herodicus, massages)
x y (theory(x) & from(x, herodicus) & foundationof(x, sportsmedicine) & (~(x=y)) & theory(y) & from(y, herodicus) & foundationof(y, sportsmedicine))","x (born(herodicus, x) & citystate(x))"
392,349,"All disposables are designed to be used only once.
Some items used in Tom's house are eco-friendly.
Every item used in Tom's house is either disposable or reusable. 
If something is made from metal, then it is not made from plastic. 
All reusable items used in Tom's house are made from metal.
The chopsticks used in Tom's house are either made from metals and plastics, or that they are neither made from metals nor plastics.","∀x (Disposable(x) → DesignedToBeOnlyUsedOnce(x))
∃x (EcoFriendly(x))
∀x (UsedIn(x, tomsHouse) → Disposable(x) ⊕ Reusable(x))
∀x (MadeFrom(x, metal) → ¬MadeFrom(x, plastic))
∀x (Reusable(x) → MadeFrom(x, metal))
¬(MadeFrom(chopsticksUsedInTomsHouse, metal) ⊕ MadeFrom(chopsticksUsedInTomsHouse, plastic))",The chopsticks used in Tom's house are eco-friendly.,EcoFriendly(chopsticks),Uncertain,924,"all:x (disposable(x) :- designedtobeonlyusedonce(x))
x (ecofriendly(x))
all:x (usedin(x, tomshouse) :- disposable(x) ^ reusable(x))
all:x (madefrom(x, metal) :- ~madefrom(x, plastic))
all:x (reusable(x) :- madefrom(x, metal))
~(madefrom(chopsticksusedintomshouse, metal) ^ madefrom(chopsticksusedintomshouse, plastic))",ecofriendly(chopsticks)
393,52,"The Lumina APV is produced by Chevrolet. 
The Astro is a van produced by Chevrolet. 
Vehicles produced by Chevrolet in this batch are either cars or vans.","ProducedBy(luminaAPV, chevrolet)
ProducedBy(astro, chevrolet) ∧ Van(astro)
∀x (Vehicle(x) ∧ ProducedBy(x, chevrolet) ∧ InThisBatch(x) → (Car(x) ⊕ Van(x)))",The Astro is a car.,Car(astro),False,153,"producedby(luminaapv, chevrolet)
producedby(astro, chevrolet) & van(astro)
all:x (vehicle(x) & producedby(x, chevrolet) & inthisbatch(x) :- (car(x) ^ van(x)))",car(astro)
394,406,"All people who regularly drink coffee are dependent on caffeine.
People regularly drink coffee, or they don't want to be addicted to caffeine, or both.
No one who doesn't want to be addicted to caffeine is unaware that caffeine is a drug.
Rina is either a student who is unaware that caffeine is a drug, or she is not a student and is she aware that caffeine is a drug.
Rina  is either a student who is dependent on caffeine, or she is not a student and not dependent on caffeine.","∀x (DrinkRegularly(x, coffee) → IsDependentOn(x, caffeine))
∀x (DrinkRegularly(x, coffee)  ∨ (¬WantToBeAddictedTo(x, caffeine)))
∀x (¬WantToBeAddictedTo(x, caffeine) → ¬AwareThatDrug(x, caffeine))
¬(Student(rina) ⊕  ¬AwareThatDrug(rina, caffeine))
¬(IsDependentOn(rina, caffeine) ⊕ Student(rina))","If Rina either doesn't want to be addicted to caffeine and is unaware that caffeine is a drug, or neither doesn't want to be addicted to caffeine nor is unaware that caffeine is a drug, then Rina doesn't want to be addicted to caffeine and regularly drinks coffee.","(DoNotWantToBeAddictedToCaffeine(rina) ⊕ ¬AwareThatDrug(rina, caffeine)) → ¬(¬WantToBeAddictedTo(rina, caffeine) ∧ DrinkRegularly(rina, coffee))",True,1129,"all:x (drinkregularly(x, coffee) :- isdependenton(x, caffeine))
all:x (drinkregularly(x, coffee)  | (~wanttobeaddictedto(x, caffeine)))
all:x (~wanttobeaddictedto(x, caffeine) :- ~awarethatdrug(x, caffeine))
~(student(rina) ^  ~awarethatdrug(rina, caffeine))
~(isdependenton(rina, caffeine) ^ student(rina))","(donotwanttobeaddictedtocaffeine(rina) ^ ~awarethatdrug(rina, caffeine)) :- ~(~wanttobeaddictedto(rina, caffeine) & drinkregularly(rina, coffee))"
395,430,"Hermès bags are not made in Italy.
All Birkin bags are Hermès bags. 
All Ferraris are made in Italy. 
All cars that carry a Ferrari V12 engine are Ferraris. 
All cars that are made in Maranello carry a Ferrari V12 engine.
A Lamborghini SUV is not both a Ferrari and made in Maranello. 
A Kelly bag is a Hermès bag, or it is a car that carries a Ferrari V12 engine. ","∀x ((Bag(x) ∧ Hermès(x)) → ¬MadeIn(x, italy))
∀x ((Bag(x) ∧ Birkin(x)) → Hermès(x))
∀x (Ferrari(x) → MadeIn(x, italy))
∀x ((Car(x) ∧ Carry(x, ferrariV12Engine)) → Ferrrari(x))
∀x ((Car(x) ∧ MadeIn(x, maranello)) → Carry(x, ferrariV12Engine))
¬(Ferrari(lamborghiniSUV) ∧ MadeIn(lamborghiniSUV, maranello))
(Bag(kelly) ∧ Hermès(kelly)) ∨ (Bag(kelly) ∧ Car(kelly) ∧ Carry(kelly, ferrariV12Engine))",A Kelly bag is not both made in Maranello and a Birkin bag.,"Bag(kelly) ∧ ¬(MadeIn(kelly, maranello) ∧ Birkin(kelly))",True,1226,"all:x ((bag(x) & hermès(x)) :- ~madein(x, italy))
all:x ((bag(x) & birkin(x)) :- hermès(x))
all:x (ferrari(x) :- madein(x, italy))
all:x ((car(x) & carry(x, ferrariv12engine)) :- ferrrari(x))
all:x ((car(x) & madein(x, maranello)) :- carry(x, ferrariv12engine))
~(ferrari(lamborghinisuv) & madein(lamborghinisuv, maranello))
(bag(kelly) & hermès(kelly)) | (bag(kelly) & car(kelly) & carry(kelly, ferrariv12engine))","bag(kelly) & ~(madein(kelly, maranello) & birkin(kelly))"
396,29,"Gasteren is a village located in the province of Drenthe.
Drenthe is a Dutch province. 
No cities are villages.
The population of a village in Drenthe was 155 people.","Village(gasteren) ∧ Province(drenthe) ∧ In(gasteren, drenthe)
Province(drenthe) ∧ In(drenthe, netherlands)
∀x (City(x) → ¬Village(x))
∃x (Population(x, num155) ∧ Village(x) ∧ In(x, drenthe))",Gasteren is a Dutch village.,"Village(gasteren) ∧ In(gasteren, netherlands)",Uncertain,83,"village(gasteren) & province(drenthe) & in(gasteren, drenthe)
province(drenthe) & in(drenthe, netherlands)
all:x (city(x) :- ~village(x))
x (population(x, num155) & village(x) & in(x, drenthe))","village(gasteren) & in(gasteren, netherlands)"
397,43,"Imagine Dragons are an American pop-rock band.
The lead singer of Imagine Dragons is Dan.
Dan is also a songwriter.
All lead singers are singers.
All singers are musicians.
Demons is one of the most popular singles of Imagine Dragons.
Some singles of Imagine Dragons have been on Billboard Hot 100.","American(imagineDragon) ∧ RockBand(imagineDragon)
LeadSinger(imagineDragon, dan)
SongWriter(dan)
∀x ∀y (LeadSinger(x, y) → Singer(y))
∀x (Singer(x) → Musician(x))
PopularSingle(imagineDragon, demons)
∃x ∃y (PopularSingle(imagineDragon, x) ∧ BillboardHot100(x)) ∧ (¬(x=y)) ∧ (PopularSingle(imagineDragon, y) ∧ BillboardHot100(y))",Some rock band has a lead singer who is also a songwriter.,"∃x ∃y (RockBand(x) ∧ LeadSinger(x, y) ∧ SongWriter(y))",True,123,"american(imaginedragon) & rockband(imaginedragon)
leadsinger(imaginedragon, dan)
songwriter(dan)
all:x all:y (leadsinger(x, y) :- singer(y))
all:x (singer(x) :- musician(x))
popularsingle(imaginedragon, demons)
x y (popularsingle(imaginedragon, x) & billboardhot100(x)) & (~(x=y)) & (popularsingle(imaginedragon, y) & billboardhot100(y))","x y (rockband(x) & leadsinger(x, y) & songwriter(y))"
398,177,"The National Lobster Hatchery is a hatchery located in Padstow, England.
The National Lobster Hatchery is open to visitors.
A hatchery is either for profit or for conservation.
If a hatchery is for conservation, it might release animals into the wild.
The National Lobster Hatchery is not for profit.","Hatchery(nationalLobsterHatchery) ∧ LocatedIn(nationalLobsterHatchery, padstowEngland)
OpenToVisitor(nationalLobsterHatchery)
∀x (Hatchery(x) → ForConservation(x) ⊕ ForProfit(x))
∃x (Hatchery(x) ∧ ForConservation(x) ∧ ReleaseAnimalToWild(x))
¬ForProfit(nationalLobsterHatchery)",All hatcheries are open to visitors.,∀x (Hatchery(x) → OpenToVisitors(x)),Uncertain,510,"hatchery(nationallobsterhatchery) & locatedin(nationallobsterhatchery, padstowengland)
opentovisitor(nationallobsterhatchery)
all:x (hatchery(x) :- forconservation(x) ^ forprofit(x))
x (hatchery(x) & forconservation(x) & releaseanimaltowild(x))
~forprofit(nationallobsterhatchery)",all:x (hatchery(x) :- opentovisitors(x))
399,479,"Grass is not food
All meadows are grass.
All edible things are food. 
All fruits are edible.
All lemons are fruit.
Grapes are not both edible and lemons.
Bananas are grasses or fruits. ","∀x (Grass(x) → ¬Food(x))
∀x (Meadow(x) → Grass(x))
∀x (Edible(x) → Food(x))
∀x (Fruit(x) → Edible(x))
∀x (Lemon(x) → Fruit(x))
¬(Edible(grape) ∧ Lemon(grape))
Grass(banana) ∨ Fruit(banana)",Bananas are not both a lemon and a meadow.,¬(Lemon(banana) ∧ Meadow(banana)),True,1396,"all:x (grass(x) :- ~food(x))
all:x (meadow(x) :- grass(x))
all:x (edible(x) :- food(x))
all:x (fruit(x) :- edible(x))
all:x (lemon(x) :- fruit(x))
~(edible(grape) & lemon(grape))
grass(banana) | fruit(banana)",~(lemon(banana) & meadow(banana))
400,162,"If a person plays an instrument in a concert, they are good at playing this kind of instrument.
Peter plays piano, violin, and saxophone.
Peter plays piano in a concert.
Oliver and Peter both play instruments in a concert.
Oliver plays a different musical instrument from Peter in the concert.","∀x ∀y (PlayIn(y, x, concert) → GoodAtPlaying(y, x))
Play(peter, piano) ∧ Play(peter, violin) ∧ Play(peter, saxophone)
PlayIn(peter, piano, concert)
∃x ∃y (PlayIn(peter, x, concert) ∧ PlayIn(oliver, y, concert))
∀x (PlayIn(oliver, x, concert) → ¬PlayIn(peter, y, concert))",Peter is good at playing piano.,"GoodAtPlaying(peter, piano)",True,466,"all:x all:y (playin(y, x, concert) :- goodatplaying(y, x))
play(peter, piano) & play(peter, violin) & play(peter, saxophone)
playin(peter, piano, concert)
x y (playin(peter, x, concert) & playin(oliver, y, concert))
all:x (playin(oliver, x, concert) :- ~playin(peter, y, concert))","goodatplaying(peter, piano)"
401,325,"All professional soccer defenders are professional soccer players.
No professional soccer players are professional basketball players.
All professional centerbacks are professional soccer defenders.
All NBA players are professional basketball players.
Stephen Curry is an NBA player.","∀x ((Professional(x) ∧ Defender(x)) → (Professional(x) ∧ SoccerPlayer(x)))
∀x ((Professional(x) ∧ SoccerPlayer(x)) → ¬(Professional(x) ∧ BasketballPlayer(x)))
∀x ((Professional(x) ∧ CenterBack(x)) → (Professional(x) ∧ Defender(x))
∀x (NBAPlayer(x) → (Professional(x) ∧ BasketballPlayer(x)))
NBAPlayer(stephenCurry)",Stephen Curry is a professional centerback.,Professional(stephenCurry) ∧ CenterBack(stephenCurry),False,832,"all:x ((professional(x) & defender(x)) :- (professional(x) & soccerplayer(x)))
all:x ((professional(x) & soccerplayer(x)) :- ~(professional(x) & basketballplayer(x)))
all:x ((professional(x) & centerback(x)) :- (professional(x) & defender(x))
all:x (nbaplayer(x) :- (professional(x) & basketballplayer(x)))
nbaplayer(stephencurry)",professional(stephencurry) & centerback(stephencurry)
402,27,"Xiufeng, Xiangshan, Diecai, Qixing are districts in the city of Guilin.
Yangshuo is not a district in Guilin. ","DistrictIn(xiufeng, guilin) ∧ DistrictIn(xiangshan, guilin) ∧ DistrictIn(diecai, guilin) ∧ DistrictIn(qixing, guilin) ∧ City(guilin)
¬DistrictIn(yangshuo, guilin)",Xiangshan and Diecai are districts in the same city.,"∃x (DistrictIn(xiangshan, x) ∧ DistrictIn(diecai, x) ∧ City(x))",True,77,"districtin(xiufeng, guilin) & districtin(xiangshan, guilin) & districtin(diecai, guilin) & districtin(qixing, guilin) & city(guilin)
~districtin(yangshuo, guilin)","x (districtin(xiangshan, x) & districtin(diecai, x) & city(x))"
403,29,"Gasteren is a village located in the province of Drenthe.
Drenthe is a Dutch province. 
No cities are villages.
The population of a village in Drenthe was 155 people.","Village(gasteren) ∧ Province(drenthe) ∧ In(gasteren, drenthe)
Province(drenthe) ∧ In(drenthe, netherlands)
∀x (City(x) → ¬Village(x))
∃x (Population(x, num155) ∧ Village(x) ∧ In(x, drenthe))",Gasteren is a city.,City(gasteren),False,84,"village(gasteren) & province(drenthe) & in(gasteren, drenthe)
province(drenthe) & in(drenthe, netherlands)
all:x (city(x) :- ~village(x))
x (population(x, num155) & village(x) & in(x, drenthe))",city(gasteren)
404,88,"Bernarda Bryson Shahn was a painter and lithographer.
Bernarda Bryson Shahn was born in Athens, Ohio. 
Bernarda Bryson Shahn was married to Ben Shahn.
People born in Athens, Ohio, are Americans.","Painter(bernardaBrysonShahn) ∧ Lithographer(bernardaBrysonShahn) 
BornIn(bernardaBrysonShahn, athensOhio)
MarriedTo(bernardaBrysonShahn, benShahn)
∀x (BornIn(x, athensOhio) → American(x))",Bernarda Bryson Shahn was born in Greece.,"BornIn(bernardaBrysonShahn, greece)",Uncertain,267,"painter(bernardabrysonshahn) & lithographer(bernardabrysonshahn) 
bornin(bernardabrysonshahn, athensohio)
marriedto(bernardabrysonshahn, benshahn)
all:x (bornin(x, athensohio) :- american(x))","bornin(bernardabrysonshahn, greece)"
405,267,"All juvenile delinquents have committed a crime.
Some juvenile delinquents are products of broken homes.","∀x (JuvenileDelinquent(x) → Commited(x, crime))
∃x ∃y (JuvenileDelinquent(x) ∧ JuvenileDelinquent(y) ∧ ProductOf(x, brokenHome) ∧ ProductOf(y, brokenHome) ∧ ¬(x=y))",Some people who have committed a crime are products of broken homes.,"∃x ∃y (Commited(x, crime) ∧ Commited(y, crime) ∧ ProductOf(x, brokenHome) ∧ ProductOf(y, brokenHome) ∧ ¬(x=y))",True,711,"all:x (juveniledelinquent(x) :- commited(x, crime))
x y (juveniledelinquent(x) & juveniledelinquent(y) & productof(x, brokenhome) & productof(y, brokenhome) & ~(x=y))","x y (commited(x, crime) & commited(y, crime) & productof(x, brokenhome) & productof(y, brokenhome) & ~(x=y))"
406,482,"If someone in Potterville yells, then they are not cool.
If someone in Potterville is angry, then they yell.
If someone in Potterville flies, then they are cool.
Every person in Potterville that knows magic flies.
All wizards in Potterville know magic.
Harry, who lives in Potterville either yells or flies. 
Potter, who lives in Potterville, is a wizard and flies.","∀x (In(x, potterville) ∧ Yell(x) → ¬Cool(x))
∀x (In(x, potterville) ∧ Angry(x) → Yell(x))
∀x (In(x, potterville) ∧ Fly(x) → Cool(x))
∀x (In(x, potterville) ∧ Know(x, magic) → Fly(x))
∀x (In(x, potterville) ∧ Wizard(x) → Know(x, magic))
In(harry, potterville) ∧ (Yell(harry) ⊕ Fly(harry))
Wizard(potter) ∧ Fly(potter)",Harry is not cool.,¬Cool(harry),Uncertain,1407,"all:x (in(x, potterville) & yell(x) :- ~cool(x))
all:x (in(x, potterville) & angry(x) :- yell(x))
all:x (in(x, potterville) & fly(x) :- cool(x))
all:x (in(x, potterville) & know(x, magic) :- fly(x))
all:x (in(x, potterville) & wizard(x) :- know(x, magic))
in(harry, potterville) & (yell(harry) ^ fly(harry))
wizard(potter) & fly(potter)",~cool(harry)
407,437,"Researchers present their work at the conference or provide a tutorial session there.
Everyone who presents their work at the conference will attend in person. 
Everyone providing a tutorial session at the conference will be invited to join the club. 
Everyone who attends the conference in person is provided with souvenirs. 
Everyone invited to join the club is provided with delicious meals. 
Everyone provided with delicious meals is happy to communicate with each other during the dinner. 
Everyone who is provided with delicious meals is invited to take a photo with the audience. 
It is not true that James both attended the conference in person and was provided with souvenirs.","∀x (PresentWorkAt(x, conference) ⊕ ProvideAt(x, tutorialSession, conference))
∀x (PresentWorkAt(x, conference) → AttendInPerson(x, conference))
∀x (ProvideSessionAt(x, tutorial, conference) → InvitedToJoin(x, club))
∀x (AttendInPerson(x, conference) → ProvidedWith(x, souvenir))
∀x (InvitedToJoin(x, club) → ProvidedWith(x, deliciousMeal))
∀x (ProvidedWith(x, deliciousMeal) ∧ ProvidedWith(y, deliciousMeal)  → ∃y ∃z (¬(y=x) ∧ ¬(z=x) ∧ ¬(y=z) ∧ HappyToCommunicateWithDuringTheDinner(x, y) ∧ HappyToCommunicateWithDuringTheDinner(x, z)))
∀x (ProvidedWith(x, deliciousMeal) → InvitedToTakePhotoWith(x, audience))
¬(AttendInPerson(james, conference) ∧ ProvidedWith(x, souvenir))",James is not provided with souvenirs.,"¬ProvidedWith(x, souvenir)",Uncertain,1254,"all:x (presentworkat(x, conference) ^ provideat(x, tutorialsession, conference))
all:x (presentworkat(x, conference) :- attendinperson(x, conference))
all:x (providesessionat(x, tutorial, conference) :- invitedtojoin(x, club))
all:x (attendinperson(x, conference) :- providedwith(x, souvenir))
all:x (invitedtojoin(x, club) :- providedwith(x, deliciousmeal))
all:x (providedwith(x, deliciousmeal) & providedwith(y, deliciousmeal)  :- y z (~(y=x) & ~(z=x) & ~(y=z) & happytocommunicatewithduringthedinner(x, y) & happytocommunicatewithduringthedinner(x, z)))
all:x (providedwith(x, deliciousmeal) :- invitedtotakephotowith(x, audience))
~(attendinperson(james, conference) & providedwith(x, souvenir))","~providedwith(x, souvenir)"
408,411,"If a game is one of the top-3 best selling video-games, then it is multiplatform.
If a game has sold more than 100 million copies, then it is one of the top-3 best-selling video games.
Some games that support Windows are developed by Nintendo.
All multiplatform games can be played on a wide range of devices.
Pokemon Diamond version is neither developed by Nintendo nor can be played on a wide range of devices.","∀x (ATop3BestSellingVideoGame(x) → Multiplatform(x))
∀x (SoldMoreThan100MillionCopies(x) → ATop3BestSellingVideoGame(x))
∃x ((SupportsWindows(x) ∧ AGameDevelopedByNintendo(x)))
∀x (Multiplatform(x) → CanBePlayedOnAWideRangeOfDevices(x))
¬(DevelopedByNintendo(PokemonDiamond) ∨ CanBePlayedOnAWideRangeOfDevices(PokemonDiamond))",Pokemon Diamond version supports Windows and has sold more than 100 million copies.,(Game(PokemonDiamond) ∧ SupportsWindows(PokemonDiamond)) ∧ (Game(PokemonDiamond) ∧ SoldMoreThan100MillionCopies(PokemonDiamond)),False,1153,"all:x (atop3bestsellingvideogame(x) :- multiplatform(x))
all:x (soldmorethan100millioncopies(x) :- atop3bestsellingvideogame(x))
x ((supportswindows(x) & agamedevelopedbynintendo(x)))
all:x (multiplatform(x) :- canbeplayedonawiderangeofdevices(x))
~(developedbynintendo(pokemondiamond) | canbeplayedonawiderangeofdevices(pokemondiamond))",(game(pokemondiamond) & supportswindows(pokemondiamond)) & (game(pokemondiamond) & soldmorethan100millioncopies(pokemondiamond))
409,323,"No disposable products can help slow down global warming. 
All eco-friendly brands can help slow down global warming. 
All sustainable fashion brands are eco-friendly brands.
All fast fashion products are disposable products.
If Reformation is not helping slow down global warming, then Reformation is an eco-friendly brand or a sustainable fashion brand.","∀x (Disposable(x) ∧ Product(x) → ¬HelpSlowDown(x, globalWarming))
∀x (EcoFriendly(x) ∧ Brand(x) → Help(x, slowDownGlobalWarming))
∀x (Sustainable(x) ∧ FashionBrand(x) → EcoFriendly(x) ∧ Brand(x))
∀x (FastFashion(x) ∧ Product(x) → Disposable(x) ∧ Product(x)) 
¬HelpSlowDown(reformation, globalWarming) → (EcoFriendly(reformation) ∧ Brand(reformation)) ∨ (Sustainable(reformation) ∧ FashionBrand(reformation))","If Reformation produces disposable products, then Reformation produces fast fashion products.",(Disposable(reformation) ∧ Product(reformation)) → (FastFashion(reformation) ∧ Product(reformation)),True,826,"all:x (disposable(x) & product(x) :- ~helpslowdown(x, globalwarming))
all:x (ecofriendly(x) & brand(x) :- help(x, slowdownglobalwarming))
all:x (sustainable(x) & fashionbrand(x) :- ecofriendly(x) & brand(x))
all:x (fastfashion(x) & product(x) :- disposable(x) & product(x)) 
~helpslowdown(reformation, globalwarming) :- (ecofriendly(reformation) & brand(reformation)) | (sustainable(reformation) & fashionbrand(reformation))",(disposable(reformation) & product(reformation)) :- (fastfashion(reformation) & product(reformation))
410,416,"Some students in the class who are good at math are also good at chemistry.
All students in the class who are good at chemistry enjoy conducting experiments. 
All students in the class that enjoy conducting experiments are good at planning. 
None of the students who are good at planning failed the class.
James is a student in the class; he is either good at chemistry and failed the class, or bad at chemistry and passed the class.","∃x ∃y (StudentInTheClass(x) ∧ GoodAt(x, math) ∧ GoodAt(x, chemistry) ∧ (¬(x=y)) ∧ StudentInTheClass(y) ∧ GoodAt(y, math) ∧ GoodAt(y, chemistry))
∀x ((StudentInTheClass(x) ∧ GoodAt(x, chemistry)) → Enjoy(x, conductingExperiment))
∀x ((StudentInTheClass(x) ∧ Enjoy(x, conductingExperiment)) → GoodAt(x, planning))
∀x ((StudentInTheClass(x) ∧ GoodAt(x, planning)) → ¬Failed(x, theClass))
StudentInTheClass(james) ∧ (¬(GoodAt(james, chemistry) ⊕ Failed(james, theClass)))","If James is good at Chemistry or failed the class, then James is either good at planning or good at math.","(GoodAt(james, chemistry) ∨ Failed(james, theClass)) → (GoodAt(james, planning) ⊕ GoodAt(james, math))",True,1172,"x y (studentintheclass(x) & goodat(x, math) & goodat(x, chemistry) & (~(x=y)) & studentintheclass(y) & goodat(y, math) & goodat(y, chemistry))
all:x ((studentintheclass(x) & goodat(x, chemistry)) :- enjoy(x, conductingexperiment))
all:x ((studentintheclass(x) & enjoy(x, conductingexperiment)) :- goodat(x, planning))
all:x ((studentintheclass(x) & goodat(x, planning)) :- ~failed(x, theclass))
studentintheclass(james) & (~(goodat(james, chemistry) ^ failed(james, theclass)))","(goodat(james, chemistry) | failed(james, theclass)) :- (goodat(james, planning) ^ goodat(james, math))"
411,194,"Rosa was born in Santiago. 
Santiago is the capital and largest city of Chile.
Rosa is the daughter of a Catalan building contractor, Jose.
Jose has a Chilean wife, Carmen.
Carmen and Jose are Rosa's parents.
People from Catalan are not from Chile.
A building contractor is responsible for the day-to-day oversight of a construction site. ","BornIn(rosa, santiago)
CapitalOf(santiago, chile) ∧ LargestCityOf(santiago, chile)
DaughterOf(rosa, jose) ∧ BuildingContractor(jose) ∧ Catalan(jose)
WifeOf(jose, carmen) ∧ Chilean(carmen)
ParentOf(jose, rosa) ∧ ParentOf(carmen, rosa)
∀x (Catalan(x) → ¬Chilean(x))
∀x ∃y (BuildingContractor(x) → ConstructionSite(y) ∧ Oversee(x, y))",Rosa is the daughter of someone who is responsible for the oversight of traffic.,"∃x (DaughterOf(rosa, x) ∧ Oversee(x, traffic))",True,554,"bornin(rosa, santiago)
capitalof(santiago, chile) & largestcityof(santiago, chile)
daughterof(rosa, jose) & buildingcontractor(jose) & catalan(jose)
wifeof(jose, carmen) & chilean(carmen)
parentof(jose, rosa) & parentof(carmen, rosa)
all:x (catalan(x) :- ~chilean(x))
all:x y (buildingcontractor(x) :- constructionsite(y) & oversee(x, y))","x (daughterof(rosa, x) & oversee(x, traffic))"
412,338,"No iPhones are standalone desktops. 
All Apple-made cellphones are iPhones.  
All phones with A15 Bionic chips are Apple-made cell phones. 
All phones equipped with four core-GPU made by Apple are phones with A15 Bionic chips. 
If an unannounced Huawei phone is either a phone with A15 Bionic chips or equipped with four core-GPU made by Apple, then unannounced Huawei phone is neither a phone with A15 Bionic chips nor a standalone desktop.","∀x (IPhone(x) → ¬StandaloneDesktop(x))
∀x (AppleMade(x) ∧ Cellphone(x) → IPhone(x))
∀x (Phone(x) ∧ With(x, a15BionicChip) → AppleMade(x) ∧ Cellphone(x))
∀x (Phone(x) ∧ EquippedWith(x, fourCoreGPU) ∧ MadeBy(x, apple) → Phone(x) ∧ With(x, a15BionicChip))
(Phone(unannouncedHuaweiPhone) ∧ With(unannouncedHuaweiPhone, a15BionicChip)) ⊕ (Phone(unannouncedHuaweiPhone) ∧ EquippedWith(unannouncedHuaweiPhone, fourCoreGPU) ∧ MadeBy(unannouncedHuaweiPhone, apple)) → ¬(Phone(unannouncedHuaweiPhone) ∧ With(unannouncedHuaweiPhone, a15BionicChip) ∧ StandaloneDesktop(unannouncedHuaweiPhone))",Joe is a person taking classes.,AppleMade(unannouncedHuaweiPhone) ∧ Cellphone(unannouncedHuaweiPhone),Uncertain,884,"all:x (iphone(x) :- ~standalonedesktop(x))
all:x (applemade(x) & cellphone(x) :- iphone(x))
all:x (phone(x) & with(x, a15bionicchip) :- applemade(x) & cellphone(x))
all:x (phone(x) & equippedwith(x, fourcoregpu) & madeby(x, apple) :- phone(x) & with(x, a15bionicchip))
(phone(unannouncedhuaweiphone) & with(unannouncedhuaweiphone, a15bionicchip)) ^ (phone(unannouncedhuaweiphone) & equippedwith(unannouncedhuaweiphone, fourcoregpu) & madeby(unannouncedhuaweiphone, apple)) :- ~(phone(unannouncedhuaweiphone) & with(unannouncedhuaweiphone, a15bionicchip) & standalonedesktop(unannouncedhuaweiphone))",applemade(unannouncedhuaweiphone) & cellphone(unannouncedhuaweiphone)
413,391,"All imaginative processes that Dan knows are results of creative processes.
All science fiction that Dan knows comes from an imaginative process.
Everthing that Dan knows comes from either science-fiction or realistic fiction.
No facts that Dan knows have proven to be false.
Dan knows that Dune is science fiction or has proven to be false.","∀x ((Knows(dan, x) ∧ ImaginativeProcess(x)) → ResultOf(x, creativeProcess))
∀x ((Knows(dan, x) ∧ ScienceFiction(x)) → ImaginativeProcess(x)) 
∀x (Knows(dan, x) → (ScienceFiction(x) ⊕ RealisticFiction(x)))
∀x ((Knows(dan, x) ∧ Fact(x)) → ¬ProvedToBe(x, false)) 
(Knows(dan, dune) ∧ ScienceFiction(dune)) ∨ ProvedToBe(dune, false))",Dune is realistic fiction.,RealisticFiction(dune),Uncertain,1047,"all:x ((knows(dan, x) & imaginativeprocess(x)) :- resultof(x, creativeprocess))
all:x ((knows(dan, x) & sciencefiction(x)) :- imaginativeprocess(x)) 
all:x (knows(dan, x) :- (sciencefiction(x) ^ realisticfiction(x)))
all:x ((knows(dan, x) & fact(x)) :- ~provedtobe(x, false)) 
(knows(dan, dune) & sciencefiction(dune)) | provedtobe(dune, false))",realisticfiction(dune)
414,342,"All sports cars are loud.
No loud cars are electric.
If a car is a Ferrari, then it is a sports car.
All cars made in Maranello are Ferraris.
The Toyota Prius is made in Maranello or is a loud car, or both.","∀x (SportsCar(x) → LoudCar(x))
∀x (LoudCar(x) → ¬ElectricCar(x))
∀x (Ferrari(x) → SportsCar(x))
∀x ((Car(x) ∧ MadeIn(x, maranello)) → Ferrari(x))
(Car(toyotaPrius) ∧ MadeIn(toyotaPrius, maranello)) ∨ LoudCar(toyotaPrius)","If The Toyota Prius is a Ferrari or a loud car, then The Toyota Prius is an electric car.",Ferrari(toyotaPrius) ∨ LoudCar(toyotaPrius) → ElectricCar(toyotaPrius),False,903,"all:x (sportscar(x) :- loudcar(x))
all:x (loudcar(x) :- ~electriccar(x))
all:x (ferrari(x) :- sportscar(x))
all:x ((car(x) & madein(x, maranello)) :- ferrari(x))
(car(toyotaprius) & madein(toyotaprius, maranello)) | loudcar(toyotaprius)",ferrari(toyotaprius) | loudcar(toyotaprius) :- electriccar(toyotaprius)
415,430,"Hermès bags are not made in Italy.
All Birkin bags are Hermès bags. 
All Ferraris are made in Italy. 
All cars that carry a Ferrari V12 engine are Ferraris. 
All cars that are made in Maranello carry a Ferrari V12 engine.
A Lamborghini SUV is not both a Ferrari and made in Maranello. 
A Kelly bag is a Hermès bag, or it is a car that carries a Ferrari V12 engine. ","∀x ((Bag(x) ∧ Hermès(x)) → ¬MadeIn(x, italy))
∀x ((Bag(x) ∧ Birkin(x)) → Hermès(x))
∀x (Ferrari(x) → MadeIn(x, italy))
∀x ((Car(x) ∧ Carry(x, ferrariV12Engine)) → Ferrrari(x))
∀x ((Car(x) ∧ MadeIn(x, maranello)) → Carry(x, ferrariV12Engine))
¬(Ferrari(lamborghiniSUV) ∧ MadeIn(lamborghiniSUV, maranello))
(Bag(kelly) ∧ Hermès(kelly)) ∨ (Bag(kelly) ∧ Car(kelly) ∧ Carry(kelly, ferrariV12Engine))",A Lamborghini SUV is not made in Italy.,"¬MadeIn(lamborghiniSUV, italy)",Uncertain,1224,"all:x ((bag(x) & hermès(x)) :- ~madein(x, italy))
all:x ((bag(x) & birkin(x)) :- hermès(x))
all:x (ferrari(x) :- madein(x, italy))
all:x ((car(x) & carry(x, ferrariv12engine)) :- ferrrari(x))
all:x ((car(x) & madein(x, maranello)) :- carry(x, ferrariv12engine))
~(ferrari(lamborghinisuv) & madein(lamborghinisuv, maranello))
(bag(kelly) & hermès(kelly)) | (bag(kelly) & car(kelly) & carry(kelly, ferrariv12engine))","~madein(lamborghinisuv, italy)"
416,248,"Kangaroos are an animal.
No Kangaroos live in Germany.
Jane will fly to Germany if she saves enough money for the summer.
If Jane flies to Germany, she will go to the Berlin Zoo.
If someone goes to the Berlin Zoo, they will see some of the animals in Germany.","∀x (Kangaroo(x) → Animal(x))
∀x (Kangaroo(x) → ¬LiveIn(x, germany))
SavesFor(jane, enoughMoney, theSummer) → FlyTo(jane, germany)
FlyTo(jane, germany) → GoTo(jane, berlinzoo) 
∀x ∃y (GoTo(x, berlinzoo) ∧ LiveIn(x, germany) ∧ Animal(y) → WillSee(y, x, berlinzoo))",Jane will see a kangaroo if she saves enough money for the summer.,"∃x (SavesFor(jane, enoughMoney, theSummer)  ∧ Kangaroo(x) → WillSee(x, jane, berlinzoo))",False,691,"all:x (kangaroo(x) :- animal(x))
all:x (kangaroo(x) :- ~livein(x, germany))
savesfor(jane, enoughmoney, thesummer) :- flyto(jane, germany)
flyto(jane, germany) :- goto(jane, berlinzoo) 
all:x y (goto(x, berlinzoo) & livein(x, germany) & animal(y) :- willsee(y, x, berlinzoo))","x (savesfor(jane, enoughmoney, thesummer)  & kangaroo(x) :- willsee(x, jane, berlinzoo))"
417,401,"Everyone at 'Board Game night' is interested in puzzles, or they are bad at chess, or both.
If a person at 'Board Game night' is bad at chess, then they don't play a lot of chess.
There is a person at 'Board Game night' who is either a planner or a creative person.
Erica is at 'Board Game night,' and she is someone who plays a lot of chess.
If Erica is neither bad at chess nor creative, then Erica is either someone who plans and is creative, or she is neither of these things.","∀x (At(x, boardGameNight) → (InterestedIn(x, puzzle) ∨ BadAt(x, chess)))
∀x ((At(x, boardGameNight) ∧ BadAt(x, chess)) → ¬PlaysOften(x, chess))
∃x (At(x, boardGameNight) ∧ (Planner(x) ∨ Creative(x)))
At(erica, boardGameNight) ∧ PlaysOften(erica, chess)
(At(erica, boardGameNight) ∧ (¬(BadAt(erica, chess) ∨ Creative(erica)))) → ¬(Planner(erica) ⊕  Creative(erica))","If Erica is either bad at chess or interested in puzzles, then Erica is not a person who plays a lot of chess matches and creative.","BadAt(erica, chess) ⊕ InterestedIn(erica, puzzle) → ¬(PlaysOften(erica, chess) ∧ Creative(erica))",False,1109,"all:x (at(x, boardgamenight) :- (interestedin(x, puzzle) | badat(x, chess)))
all:x ((at(x, boardgamenight) & badat(x, chess)) :- ~playsoften(x, chess))
x (at(x, boardgamenight) & (planner(x) | creative(x)))
at(erica, boardgamenight) & playsoften(erica, chess)
(at(erica, boardgamenight) & (~(badat(erica, chess) | creative(erica)))) :- ~(planner(erica) ^  creative(erica))","badat(erica, chess) ^ interestedin(erica, puzzle) :- ~(playsoften(erica, chess) & creative(erica))"
418,114,"A cutman is responsible for preventing and treating physical damage to a fighter.
Cutmen appear in boxing matches, kickboxing matches, or mixed martial arts matches bout. 
Cutmen handle swelling, nosebleeds and lacerations. 
Jack is a cutman.","∀x (Cutman(x) → Prevent(x, physicalDamageToAFighter) ∧ Treat(x, physicalDamageToAFighter))
∀x (Cutman(x) → AppearIn(x, boxingMatch) ∨ AppearIn(x, kickboxingMatch) ∨ AppearIn(x, mixedMartialArtsMatchBout))
∀x (Cutman(x) → Handle(x, swelling) ∧ Handle(x, nosebleed) ∧ Handle(x, laceration))
Cutman(jack)",No cutmen appear in boxing matches.,"¬(∃x (Cutman(x) ∧ AppearIn(x, boxingMatch)))",Uncertain,344,"all:x (cutman(x) :- prevent(x, physicaldamagetoafighter) & treat(x, physicaldamagetoafighter))
all:x (cutman(x) :- appearin(x, boxingmatch) | appearin(x, kickboxingmatch) | appearin(x, mixedmartialartsmatchbout))
all:x (cutman(x) :- handle(x, swelling) & handle(x, nosebleed) & handle(x, laceration))
cutman(jack)","~(x (cutman(x) & appearin(x, boxingmatch)))"
419,48,"Douglas Adams is an author who created the book collection called The Salmon of Doubt. 
The Salmon of Doubt is about life experiences and technology.
All authors are writers.
Writers create innovative ideas.
Some books that contain innovative ideas are about technology.","Author(douglasAdams) ∧ Authored(douglasAdams, theSalmonOfDoubt) ∧ Book(theSalmonOfDoubt)
About(theSalmonOfDoubt, lifeExperience) ∧ About(theSalmonOfDoubt, technology)
∀x (Author(x) → Writer(x))
∀x (Writer(x) → Create(x, innovativeIdea))
∃x ∃y (Contain(x, innovativeIdea) ∧ About(x, technology) ∧ (¬(x=y)) ∧ (Contain(y, innovativeIdea) ∧ About(y, technology)))",Douglas Adams created innovative ideas.,"Create(douglasAdams, innovativeIdea)",True,139,"author(douglasadams) & authored(douglasadams, thesalmonofdoubt) & book(thesalmonofdoubt)
about(thesalmonofdoubt, lifeexperience) & about(thesalmonofdoubt, technology)
all:x (author(x) :- writer(x))
all:x (writer(x) :- create(x, innovativeidea))
x y (contain(x, innovativeidea) & about(x, technology) & (~(x=y)) & (contain(y, innovativeidea) & about(y, technology)))","create(douglasadams, innovativeidea)"
420,71,"Herodicus was a Greek physician, dietician, sophist, and gymnast.
Herodicus was born in the city of Selymbria.
Selymbria is a colony of the city-state Megara.
One of the tutors of Hippocrates was Herodicus.
Massages were recommended by Herodicus.
Some of the theories of Herodicus are considered to be the foundation of sports medicine.","Greek(herodicus) ∧ Physician(herodicus) ∧ Dietician(herodicus) ∧ Sophist(herodicus) ∧ Gymnast(herodicus)
Born(herodicus, selymbia) ∧ City(selymbia)
Colony(selymbia, megara) ∧ CityState(megara)
Tutor(herodicus, hippocrates)
Recommend(herodicus, massages)
∃x ∃y (Theory(x) ∧ From(x, herodicus) ∧ FoundationOf(x, sportsMedicine) ∧ (¬(x=y)) ∧ Theory(y) ∧ From(y, herodicus) ∧ FoundationOf(y, sportsMedicine))",Herodicus was born in a colony of a city-state.,"∃x ∃y (Born(herodicus, x) ∧ Colony(x, y) ∧ CityState(y))",True,217,"greek(herodicus) & physician(herodicus) & dietician(herodicus) & sophist(herodicus) & gymnast(herodicus)
born(herodicus, selymbia) & city(selymbia)
colony(selymbia, megara) & citystate(megara)
tutor(herodicus, hippocrates)
recommend(herodicus, massages)
x y (theory(x) & from(x, herodicus) & foundationof(x, sportsmedicine) & (~(x=y)) & theory(y) & from(y, herodicus) & foundationof(y, sportsmedicine))","x y (born(herodicus, x) & colony(x, y) & citystate(y))"
421,10,"Thick as Thieves is a young adult fantasy novel written by Megan Whalen Turner.
Thick as Thieves was published by Greenwillow Books.
If a book was published by a company, then the author of that book worked with the company that published the book.
The fictional Mede Empire is where Thick as Thieves is set.
The Mede Empire plots to swallow up some nearby countries.
Attolia and Sounis are countries near the Mede Empire.
Thick as Thieves was sold both as a hardcover and an e-book.","YoungAdultFantasy(thickAsTheives) ∧ Novel(thickAsTheives) ∧ WrittenBy(thickAsTheives, meganWhalenTurner)
PublishedBy(thickAsTheives, greenWillowBooks)
∀x ∀y ∀z ((WrittenBy(x, y) ∧ PublishedBy(x, z)) → WorkedWith(y, z))
Fictional(medeEmpire) ∧ SetIn(thickAsTheives, medeEmpire)
∃x ∃y ((Country(x) ∧ Near(x, medeEmpire) ∧ PlotsToSwallowUp(medeEmpire, x)) ∧ (¬(x=y) ∧ Near(y, medeEmpire) ∧ PlotsToSwallowUp(medeEmpire, y)))
Country(attolia) ∧ Near(attolia, medeEmpire) ∧ Country(sounis) ∧ Near(sounis, medeEmpire)
SoldAs(thickAsTheives, hardCover) ∧ SoldAs(thickAsTheives, softCover)",The Mede Empire plans to swallow up Attolia.,"PlotsToSwallowUp(medeEmpire, attolia)",Uncertain,26,"youngadultfantasy(thickastheives) & novel(thickastheives) & writtenby(thickastheives, meganwhalenturner)
publishedby(thickastheives, greenwillowbooks)
all:x all:y all:z ((writtenby(x, y) & publishedby(x, z)) :- workedwith(y, z))
fictional(medeempire) & setin(thickastheives, medeempire)
x y ((country(x) & near(x, medeempire) & plotstoswallowup(medeempire, x)) & (~(x=y) & near(y, medeempire) & plotstoswallowup(medeempire, y)))
country(attolia) & near(attolia, medeempire) & country(sounis) & near(sounis, medeempire)
soldas(thickastheives, hardcover) & soldas(thickastheives, softcover)","plotstoswallowup(medeempire, attolia)"
422,54,"A roundel is a rounded artillery fortification.
A roundel is not higher than adjacent walls. 
Cannons can be deployed on artillery fortifications. 
Roundels are the oldest artillery fortifications.
Battery towers are artillery fortifications.","∀x (Roundel(x) → (Rounded(x) ∧ ArtilleryFortification(x)))
∀x ∀y ((Roundel(x) ∧ AdjacentWalls(x,y)) → ¬Higher(x, y))
∀x (ArtilleryFortification(x) → DeployCannons(x))
∀x ∀y ((Roundel(x) ∧ ArtilleryFortification(y)) → Older(x, y))
∀x (BatteryTower(x) → ArtilleryFortification(x))",Battery towers are higher than adjacent walls.,"∀x ∀y ((BatteryTower(x) ∧ AdjacentWall(x,y)) → Higher(x, y))",Uncertain,160,"all:x (roundel(x) :- (rounded(x) & artilleryfortification(x)))
all:x all:y ((roundel(x) & adjacentwalls(x,y)) :- ~higher(x, y))
all:x (artilleryfortification(x) :- deploycannons(x))
all:x all:y ((roundel(x) & artilleryfortification(y)) :- older(x, y))
all:x (batterytower(x) :- artilleryfortification(x))","all:x all:y ((batterytower(x) & adjacentwall(x,y)) :- higher(x, y))"
423,30,"EndGame is a movie released in 2006.
EndGame was set in Washington.
EndGame was filmed outside of Washington.
Some movies are filmed in New York.
Andy Chang directed EndGame.
Andy Chang is from Hong Kong.","Movie(endGame) ∧ Released(endGame, yr2006)
SetIn(endGame, washington)
¬(FilmedIn(endGame, washington))
∃x∃y(FilmedIn(x, newYork) ∧ (¬(x=y)) ∧ FilmedIn(y, newYork))
Directed(andyChang, endGame)
From(andyChang, hongKong)",EndGame was filmed in New York.,"FilmedIn(endGame, newYork)",Uncertain,86,"movie(endgame) & released(endgame, yr2006)
setin(endgame, washington)
~(filmedin(endgame, washington))
xy(filmedin(x, newyork) & (~(x=y)) & filmedin(y, newyork))
directed(andychang, endgame)
from(andychang, hongkong)","filmedin(endgame, newyork)"
424,110,"St Johnstone is a Scottish team.
St Johnstone is part of the Scottish Premiership league.
If a team is part of the league, it has joined the league.
St Johnstone and Minsk are different teams.
For two teams, either one team wins, or the other team wins.
Minsk won against St Johnstone.","Scottish(stJohnstone) ∧ Team(stJohnstone)
PartOf(stJohnstone, scottishPremiership) ∧ League(scottishPremiership)
∀x ∀y (Team(x) ∧ League(y) ∧ PartOf(x, y) → Joined(x, y))
¬(misnk=stJohnstone)
∀x ∀y (¬(x=y) → WonAgainst(x, y) ⊕ WonAgainst(y, x))
WonAgainst(minsk, stJohnstone)",St Johnstone won against Minsk.,"WonGame(stJohnstone, minsk)",False,334,"scottish(stjohnstone) & team(stjohnstone)
partof(stjohnstone, scottishpremiership) & league(scottishpremiership)
all:x all:y (team(x) & league(y) & partof(x, y) :- joined(x, y))
~(misnk=stjohnstone)
all:x all:y (~(x=y) :- wonagainst(x, y) ^ wonagainst(y, x))
wonagainst(minsk, stjohnstone)","wongame(stjohnstone, minsk)"
425,37,"Heptalogyy is a compound literary or narrative work that is made up of seven distinct works.
The Harry Potter series consists of 7 distinct works.
The Chronicles of Narnia consists of 7 distinct works.","∀x (SevenDistinctWorks(x) → Heptalogy(x))
SevenDistinctWorks(harryPotter)
SevenDistinctWorks(chroniclesOfNarnia)",The Harry Potter series of books is Heptalogy.,Heptalogy(harryPotter),True,107,"all:x (sevendistinctworks(x) :- heptalogy(x))
sevendistinctworks(harrypotter)
sevendistinctworks(chroniclesofnarnia)",heptalogy(harrypotter)
426,127,"New York City is Located in the United States of America.
The United States of America is part of North America.
North America is in the western hemisphere of the earth.
New York City is a highly developed city.
If place A is located in place B and place B is located in place C, then place A is located in place C.","LocatedIn(newYorkCity, unitedStatesOfAmerica)
LocatedIn(usa, northAmerica)
LocatedIn(northAmerica, westernHemisphere)
HighlyDeveloped(newYorkCity)
∀x ∀y ∀z ((LocatedIn(x, y) ∧ LocatedIn(y, z)) → LocatedIn(x, z))",The United States of America is not located in the western hemisphere of the earth.,"¬LocatedIn(unitedStatesOfAmerica, westHemisphere)",False,377,"locatedin(newyorkcity, unitedstatesofamerica)
locatedin(usa, northamerica)
locatedin(northamerica, westernhemisphere)
highlydeveloped(newyorkcity)
all:x all:y all:z ((locatedin(x, y) & locatedin(y, z)) :- locatedin(x, z))","~locatedin(unitedstatesofamerica, westhemisphere)"
427,401,"Everyone at 'Board Game night' is interested in puzzles, or they are bad at chess, or both.
If a person at 'Board Game night' is bad at chess, then they don't play a lot of chess.
There is a person at 'Board Game night' who is either a planner or a creative person.
Erica is at 'Board Game night,' and she is someone who plays a lot of chess.
If Erica is neither bad at chess nor creative, then Erica is either someone who plans and is creative, or she is neither of these things.","∀x (At(x, boardGameNight) → (InterestedIn(x, puzzle) ∨ BadAt(x, chess)))
∀x ((At(x, boardGameNight) ∧ BadAt(x, chess)) → ¬PlaysOften(x, chess))
∃x (At(x, boardGameNight) ∧ (Planner(x) ∨ Creative(x)))
At(erica, boardGameNight) ∧ PlaysOften(erica, chess)
(At(erica, boardGameNight) ∧ (¬(BadAt(erica, chess) ∨ Creative(erica)))) → ¬(Planner(erica) ⊕  Creative(erica))",Erica is either interested in puzzles or is creative.,"InterestedIn(erica, puzzle) ⊕ Creative(erica)",False,1102,"all:x (at(x, boardgamenight) :- (interestedin(x, puzzle) | badat(x, chess)))
all:x ((at(x, boardgamenight) & badat(x, chess)) :- ~playsoften(x, chess))
x (at(x, boardgamenight) & (planner(x) | creative(x)))
at(erica, boardgamenight) & playsoften(erica, chess)
(at(erica, boardgamenight) & (~(badat(erica, chess) | creative(erica)))) :- ~(planner(erica) ^  creative(erica))","interestedin(erica, puzzle) ^ creative(erica)"
428,397,"All brain study designs are either block designs or event-related designs. 
All event-related brain study designs are brain image acquisition.
All brain image acquisition in brain study designs is preceded by data processing.
Nothing in brain study designs preceded by data processing analyzes data.
Picture memory is a type of brain study design that is not either event-related or analyzing data.","∀x (BrainStudy(x) → (BlockDesign(x) ⊕ Event-relatedDesign(x)))
∀x ((BrainStudy(x) ∧ EventRelatedDesign(x)) → BrainImageAcquisition(x))
∀x ((BrainStudy(x) ∧ BrainImageAcquisition(x)) → PrecededBy(x, dataProcessing))
∀x ((BrainStudy(x) ∧ PrecededBy(x, dataProcessing)) → ¬Analyze(x, data))
BrainStudy(pictureMemory) ∧ (¬(EventRelatedDesign(pictureMemory) ⊕ AnalyzingData(pictureMemory)))",Picture memory is preceded by data processing.,"PrecededBy(pictureMemory, dataProcessing)",Uncertain,1080,"all:x (brainstudy(x) :- (blockdesign(x) ^ event-relateddesign(x)))
all:x ((brainstudy(x) & eventrelateddesign(x)) :- brainimageacquisition(x))
all:x ((brainstudy(x) & brainimageacquisition(x)) :- precededby(x, dataprocessing))
all:x ((brainstudy(x) & precededby(x, dataprocessing)) :- ~analyze(x, data))
brainstudy(picturememory) & (~(eventrelateddesign(picturememory) ^ analyzingdata(picturememory)))","precededby(picturememory, dataprocessing)"
429,27,"Xiufeng, Xiangshan, Diecai, Qixing are districts in the city of Guilin.
Yangshuo is not a district in Guilin. ","DistrictIn(xiufeng, guilin) ∧ DistrictIn(xiangshan, guilin) ∧ DistrictIn(diecai, guilin) ∧ DistrictIn(qixing, guilin) ∧ City(guilin)
¬DistrictIn(yangshuo, guilin)",Kowloon District is in Hong Kong.,"DistrictIn(kowloon, hongKong)",Uncertain,79,"districtin(xiufeng, guilin) & districtin(xiangshan, guilin) & districtin(diecai, guilin) & districtin(qixing, guilin) & city(guilin)
~districtin(yangshuo, guilin)","districtin(kowloon, hongkong)"
430,347,"All mammals are living beings.
All elephants are mammals.
All baby elephants are elephants.
Some baby elephants are sleepy.
If Jumbo is a living being, then Jumbo is not both an elephant and a mammal.
If Jumbo is sleepy, then Jumbo is either a baby elephant or a mammal.","∀x (Mammal(x) → LivingBeing(x)) 
∀x (Elephant(x) → Mammal(x))
∀x (BabyElephant(x) → Elephant(x))
∃x (BabyElephant(x) ∧ Sleepy(x))
LivingBeing(jumbo) → ¬(Elephant(jumbo) ∧ Mammal(jumbo))
Sleepy(jumbo) → BabyElephant(jumbo) ⊕ Mammal(jumbo)",Jumbo is not sleepy or an elephant.,¬(Sleepy(jumbo) ⊕ Elephant(jumbo)),True,920,"all:x (mammal(x) :- livingbeing(x)) 
all:x (elephant(x) :- mammal(x))
all:x (babyelephant(x) :- elephant(x))
x (babyelephant(x) & sleepy(x))
livingbeing(jumbo) :- ~(elephant(jumbo) & mammal(jumbo))
sleepy(jumbo) :- babyelephant(jumbo) ^ mammal(jumbo)",~(sleepy(jumbo) ^ elephant(jumbo))
431,450,"Those who can fly over a vast distance glide in the air. 
Flightless birds cannot fly over a vast distance. 
Penguins are flightless birds. 
Nonflying birds in Antarctica are penguins. 
Fido is a penguin, or flies over a vast distance. ","∀x (FlyOver(x, vastDistance) → GlideInAir(x))
∀x (Flightless(x) ∧ Bird(x) → ¬FlyOver(x, vastDistance))
∀x (Penguin(x) → Flightless(x) ∧ Bird(x))
∀x (NonFlying(x) ∧ Bird(x) ∧ In(x, antarctica) → Penguin(x))
Penguin(fido) ∨ FlyOver(fido, vastDistance)",Fido is a flightless bird,Flightless(fido) ∧ Bird(fido),Uncertain,1295,"all:x (flyover(x, vastdistance) :- glideinair(x))
all:x (flightless(x) & bird(x) :- ~flyover(x, vastdistance))
all:x (penguin(x) :- flightless(x) & bird(x))
all:x (nonflying(x) & bird(x) & in(x, antarctica) :- penguin(x))
penguin(fido) | flyover(fido, vastdistance)",flightless(fido) & bird(fido)
432,407,"No touring musicians who perform at the New Haven Symphony Orchestra are permanent members of the orchestra.
Musicians who perform at the New Haven Symphony Orchestra are permanent members of an orchestra, or they have temporary roles at the orchestra.
All touring musicians who perform at the New Haven Symphony Orchestra have temporary roles at the orchestra.
All musicians performing at the New Haven Symphony Orchestra who have temporary roles at the orchestra are interesting soloists.
All musicians performing at New Haven Symphony Orchestra who are interesting soloists are capable of attracting audiences.
Ryan is performing at New Haven Symphony Orchestra.
If Ryan is an interesting soloist and has a temporary role at the orchestra, then he is capable of attracting large audiences if and only if he is a touring soloist musician. ","∀x ((PerformAt(x, newHavenSymphonyOrchestra) ∧ TouringMusician(x)) → ¬PermanentMemberOf(x, theOrchestra))
∀x (PerformAt(x, newHavenSymphonyOrchestra) → (PermanentMemberOf(x, theOrchestra) ∨ HaveTemporaryRoleAt(x, theOrchestra)))
∀x ((PerformAt(x, newHavenSymphonyOrchestra) ∧ TouringMusicians(x)) → HaveTemporaryRoleAt(x, theOrchestra))
∀x ((PerformAt(x, newHavenSymphonyOrchestra) ∧ HaveTemporaryRoleAt(x, theOrchestra)) → InterestingSoloist(x))
∀x ((PerformAt(x, newHavenSymphonyOrchestra) ∧ InterestingSoloist(x)) → CapableOfAttractingAudiences(x))
PerformAt(ryan, newHavenSymphonyOrchestra)
(InterestingSoloist(ryan) ∧ HaveTemporaryRoleAt(ryan, theOrchestra)) → ¬(TouringMusician(ryan) ⊕ CapableOfAttractingAudiences(ryan))",Ryan is either a permanent member of an orchestra or a touring soloist musician.,"(PermanentMemberOf(ryan, orchestra) ⊕ TouringMusician(ryan))",True,1131,"all:x ((performat(x, newhavensymphonyorchestra) & touringmusician(x)) :- ~permanentmemberof(x, theorchestra))
all:x (performat(x, newhavensymphonyorchestra) :- (permanentmemberof(x, theorchestra) | havetemporaryroleat(x, theorchestra)))
all:x ((performat(x, newhavensymphonyorchestra) & touringmusicians(x)) :- havetemporaryroleat(x, theorchestra))
all:x ((performat(x, newhavensymphonyorchestra) & havetemporaryroleat(x, theorchestra)) :- interestingsoloist(x))
all:x ((performat(x, newhavensymphonyorchestra) & interestingsoloist(x)) :- capableofattractingaudiences(x))
performat(ryan, newhavensymphonyorchestra)
(interestingsoloist(ryan) & havetemporaryroleat(ryan, theorchestra)) :- ~(touringmusician(ryan) ^ capableofattractingaudiences(ryan))","(permanentmemberof(ryan, orchestra) ^ touringmusician(ryan))"
433,82,"Lawton Park is a neighborhood in Seattle. 
All citizens of Lawton Park use the zip code 98199. 
Tom is a citizen of Lawton Park.
Daniel uses the zip code 98199. ","NeighbourhoodIn(lawtonPark, seattle)
∀x (Residentof(x, lawtonPark) → UseZipCode(x, num98199))
ResidentOf(tom, lawtonPark)
UseZipCode(daniel, num98199)",Tom uses the zip code 98199.,"UseZipCode(tom, num98199)",True,249,"neighbourhoodin(lawtonpark, seattle)
all:x (residentof(x, lawtonpark) :- usezipcode(x, num98199))
residentof(tom, lawtonpark)
usezipcode(daniel, num98199)","usezipcode(tom, num98199)"
434,89,"Bobby Flynn is a singer-songwriter. 
Bobby Flynn finished 7th while competing on Australian Idol.
Australian Idol competitors are Australian citizens.
The Omega Three band made a nationwide tour in 2007.
Bobby Flynn is a member of The Omega Three band.
Bobby Flynn was born in Queensland.","Singer(bobbyFlynn) ∧ SongWriter(bobbyFlynn)
FinishesIn(bobbyFlynn, number7) ∧ CompetesOnAustralianIdol(bobbyFlynn)
∀x (CompetesOnAustralianIdol(x) → AustralianCitizen(x))
NationWideTourIn(theOmegaThreeBand, year2007) 
Member(bobbyFlynn, theOmegaThreeBand)
BornIn(bobbyFlynn, queensland)",Bobby Flynn flew to America in 2007.,"FlewToIn(bobbyFlynn, america, year2007)",Uncertain,271,"singer(bobbyflynn) & songwriter(bobbyflynn)
finishesin(bobbyflynn, number7) & competesonaustralianidol(bobbyflynn)
all:x (competesonaustralianidol(x) :- australiancitizen(x))
nationwidetourin(theomegathreeband, year2007) 
member(bobbyflynn, theomegathreeband)
bornin(bobbyflynn, queensland)","flewtoin(bobbyflynn, america, year2007)"
435,238,"Daniel is a software engineer, and he works at Palantir Technologies.
Daniel studied bioengineering during his undergraduate at Rice University.
Daniel’s older sister works at Meta as a technical sourcer. 
Daniel’s dad and older sister both graduated from Stanford University.
Daniel’s dad is a doctor practicing internal medicine at a veteran’s hospital in Minneapolis.","SoftwareEngineer(daniel) ∧ WorksAt(daniel, palantirTechnologies)
Studied(daniel, bioengineering) ∧ UndergraduateAt(daniel, riceUniversity)
WorksAtMeta(danielsOlderSister) ∧ TechnicalSourcer(danielsOlderSister)
 GraduatedFromStanfordUniversity(danielsOlderSister) ∧ GraduatedFromStanfordUniversity(danielsDad)
Doctor(danielsDad) ∧ Practicing(danielsDad, internalMedicine) ∧ PracticingAt(danielsDad, veteransHospital) ∧ In(veteransHospital, minneapolis)","Daniel once applied to Stanford University, but he couldn’t get in even though he has family members who are Stanford alumni.","AppliedTo(daniel, stanfordUniversity) ∧ ¬GotInto(daniel, stanfordUniversity) ∧ Alumni(danielsFamilyMembers, stanfordUniversity)",Uncertain,676,"softwareengineer(daniel) & worksat(daniel, palantirtechnologies)
studied(daniel, bioengineering) & undergraduateat(daniel, riceuniversity)
worksatmeta(danielsoldersister) & technicalsourcer(danielsoldersister)
 graduatedfromstanforduniversity(danielsoldersister) & graduatedfromstanforduniversity(danielsdad)
doctor(danielsdad) & practicing(danielsdad, internalmedicine) & practicingat(danielsdad, veteranshospital) & in(veteranshospital, minneapolis)","appliedto(daniel, stanforduniversity) & ~gotinto(daniel, stanforduniversity) & alumni(danielsfamilymembers, stanforduniversity)"
436,370,"If Robin's friends practice coding questions, then they are not studying to go to medical school to become a doctor.
If Robin's friends want to work in the software engineering industry, then they practice coding questions.
If Robin's friends enjoy healthcare fields and want to help people with medical issues, then they are studying to go to medical school to become a doctor.
If Robin's friends grew up with parents who worked as doctors, then they enjoy healthcare fields and want to help people with medical issues.
If Robin's friends study hard, then they grew up with parents who worked as doctors.
Mark is Robin's friend.
If Mark neither enjoys healthcare fields and wants to help people with medical issues nor grew up with parents who worked as doctors, then Mark is either a person who studies hard or grew up with parents who worked as doctors.","∀x (RobinsFriends(x) ∧ Practice(x, codingQuestion) → ¬StudyingToGoToToBecome(x, medicalSchool, doctor))
∀x (RobinsFriends(x) ∧ WantToWorkIn(x, softwareEngineeringIndustry) → PracticeCodingQuestions(x))
∀x (RobinsFriends(x) ∧ Enjoy(x, healthcareField) ∧ WantToHelp(x, peopleWithMedicalIssue) → StudyingToGoToToBecome(x, medicalSchool, doctor))
∀x (RobinsFriends(x) ∧ (∃y ∃z (¬(y=z) ∧ GrowUpWith(x, y) ∧ GrowUpWith(x, z) ∧ ParentOf(y, x) ∧ ParentOf(z, x) ∧ Doctor(y) ∧ Doctor(z))) → EnjoyHealthcareFields(x) ∧ WantToHelp(x, peopleWithMedicalIssue))
∀x (RobinsFriends(x) ∧ StudyHard(x) → ∃y ∃z (¬(y=z) ∧ GrowUpWith(x, y) ∧ GrowUpWith(x, z) ∧ ParentOf(y, x) ∧ ParentOf(z, x) ∧ Doctor(y) ∧ Doctor(z)))
RobinsFriends(mark)
¬((Enjoy(x, healthcareField) ∧ WantToHelp(mark, peopleWithMedicalIssues)) ∧ ¬(∃y ∃z (¬(y=z) ∧ GrowUpWith(x, y) ∧ GrowUpWith(x, z) ∧ ParentOf(y, x) ∧ ParentOf(z, x) ∧ Doctor(y) ∧ Doctor(z))) → StudyHard(mark) ∨ (∃y ∃z (¬(y=z) ∧ GrowUpWith(x, y) ∧ GrowUpWith(x, z) ∧ ParentOf(y, x) ∧ ParentOf(z, x) ∧ Doctor(y) ∧ Doctor(z)))",Mark is Robin's friend and he practices coding questions and wants to work in the software engineering industry.,"RobinsFriends(mark) ∧ Practice(mark, codingQuestion) ∧ WantToWorkIn(mark, softwareEngineeringIndustry)",False,985,"all:x (robinsfriends(x) & practice(x, codingquestion) :- ~studyingtogototobecome(x, medicalschool, doctor))
all:x (robinsfriends(x) & wanttoworkin(x, softwareengineeringindustry) :- practicecodingquestions(x))
all:x (robinsfriends(x) & enjoy(x, healthcarefield) & wanttohelp(x, peoplewithmedicalissue) :- studyingtogototobecome(x, medicalschool, doctor))
all:x (robinsfriends(x) & (y z (~(y=z) & growupwith(x, y) & growupwith(x, z) & parentof(y, x) & parentof(z, x) & doctor(y) & doctor(z))) :- enjoyhealthcarefields(x) & wanttohelp(x, peoplewithmedicalissue))
all:x (robinsfriends(x) & studyhard(x) :- y z (~(y=z) & growupwith(x, y) & growupwith(x, z) & parentof(y, x) & parentof(z, x) & doctor(y) & doctor(z)))
robinsfriends(mark)
~((enjoy(x, healthcarefield) & wanttohelp(mark, peoplewithmedicalissues)) & ~(y z (~(y=z) & growupwith(x, y) & growupwith(x, z) & parentof(y, x) & parentof(z, x) & doctor(y) & doctor(z))) :- studyhard(mark) | (y z (~(y=z) & growupwith(x, y) & growupwith(x, z) & parentof(y, x) & parentof(z, x) & doctor(y) & doctor(z)))","robinsfriends(mark) & practice(mark, codingquestion) & wanttoworkin(mark, softwareengineeringindustry)"
437,445,"Anything lazy is unproductive.
No one unproductive is energetic.
If something is a sloth, then it is lazy.
Some animals are sloths.
Sid is neither an energetic person nor a sloth.","∀x (Lazy(x) → Unproductive(x))
∀x (Unproductive(x) → ¬Energetic(x))
∀x (Sloth(x) → Lazy(x))
∃x (Animal(x) ∧ Sloth(x))
¬Energetic(sid) ∧ ¬Sloth(sid))","If Sid is either an animal or unproductive, then Sid is not an energetic person.",Animal(sid) ⊕ Unproductive(sid)) → ¬Energetic(sid),True,1282,"all:x (lazy(x) :- unproductive(x))
all:x (unproductive(x) :- ~energetic(x))
all:x (sloth(x) :- lazy(x))
x (animal(x) & sloth(x))
~energetic(sid) & ~sloth(sid))",animal(sid) ^ unproductive(sid)) :- ~energetic(sid)
438,147,"Vic DiCara plays guitar and bass.
The only style of music Vic DiCara plays is punk music.
Vic DiCara played in the band Inside Out.","Play(vicDicara, guitar) ∧ Play(vicDicara, bass)
∀x (Music(vicDicara, x) → ¬(x=punk)))
Band(vicDicara, insideOut)",A musician from Inside Out plays bass.,"∃x (Band(x, insideOut) ∧ Play(x, bass))",True,431,"play(vicdicara, guitar) & play(vicdicara, bass)
all:x (music(vicdicara, x) :- ~(x=punk)))
band(vicdicara, insideout)","x (band(x, insideout) & play(x, bass))"
439,482,"If someone in Potterville yells, then they are not cool.
If someone in Potterville is angry, then they yell.
If someone in Potterville flies, then they are cool.
Every person in Potterville that knows magic flies.
All wizards in Potterville know magic.
Harry, who lives in Potterville either yells or flies. 
Potter, who lives in Potterville, is a wizard and flies.","∀x (In(x, potterville) ∧ Yell(x) → ¬Cool(x))
∀x (In(x, potterville) ∧ Angry(x) → Yell(x))
∀x (In(x, potterville) ∧ Fly(x) → Cool(x))
∀x (In(x, potterville) ∧ Know(x, magic) → Fly(x))
∀x (In(x, potterville) ∧ Wizard(x) → Know(x, magic))
In(harry, potterville) ∧ (Yell(harry) ⊕ Fly(harry))
Wizard(potter) ∧ Fly(potter)",Harry is a wizard or angry.,Wizard(harry) ∨ Angry(harry),False,1408,"all:x (in(x, potterville) & yell(x) :- ~cool(x))
all:x (in(x, potterville) & angry(x) :- yell(x))
all:x (in(x, potterville) & fly(x) :- cool(x))
all:x (in(x, potterville) & know(x, magic) :- fly(x))
all:x (in(x, potterville) & wizard(x) :- know(x, magic))
in(harry, potterville) & (yell(harry) ^ fly(harry))
wizard(potter) & fly(potter)",wizard(harry) | angry(harry)
440,401,"Everyone at 'Board Game night' is interested in puzzles, or they are bad at chess, or both.
If a person at 'Board Game night' is bad at chess, then they don't play a lot of chess.
There is a person at 'Board Game night' who is either a planner or a creative person.
Erica is at 'Board Game night,' and she is someone who plays a lot of chess.
If Erica is neither bad at chess nor creative, then Erica is either someone who plans and is creative, or she is neither of these things.","∀x (At(x, boardGameNight) → (InterestedIn(x, puzzle) ∨ BadAt(x, chess)))
∀x ((At(x, boardGameNight) ∧ BadAt(x, chess)) → ¬PlaysOften(x, chess))
∃x (At(x, boardGameNight) ∧ (Planner(x) ∨ Creative(x)))
At(erica, boardGameNight) ∧ PlaysOften(erica, chess)
(At(erica, boardGameNight) ∧ (¬(BadAt(erica, chess) ∨ Creative(erica)))) → ¬(Planner(erica) ⊕  Creative(erica))","If Erica plans ahead or is interested in puzzles, then Erica is creative.","Planner(erica) ∨ InterestedIn(erica, puzzle) → Creative(erica)",True,1108,"all:x (at(x, boardgamenight) :- (interestedin(x, puzzle) | badat(x, chess)))
all:x ((at(x, boardgamenight) & badat(x, chess)) :- ~playsoften(x, chess))
x (at(x, boardgamenight) & (planner(x) | creative(x)))
at(erica, boardgamenight) & playsoften(erica, chess)
(at(erica, boardgamenight) & (~(badat(erica, chess) | creative(erica)))) :- ~(planner(erica) ^  creative(erica))","planner(erica) | interestedin(erica, puzzle) :- creative(erica)"
441,470,"A Unix operating system used in the lab computers is a piece of software.
All versions of MacOS used in the lab computer are based on Unix operating systems.
A lab computer uses either MacOS or Linux. 
All Linux computers in the lab are convenient.
All software used in the lab computers is written with code.
If something is convenient in the lab computer, then it is popular.
Burger is used in the lab computer, and it is written with code and a new version of MacOS.
PyTorch is used in the lab computer, and PyTorch is neither a Linux system nor a piece of software.","∀x (UsedIn(x, labComputer) ∧ UnixOperatingSystem(x) → Software(x))
∀x (UsedIn(x, labComputer) ∧ MacOS(x) → UnixOperatingSystem(x))
∀x (UsedIn(x, labComputer) → MacOS(x) ⊕ Linux(x))
∀x (UsedIn(x, labComputer) ∧ Linux(x) → Convenient(x))
∀x (UsedIn(x, labComputer) ∧ Software(x) → WrittenWithCode(x))
∀x (UsedIn(x, labComputer) ∧ Convenient(x) → Popular(x))
UsedIn(burger, labComputer) ∧ WrittenWithCode(burger) ∧ MacOS(burger))
UsedIn(pytorch, labComputer) ∧ ¬(Linux(pytorch) ⊕ Software(pytorch))",Burger is popular.,Popular(burger),Uncertain,1357,"all:x (usedin(x, labcomputer) & unixoperatingsystem(x) :- software(x))
all:x (usedin(x, labcomputer) & macos(x) :- unixoperatingsystem(x))
all:x (usedin(x, labcomputer) :- macos(x) ^ linux(x))
all:x (usedin(x, labcomputer) & linux(x) :- convenient(x))
all:x (usedin(x, labcomputer) & software(x) :- writtenwithcode(x))
all:x (usedin(x, labcomputer) & convenient(x) :- popular(x))
usedin(burger, labcomputer) & writtenwithcode(burger) & macos(burger))
usedin(pytorch, labcomputer) & ~(linux(pytorch) ^ software(pytorch))",popular(burger)
442,395,"All velvet-finish lipsticks in the Rouge Dior set, Lunar New Year Limited Edition are refillable.
Lipsticks in the Rouge Dior set, Lunar New Year Limited Edition have either a velvet-finish or a satin-finish.
No satin-finish lipsticks in the set do not have ""rosewood"" in its offical description. 
Lipstcks in the Rouge Dior set, Lunar New Year Limited Edition either does not have ""rosewood"" in its offical description or it has ""rosewood"" in its official description. 
ROUGE Dior Colored Lip Balm 999 is a lipstick in the set, and it either has ""rosewood"" in its official description or has a velvet finish.","∀x ((Lipstick(x) ∧ In(x, rougeDiorSet) ∧ In(x, lunarNewYearLimitedEdition) ∧ VelvetFinish(x)) → Refillable(x))
∀x ((Lipstick(x) ∧ In(x, rougeDiorSet) ∧ In(x, lunarNewYearLimitedEdition)) → (VelvetFinish(x) ⊕ SatinFinish(x))
∀x ((Lipstick(x) ∧ In(x, rougeDiorSet) ∧ In(x, lunarNewYearLimitedEdition) ∧ SatinFinish(x)) → ¬RosewoodInDescription(x))
∀x ((Lipstick(x) ∧ In(x, rougeDiorSet) ∧ In(x, lunarNewYearLimitedEdition)) → (RosewoodInDescription(x) ⊕ ¬RosewoodInDescription(x)))
Lipstick(rougeDiorColoredLipBalm999) ∧ In(rougeDiorColoredLipBalm999, rougeDiorSet) ∧ In(rougeDiorColoredLipBalm999, lunarNewYearLimitedEdition) ∧ (RosewoodInDescription(rougeDiorColoredLipBalm999) ⊕ VelvetFinish(rougeDiorColoredLipBalm999))","If ROUGE Dior Colored Lip Balm 999 is refillable and has ""rosewood"" in its official description, then it either has a velvet-finish or has ""rosewood"" in its official description.",(Refillable(rougeDiorColoredLipBalm999) ∧ RosewoodInDescription(rougeDiorColoredLipBalm999)) → (VelvetFinish(rougeDiorColoredLipBalm999) ∨ RosewoodInDescription(rougeDiorColoredLipBalm999)),False,1072,"all:x ((lipstick(x) & in(x, rougediorset) & in(x, lunarnewyearlimitededition) & velvetfinish(x)) :- refillable(x))
all:x ((lipstick(x) & in(x, rougediorset) & in(x, lunarnewyearlimitededition)) :- (velvetfinish(x) ^ satinfinish(x))
all:x ((lipstick(x) & in(x, rougediorset) & in(x, lunarnewyearlimitededition) & satinfinish(x)) :- ~rosewoodindescription(x))
all:x ((lipstick(x) & in(x, rougediorset) & in(x, lunarnewyearlimitededition)) :- (rosewoodindescription(x) ^ ~rosewoodindescription(x)))
lipstick(rougediorcoloredlipbalm999) & in(rougediorcoloredlipbalm999, rougediorset) & in(rougediorcoloredlipbalm999, lunarnewyearlimitededition) & (rosewoodindescription(rougediorcoloredlipbalm999) ^ velvetfinish(rougediorcoloredlipbalm999))",(refillable(rougediorcoloredlipbalm999) & rosewoodindescription(rougediorcoloredlipbalm999)) :- (velvetfinish(rougediorcoloredlipbalm999) | rosewoodindescription(rougediorcoloredlipbalm999))
443,49,"Quincy McDuffie is an American professional wide receiver in Canadian Football.
People who can catch balls are good wide receivers. 
Quincy McDuffie can catch some footballs easily.
Good wide receivers play professionally.
Good wide receivers can catch with both their left and right hand.
All footballs are balls.","American(quincyMcduffie) ∧ Professional(quincyMcduffie) ∧ WideReciever(quincyMcduffie) ∧ PlaysIn(quincyMcduffie, cFL)
∀x ((∃y(CanCatch(x, y) ∧ Ball(y))) → GoodWideReceiver(x))
∃x ∃y (Football(x) ∧ CanCatch(quincymcduffie, x)) ∧ (¬(x=y) ∧ (Football(y) ∧ CanCatch(quincymcduffie, y))
∀x (GoodWideReceiver(x) → Professional(x))
∀x (GoodWideReceiver(x) → (CanCatchWith(x, lefthand) ∧ CanCatchWith(x, righthand)))
∀x (Football(x) → Ball(x))",Professional wide receivers are good at catching balls.,"∀x ((Professional(x) ∧ WideReciever(x)) → Good(x, catchingballs))",Uncertain,143,"american(quincymcduffie) & professional(quincymcduffie) & widereciever(quincymcduffie) & playsin(quincymcduffie, cfl)
all:x ((y(cancatch(x, y) & ball(y))) :- goodwidereceiver(x))
x y (football(x) & cancatch(quincymcduffie, x)) & (~(x=y) & (football(y) & cancatch(quincymcduffie, y))
all:x (goodwidereceiver(x) :- professional(x))
all:x (goodwidereceiver(x) :- (cancatchwith(x, lefthand) & cancatchwith(x, righthand)))
all:x (football(x) :- ball(x))","all:x ((professional(x) & widereciever(x)) :- good(x, catchingballs))"
444,118,"Musicians have very busy lives.
Singh Kaur is a musician and famous.
If a musician is not famous, that musician will not make a lot of money.
A musician can be a singer or a writer.","∀x (Musician(x) → Have(x, busyLife))
Musician(singhKaur) ∧ Famous(singhKaur)
∀x (Musician(x) ∧ ¬Famous(x) → ¬MakeALotOfMoney(x))
∃x (Musician(x) ∧ (Singer(x) ∨ Writer(x)))",Singh Kaur is a writer.,Writer(singhKaur),Uncertain,356,"all:x (musician(x) :- have(x, busylife))
musician(singhkaur) & famous(singhkaur)
all:x (musician(x) & ~famous(x) :- ~makealotofmoney(x))
x (musician(x) & (singer(x) | writer(x)))",writer(singhkaur)
445,141,"TS Leda was a good passenger and cargo vessel.
TS Leda was a Norwegian vessel that was built with stabilizers.
Stabilizers are mechanical devices found only on ships with powerful steam turbine engines.
To be a good passenger and cargo vessel, ships must be quiet and good at sea.
Some ships that are quiet and good at sea have powerful steam turbine engines.
Vessels are ships.","∀x (TSLeda(x) → ((Passenger(x) ∧ Vessel(x)) ∧ (Cargo(x) ∧ Vessel(x)))
∀x (TSLeda(x) → (Norweigian(x) ∧ Vessel(x) ∧ Stabilizers(x)))
∀x (Stabilizers(x) → MechanicalDevice(x) ∧ OnlyOnShips(x) ∧ PowerfulSteamTurbine(x))
∀x ((Passenger(x) ∧ Vessel(x)) ∧ (Cargo(x) ∧ Vessel(x)) → (Quiet(x) ∧ GoodAt(x, sea)))
∃x (Quiet(x) ∧ GoodAt(x, sea) ∧ PowerfulSteamTurbine(x))
∀x (Ship(x) → Vessel(x))",TS Leda was not a Norwegian vessel.,∀x (TSLeda(x) → ¬(Norweigian(x) ∧ Vessel(x))),False,415,"all:x (tsleda(x) :- ((passenger(x) & vessel(x)) & (cargo(x) & vessel(x)))
all:x (tsleda(x) :- (norweigian(x) & vessel(x) & stabilizers(x)))
all:x (stabilizers(x) :- mechanicaldevice(x) & onlyonships(x) & powerfulsteamturbine(x))
all:x ((passenger(x) & vessel(x)) & (cargo(x) & vessel(x)) :- (quiet(x) & goodat(x, sea)))
x (quiet(x) & goodat(x, sea) & powerfulsteamturbine(x))
all:x (ship(x) :- vessel(x))",all:x (tsleda(x) :- ~(norweigian(x) & vessel(x)))
446,190,"If a soccer player receives two yellow cards in one game, this player will be ejected from the rest of the game.
If a soccer player receives one red card in one game, this player will be ejected from the rest of the game.
Henry is a soccer player.
In one game, Henry receives one yellow card and one red card.","∀x (SoccerPlayer(x) ∧ Receive(x, twoYellowCard) → EjectFromRestOfGame(x))
∀x (SoccerPlayer(x) ∧ Receive(x, oneRedCard)) → EjectFromRestOfGame(x))   
SoccerPlayer(henry)
Receive(henry, oneYellowCard) ∧ Receive(x, oneRedCard)",Henry will be ejected from the rest of the game.,EjectFromRestOfGame(henry),True,544,"all:x (soccerplayer(x) & receive(x, twoyellowcard) :- ejectfromrestofgame(x))
all:x (soccerplayer(x) & receive(x, oneredcard)) :- ejectfromrestofgame(x))   
soccerplayer(henry)
receive(henry, oneyellowcard) & receive(x, oneredcard)",ejectfromrestofgame(henry)
447,347,"All mammals are living beings.
All elephants are mammals.
All baby elephants are elephants.
Some baby elephants are sleepy.
If Jumbo is a living being, then Jumbo is not both an elephant and a mammal.
If Jumbo is sleepy, then Jumbo is either a baby elephant or a mammal.","∀x (Mammal(x) → LivingBeing(x)) 
∀x (Elephant(x) → Mammal(x))
∀x (BabyElephant(x) → Elephant(x))
∃x (BabyElephant(x) ∧ Sleepy(x))
LivingBeing(jumbo) → ¬(Elephant(jumbo) ∧ Mammal(jumbo))
Sleepy(jumbo) → BabyElephant(jumbo) ⊕ Mammal(jumbo)",Jumbo is a living being.,LivingBeing(jumbo),Uncertain,918,"all:x (mammal(x) :- livingbeing(x)) 
all:x (elephant(x) :- mammal(x))
all:x (babyelephant(x) :- elephant(x))
x (babyelephant(x) & sleepy(x))
livingbeing(jumbo) :- ~(elephant(jumbo) & mammal(jumbo))
sleepy(jumbo) :- babyelephant(jumbo) ^ mammal(jumbo)",livingbeing(jumbo)
448,383,"People who work at Jess's company and go to the spa frequently are not people who are miserly and need to save a large portion of their income.
People who work at Jess's company are either miserly and need to save a large portion of their income, or frivolously spend a lot of money.
If people who work at Jess's company frivolously spend a lot of money when they go out, then they value quality manufacturing and luxury items.
If people who work at Jess's company value quality manufacturing and luxury items, then they enjoy shopping for materialistic items in their free time.
Thomas works at Jess's company.
If Thomas is not miserly and needs to save a large portion of his income, then Thomas does not value quality manufacturing and luxury items.
Thomas values quality manufacturing and luxury items or he is not miserly.","∀x (WorkAt(x, jesssCompany) ∧ GoToSpafrequently(x) → ¬(Miserly(x) ∧ NeedToSave(x, aLargePortionOfIncome)))
∀x (WorkAt(x, jesssCompany) → Miserly(x) ∧ NeedToSave(x, aLargePortionOfIncome)⊕ SpendFrivolously(x, aLotOfMoney))
∀x (WorkAt(x, jesssCompany) ∧ SpendFrivolously(x, aLotOfMoney) → Value(x, qualityManufacturing) ∧ Value(x, luxuryItem))
∀x (WorkAt(x, jesssCompany) ∧ Value(x, qualityManufacturing) ∧ Value(x, luxuryItem) → Enjoy(x, shopping, materialisticItem))
WorkAt(thomas, jesssCompany)
¬(Miserly(thomas) ∧ NeedToSave(thomas, aLargePortionOfIncome)) → ¬((Value(thomas, qualityManufacturing) ∧ Value(thomas, luxuryItem)))
(Value(thomas, qualityManufacturing) ∧ Value(thomas, luxuryItem)) ∨ ¬(Miserly(x) ∧ NeedToSave(x, aLargePortionOfIncome))","Thomas either enjoys shopping for materialistic items in his free time or, if he does not, then he goes to the spa frequently.","Enjoy(thomas, shopping, materialisticItem) ⊕ GoToSpaFrequently(thomas)",True,1024,"all:x (workat(x, jessscompany) & gotospafrequently(x) :- ~(miserly(x) & needtosave(x, alargeportionofincome)))
all:x (workat(x, jessscompany) :- miserly(x) & needtosave(x, alargeportionofincome)^ spendfrivolously(x, alotofmoney))
all:x (workat(x, jessscompany) & spendfrivolously(x, alotofmoney) :- value(x, qualitymanufacturing) & value(x, luxuryitem))
all:x (workat(x, jessscompany) & value(x, qualitymanufacturing) & value(x, luxuryitem) :- enjoy(x, shopping, materialisticitem))
workat(thomas, jessscompany)
~(miserly(thomas) & needtosave(thomas, alargeportionofincome)) :- ~((value(thomas, qualitymanufacturing) & value(thomas, luxuryitem)))
(value(thomas, qualitymanufacturing) & value(thomas, luxuryitem)) | ~(miserly(x) & needtosave(x, alargeportionofincome))","enjoy(thomas, shopping, materialisticitem) ^ gotospafrequently(thomas)"
449,293,"All dogs sleep.
Some four-legged animals are dogs.","∀x (Dog(x) → Sleep(x))
∃x ∃y (FourLegged(x) ∧ Animal(x) ∧ Dog(x) ∧ FourLegged(y) ∧ Animal(y) ∧ Dog(y) ∧ ¬(x=y))",Some four-legged animals sleep.,∃x ∃y (FourLegged(x) ∧ Animal(x) ∧ Sleeps(x) ∧ FourLegged(y) ∧ Animal(y) ∧ Sleeps(y) ∧ ¬(x=y)),True,737,"all:x (dog(x) :- sleep(x))
x y (fourlegged(x) & animal(x) & dog(x) & fourlegged(y) & animal(y) & dog(y) & ~(x=y))",x y (fourlegged(x) & animal(x) & sleeps(x) & fourlegged(y) & animal(y) & sleeps(y) & ~(x=y))
450,338,"No iPhones are standalone desktops. 
All Apple-made cellphones are iPhones.  
All phones with A15 Bionic chips are Apple-made cell phones. 
All phones equipped with four core-GPU made by Apple are phones with A15 Bionic chips. 
If an unannounced Huawei phone is either a phone with A15 Bionic chips or equipped with four core-GPU made by Apple, then unannounced Huawei phone is neither a phone with A15 Bionic chips nor a standalone desktop.","∀x (IPhone(x) → ¬StandaloneDesktop(x))
∀x (AppleMade(x) ∧ Cellphone(x) → IPhone(x))
∀x (Phone(x) ∧ With(x, a15BionicChip) → AppleMade(x) ∧ Cellphone(x))
∀x (Phone(x) ∧ EquippedWith(x, fourCoreGPU) ∧ MadeBy(x, apple) → Phone(x) ∧ With(x, a15BionicChip))
(Phone(unannouncedHuaweiPhone) ∧ With(unannouncedHuaweiPhone, a15BionicChip)) ⊕ (Phone(unannouncedHuaweiPhone) ∧ EquippedWith(unannouncedHuaweiPhone, fourCoreGPU) ∧ MadeBy(unannouncedHuaweiPhone, apple)) → ¬(Phone(unannouncedHuaweiPhone) ∧ With(unannouncedHuaweiPhone, a15BionicChip) ∧ StandaloneDesktop(unannouncedHuaweiPhone))",Joe is a PhD student.,"Phone(unannouncedHuaweiPhone) ∧ EquippedWith(unannouncedHuaweiPhone, fourCoreGPU) ∧ MadeByApple(unannouncedHuaweiPhone)",False,885,"all:x (iphone(x) :- ~standalonedesktop(x))
all:x (applemade(x) & cellphone(x) :- iphone(x))
all:x (phone(x) & with(x, a15bionicchip) :- applemade(x) & cellphone(x))
all:x (phone(x) & equippedwith(x, fourcoregpu) & madeby(x, apple) :- phone(x) & with(x, a15bionicchip))
(phone(unannouncedhuaweiphone) & with(unannouncedhuaweiphone, a15bionicchip)) ^ (phone(unannouncedhuaweiphone) & equippedwith(unannouncedhuaweiphone, fourcoregpu) & madeby(unannouncedhuaweiphone, apple)) :- ~(phone(unannouncedhuaweiphone) & with(unannouncedhuaweiphone, a15bionicchip) & standalonedesktop(unannouncedhuaweiphone))","phone(unannouncedhuaweiphone) & equippedwith(unannouncedhuaweiphone, fourcoregpu) & madebyapple(unannouncedhuaweiphone)"
451,175,"A werewolf is a human that can turn into a wolf.
A werewolf has been scratched or bitten by another werewolf.
If someone has been scratched or bitten by some entity, they have been attacked by that entity.","∀x (Human(x) ∧ CanTurnInto(x, wolf) → Werewolf(x))
∀x ∃y (Werewolf(x) → (BittenBy(x, y) ∨ ScratchedBy(x, y)) ∧ Werewolf(y))
∀x ∃y (BittenBy(x, y) ∨ ScratchedBy(x, y)) → AttackedBy(x,y)",A werewolf has scratched someone before.,"∀x ∃y (Werewolf(x) → ScratchedBy(y, x))",Uncertain,505,"all:x (human(x) & canturninto(x, wolf) :- werewolf(x))
all:x y (werewolf(x) :- (bittenby(x, y) | scratchedby(x, y)) & werewolf(y))
all:x y (bittenby(x, y) | scratchedby(x, y)) :- attackedby(x,y)","all:x y (werewolf(x) :- scratchedby(y, x))"
452,320,"All cancers have mutations.
No mutations can be treated at home.
All colorectal cancers are cancers.
A cold can be treated at home.
Arthritis either is a cold and has mutations or neither is a cold nor has mutations.","∀x (Cancer(x) → Have(x, mutation))
∀x (Have(x, mutation) → ¬CanBeTreatedAtHome(x))
∀x (ColorectalCancer(x) → Cancer(x))
∀x (Cold(x) → CanBeTreatedAtHome(x))
¬(Cold(arthritis) ⊕ Have(arthritis, mutation))",Arthritis is colorectal cancer and a cancer.,ColorectalCancer(arthritisr) ∧ Cancer(arthritis),False,814,"all:x (cancer(x) :- have(x, mutation))
all:x (have(x, mutation) :- ~canbetreatedathome(x))
all:x (colorectalcancer(x) :- cancer(x))
all:x (cold(x) :- canbetreatedathome(x))
~(cold(arthritis) ^ have(arthritis, mutation))",colorectalcancer(arthritisr) & cancer(arthritis)
453,122,"Beasts of Prey is a fantasy novel or a science fiction novel, or both.
Science fiction novels are not about mythological creatures
Beasts of Prey Is about a creature known as the Shetani.
Shetanis are mythological.","Novel(beastsOfPrey) → (Fantasy(beastsOfPrey) ∨ ScienceFiction(beastsOfPrey))
∀x ∀y (ScienceFiction(x) ∧ Mythological(y) ∧ Creature(y) → ¬About(x, y))
About(beastsOfPrey, shetani) ∧ Creature(shetani)
Mythological(shetani)",Beasts of prey isn't a science fiction novel.,¬ScienceFiction(beastsofprey) ∧ Novel(beastsOfPrey),True,365,"novel(beastsofprey) :- (fantasy(beastsofprey) | sciencefiction(beastsofprey))
all:x all:y (sciencefiction(x) & mythological(y) & creature(y) :- ~about(x, y))
about(beastsofprey, shetani) & creature(shetani)
mythological(shetani)",~sciencefiction(beastsofprey) & novel(beastsofprey)
454,133,"The Blake McFall Company Building is a building added to the National Register of Historic Places in 1990.
The Emmet Building is a five-story building in Portland, Oregon.
The Emmet Building was built in 1915.
The Emmet Building is another name for the Blake McFall Company Building.
John works at the Emmet Building.","Building(blakeMcFallCompanyBuilding) ∧ AddedToIn(blakeMcFallCompanyBuilding, theNationalRegisterOfHistoricPlaces, year1990)
Building(emmetBuilding) ∧ Five-Story(emmetBuilding) ∧ LocatedIn(emmetBuilding, portland) ∧ LocatedIn(portland, oregon))
BuiltIn(emmetBuilding, year1915)
emmetBuiling=blakeMcFallCompanyBuilding
WorkAt(john, emmetBuilding)",A five-story building is built in 1915.,"∃x (Building(x) ∧ Five-Story(x) ∧ ConstructedIn(x, year1915))",True,392,"building(blakemcfallcompanybuilding) & addedtoin(blakemcfallcompanybuilding, thenationalregisterofhistoricplaces, year1990)
building(emmetbuilding) & five-story(emmetbuilding) & locatedin(emmetbuilding, portland) & locatedin(portland, oregon))
builtin(emmetbuilding, year1915)
emmetbuiling=blakemcfallcompanybuilding
workat(john, emmetbuilding)","x (building(x) & five-story(x) & constructedin(x, year1915))"
455,34,"Rafa Nadal was born in Mallorca.
Rafa Nadal is a professional tennis player.
Nadal's win ratio is high.
All players in the Big 3 are professionals who have a high win ratio.","BornIn(rafaNadal, mallorca)
ProfessionalTennisPlayer(rafaNadal)
HighWinRatio(rafaNadal)
∀x ((ProfessionalTennisPlayer(x) ∧ HighWinRatio(x)) → InBig3(x))",Nadal is in the Big 3.,InBig3(rafaNadal),True,99,"bornin(rafanadal, mallorca)
professionaltennisplayer(rafanadal)
highwinratio(rafanadal)
all:x ((professionaltennisplayer(x) & highwinratio(x)) :- inbig3(x))",inbig3(rafanadal)
456,85,"Diethylcarbamazine is a medication discovered in the year 1947.
Diethylcarbamazine can be used to treat river blindness.
The only preferred treatment for river blindness is ivermectin.
Diethylcarbamazine is not ivermectin.","Medication(diethylcarbamazine) ∧ DiscoversIn(diethylcarbamazine, yr1947)
Treats(diethylcarbamazine, riverBlindness)
PreferredTreatmentFor(riverBlindness, ivermectin)
¬(Is(diethylcarbamazine, ivermectin))",Diethylcarbamazine was often used to treat river blindness.,"Treats(diethylcarbamazine, riverBlindness)",Uncertain,259,"medication(diethylcarbamazine) & discoversin(diethylcarbamazine, yr1947)
treats(diethylcarbamazine, riverblindness)
preferredtreatmentfor(riverblindness, ivermectin)
~(is(diethylcarbamazine, ivermectin))","treats(diethylcarbamazine, riverblindness)"
457,401,"Everyone at 'Board Game night' is interested in puzzles, or they are bad at chess, or both.
If a person at 'Board Game night' is bad at chess, then they don't play a lot of chess.
There is a person at 'Board Game night' who is either a planner or a creative person.
Erica is at 'Board Game night,' and she is someone who plays a lot of chess.
If Erica is neither bad at chess nor creative, then Erica is either someone who plans and is creative, or she is neither of these things.","∀x (At(x, boardGameNight) → (InterestedIn(x, puzzle) ∨ BadAt(x, chess)))
∀x ((At(x, boardGameNight) ∧ BadAt(x, chess)) → ¬PlaysOften(x, chess))
∃x (At(x, boardGameNight) ∧ (Planner(x) ∨ Creative(x)))
At(erica, boardGameNight) ∧ PlaysOften(erica, chess)
(At(erica, boardGameNight) ∧ (¬(BadAt(erica, chess) ∨ Creative(erica)))) → ¬(Planner(erica) ⊕  Creative(erica))","If Erica plans ahead or plays a lot of chess matches, then Erica is not interested in puzzles and creative.","Planner(erica) ∨ PlaysOften(erica, chess))) → (¬(InterestedIn(erica, puzzle) ∧ Creative(erica))",False,1103,"all:x (at(x, boardgamenight) :- (interestedin(x, puzzle) | badat(x, chess)))
all:x ((at(x, boardgamenight) & badat(x, chess)) :- ~playsoften(x, chess))
x (at(x, boardgamenight) & (planner(x) | creative(x)))
at(erica, boardgamenight) & playsoften(erica, chess)
(at(erica, boardgamenight) & (~(badat(erica, chess) | creative(erica)))) :- ~(planner(erica) ^  creative(erica))","planner(erica) | playsoften(erica, chess))) :- (~(interestedin(erica, puzzle) & creative(erica))"
458,313,"Some of those who apply for a Schengen visa get it.
To apply for a Schengen Visa, you need to provide financial guarantees.
If you need to provide financial guarantees, you must request documents from the bank.
Do not close your bank account if you request documents from the bank.
Philip closed his bank account.","∃x (Apply(x, schengenVisa) → Get(x, schengenVisa))
∀x (Apply(x, schengenVisa) → Provide(x, financialGuarantees))
∀x (Provide(x, financialGuarantees) → Request(x, documentsFromBank))
∀x (Request(x, documentsFromBank) → ¬Close(x, bankAccount))
Close(philip, bankAccount)",Philip applied for a Schengen visa and got it.,"Apply(philip, schengenVisa) ∧ Get(philip, schengenVisa)",False,780,"x (apply(x, schengenvisa) :- get(x, schengenvisa))
all:x (apply(x, schengenvisa) :- provide(x, financialguarantees))
all:x (provide(x, financialguarantees) :- request(x, documentsfrombank))
all:x (request(x, documentsfrombank) :- ~close(x, bankaccount))
close(philip, bankaccount)","apply(philip, schengenvisa) & get(philip, schengenvisa)"
459,375,"All of Michael's neighbors who grow their own fresh vegetables in their home gardens also have ample space.
All of Michael's neighbors who are young working professionals and live in large cities, do not have ample space.
All of Michael's neighbors who order takeout from delivery services often grow their own fresh vegetables in their home garden.
All of Michael's neighbors who enjoy going out often to restaurants with friends order takeout from delivery services often.
All of Michael's neighbors who regularly tout the benefits of homegrown and homecooked meals over fast food enjoy going out often to restaurants with friends. 
Peter, Michael's neighbor, grows his own fresh vegetables in his home garden, or regularly touts the benefits of homegrown and homecooked meals over fast food, or both.","∀x (MichaelsNeightbor(x) ∧ GrowIn(x, vegetable, garden) → Have(x, ampleSpace))
∀x (MichaelsNeightbor(x) ∧ YoungWorkingProfession(x) ∧ LiveIn(x, largeCity) → ¬Have(x, ampleSpace))
∀x (MichaelsNeightbor(x) ∧ OrderOften(x, takeout) → Grow(x, vegetable, garden))
∀x (MichaelsNeightbor(x) ∧ EnjoyGoingOutOftenToWith(x, restaurant, friend) → OrderOften(x, takeout))
∀x (MichaelsNeightbor(x) ∧ ToutOver(x, homecookedMeals, fastFood) → EnjoyGoingOutOftenToWith(x, restaurant, friend))
MichaelsNeightbor(peter) ∧ (GrowIn(peter, vegetable, garden) ∨ ToutOver(peter, homecookedMeals, fastFood))",Peter grows his own fresh vegetables in their home garden or is a young working professional who lives in large cities.,"GrowIn(peter, vegetable, garden) ∨ (YoungWorkingProfession(peter) ∧ LiveIn(peter, largeCity))",True,1001,"all:x (michaelsneightbor(x) & growin(x, vegetable, garden) :- have(x, amplespace))
all:x (michaelsneightbor(x) & youngworkingprofession(x) & livein(x, largecity) :- ~have(x, amplespace))
all:x (michaelsneightbor(x) & orderoften(x, takeout) :- grow(x, vegetable, garden))
all:x (michaelsneightbor(x) & enjoygoingoutoftentowith(x, restaurant, friend) :- orderoften(x, takeout))
all:x (michaelsneightbor(x) & toutover(x, homecookedmeals, fastfood) :- enjoygoingoutoftentowith(x, restaurant, friend))
michaelsneightbor(peter) & (growin(peter, vegetable, garden) | toutover(peter, homecookedmeals, fastfood))","growin(peter, vegetable, garden) | (youngworkingprofession(peter) & livein(peter, largecity))"
460,13,"System 7 is a UK-based electronic dance music band.
Steve Hillage and Miquette Giraudy formed System 7.
Steve Hillage and Miquette Giraudy are former members of the band Gong.
Electric dance music bands are bands.
System 7 has released several club singles.
Club singles are not singles.","BasedIn(system7, uk) ∧ ElectronicDanceMusicBand(system7)
Form(stevehillage, system7) ∧ Form(miquettegiraudy, system7)
FormerMemberOf(stevehillage, gong) ∧ FormerMemberOf(miquettegiraudy, gong)
∀x (ElectronicDanceMusicBand(x) → Band(x))
∃x (ClubSingle(x) ∧ Release(system7, x))
∀x (ClubSingle(x) → ¬Single(x))",System 7 has released several singles.,"∃x (Single(x) ∧ Release(system7, x))",Uncertain,36,"basedin(system7, uk) & electronicdancemusicband(system7)
form(stevehillage, system7) & form(miquettegiraudy, system7)
formermemberof(stevehillage, gong) & formermemberof(miquettegiraudy, gong)
all:x (electronicdancemusicband(x) :- band(x))
x (clubsingle(x) & release(system7, x))
all:x (clubsingle(x) :- ~single(x))","x (single(x) & release(system7, x))"
461,392,"All prime numbers are natural numbers.
All integers are real numbers. 
All real numbers are complex numbers. 
One is a prime number or a natural number or both.
If one is not a complex number, then one is a prime number and an integer.","∀x (PrimeNumber(x) → NaturalNumber(x)) 
∀x (Integer(x) → RealNumber(x))
∀x (RealNumber(x) → ComplexNumber(x)) 
PrimeNumber(one) ∨ NaturalNumber(one)
¬ComplexNumber(one) → (PrimeNumber(one) ∧ Integer(one))",One is either a prime number or a natural number.,PrimeNumber(one) ⊕  NaturalNumber(one),False,1059,"all:x (primenumber(x) :- naturalnumber(x)) 
all:x (integer(x) :- realnumber(x))
all:x (realnumber(x) :- complexnumber(x)) 
primenumber(one) | naturalnumber(one)
~complexnumber(one) :- (primenumber(one) & integer(one))",primenumber(one) ^  naturalnumber(one)
462,445,"Anything lazy is unproductive.
No one unproductive is energetic.
If something is a sloth, then it is lazy.
Some animals are sloths.
Sid is neither an energetic person nor a sloth.","∀x (Lazy(x) → Unproductive(x))
∀x (Unproductive(x) → ¬Energetic(x))
∀x (Sloth(x) → Lazy(x))
∃x (Animal(x) ∧ Sloth(x))
¬Energetic(sid) ∧ ¬Sloth(sid))",Sid is an energetic person and an animal.,Energetic(sid) ∧ Animal(sid),False,1281,"all:x (lazy(x) :- unproductive(x))
all:x (unproductive(x) :- ~energetic(x))
all:x (sloth(x) :- lazy(x))
x (animal(x) & sloth(x))
~energetic(sid) & ~sloth(sid))",energetic(sid) & animal(sid)
463,286,"No sandwich cookies are healthy.
Oreos are sandwich cookies.","∀x (SandwichCookie(x) → ¬Healthy(x))
∀x (Oreo(x) → SandwichCookie(x))",All sandwich cookies are delicious.,∀x (SandwichCookie(x) → Delicious(x)),Uncertain,730,"all:x (sandwichcookie(x) :- ~healthy(x))
all:x (oreo(x) :- sandwichcookie(x))",all:x (sandwichcookie(x) :- delicious(x))
464,484,"No songs are visuals. 
All folk songs are songs. 
All videos are visuals. 
All movies are videos.
All sci-fi movies are movies.
Inception is a sci-fi movie.
Mac is neither a folk song nor a sci-fi movie.","∀x (Song(x) → ¬Visual(x))
∀x (FolkSong(x) → Song(x))
∀x (Video(x) → Visual(x))
∀x (Movie(x) → Video(x))
∀x (ScifiMovie(x) → Movie(x))
ScifiMovie(inception)
¬FolkSong(mac) ∧ ¬ScifiMovie(mac)",Inception is either a video or a folk song.,Video(inception) ⊕ FolkSong(inception),True,1417,"all:x (song(x) :- ~visual(x))
all:x (folksong(x) :- song(x))
all:x (video(x) :- visual(x))
all:x (movie(x) :- video(x))
all:x (scifimovie(x) :- movie(x))
scifimovie(inception)
~folksong(mac) & ~scifimovie(mac)",video(inception) ^ folksong(inception)
465,6,"Boves is a railway station located in France. 
The preceding station of Boves is Longueau.
The preceding station of Dommartin is Boves.
France is a European country.
Dommartin is situated on the Paris–Lille railway. 
Any two contiguous stations are on the same railway.
Boves is served by regional TER Hauts-de-France trains.
If place A is located in place B and place B is located in place C, then place A is located in place C.
If place A precedes place B and place B precedes place C, then place A precedes place C.","RailwayStation(boves) ∧ In(boves, france)
Precede(longueau, boves)
Precede(boves, dommartin)
In(france, europe)
SituatedOn(dommartin, pairsLille)
∀x ∀y ∀z ((SituatedOn(x, z) ∧ (Precede(x, y) ∨ Precede(y, x)) → SituatedOn(y, z))
Serve(boves, hautsDeFrance)
∀x ∀y ∀z ((In(x, y) ∧ In(y, z)) → In(x, z))
∀x ∀y ∀z ((Precede(x, y) ∧ Precede(y, z)) → Precede(x, z))",Longueau is served by regional TER Hauts-de-France trains.,"Serve(longueau, hautsDeFrance)",Uncertain,16,"railwaystation(boves) & in(boves, france)
precede(longueau, boves)
precede(boves, dommartin)
in(france, europe)
situatedon(dommartin, pairslille)
all:x all:y all:z ((situatedon(x, z) & (precede(x, y) | precede(y, x)) :- situatedon(y, z))
serve(boves, hautsdefrance)
all:x all:y all:z ((in(x, y) & in(y, z)) :- in(x, z))
all:x all:y all:z ((precede(x, y) & precede(y, z)) :- precede(x, z))","serve(longueau, hautsdefrance)"
466,114,"A cutman is responsible for preventing and treating physical damage to a fighter.
Cutmen appear in boxing matches, kickboxing matches, or mixed martial arts matches bout. 
Cutmen handle swelling, nosebleeds and lacerations. 
Jack is a cutman.","∀x (Cutman(x) → Prevent(x, physicalDamageToAFighter) ∧ Treat(x, physicalDamageToAFighter))
∀x (Cutman(x) → AppearIn(x, boxingMatch) ∨ AppearIn(x, kickboxingMatch) ∨ AppearIn(x, mixedMartialArtsMatchBout))
∀x (Cutman(x) → Handle(x, swelling) ∧ Handle(x, nosebleed) ∧ Handle(x, laceration))
Cutman(jack)","If someone is not a cutman, then they cannot handle nosebleeds.","∀x (¬Cutman(x) → ¬Handle(x, nosebleed))",Uncertain,345,"all:x (cutman(x) :- prevent(x, physicaldamagetoafighter) & treat(x, physicaldamagetoafighter))
all:x (cutman(x) :- appearin(x, boxingmatch) | appearin(x, kickboxingmatch) | appearin(x, mixedmartialartsmatchbout))
all:x (cutman(x) :- handle(x, swelling) & handle(x, nosebleed) & handle(x, laceration))
cutman(jack)","all:x (~cutman(x) :- ~handle(x, nosebleed))"
467,92,"Adventures of Rusty is a drama film and children's film.
Columbia Pictures produced Adventures of Rusty.
Tintin was produced by Paramount.
Tintin is an adventure film.","DramaFilm(adventuresOfRusty) ∧ ChildrensFilm(adventuresOfRusty)
Produces(columbiaPictures, adventuresOfRusty)
Produces(paramount, tintin)
AdventureFilm(tintin)",Columbia pictures produced some adventure film.,"∃x (AdventureFilm(x) ∧ Produces(columbiaPictures, x))",Uncertain,280,"dramafilm(adventuresofrusty) & childrensfilm(adventuresofrusty)
produces(columbiapictures, adventuresofrusty)
produces(paramount, tintin)
adventurefilm(tintin)","x (adventurefilm(x) & produces(columbiapictures, x))"
468,14,"The USS Salem is a heavy cruiser built for the United States Navy.
The last heavy cruiser to enter service was the USS Salem.
The USS Salem is a museum ship.
Museum ships are open to the public.
The USS Salem served in the Atlantic and Mediterranean.","HeavyCruiser(usssalem) ∧ BuiltFor(usssalem, unitedstatesnavy)
LastHeavyCruiserToEnterService(usssalem)
MuseumShip(usssalem)
∀x (MuseumShip(x) → OpenToPublic(x))
ServedIn(usssalem, atlantic) ∧ ServedIn(usssalem, mediterranean)",There is a museum ship open to the public that served in the Mediterranean.,"∃x (MuseumShip(x) ∧ OpenToPublic(x) ∧ ServedIn(x, mediterranean))",True,39,"heavycruiser(usssalem) & builtfor(usssalem, unitedstatesnavy)
lastheavycruisertoenterservice(usssalem)
museumship(usssalem)
all:x (museumship(x) :- opentopublic(x))
servedin(usssalem, atlantic) & servedin(usssalem, mediterranean)","x (museumship(x) & opentopublic(x) & servedin(x, mediterranean))"
469,313,"Some of those who apply for a Schengen visa get it.
To apply for a Schengen Visa, you need to provide financial guarantees.
If you need to provide financial guarantees, you must request documents from the bank.
Do not close your bank account if you request documents from the bank.
Philip closed his bank account.","∃x (Apply(x, schengenVisa) → Get(x, schengenVisa))
∀x (Apply(x, schengenVisa) → Provide(x, financialGuarantees))
∀x (Provide(x, financialGuarantees) → Request(x, documentsFromBank))
∀x (Request(x, documentsFromBank) → ¬Close(x, bankAccount))
Close(philip, bankAccount)","If Philip did not request documents from the bank or get a Schengen visa, he didn’t apply for a Schengen visa.","(¬Request(philip, documentsFromBank) ∧ ¬Get(x, schengenVisa)) → Apply(x, schengenVisa)",True,781,"x (apply(x, schengenvisa) :- get(x, schengenvisa))
all:x (apply(x, schengenvisa) :- provide(x, financialguarantees))
all:x (provide(x, financialguarantees) :- request(x, documentsfrombank))
all:x (request(x, documentsfrombank) :- ~close(x, bankaccount))
close(philip, bankaccount)","(~request(philip, documentsfrombank) & ~get(x, schengenvisa)) :- apply(x, schengenvisa)"
470,366,"People in Franny's family drink kombucha every day or drink Coca-Cola or a Pepsi product.
If people in Franny's family drink Coca-Cola or a Pepsi product every day, then they grew up with extremely busy parents who did not have time to pack them lunch.
If people in Franny's family drink Coca-Cola or another Pepsi product every day, then they have to visit the dentist frequently.
If people in Franny's family grew up with extremely busy parents who did not have time to pack them lunch, then they have erratic and diverse eating habits.
If people in Franny's family have erratic and diverse eating habits, then they do not have consistent everyday routines and like sticking to a solid schedule.
Damon is in Franny's family. 
Damon either both grow up with extremely busy parents who did not have time to pack her lunch and have consistent everyday routines and like sticking to a solid schedule, or Damon did neither.","∀x (In(x, frannysFamily) ∧ (Drink(x, kombucha) ∨ (∃y (Drink(x, cocaCola) ∨ (PepsiProduct(y) ∧ Drink(x, y))))))
∀x (In(x, frannysFamily) ∧ (∃y (Drink(x, cocaCola) ∨ (PepsiProduct(y) ∧ Drink(x, y)))) → (∃y ∃z (¬(y=z) ∧ BusyParent(y) ∧ BusyParent(z) ∧ ¬Pack(y, lunch) ∧ ¬Pack(z, lunch) ∧ GrowUpWith(x, y) ∧ GrowUpWith(x, z))))
∀x (In(x, frannysFamily)) ∧ (∃y (Drink(x, cocaCola) ∨ (PepsiProduct(y) ∧ Drink(x, y)))) → HaveToVisitFrequently(x, dentist))
∀x (In(x, frannysFamily) ∧ (∃y ∃z (¬(y=z) ∧ BusyParent(y) ∧ BusyParent(z) ∧ ¬Pack(y, lunch) ∧ ¬Pack(z, lunch) ∧ GrowUpWith(x, y) ∧ GrowUpWith(x, z))) → ∃y (Have(x, y) ∧ Erratic(y) ∧ Diverse(y) ∧ EatingHabit(y)))
∀x (In(x, frannysFamily) ∧ ∃y (Have(x, y) ∧ Erratic(y) ∧ Diverse(y) ∧ EatingHabit(y))) → ¬(ConsistentEverydayRoutine(x) ∧ StickTo(damon, solidSchedule)))
In(damon, frannysFamily)
¬((∃y ∃z(¬(y=z) ∧ BusyParent(y) ∧ BusyParent(z) ∧ ¬Pack(y, lunch) ∧ ¬Pack(z, lunch) ∧ GrowUpWith(damon, y) ∧ GrowUpWith(damon, z))) ⊕ (ConsistentEverydayRoutine(damon) ∧ StickTo(damon, solidSchedule)))","If Damon is in Franny's family and he either both grew up with extremely busy parents who did not have time to pack his lunch and drink kombucha every day or neither grew up with extremely busy parents who did not have time to pack his lunch nor drink kombucha every day, then Damon neither visits the dentist frequently nor drinks Coca Cola or Pepsi products.","¬((¬(y=z) ∧ ∃y ∃z (BusyParent(y) ∧ BusyParent(z) ∧ ¬Pack(y, lunch) ∧ ¬Pack(z, lunch) ∧ GrowUpWith(damon, y) ∧ GrowUpWith(damon, z))) ⊕ Drink(damon, kombucha)) → ¬(HaveToVisitFrequently(damon, dentist) ∨ (∃y (Have(damon, y) ∧ Erratic(y) ∧ Diverse(y) ∧ EatingHabit(y))))",True,974,"all:x (in(x, frannysfamily) & (drink(x, kombucha) | (y (drink(x, cocacola) | (pepsiproduct(y) & drink(x, y))))))
all:x (in(x, frannysfamily) & (y (drink(x, cocacola) | (pepsiproduct(y) & drink(x, y)))) :- (y z (~(y=z) & busyparent(y) & busyparent(z) & ~pack(y, lunch) & ~pack(z, lunch) & growupwith(x, y) & growupwith(x, z))))
all:x (in(x, frannysfamily)) & (y (drink(x, cocacola) | (pepsiproduct(y) & drink(x, y)))) :- havetovisitfrequently(x, dentist))
all:x (in(x, frannysfamily) & (y z (~(y=z) & busyparent(y) & busyparent(z) & ~pack(y, lunch) & ~pack(z, lunch) & growupwith(x, y) & growupwith(x, z))) :- y (have(x, y) & erratic(y) & diverse(y) & eatinghabit(y)))
all:x (in(x, frannysfamily) & y (have(x, y) & erratic(y) & diverse(y) & eatinghabit(y))) :- ~(consistenteverydayroutine(x) & stickto(damon, solidschedule)))
in(damon, frannysfamily)
~((y z(~(y=z) & busyparent(y) & busyparent(z) & ~pack(y, lunch) & ~pack(z, lunch) & growupwith(damon, y) & growupwith(damon, z))) ^ (consistenteverydayroutine(damon) & stickto(damon, solidschedule)))","~((~(y=z) & y z (busyparent(y) & busyparent(z) & ~pack(y, lunch) & ~pack(z, lunch) & growupwith(damon, y) & growupwith(damon, z))) ^ drink(damon, kombucha)) :- ~(havetovisitfrequently(damon, dentist) | (y (have(damon, y) & erratic(y) & diverse(y) & eatinghabit(y))))"
471,11,"Walter Folger Brown was an American politician and lawyer who served as the postmaster general.
Walter Folger Brown graduated from Harvard University with a Bachelor of Arts.
While they were both in Toledo, Walter Folger Brown's father practiced law with Walter Folger Brown.
Katherin Hafer married Walter Folger Brown.","AmericanPolitician(walterBrown) ∧ Lawyer(walterBrown) ∧ ServedAs(walterBrown, postMasterGeneral)
Graduated(walterBrown, harvard) ∧ GraduatedWith(walterBrown, bachelorsOfArt)
∃t(In(walterBrown, toledo, t) ∧ In(walterBrownFather, toledo, t) ∧ PracticedLawTogether(walterBrown, walterBrownFather, t))
Married(katherinHafer, walterBrown)",Walter Folger Brown was not in Toledo.,"∃t(¬In(walterBrownFather, toledo, t))",False,31,"americanpolitician(walterbrown) & lawyer(walterbrown) & servedas(walterbrown, postmastergeneral)
graduated(walterbrown, harvard) & graduatedwith(walterbrown, bachelorsofart)
t(in(walterbrown, toledo, t) & in(walterbrownfather, toledo, t) & practicedlawtogether(walterbrown, walterbrownfather, t))
married(katherinhafer, walterbrown)","t(~in(walterbrownfather, toledo, t))"
472,78,"Ableton has an office in Germany.
Ableton has an office in the USA.
USA and Germany are different countries.
Any company that has offices in different countries is a multinational company.
Ableton makes music software.","OfficeIn(ableton, germany)
OfficeIn(ableton, unitedStates)
¬SameCountry(germany, unitedStates)
∀x ∀y ∀z (OfficeIn(x, y) ∧ OfficeIn(x, z) ∧ (¬SameCountry(y, z)) → MultinationalCompany(x))
MakesMusicSoftware(ableton)",Ableton is a multinational company.,MultinationalCompany(ableton),True,237,"officein(ableton, germany)
officein(ableton, unitedstates)
~samecountry(germany, unitedstates)
all:x all:y all:z (officein(x, y) & officein(x, z) & (~samecountry(y, z)) :- multinationalcompany(x))
makesmusicsoftware(ableton)",multinationalcompany(ableton)
473,223,"David Ha'ivri is a political strategist. 
If you are born in Israel to at least one Israeli parent, you receive Israeli citizenship at birth. 
David Ha'ivri emigrated to the United States from Israel, where he was born to Israeli parents. 
Several Zionist leaders have been elected to the Shomron Regional Municipal council. 
David Ha'ivri is a Zionist leader.","PoliticalStrategist(davidHaivri)
∀x ∃y (BornInIsrael(x) ∧ ParentOf(y, x) ∧ Israeli(y) → Israeli(x))
∃x (EmigratedTo(davidHaivri, america) ∧ BornInIsrael(davidHaivri) ∧ ParentOf(davidHaivri, x) ∧ Israeli(x))
∃x (ZionistLeader(x) ∧ ElectedTo(x, shomronMunicipalCouncil))
ZionstLeader(davidHaivri)",David Ha'ivri is an Israeli citizen.,IsraeliCitizen(davidHaivri),True,629,"politicalstrategist(davidhaivri)
all:x y (borninisrael(x) & parentof(y, x) & israeli(y) :- israeli(x))
x (emigratedto(davidhaivri, america) & borninisrael(davidhaivri) & parentof(davidhaivri, x) & israeli(x))
x (zionistleader(x) & electedto(x, shomronmunicipalcouncil))
zionstleader(davidhaivri)",israelicitizen(davidhaivri)
474,440,"All tigers are cats.
No cats are dogs.
All Bengal tigers are tigers.
All huskies are dogs.
Fido is either a Bengal tiger or a cat.","∀x (Tiger(x) → Cat(x))
∀x (Cat(x) → ¬Dog(x))
∀x (BengalTiger(x) → Tiger(x))
∀x (Husky(x) → Dog(x))
BengalTiger(fido) ⊕ Cat(fido)",Fido is a Bengal tiger.,BengalTiger(fido),Uncertain,1266,"all:x (tiger(x) :- cat(x))
all:x (cat(x) :- ~dog(x))
all:x (bengaltiger(x) :- tiger(x))
all:x (husky(x) :- dog(x))
bengaltiger(fido) ^ cat(fido)",bengaltiger(fido)
475,347,"All mammals are living beings.
All elephants are mammals.
All baby elephants are elephants.
Some baby elephants are sleepy.
If Jumbo is a living being, then Jumbo is not both an elephant and a mammal.
If Jumbo is sleepy, then Jumbo is either a baby elephant or a mammal.","∀x (Mammal(x) → LivingBeing(x)) 
∀x (Elephant(x) → Mammal(x))
∀x (BabyElephant(x) → Elephant(x))
∃x (BabyElephant(x) ∧ Sleepy(x))
LivingBeing(jumbo) → ¬(Elephant(jumbo) ∧ Mammal(jumbo))
Sleepy(jumbo) → BabyElephant(jumbo) ⊕ Mammal(jumbo)",Jumbo is not sleepy.,¬Sleepy(jumbo),True,917,"all:x (mammal(x) :- livingbeing(x)) 
all:x (elephant(x) :- mammal(x))
all:x (babyelephant(x) :- elephant(x))
x (babyelephant(x) & sleepy(x))
livingbeing(jumbo) :- ~(elephant(jumbo) & mammal(jumbo))
sleepy(jumbo) :- babyelephant(jumbo) ^ mammal(jumbo)",~sleepy(jumbo)
476,104,"Ordinary is an unincorporated community.
Located within Elliot County, Ordinary is on Kentucky Route 32.
Ordinary is located northwest of Sandy Hook.","UnincorporatedCommunity(ordinary)
LocatedIn(ordinary, elliotCounty) ∧ On(ordinary, kentuckyRoute32)
LocatedNorthwestOf(ordinary, sandyHook)",There are no unincorporated communities along Kentucky Route 32.,"∀x (On(x, kentuckyRoute32) → ¬UnincorporatedCommunity(x))",False,316,"unincorporatedcommunity(ordinary)
locatedin(ordinary, elliotcounty) & on(ordinary, kentuckyroute32)
locatednorthwestof(ordinary, sandyhook)","all:x (on(x, kentuckyroute32) :- ~unincorporatedcommunity(x))"
477,158,"Mr. and Mrs. Smith make a travel plan: they want to go to a city in California or Florida where neither of them has ever been.
The cities in California that they are interested in are San Francisco, Los Angeles, and San Diego.
Cities in Florida that they are interested in are Orlando and Miami.
Mr. Smith has been to two cities in California.
Mrs. Smith has been to one city in Florida.","∀x (WantToGoTo(mr.AndMrs.Smith, x) ∧ City(x) → (California(x) ∨ Florida(x)) ∧ NeverGo(x))
City(sanFrancisco) ∧ California(sanFrancisco) ∧ WantToGoTo(mr.AndMrs.Smith, sanFrancisco) ∧ City(losAngeles) ∧ California(losAngeles) ∧ WantToGoTo(mr.AndMrs.Smith, losAngeles) ∧ City(sanDiego) ∧ California(sanDiego) ∧ WantToGoTo(mr.AndMrs.Smith, sanDiego)
City(orlando) ∧ Florida(orlando) ∧ WantToGo(mr.AndMrs.Smith, orlando) ∧ City(miami) ∧ Florida(miami) ∧ WantToGo(mr.AndMrs.Smith, miami)
∃x ∃y ∀z (¬(x=z) ∧ ¬(y=z) ∧ ¬(x=y) ∧ City(x) ∧ City(y) ∧ City(z) ∧ California(x) ∧ California(y) ∧ California(z) → Visit(mr.smith, x) ∧ Visit(mr.smith, y) ∧ ¬Visit(mr.smith, z))
∃x ∀y (¬(x=y) ∧ City(x) ∧ City(y) ∧ Florida(x) ∧ Florida(y) → Visit(mrs.smith, x) ∧ ¬Visit(mrs.smith, y))",They have at leat one candidate city in Florida to visit.,∃x (WantToGoTo(x) ∧ City(x) ∧ Florida(x)),Uncertain,454,"all:x (wanttogoto(mr.andmrs.smith, x) & city(x) :- (california(x) | florida(x)) & nevergo(x))
city(sanfrancisco) & california(sanfrancisco) & wanttogoto(mr.andmrs.smith, sanfrancisco) & city(losangeles) & california(losangeles) & wanttogoto(mr.andmrs.smith, losangeles) & city(sandiego) & california(sandiego) & wanttogoto(mr.andmrs.smith, sandiego)
city(orlando) & florida(orlando) & wanttogo(mr.andmrs.smith, orlando) & city(miami) & florida(miami) & wanttogo(mr.andmrs.smith, miami)
x y all:z (~(x=z) & ~(y=z) & ~(x=y) & city(x) & city(y) & city(z) & california(x) & california(y) & california(z) :- visit(mr.smith, x) & visit(mr.smith, y) & ~visit(mr.smith, z))
x all:y (~(x=y) & city(x) & city(y) & florida(x) & florida(y) :- visit(mrs.smith, x) & ~visit(mrs.smith, y))",x (wanttogoto(x) & city(x) & florida(x))
478,486,"Everything in Size Town is big or small.
All big things in Size Town are heavy.
All small things in Size Town are light.
All heavy things in Size Town are still.
All light things in Size Town are unstable.
All unstable things in Size Town are changing.
All unstable things in Size Town are unpredictable.
The bird is in Size Town and it is not both heavy and still.","∀x (In(x, sizeTown) → (Big(x) ∨ Small(x)))
∀x (Big(x) ∧ In(x, sizeTown) → Heavy(x))
∀x (Small(x) ∧ In(x, sizeTown) → Light(x))
∀x (Heavy(x) ∧ In(x, sizeTown) → Still(x))
∀x (Light(x) ∧ In(x, sizeTown) → Unstable(x))
∀x (Unstable(x) ∧ In(x, sizeTown) → Changing(x))
∀x (Unstable(x) ∧ In(x, sizeTown) → Unpredictable(x))
In(bird, sizeTown) ∧ ¬(Heavy(bird) ∧ Still(bird))",The bird is not still.,¬Still(bird),Uncertain,1425,"all:x (in(x, sizetown) :- (big(x) | small(x)))
all:x (big(x) & in(x, sizetown) :- heavy(x))
all:x (small(x) & in(x, sizetown) :- light(x))
all:x (heavy(x) & in(x, sizetown) :- still(x))
all:x (light(x) & in(x, sizetown) :- unstable(x))
all:x (unstable(x) & in(x, sizetown) :- changing(x))
all:x (unstable(x) & in(x, sizetown) :- unpredictable(x))
in(bird, sizetown) & ~(heavy(bird) & still(bird))",~still(bird)
479,82,"Lawton Park is a neighborhood in Seattle. 
All citizens of Lawton Park use the zip code 98199. 
Tom is a citizen of Lawton Park.
Daniel uses the zip code 98199. ","NeighbourhoodIn(lawtonPark, seattle)
∀x (Residentof(x, lawtonPark) → UseZipCode(x, num98199))
ResidentOf(tom, lawtonPark)
UseZipCode(daniel, num98199)",Tom doesn't use the zip code 98199.,"¬UseZipCode(tom, num98199)",False,250,"neighbourhoodin(lawtonpark, seattle)
all:x (residentof(x, lawtonpark) :- usezipcode(x, num98199))
residentof(tom, lawtonpark)
usezipcode(daniel, num98199)","~usezipcode(tom, num98199)"
480,160,"Common utilities include water, electricity, gas, heating, sewer, trash, and recycling.
Many apartment rents cover the cost of water and electricity.
Susan lives in an apartment where the rent covers all utilities.
The rent of the apartment where Ava lives does not cover any utility expenses.
Noah lives in an apartment where the rent does not cover heating.","CommonUtilities(water) ∧ CommonUtilities(electricity) ∧ CommonUtilities(gas) ∧ CommonUtilities(heating)
∃x (Apartment(x) ∧ Cover(x, water) ∧ Cover(x, electricity))
∀x (Apartment(x) ∧ LiveIn(susan, x) ∧ Cover(x, water) ∧ Cover(x, electricity) ∧ Cover(x, gas) ∧ Cover(x, heating))
∀x (Apartment(x) ∧ LiveIn(ava, x) ∧ ¬Cover(x, water) ∧ ¬Cover(x, electricity) ∧ ¬Cover(x, gas) ∧ ¬Cover(x, heating))
∀x (Apartment(x) ∧ LiveIn(noah, x) ∧ ¬Cover(x, heating))",Susan does not need to pay the water bill.,"∀x (Apartment(x) ∧ LiveIn(susan, x) ∧ Cover(x, water))",True,460,"commonutilities(water) & commonutilities(electricity) & commonutilities(gas) & commonutilities(heating)
x (apartment(x) & cover(x, water) & cover(x, electricity))
all:x (apartment(x) & livein(susan, x) & cover(x, water) & cover(x, electricity) & cover(x, gas) & cover(x, heating))
all:x (apartment(x) & livein(ava, x) & ~cover(x, water) & ~cover(x, electricity) & ~cover(x, gas) & ~cover(x, heating))
all:x (apartment(x) & livein(noah, x) & ~cover(x, heating))","all:x (apartment(x) & livein(susan, x) & cover(x, water))"
481,34,"Rafa Nadal was born in Mallorca.
Rafa Nadal is a professional tennis player.
Nadal's win ratio is high.
All players in the Big 3 are professionals who have a high win ratio.","BornIn(rafaNadal, mallorca)
ProfessionalTennisPlayer(rafaNadal)
HighWinRatio(rafaNadal)
∀x ((ProfessionalTennisPlayer(x) ∧ HighWinRatio(x)) → InBig3(x))",Nadal was not born in Mallorca.,"¬BornIn(rafaNadal, mallorca)",False,98,"bornin(rafanadal, mallorca)
professionaltennisplayer(rafanadal)
highwinratio(rafanadal)
all:x ((professionaltennisplayer(x) & highwinratio(x)) :- inbig3(x))","~bornin(rafanadal, mallorca)"
482,455,"All philosophers reason. 
Some sophists reason. 
All who can reason can distinguish truth from falsehood.
Nobody who can distinguish truth from falsehood is morally perfect.  
The theistic God is morally perfect.","∀x (Philosopher(x) → Reason(x))
∃x (Sophist(x) ∧ Reason(x))
∀x (Reason(x) → CanDistinguishFrom(x, truth, falsehood))
∀x (CanDistinguishFrom(x, truth, falsehood) → ¬MorallyPerfect(x))
MorallyPerfect(theisticGod)",The theistic God is a sophist.,Sophist(theisticGod),Uncertain,1310,"all:x (philosopher(x) :- reason(x))
x (sophist(x) & reason(x))
all:x (reason(x) :- candistinguishfrom(x, truth, falsehood))
all:x (candistinguishfrom(x, truth, falsehood) :- ~morallyperfect(x))
morallyperfect(theisticgod)",sophist(theisticgod)
483,451,"People on the payroll are being paid by the school.
If someone has a job at a school, then they are on the payroll.
All faculty members have a job at a school.
If someone teaches students, they are a faculty member or a teacher.
Every teacher has students.
If Nancy is a teacher, then they are on the payroll.
If Nancy is not a teacher, then they are not paid by the school.
Nancy teaches students.","∀x (OnPayroll(x) → PaidBy(x, school))
∀x (HaveJobAt(x, school) → OnPayroll(x))
∀x (FacultyMember(x) → HaveJobAt(x, school))
∀x (Teach(x, student) → FacultyMember(x) ∨ Teacher(x))
∀x (Teacher(x) → Have(x, student))
Teacher(nancy) → OnPayroll(nancy)
¬Teacher(nancy) → ¬OnPayroll(nancy)
Teach(nancy, student)",Nancy is paid by the school and has students.,"PaidBy(nancy, school) ∧ Have(nancy, student)",True,1299,"all:x (onpayroll(x) :- paidby(x, school))
all:x (havejobat(x, school) :- onpayroll(x))
all:x (facultymember(x) :- havejobat(x, school))
all:x (teach(x, student) :- facultymember(x) | teacher(x))
all:x (teacher(x) :- have(x, student))
teacher(nancy) :- onpayroll(nancy)
~teacher(nancy) :- ~onpayroll(nancy)
teach(nancy, student)","paidby(nancy, school) & have(nancy, student)"
484,323,"No disposable products can help slow down global warming. 
All eco-friendly brands can help slow down global warming. 
All sustainable fashion brands are eco-friendly brands.
All fast fashion products are disposable products.
If Reformation is not helping slow down global warming, then Reformation is an eco-friendly brand or a sustainable fashion brand.","∀x (Disposable(x) ∧ Product(x) → ¬HelpSlowDown(x, globalWarming))
∀x (EcoFriendly(x) ∧ Brand(x) → Help(x, slowDownGlobalWarming))
∀x (Sustainable(x) ∧ FashionBrand(x) → EcoFriendly(x) ∧ Brand(x))
∀x (FastFashion(x) ∧ Product(x) → Disposable(x) ∧ Product(x)) 
¬HelpSlowDown(reformation, globalWarming) → (EcoFriendly(reformation) ∧ Brand(reformation)) ∨ (Sustainable(reformation) ∧ FashionBrand(reformation))",Reformation produces fast fashion products.,FastFashion(reformation) ∧ Product(reformation),False,823,"all:x (disposable(x) & product(x) :- ~helpslowdown(x, globalwarming))
all:x (ecofriendly(x) & brand(x) :- help(x, slowdownglobalwarming))
all:x (sustainable(x) & fashionbrand(x) :- ecofriendly(x) & brand(x))
all:x (fastfashion(x) & product(x) :- disposable(x) & product(x)) 
~helpslowdown(reformation, globalwarming) :- (ecofriendly(reformation) & brand(reformation)) | (sustainable(reformation) & fashionbrand(reformation))",fastfashion(reformation) & product(reformation)
485,25,"Philatelic literature is divided into the following categories: Stamp catalogs, Periodicals, Auction catalogs, Books, Bibliographies, and Background Material.
Mort is not a Stamp catalog.
Mort is not a periodical, auction catalog, bibliography, or background material.
Mort is a piece of Philatelic literature.","∀x (PhilatelicLit(x) → (Stamp(x) ∨ Periodical(x) ∨ Auction(x) ∨ Book(x) ∨ Bibliography(x) ∨ Background(x)))
¬Stamp(mort)
¬(Periodical(mort) ∨ Auction(mort) ∨ Bibliography(mort) ∨ Background(mort))
PhilatelicLit(mort)",Eragon is a piece of Philatelic literature.,PhilatelicLit(eragon),Uncertain,73,"all:x (philateliclit(x) :- (stamp(x) | periodical(x) | auction(x) | book(x) | bibliography(x) | background(x)))
~stamp(mort)
~(periodical(mort) | auction(mort) | bibliography(mort) | background(mort))
philateliclit(mort)",philateliclit(eragon)
486,165,"Belgium, France, and Germany are European countries.
Paris is the capital of France.
The Eiffel Tower is one of the main tourist attractions located in Paris.
Some people who live in Belgium speak French.
If John goes to Europe, he will see some tourist attractions.
John speaks French.","EuropeanCountry(belgium) ∧ EuropeanCountry(france) ∧ EuropeanCountry(germany)
CapitalOf(paris, france)
TouristAttraction(eiffelTower) ∧ LocatedIn(eiffelTower, paris)
∃x (LiveIn(x, belgium) → Speak(x, french))
∃x (GoTo(john, europe) → (See(john, x) ∧ TouristAttraction(x)))
Speak(john, french)",The Eiffel Tower is located in the capital of France.,"∃x (CapitalOf(x, france) ∧ LocatedIn(eiffelTower, x))",True,474,"europeancountry(belgium) & europeancountry(france) & europeancountry(germany)
capitalof(paris, france)
touristattraction(eiffeltower) & locatedin(eiffeltower, paris)
x (livein(x, belgium) :- speak(x, french))
x (goto(john, europe) :- (see(john, x) & touristattraction(x)))
speak(john, french)","x (capitalof(x, france) & locatedin(eiffeltower, x))"
487,329,"All young working professionals who have regular 9-5 jobs have stable jobs.
Some people living in Manhattan are young professionals with regular 9-5 jobs.
All people who have stable jobs are people who work regularly.
People who work regularly do not frequently disobey their bosses.
Mary either frequently disobeys her bosses and works regularly, or that she neither frequently disobeys her bosses nor works regularly.","∀x (YoungWorkingProfessional(x) ∧ Have(x, regular9To5Job) → Have(x, stableJob))
∃x (LiveIn(x, manhattan) ∧ YoungWorkingProfessional(x) ∧ Have(x, regular9To5Job))
∀x (Have(x, stableJob) → WorkRegularly(x))
∀x (WorkRegularly(x) → ¬DisobeyFrequently(x, boss))
¬(DisobeyFrequently(mary, boss) ⊕ WorkRegularly(mary))",Mary lives in Manhattan.,"LiveIn(mary, manhattan)",Uncertain,843,"all:x (youngworkingprofessional(x) & have(x, regular9to5job) :- have(x, stablejob))
x (livein(x, manhattan) & youngworkingprofessional(x) & have(x, regular9to5job))
all:x (have(x, stablejob) :- workregularly(x))
all:x (workregularly(x) :- ~disobeyfrequently(x, boss))
~(disobeyfrequently(mary, boss) ^ workregularly(mary))","livein(mary, manhattan)"
488,309,"Tipped employees are not entitled to be paid the federal minimum wage by their employees. 
If a person is a white-collar worker, they are entitled to be paid the federal minimum wage by their employees. 
All lawyers are white-collar workers.
Every advocate is a lawyer.
Mary is not a lawyer or a tipped employee.","∀x (TippedEmployee(x) → ¬EntitledTo(x, federalMinimumWage))
∀x (WhiteCollarWorker(x) → EntitledTo(x, federalMinimumWage))
∀x (Lawyer(x) → WhiteCollarWorker(x))
∀x (Advocate(x) → Lawyer(x))
¬(Lawyer(mary) ⊕ TippedEmployee(mary))","If Mary is not both an advocate and is entitled to be paid the federal minimum wage by their employees, she is not a tipped employee.","(¬(Advocate(mary) ∧ EntitledTo(mary, federalMinimumWage))) → ¬TippedEmployee(mary)",True,768,"all:x (tippedemployee(x) :- ~entitledto(x, federalminimumwage))
all:x (whitecollarworker(x) :- entitledto(x, federalminimumwage))
all:x (lawyer(x) :- whitecollarworker(x))
all:x (advocate(x) :- lawyer(x))
~(lawyer(mary) ^ tippedemployee(mary))","(~(advocate(mary) & entitledto(mary, federalminimumwage))) :- ~tippedemployee(mary)"
489,289,"All iPhones are electronic.
Some phones are iPhones.","∀x (IPhone(x) → Electronic(x))
∃x ∃y (Phone(x) ∧ Phone(y) ∧ IPhone(x) ∧ IPhone(y) ∧ ¬(x=y))",No phones are electronic.,∀x (Phone(x) → ¬Electronic(x)),False,733,"all:x (iphone(x) :- electronic(x))
x y (phone(x) & phone(y) & iphone(x) & iphone(y) & ~(x=y))",all:x (phone(x) :- ~electronic(x))
490,163,"There are eight federal districts of Russia: Central, Northwestern, Southern, North Caucasian, Volga, Ural, Siberian, and Far Eastern.
The Central federal district has the largest population among all federal districts in Russia.
Moscow is the administrative center of the Central federal district.
Yekaterinburg is the administrative center of the Ural federal district.
Vladivostok is the administrative center of the Far Eastern federal district.
The Far Eastern federal district has the largest area among all federal districts in Russia.
Some federal districts in Russia were established in 2000.","FederalDistrictOf(central, russia) ∧ FederalDistrictOf(northwestern, russia) ∧ FederalDistrictOf(southern, russia) ∧ FederalDistrictOf(northcaucasian, russia) ∧ FederalDistrictOf(volga, russia) ∧ FederalDistrictOf(ural, russia) ∧ FederalDistrictOf(siberian, russia) ∧ FederalDistrictOf(fareastern, russia)
LargestPopulation(central) 
AdministrativeCenterOf(moscow, central)
AdministrativeCenterOf(yekaterinburg, ural)
AdministrativeCenterOf(vladivostok, farEastern)
LargestArea(farEastern)
∃x (FederalDistrictOf(x, russia) ∧ EstablishedIn(x, 2000))",Moscow is the administrative center of the federal district with the largest population.,"∃x (AdministrativeCenterOf(moscow, x) ∧ LargestPopulationIn(x))",True,468,"federaldistrictof(central, russia) & federaldistrictof(northwestern, russia) & federaldistrictof(southern, russia) & federaldistrictof(northcaucasian, russia) & federaldistrictof(volga, russia) & federaldistrictof(ural, russia) & federaldistrictof(siberian, russia) & federaldistrictof(fareastern, russia)
largestpopulation(central) 
administrativecenterof(moscow, central)
administrativecenterof(yekaterinburg, ural)
administrativecenterof(vladivostok, fareastern)
largestarea(fareastern)
x (federaldistrictof(x, russia) & establishedin(x, 2000))","x (administrativecenterof(moscow, x) & largestpopulationin(x))"
491,110,"St Johnstone is a Scottish team.
St Johnstone is part of the Scottish Premiership league.
If a team is part of the league, it has joined the league.
St Johnstone and Minsk are different teams.
For two teams, either one team wins, or the other team wins.
Minsk won against St Johnstone.","Scottish(stJohnstone) ∧ Team(stJohnstone)
PartOf(stJohnstone, scottishPremiership) ∧ League(scottishPremiership)
∀x ∀y (Team(x) ∧ League(y) ∧ PartOf(x, y) → Joined(x, y))
¬(misnk=stJohnstone)
∀x ∀y (¬(x=y) → WonAgainst(x, y) ⊕ WonAgainst(y, x))
WonAgainst(minsk, stJohnstone)",Minsk joined the Scottish Premiership.,"Joined(minsk, scottishPremiership))",Uncertain,335,"scottish(stjohnstone) & team(stjohnstone)
partof(stjohnstone, scottishpremiership) & league(scottishpremiership)
all:x all:y (team(x) & league(y) & partof(x, y) :- joined(x, y))
~(misnk=stjohnstone)
all:x all:y (~(x=y) :- wonagainst(x, y) ^ wonagainst(y, x))
wonagainst(minsk, stjohnstone)","joined(minsk, scottishpremiership))"
492,396,"A neuroimaging technique is either an invasive neuroimaging technique or a noninvasive neuroimaging technique. 
All noninvasive neuroimaging techniques provide a spatial resolution of brains.
If a technique provides a spatial resolution of brains, then it is a measurement of brain activity. 
All measurements of brain activity are used by neuroscience researchers.
FMRI is either a measurement of brain activity or a noninvasive neuroimaging technique.
FMRI is a neuroimaging technique.","∀x (NeuroimagingTechnique(x) → (Invasive(x) ⊕ Noninvasive(x))) 
∀x (Noninvasive(x) → Provides(x, spatialResolutionOfBrains))
∀x (Provides(x, spatialResolutionOfBrains) → Measure(x, brainActivity))
∀x (Measure(x, brainActivity) → UsedBy(x, neuroscienceResearchers))
Measure(fMRI, brainActivity) ⊕ Noninvasive(fMRI)
NeuroimagingTechnique(fMRI)",FMRI provides a spatial resolution of brains.,"Provides(fMRI, spatialResolutionOfBrains)",Uncertain,1076,"all:x (neuroimagingtechnique(x) :- (invasive(x) ^ noninvasive(x))) 
all:x (noninvasive(x) :- provides(x, spatialresolutionofbrains))
all:x (provides(x, spatialresolutionofbrains) :- measure(x, brainactivity))
all:x (measure(x, brainactivity) :- usedby(x, neuroscienceresearchers))
measure(fmri, brainactivity) ^ noninvasive(fmri)
neuroimagingtechnique(fmri)","provides(fmri, spatialresolutionofbrains)"
493,431,"No Boeing-737 plane has more than 300 seats. 
All of the planes acquired by Delta in this batch are Boeing-737. 
Planes either have more than 300 seats or have a capacity of 100 passengers. 
All planes with a capacity of 100 passengers are scheduled for a short-distance flight. 
All planes with a capacity of 100 passengers are produced before 2010. 
Jake32 is either a Boeing-737 plane or a plane acquired by Delta in this batch.
T10 is either both a Boeing-737 plane and acquired by Delta in this batch, or it is neither.","∀x (Plane(x) ∧ Boeing737(x) → (¬∃y(GreaterThan(y, num300) ∧ EquippedWithSeats(x,y)))
∀x (Plane(x) ∧ AcquiredBy(x, delta) → Boeing737(x))
∀x (Plane(x) → ((∃y(GreaterThan(y, num300) ∧ EquippedWithSeats(x,y))) ⊕ (∃y(Equals(y, num100) ∧ EquippedWithSeats(x,y))))
∀x (Plane(x) ∧ ∃y(Equals(y, num100) ∧ EquippedWithSeats(x,y)) → ScheduledFor(x, shortdistanceflight))
∀x (Plane(x) ∧ ∃y(Equals(y, num100) ∧ EquippedWithSeats(x,y)) → ∃z(Before(z, yr2010) ∧ Produced(x, z))
(Boeing737(jake32) ∧ Plane(jake32)) ⊕ (AcquiredByDeltaInThisBatch(jake32) ∧ Plane(jake32))
¬((Boeing737(t10) ∧ Plane(t10)) ⊕ (AcquiredByDeltaInThisBatch(t10) ∧ Plane(t10)))",Jake32 is produced before 2010 or scheduled for a short-distance flight.,"∃z(Before(z, year2010) ∧ Produced(jake32, z)) ∨ ScheduledFor(jake32, shortdistanceflight))",True,1229,"all:x (plane(x) & boeing737(x) :- (~y(greaterthan(y, num300) & equippedwithseats(x,y)))
all:x (plane(x) & acquiredby(x, delta) :- boeing737(x))
all:x (plane(x) :- ((y(greaterthan(y, num300) & equippedwithseats(x,y))) ^ (y(equals(y, num100) & equippedwithseats(x,y))))
all:x (plane(x) & y(equals(y, num100) & equippedwithseats(x,y)) :- scheduledfor(x, shortdistanceflight))
all:x (plane(x) & y(equals(y, num100) & equippedwithseats(x,y)) :- z(before(z, yr2010) & produced(x, z))
(boeing737(jake32) & plane(jake32)) ^ (acquiredbydeltainthisbatch(jake32) & plane(jake32))
~((boeing737(t10) & plane(t10)) ^ (acquiredbydeltainthisbatch(t10) & plane(t10)))","z(before(z, year2010) & produced(jake32, z)) | scheduledfor(jake32, shortdistanceflight))"
494,309,"Tipped employees are not entitled to be paid the federal minimum wage by their employees. 
If a person is a white-collar worker, they are entitled to be paid the federal minimum wage by their employees. 
All lawyers are white-collar workers.
Every advocate is a lawyer.
Mary is not a lawyer or a tipped employee.","∀x (TippedEmployee(x) → ¬EntitledTo(x, federalMinimumWage))
∀x (WhiteCollarWorker(x) → EntitledTo(x, federalMinimumWage))
∀x (Lawyer(x) → WhiteCollarWorker(x))
∀x (Advocate(x) → Lawyer(x))
¬(Lawyer(mary) ⊕ TippedEmployee(mary))",Mary is an advocate.,Advocate(mary),False,765,"all:x (tippedemployee(x) :- ~entitledto(x, federalminimumwage))
all:x (whitecollarworker(x) :- entitledto(x, federalminimumwage))
all:x (lawyer(x) :- whitecollarworker(x))
all:x (advocate(x) :- lawyer(x))
~(lawyer(mary) ^ tippedemployee(mary))",advocate(mary)
495,436,"All of this brand's products are either produced in China or in the US. 
All of this brand's products produced in China are labeled. 
All of this brand's products produced in the US are sold in the US. 
The products of this brand that are labeled are cheaper.
All of this brand's products sold in the US are sold at Walmart. 
All products of this brand displayed on the homepage are sold at Walmart. 
None of this brand's products that are returned by customers are sold at Walmart. 
G-910 is a product of this brand, and it is either displayed on the homepage and is cheaper, or it is neither displayed on the homepage nor is it cheaper.","∀x (ThisBrand(x) ∧ Product(x) → (ProducedIn(x, china) ⊕ ProducedIn(x, uS)))
∀x ((ThisBrand(x) ∧ Product(x) ∧ ProducedIn(x, china)) → Labeled(x))
∀x ((ThisBrand(x) ∧ Product(x) ∧ ProducedIn(x, us)) → SoldIn(x, us))
∀x ((ThisBrand(x) ∧ Product(x) ∧ Labeled(x)) → Cheaper(x))
∀x ((ThisBrand(x) ∧ Product(x) ∧ SoldIn(x, us)) → SoldIn(x, walmart))
∀x (ThisBrand(x) ∧ Product(x) ∧ DisplayedIn(x, homepage) → SoldIn(x, walmart))
∀x (ThisBrand(x) ∧ Product(x) ∧ ReturnedBy(x, customer) → ¬SoldIn(x, walmart))
Product(g910) ∧ ThisBrand(g910) ∧ (¬(DisplayedIn(g910, homepage) ⊕ Cheaper(g910)))",G-910 is not displayed on the homepage.,"¬DisplayedIn(g910, homepage)",Uncertain,1249,"all:x (thisbrand(x) & product(x) :- (producedin(x, china) ^ producedin(x, us)))
all:x ((thisbrand(x) & product(x) & producedin(x, china)) :- labeled(x))
all:x ((thisbrand(x) & product(x) & producedin(x, us)) :- soldin(x, us))
all:x ((thisbrand(x) & product(x) & labeled(x)) :- cheaper(x))
all:x ((thisbrand(x) & product(x) & soldin(x, us)) :- soldin(x, walmart))
all:x (thisbrand(x) & product(x) & displayedin(x, homepage) :- soldin(x, walmart))
all:x (thisbrand(x) & product(x) & returnedby(x, customer) :- ~soldin(x, walmart))
product(g910) & thisbrand(g910) & (~(displayedin(g910, homepage) ^ cheaper(g910)))","~displayedin(g910, homepage)"
496,52,"The Lumina APV is produced by Chevrolet. 
The Astro is a van produced by Chevrolet. 
Vehicles produced by Chevrolet in this batch are either cars or vans.","ProducedBy(luminaAPV, chevrolet)
ProducedBy(astro, chevrolet) ∧ Van(astro)
∀x (Vehicle(x) ∧ ProducedBy(x, chevrolet) ∧ InThisBatch(x) → (Car(x) ⊕ Van(x)))",The Lumina APV is a van.,Van(luminaAPV),Uncertain,150,"producedby(luminaapv, chevrolet)
producedby(astro, chevrolet) & van(astro)
all:x (vehicle(x) & producedby(x, chevrolet) & inthisbatch(x) :- (car(x) ^ van(x)))",van(luminaapv)
497,65,"If a person coaches a football club, the person is a football coach.
If a person has a position in a club in a year, and the club is in NFL in the same year, the person plays in NFL.
Minnesota Vikings is a football club.
Dennis Green coached Minnesota Vikings.
Cris Carter had 13 touchdown receptions.
Minnesota Vikings were in the National Football League in 1997.
John Randle was Minnesota Vikings defensive tackle in 1997.","∀x ∀y ((Coach(x, y) ∧ FootballClub(y)) → FootballCoach(x))
∀w ∀x ∀y ∀z ((PlayPositionFor(x, w, y, z) ∧ InNFL(y, z)) → PlayInNFL(x))
FootballClub(minnesotaVikings)
Coach(dennisGreen, minnesotaVikings)
ReceiveTD(crisCarter, num13)
InNFL(minnesotaVikings, yr1997)
PlayPositionFor(johnRandle, defensiveTackle, minnesotaVikings, yr1997)",Cris Carter played for Minnesota Vikings.,"PlayPositionFor(crisCarter, wr, minnesotaVikings, year1997)",Uncertain,194,"all:x all:y ((coach(x, y) & footballclub(y)) :- footballcoach(x))
all:w all:x all:y all:z ((playpositionfor(x, w, y, z) & innfl(y, z)) :- playinnfl(x))
footballclub(minnesotavikings)
coach(dennisgreen, minnesotavikings)
receivetd(criscarter, num13)
innfl(minnesotavikings, yr1997)
playpositionfor(johnrandle, defensivetackle, minnesotavikings, yr1997)","playpositionfor(criscarter, wr, minnesotavikings, year1997)"
498,297,"If a person is hungry, the person is uncomfortable.
If a person is uncomfortable, the person is unhappy.","∀x (Hungry(x) → Uncomfortable(x))
∀x (Uncomfortable(x) → ¬Happy(x))","If a person is not hungry, the person is unhappy.",∀x (¬Hungry(x) → ¬Happy(x)),Uncertain,741,"all:x (hungry(x) :- uncomfortable(x))
all:x (uncomfortable(x) :- ~happy(x))",all:x (~hungry(x) :- ~happy(x))
499,15,"Elephantopus is a genus of perennial plants in the daisy family.
Elephantopus is widespread over much of Africa, southern Asia, Australia, and the Americas.
Several species of Elephantopus are native to the southeastern United States.
Elephantopus scaber is a traditional medicine.","∀x (Elephantopus(x) → (Genus(x, perennialplants) ∧ BelongTo(x, daisyfamily)))
∃x ∃y ∃z(Elephantopus(x) ∧ In(x,africa) ∧ (¬(x=y)) ∧ Elephantopus(y) ∧ In(y, southernasia) ∧ (¬(x=z)) ∧ (¬(y=z)) ∧ Elephantopus(z) ∧ In(z, australia))
∃x ∃y (Elephantopus(x) ∧ NativeTo(x, southeasternunitedstates) ∧ (¬(x=y)) ∧ Elephantopus(y) ∧ NativeTo(y, southeasternunitedstates))
∀x (ElephantopusScaber(x) → TraditionalMedicine(x))",Elephantopus is found in Australia and Southern Asia.,"∃x∃y(Elephantopus(x) ∧ In(x,africa) ∧ Elephantopus(y) ∧ In(y,africa))",True,41,"all:x (elephantopus(x) :- (genus(x, perennialplants) & belongto(x, daisyfamily)))
x y z(elephantopus(x) & in(x,africa) & (~(x=y)) & elephantopus(y) & in(y, southernasia) & (~(x=z)) & (~(y=z)) & elephantopus(z) & in(z, australia))
x y (elephantopus(x) & nativeto(x, southeasternunitedstates) & (~(x=y)) & elephantopus(y) & nativeto(y, southeasternunitedstates))
all:x (elephantopusscaber(x) :- traditionalmedicine(x))","xy(elephantopus(x) & in(x,africa) & elephantopus(y) & in(y,africa))"
500,448,"Everyone that knows about breath-first-search knows how to use a queue. 
If someone is a seasoned software engineer interviewer at Google, then they know what breath-first-search is. 
Someone is either a seasoned software engineer interviewer at Google, has human rights, or both. 
Every person who has human rights is entitled to the right to life and liberty. 
Everyone that knows how to use a queue knows about the first-in-first-out data structure. 
Everyone that is entitled to the right to life and liberty cannot be deprived of their rights without due process of law. 
Jack is entitled to the right to life and liberty, has human rights, or knows about the first-in-first-out data structure. ","∀x (Know(x, breathFirstSearch) → Know(x, howToUseQueue))
∀x (Seasoned(x) ∧ SoftwareEngineerInterviewer(x) ∧ At(x, google) → Know(x, breathFirstSearch))
∀x ((Seasoned(x) ∧ SoftwareEngineerInterviewer(x) ∧ At(x, google)) ∨ Have(x, humanRights))
∀x (Have(x, humanRights) → EntitledTo(x, rightToLifeAndLiberty))
∀x (Know(x, howToUseQueue) → Know(x, firstInFirstOutDataStructure))
∀x (EntitledTo(x, rightToLifeAndLiberty) → ¬DeprivedOfWithout(x, rights, dueProcessOfLaw))
(EntitledTo(jack, rightToLifeAndLiberty) ∨ Have(jack, humanRights) ∨ Know(jack, firstInFirstOutDataStructure))",Jack cannot be deprived of their rights without due process of law.,"¬DeprivedOfWithout(jack, rights, dueProcessOfLaw)",True,1290,"all:x (know(x, breathfirstsearch) :- know(x, howtousequeue))
all:x (seasoned(x) & softwareengineerinterviewer(x) & at(x, google) :- know(x, breathfirstsearch))
all:x ((seasoned(x) & softwareengineerinterviewer(x) & at(x, google)) | have(x, humanrights))
all:x (have(x, humanrights) :- entitledto(x, righttolifeandliberty))
all:x (know(x, howtousequeue) :- know(x, firstinfirstoutdatastructure))
all:x (entitledto(x, righttolifeandliberty) :- ~deprivedofwithout(x, rights, dueprocessoflaw))
(entitledto(jack, righttolifeandliberty) | have(jack, humanrights) | know(jack, firstinfirstoutdatastructure))","~deprivedofwithout(jack, rights, dueprocessoflaw)"
501,401,"Everyone at 'Board Game night' is interested in puzzles, or they are bad at chess, or both.
If a person at 'Board Game night' is bad at chess, then they don't play a lot of chess.
There is a person at 'Board Game night' who is either a planner or a creative person.
Erica is at 'Board Game night,' and she is someone who plays a lot of chess.
If Erica is neither bad at chess nor creative, then Erica is either someone who plans and is creative, or she is neither of these things.","∀x (At(x, boardGameNight) → (InterestedIn(x, puzzle) ∨ BadAt(x, chess)))
∀x ((At(x, boardGameNight) ∧ BadAt(x, chess)) → ¬PlaysOften(x, chess))
∃x (At(x, boardGameNight) ∧ (Planner(x) ∨ Creative(x)))
At(erica, boardGameNight) ∧ PlaysOften(erica, chess)
(At(erica, boardGameNight) ∧ (¬(BadAt(erica, chess) ∨ Creative(erica)))) → ¬(Planner(erica) ⊕  Creative(erica))","If Erica is interested in puzzles and is creative, then Erica is not creative.","InterestedIn(erica, puzzle) ∧ Creative(erica)) → ¬Creative(erica)",False,1105,"all:x (at(x, boardgamenight) :- (interestedin(x, puzzle) | badat(x, chess)))
all:x ((at(x, boardgamenight) & badat(x, chess)) :- ~playsoften(x, chess))
x (at(x, boardgamenight) & (planner(x) | creative(x)))
at(erica, boardgamenight) & playsoften(erica, chess)
(at(erica, boardgamenight) & (~(badat(erica, chess) | creative(erica)))) :- ~(planner(erica) ^  creative(erica))","interestedin(erica, puzzle) & creative(erica)) :- ~creative(erica)"
502,458,"Shoes are not food.
All slippers are shoes.
Any object donated to the homeless charity is either clothes or food.
Wearable things are not edible.
All clothes are wearable. 
The watch is donated to the homeless charify.
If the watch is not both edible and a piece of clothing, then the watch is either both edible and a piece of clothing or the watch is neither of them.","∀x (Shoe(x) → ¬Food(x))
∀x (Slipper(x) → Shoe(x))
∀x (DonatedTo(x, homelessCharity) → Food(x) ⊕ Clothes(x))
∀x (Wearable(x) → ¬Edible(x))
∀x (Clothes(x) → Wearable(x))
DonatedTo(watch, homelessCharify)
¬(Edible(watch) ∧ Clothes(watch)) → ¬(Edible(watch) ⊕ Clothes(watch))",A watch is a slipper.,Slipper(watch),False,1322,"all:x (shoe(x) :- ~food(x))
all:x (slipper(x) :- shoe(x))
all:x (donatedto(x, homelesscharity) :- food(x) ^ clothes(x))
all:x (wearable(x) :- ~edible(x))
all:x (clothes(x) :- wearable(x))
donatedto(watch, homelesscharify)
~(edible(watch) & clothes(watch)) :- ~(edible(watch) ^ clothes(watch))",slipper(watch)
503,427,"If a person pays their taxes, then they contribute to the country. 
Everyone who works for a government department pays a tax on their salary. 
Everyone in the army is an employee of a government department.
Everyone convicted of murder goes to prison. 
Everyone who has been to prison has a criminal record.
James was either once convicted of murder, or spent time in prison.
James either has a criminal record, or pays his taxes. ","∀x (Taxpayer(x) → ContributeTo(x, country))
∀x (WorkFor(x, governmentAgency) → Taxpayer(x))
∀x (ServesIn(x, theArmy) → WorkFor(x, governmentAgency))
∀x (SentencedForMurder(x) → Imprisoned(x))
∀x (Imprisoned((x) → Has(x, criminalRecord))
SentencedForMurder(james) ⊕ Imprisoned(james) 
Has(james, criminalRecord) ⊕ Taxpayer(james)",James does not contribute to the country.,"¬ContributeTo(james, country)",Uncertain,1212,"all:x (taxpayer(x) :- contributeto(x, country))
all:x (workfor(x, governmentagency) :- taxpayer(x))
all:x (servesin(x, thearmy) :- workfor(x, governmentagency))
all:x (sentencedformurder(x) :- imprisoned(x))
all:x (imprisoned((x) :- has(x, criminalrecord))
sentencedformurder(james) ^ imprisoned(james) 
has(james, criminalrecord) ^ taxpayer(james)","~contributeto(james, country)"
504,149,"
Guam sent an athlete to the Calgary Winter Olympics.
If Guan sent an athlete to the Calgary Winter Olympics, then the athelete participated in the Olympics in 1988.
Judd Bankert is the only athlete from Guam who has ever competed in the Winter Olympics.","
∃x (Send(guam, athlete, calgaryWinterOlympics))
∀x (Athlete(x) ∧ SendTo(guam, x, calgaryWinterOlympics) → ParticipatedIn(x, winterOlympics, year1988))
∀x ∀y (Athlete(x) ∧ From(x, guam) ∧ ParticipatedIn(x, winterOlympics, y) → x=juddBankert)",Judd Bankert competed in the 1988 Winter Olympics.,"ParticipatedIn(juddBankert, winterOlympics, year1988)",True,435,"
x (send(guam, athlete, calgarywinterolympics))
all:x (athlete(x) & sendto(guam, x, calgarywinterolympics) :- participatedin(x, winterolympics, year1988))
all:x all:y (athlete(x) & from(x, guam) & participatedin(x, winterolympics, y) :- x=juddbankert)","participatedin(juddbankert, winterolympics, year1988)"
505,243,"If a person can distinguish the taste of different condiments, then they can also use different condiments for cooking.
People who have a talent of cooking can distinguish the taste of different condiments.
Only people with the talent of cooking can make delicious meals.
If the meal is popular at the party, then it is delicious.
John can make meals which are popular at the party.","∀x (Person(x) ∧ Can(x, distinguishTheTasteOfDifferentCondiments) → Can(x, useDifferentCondimentsToCook))
∀x (Person(x) ∧ Has(x, talentOfCooking) → Can(x, distinguishTheTasteOfDifferentCondiments))
∀x ∀y (CanMake(x, y) ∧ Meal(y) ∧ Delicious(y) ∧ Person(x) → Has(x, talentOfCooking)) 
∀x ∀y (Meal(y) ∧ PopularAt(y, party) → Delicious(y))
∃x (Person(john) ∧ MakeMeal(john, x) ∧ Meal(x) ∧ PopularAt(x, party))",John cannot use different condiments for cooking.,"¬Can(john, useDifferentCondimentsToCook)",False,686,"all:x (person(x) & can(x, distinguishthetasteofdifferentcondiments) :- can(x, usedifferentcondimentstocook))
all:x (person(x) & has(x, talentofcooking) :- can(x, distinguishthetasteofdifferentcondiments))
all:x all:y (canmake(x, y) & meal(y) & delicious(y) & person(x) :- has(x, talentofcooking)) 
all:x all:y (meal(y) & popularat(y, party) :- delicious(y))
x (person(john) & makemeal(john, x) & meal(x) & popularat(x, party))","~can(john, usedifferentcondimentstocook)"
506,428,"All devices belonging to the company are connected to Google Home. 
All devices with the company logo belong to the company. 
Each device either has the company logo or belongs to employees. 
All of the devices belonging to employees can be connected to the company's wifi. 
All of the devices connected to Google Home are controlled by managers. 
All of the devices that connect to the company's wifi are easy to operate. 
All of the devices that are easy to operate were produced after a new CTO is appointed. 
ModelXX was not produced after a new CTO was appointed.","∀x ((Devices(x) ∧ BelongTo(x, company)) → ConnectTo(x, googleHome))
∀x ((Devices(x) ∧ With(x, companyLogo)) → BelongTo(x, company))
∀x ((Devices(x) → (With(x, companyLogo) ⊕ BelongTo(x, employee)))
∀x ((Devices(x) ∧ BelongTo(x, employee)) → CanBeConnectedTo(x, wifi))
∀x ((Devices(x) ∧ ConnectTo(x, googleHome)) → ControlledBy(x, manager))
∀x ((Devices(x) ∧ CanBeConnectedTo(x, wifi)) → EasyToOperate(x))
∀x ((Devices(x) ∧ EasyToOperate(x)) → ProducedAfterNewCTOAppointed(x, company))
Devices(modelXX) ∧ (¬ProducedAfterNewCTOAppointed(modelXX, company))",ModelXX is controlled by managers.,"ControlledBy(x, manager)",True,1215,"all:x ((devices(x) & belongto(x, company)) :- connectto(x, googlehome))
all:x ((devices(x) & with(x, companylogo)) :- belongto(x, company))
all:x ((devices(x) :- (with(x, companylogo) ^ belongto(x, employee)))
all:x ((devices(x) & belongto(x, employee)) :- canbeconnectedto(x, wifi))
all:x ((devices(x) & connectto(x, googlehome)) :- controlledby(x, manager))
all:x ((devices(x) & canbeconnectedto(x, wifi)) :- easytooperate(x))
all:x ((devices(x) & easytooperate(x)) :- producedafternewctoappointed(x, company))
devices(modelxx) & (~producedafternewctoappointed(modelxx, company))","controlledby(x, manager)"
507,69,"Brian Winter is a Scottish football referee.
After being injured, Brian Winter retired in 2012.
Brian Winter was appointed as a referee observer after his retirement.
Some football referees become referee observers.
The son of Brian Winter, Andy Winter, is a football player who plays for Hamilton Academical.","Scottish(brianWinter) ∧ FootballReferee(brianWinter)
Retired(brianWinter) ∧ RetiredIn(brianWinter, yr2012)
RefereeObserver(brianWinter)
∃x (FootballReferee(x) ∧ RefereeObserver(x))
SonOf(andyWinter, brianWinter) ∧ FootballPlayer(andyWinter) ∧ PlaysFor(andyWinter, hamiltonAcademical)",There is a son of a referee observer that plays football.,"∃x ∃y(SonOf(x, y) ∧ RefereeObserver(y) ∧ FootballPlayer(x))",True,204,"scottish(brianwinter) & footballreferee(brianwinter)
retired(brianwinter) & retiredin(brianwinter, yr2012)
refereeobserver(brianwinter)
x (footballreferee(x) & refereeobserver(x))
sonof(andywinter, brianwinter) & footballplayer(andywinter) & playsfor(andywinter, hamiltonacademical)","x y(sonof(x, y) & refereeobserver(y) & footballplayer(x))"
508,325,"All professional soccer defenders are professional soccer players.
No professional soccer players are professional basketball players.
All professional centerbacks are professional soccer defenders.
All NBA players are professional basketball players.
Stephen Curry is an NBA player.","∀x ((Professional(x) ∧ Defender(x)) → (Professional(x) ∧ SoccerPlayer(x)))
∀x ((Professional(x) ∧ SoccerPlayer(x)) → ¬(Professional(x) ∧ BasketballPlayer(x)))
∀x ((Professional(x) ∧ CenterBack(x)) → (Professional(x) ∧ Defender(x))
∀x (NBAPlayer(x) → (Professional(x) ∧ BasketballPlayer(x)))
NBAPlayer(stephenCurry)",Stephen Curry is a professional basketball player.,Professional(stephenCurry) ∧ BasketballPlayer(stephenCurry),Uncertain,831,"all:x ((professional(x) & defender(x)) :- (professional(x) & soccerplayer(x)))
all:x ((professional(x) & soccerplayer(x)) :- ~(professional(x) & basketballplayer(x)))
all:x ((professional(x) & centerback(x)) :- (professional(x) & defender(x))
all:x (nbaplayer(x) :- (professional(x) & basketballplayer(x)))
nbaplayer(stephencurry)",professional(stephencurry) & basketballplayer(stephencurry)
509,387,"If some diseases require a medical diagnosis, then lab tests or imaging is required. 
All rare diseases require a medical diagnosis.
If a disease is mild, then no lab tests or imaging is required. 
All blood cancers are rare diseases.
All types of leukemia are diseases and blood cancers. 
Bladder cancer is a disease and is blood cancer or Leukemia.","∀x (Disease(x) ∧ Require(x, medicalDiagnosis) → RequiredFor(labTest, x) ∨ RequiredFor(imaging, x)) 
∀x (RareDisease(x) → Require(x, medicalDiagnosis))
∀x (Disease(x) ∧ Mild(x) → ¬(RequiredFor(labTest, x) ∨ RequiredFor(imaging, x))) 
∀x (BloodCancer(x) → RareDiseases(x))
∀x (Disease(x) ∧ Leukemia(x) → BloodCancer(x))
Disease(bladderCancer) ∧ (BloodCancer(bladderCancer) ∨ Leukemia(bladderCancer))",Bladder cancer is a mild disease.,Mild(bladderCancer),False,1035,"all:x (disease(x) & require(x, medicaldiagnosis) :- requiredfor(labtest, x) | requiredfor(imaging, x)) 
all:x (raredisease(x) :- require(x, medicaldiagnosis))
all:x (disease(x) & mild(x) :- ~(requiredfor(labtest, x) | requiredfor(imaging, x))) 
all:x (bloodcancer(x) :- rarediseases(x))
all:x (disease(x) & leukemia(x) :- bloodcancer(x))
disease(bladdercancer) & (bloodcancer(bladdercancer) | leukemia(bladdercancer))",mild(bladdercancer)
510,323,"No disposable products can help slow down global warming. 
All eco-friendly brands can help slow down global warming. 
All sustainable fashion brands are eco-friendly brands.
All fast fashion products are disposable products.
If Reformation is not helping slow down global warming, then Reformation is an eco-friendly brand or a sustainable fashion brand.","∀x (Disposable(x) ∧ Product(x) → ¬HelpSlowDown(x, globalWarming))
∀x (EcoFriendly(x) ∧ Brand(x) → Help(x, slowDownGlobalWarming))
∀x (Sustainable(x) ∧ FashionBrand(x) → EcoFriendly(x) ∧ Brand(x))
∀x (FastFashion(x) ∧ Product(x) → Disposable(x) ∧ Product(x)) 
¬HelpSlowDown(reformation, globalWarming) → (EcoFriendly(reformation) ∧ Brand(reformation)) ∨ (Sustainable(reformation) ∧ FashionBrand(reformation))","If Reformation produces fast fashion products or helps slow down global warming, then Reformation produces fast fashion products.","(FastFashion(reformation) ∧ Product(reformation)) ∨ ¬HelpSlowDown(reformation, globalWarming)",False,827,"all:x (disposable(x) & product(x) :- ~helpslowdown(x, globalwarming))
all:x (ecofriendly(x) & brand(x) :- help(x, slowdownglobalwarming))
all:x (sustainable(x) & fashionbrand(x) :- ecofriendly(x) & brand(x))
all:x (fastfashion(x) & product(x) :- disposable(x) & product(x)) 
~helpslowdown(reformation, globalwarming) :- (ecofriendly(reformation) & brand(reformation)) | (sustainable(reformation) & fashionbrand(reformation))","(fastfashion(reformation) & product(reformation)) | ~helpslowdown(reformation, globalwarming)"
511,119,"Evangelos Eleftheriou is a Greek electrical engineer.
Evangelos Eleftheriou worked for IBM in Zurich.
If a company has employees working for them somewhere, then they have an office there.
IBM is a company.","Greek(evangelosEleftheriou) ∧ ElectricalEngineer(evangelosEleftheriou)
WorkForIn(evangelosEleftheriou, iBM, zurich)
∀x ∀x ∀z (Company(x) ∧ WorkForIn(y, x, z) → HaveOfficeIn(x, z))
Company(ibm)",No Greeks have worked for IBM.,"∀x (Greek(x) → ¬WorkFor(x, ibm))",False,359,"greek(evangeloseleftheriou) & electricalengineer(evangeloseleftheriou)
workforin(evangeloseleftheriou, ibm, zurich)
all:x all:x all:z (company(x) & workforin(y, x, z) :- haveofficein(x, z))
company(ibm)","all:x (greek(x) :- ~workfor(x, ibm))"
512,391,"All imaginative processes that Dan knows are results of creative processes.
All science fiction that Dan knows comes from an imaginative process.
Everthing that Dan knows comes from either science-fiction or realistic fiction.
No facts that Dan knows have proven to be false.
Dan knows that Dune is science fiction or has proven to be false.","∀x ((Knows(dan, x) ∧ ImaginativeProcess(x)) → ResultOf(x, creativeProcess))
∀x ((Knows(dan, x) ∧ ScienceFiction(x)) → ImaginativeProcess(x)) 
∀x (Knows(dan, x) → (ScienceFiction(x) ⊕ RealisticFiction(x)))
∀x ((Knows(dan, x) ∧ Fact(x)) → ¬ProvedToBe(x, false)) 
(Knows(dan, dune) ∧ ScienceFiction(dune)) ∨ ProvedToBe(dune, false))",Dune is either a result of creative processes or came from an imaginative process.,"ResultOf(dune, creativeProcess) ⊕ ImaginativeProcess(dune)",False,1049,"all:x ((knows(dan, x) & imaginativeprocess(x)) :- resultof(x, creativeprocess))
all:x ((knows(dan, x) & sciencefiction(x)) :- imaginativeprocess(x)) 
all:x (knows(dan, x) :- (sciencefiction(x) ^ realisticfiction(x)))
all:x ((knows(dan, x) & fact(x)) :- ~provedtobe(x, false)) 
(knows(dan, dune) & sciencefiction(dune)) | provedtobe(dune, false))","resultof(dune, creativeprocess) ^ imaginativeprocess(dune)"
513,422,"All customers in James' family who subscribe to AMC A-List are eligible to watch three movies every week without any additional fees. 
Some of the customers in James' family go to the cinema every week.
Customers in James' family subscribe to AMC A-List or HBO service. 
Customers in James' family who prefer TV series will not watch TV series in cinemas.
All customers in James' family who subscribe to HBO services prefer TV series to movies. 
Lily is in James' family; she watches TV series in cinemas. ","∀x ((Customer(x) ∧ In(x, jameSFamily) ∧ SubscribedTo(x, aMCAList)) →  EligibleForThreeFreeMoviesEveryWeekWithoutAdditionalFees(x))
∃x ∃y (Customer(x) ∧ In(x, jameSFamily) ∧ GoToEveryWeek(x, cinema) ∧ (¬(x=y)) ∧ Customer(y) ∧ In(y, jameSFamily) ∧ GoToEveryWeek(y, cinema))
∀x (Customer(x) ∧ In(x, jameSFamily) ∧ (SubscribedTo(x, aMCAList) ∨ SubscribedTo(x, hBO)))
∀x ((Customer(x) ∧ In(x, jameSFamily) ∧ Prefer(x, tVSeries)) → (¬WatchIn(x, tV, cinema)))
∀x ((Customer(x) ∧ In(x, jameSFamily) ∧  SubscribedTo(x, hBO)) → Prefer(x, tVSeries))
Customer(lily) ∧ In(lily, jameSFamily ∧ WatchIn(lily, tV, cinema)",Lily does not go to cinemas every week.,"¬GoToEveryWeek(lily, cinema)",Uncertain,1193,"all:x ((customer(x) & in(x, jamesfamily) & subscribedto(x, amcalist)) :-  eligibleforthreefreemovieseveryweekwithoutadditionalfees(x))
x y (customer(x) & in(x, jamesfamily) & gotoeveryweek(x, cinema) & (~(x=y)) & customer(y) & in(y, jamesfamily) & gotoeveryweek(y, cinema))
all:x (customer(x) & in(x, jamesfamily) & (subscribedto(x, amcalist) | subscribedto(x, hbo)))
all:x ((customer(x) & in(x, jamesfamily) & prefer(x, tvseries)) :- (~watchin(x, tv, cinema)))
all:x ((customer(x) & in(x, jamesfamily) &  subscribedto(x, hbo)) :- prefer(x, tvseries))
customer(lily) & in(lily, jamesfamily & watchin(lily, tv, cinema)","~gotoeveryweek(lily, cinema)"
514,395,"All velvet-finish lipsticks in the Rouge Dior set, Lunar New Year Limited Edition are refillable.
Lipsticks in the Rouge Dior set, Lunar New Year Limited Edition have either a velvet-finish or a satin-finish.
No satin-finish lipsticks in the set do not have ""rosewood"" in its offical description. 
Lipstcks in the Rouge Dior set, Lunar New Year Limited Edition either does not have ""rosewood"" in its offical description or it has ""rosewood"" in its official description. 
ROUGE Dior Colored Lip Balm 999 is a lipstick in the set, and it either has ""rosewood"" in its official description or has a velvet finish.","∀x ((Lipstick(x) ∧ In(x, rougeDiorSet) ∧ In(x, lunarNewYearLimitedEdition) ∧ VelvetFinish(x)) → Refillable(x))
∀x ((Lipstick(x) ∧ In(x, rougeDiorSet) ∧ In(x, lunarNewYearLimitedEdition)) → (VelvetFinish(x) ⊕ SatinFinish(x))
∀x ((Lipstick(x) ∧ In(x, rougeDiorSet) ∧ In(x, lunarNewYearLimitedEdition) ∧ SatinFinish(x)) → ¬RosewoodInDescription(x))
∀x ((Lipstick(x) ∧ In(x, rougeDiorSet) ∧ In(x, lunarNewYearLimitedEdition)) → (RosewoodInDescription(x) ⊕ ¬RosewoodInDescription(x)))
Lipstick(rougeDiorColoredLipBalm999) ∧ In(rougeDiorColoredLipBalm999, rougeDiorSet) ∧ In(rougeDiorColoredLipBalm999, lunarNewYearLimitedEdition) ∧ (RosewoodInDescription(rougeDiorColoredLipBalm999) ⊕ VelvetFinish(rougeDiorColoredLipBalm999))","ROUGE Dior Colored Lip Balm 999 has a satin finish and has ""rosewood"" in its official description.",Refillable(rougeDiorColoredLipBalm999) ∧ RosewoodInDescription(rougeDiorColoredLipBalm999),True,1069,"all:x ((lipstick(x) & in(x, rougediorset) & in(x, lunarnewyearlimitededition) & velvetfinish(x)) :- refillable(x))
all:x ((lipstick(x) & in(x, rougediorset) & in(x, lunarnewyearlimitededition)) :- (velvetfinish(x) ^ satinfinish(x))
all:x ((lipstick(x) & in(x, rougediorset) & in(x, lunarnewyearlimitededition) & satinfinish(x)) :- ~rosewoodindescription(x))
all:x ((lipstick(x) & in(x, rougediorset) & in(x, lunarnewyearlimitededition)) :- (rosewoodindescription(x) ^ ~rosewoodindescription(x)))
lipstick(rougediorcoloredlipbalm999) & in(rougediorcoloredlipbalm999, rougediorset) & in(rougediorcoloredlipbalm999, lunarnewyearlimitededition) & (rosewoodindescription(rougediorcoloredlipbalm999) ^ velvetfinish(rougediorcoloredlipbalm999))",refillable(rougediorcoloredlipbalm999) & rosewoodindescription(rougediorcoloredlipbalm999)
515,113,"Roversi is an Italian surname.
Alba Roversi uses Roversi as a surname.
Paolo Roversi uses Roversi as a surname.
Roberto Roversi uses Roversi as a surname.
Paolo Roversi is a photographer.
A photographer is a professional or an amateur.","ItalianName(roversi) ∧ Surname(roversi)
UseAsSurname(albaRoversi, roversi)
UseAsSurname(paoloRoversi, roversi)
UseAsSurname(robertoRoversi, roversi)
Photographer(paoloRoversi)
∀x (Photographer(x) → Professional(x) ⊕ Amateur(x))",There are no photographers using an Italian surname.,"¬(∃x ∃y (Photographer(x) ∧ ItalianName(y) ∧ Surname(y) ∧ UseAsSurname(x, y)))",False,342,"italianname(roversi) & surname(roversi)
useassurname(albaroversi, roversi)
useassurname(paoloroversi, roversi)
useassurname(robertoroversi, roversi)
photographer(paoloroversi)
all:x (photographer(x) :- professional(x) ^ amateur(x))","~(x y (photographer(x) & italianname(y) & surname(y) & useassurname(x, y)))"
516,252,"For a country, if effective monetary policy is possible, it must have successful inflation control and a strong national currency.
A country cannot simultaneously regulate the exchange rate and successfully control inflation.
The introduction of an embargo on foreign trade goods in a country leads to a sharp decrease in exports.
If exports fall sharply, this country's national currency cannot be strong.
Inflation control is required to have a strong national currency. 
There is an embargo on Russian foreign trade goods.","∀x (Country(x) ∧ PossibleEffectiveMonetaryPolicy(x) → SuccessfulInflationControl(x) ∧ StongNationalCurrency(x))
¬(∃x (Country(x) ∧ SuccessfulInflationControl(x) ∧ RegulateExchangeRate(x)))
∀x (IntroductionOfOn(x, embargo, foreightTradeGoods) → SharpDecreasesInExport(x))
∀x (SharpDecreasesInExport(x) → ¬StongNationalCurrency(x))
∀x (InflationControl(x) → StongNationalCurrency(x))
IntroductionOfOn(russia, embargo, foreightTradeGoods)","In Russia, an effective monetary policy is possible.",PossibleEffectiveMonetaryPolicy(russia),False,696,"all:x (country(x) & possibleeffectivemonetarypolicy(x) :- successfulinflationcontrol(x) & stongnationalcurrency(x))
~(x (country(x) & successfulinflationcontrol(x) & regulateexchangerate(x)))
all:x (introductionofon(x, embargo, foreighttradegoods) :- sharpdecreasesinexport(x))
all:x (sharpdecreasesinexport(x) :- ~stongnationalcurrency(x))
all:x (inflationcontrol(x) :- stongnationalcurrency(x))
introductionofon(russia, embargo, foreighttradegoods)",possibleeffectivemonetarypolicy(russia)
517,196,"ETS develops various standardized tests primarily in the United States for K-12 and higher education. 
ETS administers international tests, including the TOEFL, TOEIC, GRE, and subject tests.
Many of the assessments ETS develops are associated with entry to the US tertiary and quaternary education institutions. 
ETS also develops K-12 statewide assessments used for accountability testing in many states.","∃x ∃y (Develop(eTS, x) ∧ Develop(eTS, y) ∧ StandardizedTest(x) ∧ StandardizedTest(y) ∧ In(x, unitedState) ∧ In(y, unitedState) ∧ For(x, k12AndHigherEducation) ∧ For(y, k12AndHigherEducation))
∃x (Administer(eTS, x) ∧ InternationalTest(x) ∧ (TOEFL(x) ∨ TOEIC(x) ∨ GRE(x) ∨ SubjectTest(x)))
∃x (Develop(eTS, x) ∧ AssociatedWith(x, entryToUSEducationInstitution))
∃x (Develop(eTS, x) ∧ StateWideAssesment(x) ∧ UsedFor(x, accountabilityTesting))","ETS administers international tests including the TOEFL, GRE and subject tests in China.","∃x (Administer(eTS, x) ∧ InChina(x) ∧ (TOEFL(x) ∨ TOEIC(x) ∨ GRE(x) ∨ SubjectTest(x)))",Uncertain,559,"x y (develop(ets, x) & develop(ets, y) & standardizedtest(x) & standardizedtest(y) & in(x, unitedstate) & in(y, unitedstate) & for(x, k12andhighereducation) & for(y, k12andhighereducation))
x (administer(ets, x) & internationaltest(x) & (toefl(x) | toeic(x) | gre(x) | subjecttest(x)))
x (develop(ets, x) & associatedwith(x, entrytouseducationinstitution))
x (develop(ets, x) & statewideassesment(x) & usedfor(x, accountabilitytesting))","x (administer(ets, x) & inchina(x) & (toefl(x) | toeic(x) | gre(x) | subjecttest(x)))"
518,429,"None of the easy Leetcode problems have an AC rate lower than 20 percent. 
All Leetcode problems recommended to novices are easy. 
Leetcode problems either have an AC rate lower than 20 percent or are starred by more than 1 thousand users. 
All hard Leetcode problems are starred by more than 1,000 users. 
No Leetcode problems published after 2022 are starred by more than 1,000 users. 
'2Sum' is not both hard and also recommended to novices.
'4Sum' is either starred by more than 1,000 users and published after 2022, or it is neither. ","∀x ((LeetcodeProblems(x) ∧ Easy(x)) → ¬HaveAnACRateLowerThan(x, percent20))
∀x ((LeetcodeProblems(x) ∧ RecommendedTo(x, novices)) → Easy(x))
∀x (LeetcodeProblems(x) → HaveAnACRateLowerThan(x, percent20) ⊕ StarredByMoreThan(x, num1000))
∀x ((LeetcodeProblems(x) ∧ Hard(x)) → StarredByMoreThan(x, num1000))
∀x ((LeetcodeProblems(x) ∧ PublishedAfter(x, yr2022)) → (¬StarredByMoreThan(x, num1000)))
¬(RecommendedTo(twosum, novices) ∧ Hard(twosum)) ∧ LeetcodeProblems(twosum)
¬(StarredByMoreThan(foursum, num1000) ⊕ PublishedAfter(foursum, yr2022)) ∧ LeetcodeProblems(twosum)",2Sum is not an easy Leetcode problem.,¬(LeetcodeProblems(twosum) ∧ Easy(twosum)),Uncertain,1220,"all:x ((leetcodeproblems(x) & easy(x)) :- ~haveanacratelowerthan(x, percent20))
all:x ((leetcodeproblems(x) & recommendedto(x, novices)) :- easy(x))
all:x (leetcodeproblems(x) :- haveanacratelowerthan(x, percent20) ^ starredbymorethan(x, num1000))
all:x ((leetcodeproblems(x) & hard(x)) :- starredbymorethan(x, num1000))
all:x ((leetcodeproblems(x) & publishedafter(x, yr2022)) :- (~starredbymorethan(x, num1000)))
~(recommendedto(twosum, novices) & hard(twosum)) & leetcodeproblems(twosum)
~(starredbymorethan(foursum, num1000) ^ publishedafter(foursum, yr2022)) & leetcodeproblems(twosum)",~(leetcodeproblems(twosum) & easy(twosum))
519,160,"Common utilities include water, electricity, gas, heating, sewer, trash, and recycling.
Many apartment rents cover the cost of water and electricity.
Susan lives in an apartment where the rent covers all utilities.
The rent of the apartment where Ava lives does not cover any utility expenses.
Noah lives in an apartment where the rent does not cover heating.","CommonUtilities(water) ∧ CommonUtilities(electricity) ∧ CommonUtilities(gas) ∧ CommonUtilities(heating)
∃x (Apartment(x) ∧ Cover(x, water) ∧ Cover(x, electricity))
∀x (Apartment(x) ∧ LiveIn(susan, x) ∧ Cover(x, water) ∧ Cover(x, electricity) ∧ Cover(x, gas) ∧ Cover(x, heating))
∀x (Apartment(x) ∧ LiveIn(ava, x) ∧ ¬Cover(x, water) ∧ ¬Cover(x, electricity) ∧ ¬Cover(x, gas) ∧ ¬Cover(x, heating))
∀x (Apartment(x) ∧ LiveIn(noah, x) ∧ ¬Cover(x, heating))",Noah needs to pay the water bill.,"∀x (Apartment(x) ∧ LiveIn(noah, x) ∧ ¬Cover(x, water))",Uncertain,458,"commonutilities(water) & commonutilities(electricity) & commonutilities(gas) & commonutilities(heating)
x (apartment(x) & cover(x, water) & cover(x, electricity))
all:x (apartment(x) & livein(susan, x) & cover(x, water) & cover(x, electricity) & cover(x, gas) & cover(x, heating))
all:x (apartment(x) & livein(ava, x) & ~cover(x, water) & ~cover(x, electricity) & ~cover(x, gas) & ~cover(x, heating))
all:x (apartment(x) & livein(noah, x) & ~cover(x, heating))","all:x (apartment(x) & livein(noah, x) & ~cover(x, water))"
520,74,"Camp Davern is a traditional summer camp for boys and girls.
Camp Davern was established in the year 1946.
Camp Davern was operated by the YMCA until the year 2015.
Camp Davern is an old summer camp.","TraditionalSummerCamp(campDavern) ∧ ForBoysAndGirls(campDavern)
EstablishedIn(campDavern, year1946)
OperatedUntil(yMCA, campDavern, year2015)
Old(campDavern)",Camp Davern was established in 1989.,"EstablishedIn(campdavern, year1989)",Uncertain,227,"traditionalsummercamp(campdavern) & forboysandgirls(campdavern)
establishedin(campdavern, year1946)
operateduntil(ymca, campdavern, year2015)
old(campdavern)","establishedin(campdavern, year1989)"
521,113,"Roversi is an Italian surname.
Alba Roversi uses Roversi as a surname.
Paolo Roversi uses Roversi as a surname.
Roberto Roversi uses Roversi as a surname.
Paolo Roversi is a photographer.
A photographer is a professional or an amateur.","ItalianName(roversi) ∧ Surname(roversi)
UseAsSurname(albaRoversi, roversi)
UseAsSurname(paoloRoversi, roversi)
UseAsSurname(robertoRoversi, roversi)
Photographer(paoloRoversi)
∀x (Photographer(x) → Professional(x) ⊕ Amateur(x))",Alba Roversi uses an Italian surname.,"∃x (ItalianName(x) ∧ Surname(x) ∧ UseAsSurname(albaRoversi, x))",True,341,"italianname(roversi) & surname(roversi)
useassurname(albaroversi, roversi)
useassurname(paoloroversi, roversi)
useassurname(robertoroversi, roversi)
photographer(paoloroversi)
all:x (photographer(x) :- professional(x) ^ amateur(x))","x (italianname(x) & surname(x) & useassurname(albaroversi, x))"
522,75,"Robert Zimmer was a philosopher born in Germany.
Robert Zimmer is an essayist.
Robert Zimmer was born in 1953.
Every essayist is a writer.","BornIn(robertZimmer, germany) ∧ Philosopher(robertZimmer)
Essayist(robertZimmer)
BornIn(robertZimmer, yr1953)
∀x (Essayist(x) → Writer(x))",Robert Zimmer is German.,"BornIn(robertZimmer, germany)",Uncertain,228,"bornin(robertzimmer, germany) & philosopher(robertzimmer)
essayist(robertzimmer)
bornin(robertzimmer, yr1953)
all:x (essayist(x) :- writer(x))","bornin(robertzimmer, germany)"
523,405,"Everyone who works in the office is a commuter. 
People either work in the office or work from home.
Everyone who works from home has a relaxed schedule.
George is either a commuter or has a home office setup. 
If George is either a person who works from home or has a home office setup, then George is a commuter and is not a person who works from home.","∀x (WorkIn(x, office) → Commuter(x))
∀x (WorkIn(x, office) ⊕ WorkFrom(x, home))
∀x (WorkFrom(x, home) → Have(x, relaxedSchedule))
Commuter(george) ⊕ Have(george, homeOffice)
(WorkFrom(george, home) ⊕ Have(george, homeOffice)) → ¬WorkFrom(george, home) ∧ Commuter(george)","If George is not a person who works from home and a person who works in the office, then George is neither a commuter nor a person who has a relaxed schedule.","¬(WorkFrom(george, home) ∧ WorkIn(george, office)) → ¬(Commuter(george) ∨ Have(george, relaxedSchedule))",False,1124,"all:x (workin(x, office) :- commuter(x))
all:x (workin(x, office) ^ workfrom(x, home))
all:x (workfrom(x, home) :- have(x, relaxedschedule))
commuter(george) ^ have(george, homeoffice)
(workfrom(george, home) ^ have(george, homeoffice)) :- ~workfrom(george, home) & commuter(george)","~(workfrom(george, home) & workin(george, office)) :- ~(commuter(george) | have(george, relaxedschedule))"
524,48,"Douglas Adams is an author who created the book collection called The Salmon of Doubt. 
The Salmon of Doubt is about life experiences and technology.
All authors are writers.
Writers create innovative ideas.
Some books that contain innovative ideas are about technology.","Author(douglasAdams) ∧ Authored(douglasAdams, theSalmonOfDoubt) ∧ Book(theSalmonOfDoubt)
About(theSalmonOfDoubt, lifeExperience) ∧ About(theSalmonOfDoubt, technology)
∀x (Author(x) → Writer(x))
∀x (Writer(x) → Create(x, innovativeIdea))
∃x ∃y (Contain(x, innovativeIdea) ∧ About(x, technology) ∧ (¬(x=y)) ∧ (Contain(y, innovativeIdea) ∧ About(y, technology)))",Douglas Adams is a writer.,Writer(douglasAdams),True,138,"author(douglasadams) & authored(douglasadams, thesalmonofdoubt) & book(thesalmonofdoubt)
about(thesalmonofdoubt, lifeexperience) & about(thesalmonofdoubt, technology)
all:x (author(x) :- writer(x))
all:x (writer(x) :- create(x, innovativeidea))
x y (contain(x, innovativeidea) & about(x, technology) & (~(x=y)) & (contain(y, innovativeidea) & about(y, technology)))",writer(douglasadams)
525,281,"All bears in zoos are not wild. 
Some bears are in zoos. ","∀x ((Bear(x) ∧ In(x, zoo)) → ¬Wild(x))
∃x ∃y (Bear(x) ∧ Bear(y) ∧ In(x, zoo) ∧ In(y, zoo) ∧ ¬(x=y))",Not all bears are wild.,∃x (Bear(x) ∧ ¬Wild(x)),True,725,"all:x ((bear(x) & in(x, zoo)) :- ~wild(x))
x y (bear(x) & bear(y) & in(x, zoo) & in(y, zoo) & ~(x=y))",x (bear(x) & ~wild(x))
526,23,"All books written by Cixin Liu have sold more than 1 million copies. 
Some books that have won the Hugo Award were written by Cixin Liu.
All books about the future are forward-looking.
The book Three-Body Problem has sold more than 1 million copies.
The Three-Body Problem is about the future.","∀x ((Book(x) ∧ WrittenBy(x, cixinLiu)) → ∃y(MoreThan(y, oneMillion) ∧ Sold(x,y)))
∃x (Won(x, hugoAward) ∧ Book(x) ∧ WrittenBy(x, cixinLiu))
∀x ((Book(x) ∧ AboutFuture(x)) → FowardLooking(x))
Book(threeBodyProblem) ∧ ∃y(MoreThan(y, oneMillion) ∧ Sold(threeBodyProblem,y))
AboutFuture(threeBodyProblem)",The Three-Body Problem is forward-looking.,AboutFuture(threeBodyProblem),True,67,"all:x ((book(x) & writtenby(x, cixinliu)) :- y(morethan(y, onemillion) & sold(x,y)))
x (won(x, hugoaward) & book(x) & writtenby(x, cixinliu))
all:x ((book(x) & aboutfuture(x)) :- fowardlooking(x))
book(threebodyproblem) & y(morethan(y, onemillion) & sold(threebodyproblem,y))
aboutfuture(threebodyproblem)",aboutfuture(threebodyproblem)
527,24,"If a Leetcode problem is at the easy level, then its AC rate is lower than 20 percent. 
All Leetcode problems that are recommended to novices are easy. 
A Leetode problem is either easy or hard.
Leetcode problems that are starred by more than one thousand users are hard.
2Sum is recommended to novices. 
4Sum is starred by more than 1,000 users.","∀x (Easy(x) → ∃y (LessThan(y, percent20) ∧ ACRate(x,y)))
∀x (Recommended(x) → Easy(x))
∀x (Easy(x) ⊕ Hard(x))
∀x (Starred(x)) → Hard(x))
Recommended(twosum) 
Starred(foursum)",2Sum is a Leetcode problem at the easy level.,Easy(twosum),True,69,"all:x (easy(x) :- y (lessthan(y, percent20) & acrate(x,y)))
all:x (recommended(x) :- easy(x))
all:x (easy(x) ^ hard(x))
all:x (starred(x)) :- hard(x))
recommended(twosum) 
starred(foursum)",easy(twosum)
528,28,"Jason Kramer is an American music supervisor.
Some American radio personalities are also music supervisors. 
Anyone who hosts a show on a public radio station is a radio personality.
Joe Rogan is a radio personality.
Jason Kramer hosted a show on a public radio station.","MusicSupervisor(jasonKramer) ∧ American(jasonKramer)
∃x ∃y (American(x) ∧ MusicSupervisor(x) ∧ RadioPersonality(x) ∧ (¬(x=y)) ∧ American(y) ∧ MusicSupervisor(y) ∧ RadioPersonality(y))
∀x ∀y((HostShowOn(x, y) ∧ PublicRadioStation(x)) → RadioPersonality(x))
RadioPersonality(joeRogan)
∃x(HostShowOn(jasonKramer, x) ∧ PublicRadioStation(x))",Joe Rogan is American.,American(joeRogan),Uncertain,80,"musicsupervisor(jasonkramer) & american(jasonkramer)
x y (american(x) & musicsupervisor(x) & radiopersonality(x) & (~(x=y)) & american(y) & musicsupervisor(y) & radiopersonality(y))
all:x all:y((hostshowon(x, y) & publicradiostation(x)) :- radiopersonality(x))
radiopersonality(joerogan)
x(hostshowon(jasonkramer, x) & publicradiostation(x))",american(joerogan)
529,276,"Drishti is an open-source software.
Open-source software is free to modify.","OpenSourceSoftware(drishti)
∀x (OpenSourceSoftware(x) → FreeToModify(x))",Drishti is free to modify.,FreeToModify(drishti),True,720,"opensourcesoftware(drishti)
all:x (opensourcesoftware(x) :- freetomodify(x))",freetomodify(drishti)
530,21,"The Golden State Warriors are a team from San Francisco.
The Golden State Warriors won the NBA finals.
All teams attending the NBA finals have won many games.
Boston Celtics are a team that lost the NBA finals.
If a team wins the NBA finals, then they will have more income.
If a team wins or loses at the NBA finals, then they are attending the finals.","Team(goldenStateWarriors) ∧ From(goldenStateWarriors, sanFrancisco)
Won(goldenStateWarriors, nbaFinals)
∀x ((Team(x) ∧ Attending(x, nbaFinals)) → WonManyGames(x))
Team(bostonCeltics) ∧ Lost(bostonCeltics, nbaFinals)
∀x ((Team(x) ∧ Won(x, nbaFinals)) → MoreIncome(x))
∀x ((Won(x, nbaFinals) ∨ Lost(x, nbaFinals)) → Attending(x, nbaFinals))",The Boston Celtics have more than 30 years of experience.,HasMoreThanThirtyYearsOfHistory(bostonCeltics),True,61,"team(goldenstatewarriors) & from(goldenstatewarriors, sanfrancisco)
won(goldenstatewarriors, nbafinals)
all:x ((team(x) & attending(x, nbafinals)) :- wonmanygames(x))
team(bostonceltics) & lost(bostonceltics, nbafinals)
all:x ((team(x) & won(x, nbafinals)) :- moreincome(x))
all:x ((won(x, nbafinals) | lost(x, nbafinals)) :- attending(x, nbafinals))",hasmorethanthirtyyearsofhistory(bostonceltics)
531,205,"Oxford Circus is a road junction connecting Oxford Street and Regent Street.
Oxford Street and Regent Street are in London.
John Nash designed a construction on Regent Street.
John Nash designed Oxford Circus.
John Nash is a British architect.
Oxford Circus is the entrance to Oxford Circus tube station, a part of the Central line in 1900.","RoadJunction(oxfordCircus) ∧ Connect(oxfordCircus, oxfordSt, regentSt)
In(oxfordSt, london) ∧ In(regentSt, london)
Designed(nash, construction) ∧ On(construction, regentSt)
Designed(nash, oxfordCircus)
Architect(nash) ∧ British(nash)
EntraceTo(oxfordCircus, tubeStation) ∧ PartOf(tubeStation, centralline) ∧ In(tubeStation, 1900)",Oxford Circus is designed by a British architect.,"∃x (British(x) ∧ Architect(x) ∧ Design(x, oxfordCircus))",True,586,"roadjunction(oxfordcircus) & connect(oxfordcircus, oxfordst, regentst)
in(oxfordst, london) & in(regentst, london)
designed(nash, construction) & on(construction, regentst)
designed(nash, oxfordcircus)
architect(nash) & british(nash)
entraceto(oxfordcircus, tubestation) & partof(tubestation, centralline) & in(tubestation, 1900)","x (british(x) & architect(x) & design(x, oxfordcircus))"
532,238,"Daniel is a software engineer, and he works at Palantir Technologies.
Daniel studied bioengineering during his undergraduate at Rice University.
Daniel’s older sister works at Meta as a technical sourcer. 
Daniel’s dad and older sister both graduated from Stanford University.
Daniel’s dad is a doctor practicing internal medicine at a veteran’s hospital in Minneapolis.","SoftwareEngineer(daniel) ∧ WorksAt(daniel, palantirTechnologies)
Studied(daniel, bioengineering) ∧ UndergraduateAt(daniel, riceUniversity)
WorksAtMeta(danielsOlderSister) ∧ TechnicalSourcer(danielsOlderSister)
 GraduatedFromStanfordUniversity(danielsOlderSister) ∧ GraduatedFromStanfordUniversity(danielsDad)
Doctor(danielsDad) ∧ Practicing(danielsDad, internalMedicine) ∧ PracticingAt(danielsDad, veteransHospital) ∧ In(veteransHospital, minneapolis)",Daniel studied bioengineering as an undergraduate at Rice University.,"Studied(daniel, bioengineering) ∧ UndergraduateAt(daniel, riceUniversity)",True,677,"softwareengineer(daniel) & worksat(daniel, palantirtechnologies)
studied(daniel, bioengineering) & undergraduateat(daniel, riceuniversity)
worksatmeta(danielsoldersister) & technicalsourcer(danielsoldersister)
 graduatedfromstanforduniversity(danielsoldersister) & graduatedfromstanforduniversity(danielsdad)
doctor(danielsdad) & practicing(danielsdad, internalmedicine) & practicingat(danielsdad, veteranshospital) & in(veteranshospital, minneapolis)","studied(daniel, bioengineering) & undergraduateat(daniel, riceuniversity)"
533,369,"Everybody in Emma's family who upgrade to the newest iPhone model every year, are not saving money for a down payment on a new house.
Everybody in Emma's family who enjoy reading about tech specs and keeping up to date on the latest technology upgrade to the newest iPhone model every year.
Everybody in Emma's family is saving money for a down payment on a new house, or lives in an apartment in a big metropolitan cities.
Everybody in Emma's family live with at least one roommate, does not own any pets.
Everybody in Emma's family who owns at least one pet lives with at least one roommate.
Emily is in Emma's family.
If Emily does not both own at least one pet and lives in apartments in big metropolitan cities, then Emily either owns at least one pet and lives in an apartment in big metropolitan cities, or she neither owns a pet nor lives in an apartment in big metropolitan cities. ","∀x (InEmmasFamily(x) ∧ UpgradeToEveryYear(x, newestIphoneModel) → ¬SavingMoneyForOn(x, downPayment, newHouse))
∀x (InEmmasFamily(x) ∧ EnjoyReading(x, techSpec) ∧ KeepUpdatedOn(x, latestTechnology) → UpgradeToEveryYear(x, newestIphoneModel))
∀x (InEmmasFamily(x) ∧ (SavingMoneyForOn(x, downPayment, newHouse) ∨ LiveIn(x, apartment, bigMetropolitanCity)))
∀x (InEmmasFamily(x) ∧ (∃y (LiveWith(x, y) ∧ Roommate(y))) → ¬(∃y (Own(x, y) ∧ Pet(y))))
∀x (InEmmasFamily(x) ∧ (∃y (Own(x, y) ∧ Pet(y))) → (∃y (LiveWith(x, y) ∧ Roommate(y))))
InEmmasFamily(emily)
((∃y (Own(emily, y) ∧ Roommate(y))) ∧ LiveIn(emily, apartment, bigMetropolitanCity)) → ((∃y (Own(emily, y) ∧ Pet(y))) ∧ LiveIn(emily, apartment, bigMetropolitanCity)) ⊕ ¬((∃y (Own(emily, y) ∧ Roommate(y))) ∨ LiveIn(emily, apartment, bigMetropolitanCity))",Emily is in Emma's family and she lives with at least one roommate.,"∃y (LiveWith(emily, y) ∧ Roommate(y))",Uncertain,982,"all:x (inemmasfamily(x) & upgradetoeveryyear(x, newestiphonemodel) :- ~savingmoneyforon(x, downpayment, newhouse))
all:x (inemmasfamily(x) & enjoyreading(x, techspec) & keepupdatedon(x, latesttechnology) :- upgradetoeveryyear(x, newestiphonemodel))
all:x (inemmasfamily(x) & (savingmoneyforon(x, downpayment, newhouse) | livein(x, apartment, bigmetropolitancity)))
all:x (inemmasfamily(x) & (y (livewith(x, y) & roommate(y))) :- ~(y (own(x, y) & pet(y))))
all:x (inemmasfamily(x) & (y (own(x, y) & pet(y))) :- (y (livewith(x, y) & roommate(y))))
inemmasfamily(emily)
((y (own(emily, y) & roommate(y))) & livein(emily, apartment, bigmetropolitancity)) :- ((y (own(emily, y) & pet(y))) & livein(emily, apartment, bigmetropolitancity)) ^ ~((y (own(emily, y) & roommate(y))) | livein(emily, apartment, bigmetropolitancity))","y (livewith(emily, y) & roommate(y))"
534,398,"All mind-reading is either brain reading or brain decoding. 
All brain decoding that is mind-reading is extracting information from BOLD signals.
No studies that are mind-reading and extract information from BOLD signals are without statistical pattern analysis. 
Writing a novel is without statistical pattern analysis.
If multivoxel (pattern) analysis is without statistical pattern analysis and a brain reading, then multivoxel (pattern) analysis is without statistical pattern analysis and brain decoding.
Multivoxel (pattern) analysis is a type of mind-reading.","∀x (MindReading(x) ∧ (BrainReading(x) ⊕ BrainDecoding(x)))
∀x ((MindReading(x) ∧ BrainDecoding(x)) → ExtractingFrom(x, information, bOLDSignals))
∀x ((MindReading(x) ∧ ExtractingFrom(x, information, bOLDSignals)) → Uses(x, statisticalPatternAnalysis))
∀x (NovelWriting(x) → ¬Uses(x, statisticalPatternAnalysis)) 
MindReading(multivoxelPatternAnalysis) ∧ (¬Uses(multivoxelPatternAnalysis, statisticalPatternAnalysis) ∧ BrainReading(multivoxelPatternAnalysis)) →  (¬Uses(multivoxelPatternAnalysis, statisticalPatternAnalysis) ∧ (¬BrainDecoding(multivoxelPatternAnalysis)))
MindReading(multivoxelPatternAnalysis) ","If multivoxel (pattern) analysis is writing a novel, then multivoxel (pattern) analysis is neither without statistical pattern analysis nor writing a novel.","(MindReading(multivoxelPatternAnalysis) ∧ NovelWriting(multivoxelPatternAnalysis)) → (Uses(multivoxelPatternAnalysis, statisticalPatternAnalysis) ∨ ¬NovelWriting(multivoxelPatternAnalysis))",True,1089,"all:x (mindreading(x) & (brainreading(x) ^ braindecoding(x)))
all:x ((mindreading(x) & braindecoding(x)) :- extractingfrom(x, information, boldsignals))
all:x ((mindreading(x) & extractingfrom(x, information, boldsignals)) :- uses(x, statisticalpatternanalysis))
all:x (novelwriting(x) :- ~uses(x, statisticalpatternanalysis)) 
mindreading(multivoxelpatternanalysis) & (~uses(multivoxelpatternanalysis, statisticalpatternanalysis) & brainreading(multivoxelpatternanalysis)) :-  (~uses(multivoxelpatternanalysis, statisticalpatternanalysis) & (~braindecoding(multivoxelpatternanalysis)))
mindreading(multivoxelpatternanalysis) ","(mindreading(multivoxelpatternanalysis) & novelwriting(multivoxelpatternanalysis)) :- (uses(multivoxelpatternanalysis, statisticalpatternanalysis) | ~novelwriting(multivoxelpatternanalysis))"
535,424,"Customers choose a Prime Video plan or an HBO Max Plan, or both. 
All customers who choose a Prime Video Plan are rewarded with a $30 gift card. 
There are no customers who do not choose any plan. 
None of the customers who are rewarded with a $30 gift card are older than 80.
All the customers are either older than 80 or between the ages of 60 and 80.
James is a customer who is not between the ages of 60 and 80. ","∀x (Customer(x) → (Choose(x, primeVideoPlan) ∨ Choose(x, hBOMaxPlan)))
∀x ((Customer(x) ∧ Choose(x, hBOMaxPlan)) → RewardWith(x, giftCard))
∀x (Customer(x) → (∃y(Plan(y) ∧ Choose(x, y))))
∀x ((Customer(x) ∧ RewardWith(x, giftCard)) → (¬OlderThan(x, num80)))
∀x (Customer(x) → (∃y(GreaterThan(y, num80) ∧ Age(james,y)) ⊕ (∃y(Between(y, num60, num80) ∧ Age(james, y)))))
Customer(james) ∧ (¬∃y(Between(y, num60, num80) ∧ Age(james, y)))","Suppose James is a customer who chooses the Prime Video plan or does not choose any plans, then he is either rewarded a $30 gift card or chooses the HBO Max plan.","Choose(james, planA) ∨ Choose(james, noPlan) → RewardWith(james, giftCard) ⊕ Choose(james, planB)",False,1201,"all:x (customer(x) :- (choose(x, primevideoplan) | choose(x, hbomaxplan)))
all:x ((customer(x) & choose(x, hbomaxplan)) :- rewardwith(x, giftcard))
all:x (customer(x) :- (y(plan(y) & choose(x, y))))
all:x ((customer(x) & rewardwith(x, giftcard)) :- (~olderthan(x, num80)))
all:x (customer(x) :- (y(greaterthan(y, num80) & age(james,y)) ^ (y(between(y, num60, num80) & age(james, y)))))
customer(james) & (~y(between(y, num60, num80) & age(james, y)))","choose(james, plana) | choose(james, noplan) :- rewardwith(james, giftcard) ^ choose(james, planb)"
536,9,"The taiga vole is a large vole found in northwestern North America. 
Cats like playing with all voles.
The taiga vole lives in the boreal taiga zone.
The boreal taiga zone in North America is a cold place to live in.","Vole(taigaVole) ∧ LiveIn(taigaVole, northAmerica)
LikePlayingWith(cat, taigaVole)
LiveIn(taigaVole, borealTaigaZone)
∀x ((LiveIn(x, northAmerica) ∧ LiveIn(x, borealTaigaZone)) → LiveIn(x, coldPlace))",Cats like playing with taiga vole.,"LikePlayingWith(cat, taigaVole)",True,23,"vole(taigavole) & livein(taigavole, northamerica)
likeplayingwith(cat, taigavole)
livein(taigavole, borealtaigazone)
all:x ((livein(x, northamerica) & livein(x, borealtaigazone)) :- livein(x, coldplace))","likeplayingwith(cat, taigavole)"
537,462,"All classrooms in William L. Harkness Hall that are used for lectures are booked during the day. 
None of the classrooms in William L. Harkness Hall are private study spots.
All classrooms in William L. Harkness Hall are used for lectures or used for office hours.
If a classroom in William L. Harkness Hall is booked in the evening, then it is not freely usable at night.
If a classroom in William L. Harkness Hall is used for office hours, then it is booked in the evening.
Room 116 is a classroom in William L. Harkness Hall that is either both used for lecture and used for office hours or not used for either.","∀x (ClassroomIn(x, williamLHarknessHall) ∧ UsedFor(x, lecture) → BookedDuring(x, day))
∀x (ClassroomIn(x, williamLHarknessHall) ∧ ¬PrivateStudySpot(x))
∀x (ClassroomIn(x, williamLHarknessHall) ∧ (UsedFor(x, lecture) ∨ UsedFor(x, officeHours)))
∀x (ClassroomIn(x, williamLHarknessHall) ∧ BookedIn(x, evening) → ¬FreelyUsableAtNight(x))
∀x (ClassroomIn(x, williamLHarknessHall) ∧ UsedFor(x, officeHours) → BookedIn(x, evening))
ClassroomIn(116, williamLHarknessHall) ∧ ¬(UsedFor(116, lecture) ⊕ UsedFor(116, officeHours))",Room 116 is a private study spot.,PrivateStudySpot(room116),False,1333,"all:x (classroomin(x, williamlharknesshall) & usedfor(x, lecture) :- bookedduring(x, day))
all:x (classroomin(x, williamlharknesshall) & ~privatestudyspot(x))
all:x (classroomin(x, williamlharknesshall) & (usedfor(x, lecture) | usedfor(x, officehours)))
all:x (classroomin(x, williamlharknesshall) & bookedin(x, evening) :- ~freelyusableatnight(x))
all:x (classroomin(x, williamlharknesshall) & usedfor(x, officehours) :- bookedin(x, evening))
classroomin(116, williamlharknesshall) & ~(usedfor(116, lecture) ^ usedfor(116, officehours))",privatestudyspot(room116)
538,85,"Diethylcarbamazine is a medication discovered in the year 1947.
Diethylcarbamazine can be used to treat river blindness.
The only preferred treatment for river blindness is ivermectin.
Diethylcarbamazine is not ivermectin.","Medication(diethylcarbamazine) ∧ DiscoversIn(diethylcarbamazine, yr1947)
Treats(diethylcarbamazine, riverBlindness)
PreferredTreatmentFor(riverBlindness, ivermectin)
¬(Is(diethylcarbamazine, ivermectin))",Diethylcarbamazine is used in the treatment of filariasis.,"Treats(diethylcarbamazine, filariasis)",Uncertain,260,"medication(diethylcarbamazine) & discoversin(diethylcarbamazine, yr1947)
treats(diethylcarbamazine, riverblindness)
preferredtreatmentfor(riverblindness, ivermectin)
~(is(diethylcarbamazine, ivermectin))","treats(diethylcarbamazine, filariasis)"
539,200,"Wildfeed exists as an unannounced program.
Wildfeed can be sporting events, news, or syndicated shows.
Pre-recorded content is a copyright violation.
Programs are pre-recorded.","∃x (Wildfeed(x) ∧ Unannounced(x) ∧ Program(x))
∀x (Wildfeed(x) → SportingEvent(x) ∨ News(x) ∨ SyndicatedShow(x))
∀x (Prerecorded(x) → CopyrightViolation(x))
∀x (Program(x) → Prerecorded(x))",Syndicated shows are copyright violations.,∃x (SyndicatedShows(x) ∧ CopyrightViolation(x)),Uncertain,571,"x (wildfeed(x) & unannounced(x) & program(x))
all:x (wildfeed(x) :- sportingevent(x) | news(x) | syndicatedshow(x))
all:x (prerecorded(x) :- copyrightviolation(x))
all:x (program(x) :- prerecorded(x))",x (syndicatedshows(x) & copyrightviolation(x))
540,323,"No disposable products can help slow down global warming. 
All eco-friendly brands can help slow down global warming. 
All sustainable fashion brands are eco-friendly brands.
All fast fashion products are disposable products.
If Reformation is not helping slow down global warming, then Reformation is an eco-friendly brand or a sustainable fashion brand.","∀x (Disposable(x) ∧ Product(x) → ¬HelpSlowDown(x, globalWarming))
∀x (EcoFriendly(x) ∧ Brand(x) → Help(x, slowDownGlobalWarming))
∀x (Sustainable(x) ∧ FashionBrand(x) → EcoFriendly(x) ∧ Brand(x))
∀x (FastFashion(x) ∧ Product(x) → Disposable(x) ∧ Product(x)) 
¬HelpSlowDown(reformation, globalWarming) → (EcoFriendly(reformation) ∧ Brand(reformation)) ∨ (Sustainable(reformation) ∧ FashionBrand(reformation))",Reformation does not produce fast fashion products.,¬(FastFashion(reformation) ∧ Product(reformation)),True,824,"all:x (disposable(x) & product(x) :- ~helpslowdown(x, globalwarming))
all:x (ecofriendly(x) & brand(x) :- help(x, slowdownglobalwarming))
all:x (sustainable(x) & fashionbrand(x) :- ecofriendly(x) & brand(x))
all:x (fastfashion(x) & product(x) :- disposable(x) & product(x)) 
~helpslowdown(reformation, globalwarming) :- (ecofriendly(reformation) & brand(reformation)) | (sustainable(reformation) & fashionbrand(reformation))",~(fastfashion(reformation) & product(reformation))
541,22,"If a customer subscribes to AMC A-List, then he/she can watch 3 movies every week without any additional fees. 
Some customers go to cinemas every week. 
Customers who prefer TV series will not watch TV series in cinemas.
James watches TV series in cinemas. 
James subscribes to AMC A-List.
Peter prefers TV series.","∀x (SubscribedTo(x, aMCAList) → EligibleForThreeFreeMovies(x))
∃x (CinemaEveryWeek(x))
∀x (Prefer(x, tVSeries) → ¬WatchTVIn(x, cinemas))
WatchTVIn(james, cinemas)
SubscribedTo(james, aMCAList)
Prefer(peter, tVSeries)",James cannot watch 3 movies every week without any additional fees.,¬EligibleForThreeFreeMovies(james),False,63,"all:x (subscribedto(x, amcalist) :- eligibleforthreefreemovies(x))
x (cinemaeveryweek(x))
all:x (prefer(x, tvseries) :- ~watchtvin(x, cinemas))
watchtvin(james, cinemas)
subscribedto(james, amcalist)
prefer(peter, tvseries)",~eligibleforthreefreemovies(james)
542,74,"Camp Davern is a traditional summer camp for boys and girls.
Camp Davern was established in the year 1946.
Camp Davern was operated by the YMCA until the year 2015.
Camp Davern is an old summer camp.","TraditionalSummerCamp(campDavern) ∧ ForBoysAndGirls(campDavern)
EstablishedIn(campDavern, year1946)
OperatedUntil(yMCA, campDavern, year2015)
Old(campDavern)",A traditional summer camp for boys and girls was operated by the YMCA until the year 2015.,"∃x (TraditionalSummerCamp(x) ∧ ForBoysAndGirls(x) ∧ OperatedUntil(YMCA, x, year2015))",True,226,"traditionalsummercamp(campdavern) & forboysandgirls(campdavern)
establishedin(campdavern, year1946)
operateduntil(ymca, campdavern, year2015)
old(campdavern)","x (traditionalsummercamp(x) & forboysandgirls(x) & operateduntil(ymca, x, year2015))"
543,451,"People on the payroll are being paid by the school.
If someone has a job at a school, then they are on the payroll.
All faculty members have a job at a school.
If someone teaches students, they are a faculty member or a teacher.
Every teacher has students.
If Nancy is a teacher, then they are on the payroll.
If Nancy is not a teacher, then they are not paid by the school.
Nancy teaches students.","∀x (OnPayroll(x) → PaidBy(x, school))
∀x (HaveJobAt(x, school) → OnPayroll(x))
∀x (FacultyMember(x) → HaveJobAt(x, school))
∀x (Teach(x, student) → FacultyMember(x) ∨ Teacher(x))
∀x (Teacher(x) → Have(x, student))
Teacher(nancy) → OnPayroll(nancy)
¬Teacher(nancy) → ¬OnPayroll(nancy)
Teach(nancy, student)",Nancy is a faculty member.,FacultyMember(nancy),Uncertain,1298,"all:x (onpayroll(x) :- paidby(x, school))
all:x (havejobat(x, school) :- onpayroll(x))
all:x (facultymember(x) :- havejobat(x, school))
all:x (teach(x, student) :- facultymember(x) | teacher(x))
all:x (teacher(x) :- have(x, student))
teacher(nancy) :- onpayroll(nancy)
~teacher(nancy) :- ~onpayroll(nancy)
teach(nancy, student)",facultymember(nancy)
544,308,"No video games released by Nintendo support the PS4 platform.
All video games in the Pokemon series are released by Nintendo. 
All video games in the FIFA series support the PS4 platform. 
All video games that allow users to simulate playing online soccer using licensed players are in the FIFA series.
The video game named “Be Lionel” is in the Pokemon series, or it allows users to simulate playing online soccer games using licensed players.","∀x (VideoGame(x) ∧ ReleasedBy(x, nintendo) → ¬Support(x, pS4))
∀x (VideoGame(x) ∧ In(x, pokemonSeries) → ReleasedBy(x, nintendo))
∀x (VideoGame(x) ∧ In(x, fIFASeries) → Support(x, pS4))
∀x (VideoGame(x) ∧ Simulate(x, onlineSoccer) ∧ Use(x, licensedPlayer) → In(x, fIFASeries))
VideoGame(beLionel) ∧ In(beLionel, pokemonSeries) ∨ (Simulate(beLionel, onlineSoccer) ∧ Use(beLionel, licensedPlayer))","The video game named “Be Lionel” either is in the FIFA series and supports the PS4 platform, or it neither is in the FIFA series nor supports the PS4 platform.","VideoGame(beLionel) ∧  ¬(FIFASeries(beLionel) ⊕ Support(beLionel, pS4))",True,761,"all:x (videogame(x) & releasedby(x, nintendo) :- ~support(x, ps4))
all:x (videogame(x) & in(x, pokemonseries) :- releasedby(x, nintendo))
all:x (videogame(x) & in(x, fifaseries) :- support(x, ps4))
all:x (videogame(x) & simulate(x, onlinesoccer) & use(x, licensedplayer) :- in(x, fifaseries))
videogame(belionel) & in(belionel, pokemonseries) | (simulate(belionel, onlinesoccer) & use(belionel, licensedplayer))","videogame(belionel) &  ~(fifaseries(belionel) ^ support(belionel, ps4))"
545,134,"Islip Speedway is the smallest race track.
There was a demolition derby on the smallest race track.
Islip is either demolished or still being used.
Speedways that are still being used have races held at them.
Islip doesn't have races held at it.","Speedway(islip) ∧ SmallestRaceTrack(islip)
∃x ∃y (DemolitionDerby(x) ∧ SmallestRaceTrack(y) ∧ On(x, y))
Demolished(islip) ⊕ StillUsed(islip)
∀x (Speedway(x) ∧ StillUsed(x) → Have(races, heldAt, x))
¬Have(races, heldAt, islip)",There has been a demolition derby somewhere that has since been demolished.,"∃x ∃y (DemolitionDerby(x) ∧ On(x, y) ∧ Demolished(y))",True,395,"speedway(islip) & smallestracetrack(islip)
x y (demolitionderby(x) & smallestracetrack(y) & on(x, y))
demolished(islip) ^ stillused(islip)
all:x (speedway(x) & stillused(x) :- have(races, heldat, x))
~have(races, heldat, islip)","x y (demolitionderby(x) & on(x, y) & demolished(y))"
546,208,"The Great Lakes are Lake Superior, Lake Michigan, Lake Huron, Lake Erie, and Lake Ontario.
Some major settlements of Lake Erie are in NY, PA, OH, and MI.
NY, PA, OH, and MI are states in the US.
ON is a state of Canada.
There is a major settlement of Lake Huron in ON. 
All states are in their country.
The US is in North America.
The Great Lakes began to form at the end of the Last Glacial Period.","∀x (GreatLake(x) → Superior(x) ⊕ Michigan(x) ⊕ Huron(x) ⊕ Erie(x) ⊕ Ontario(x))
∀x (Erie (x) ∧ MajorSettlement(x) → In(x, nY) ∨ In(x, pA) ∨ In(x, oH) ∨ In(x, mI))
StateOf(nY, uS) ∧ StateOf(pA, uS) ∧ StateOf(oH, uS) ∧ StateOf(mI, uS)
StateOf(oN, canada)
∃x (Huron(x) ∧ MajorSettlement(x) ∧ In(x, oN))
∀x ∀y (StateOf(x, y) → In(x, y))
In(us, northAmerica)
∀x (GreatLake(x) → FormAtEndOf(x, lastGlacialPeriod))",There is a great lake that did not form at the end of the Last Glacial Period.,"∃x (GreatLake(x) ∧ ¬FormAtEndOf(x, lastGlacialPeriod))",False,595,"all:x (greatlake(x) :- superior(x) ^ michigan(x) ^ huron(x) ^ erie(x) ^ ontario(x))
all:x (erie (x) & majorsettlement(x) :- in(x, ny) | in(x, pa) | in(x, oh) | in(x, mi))
stateof(ny, us) & stateof(pa, us) & stateof(oh, us) & stateof(mi, us)
stateof(on, canada)
x (huron(x) & majorsettlement(x) & in(x, on))
all:x all:y (stateof(x, y) :- in(x, y))
in(us, northamerica)
all:x (greatlake(x) :- formatendof(x, lastglacialperiod))","x (greatlake(x) & ~formatendof(x, lastglacialperiod))"
547,233,"Deng Xiaoping served as the paramount leader of the People's Republic of China.
Deng Xiaoping was praised for his reaffirmation of the reform program, as well as the reversion of Hong Kong to Chinese control and the return of Macau.
As the party's Secretary-General under Mao and Vice Premier in the 1950s, Deng Xiaoping presided over the Anti-Rightist Campaign launched by Mao.
Deng Xiaoping became instrumental in China's economic reconstruction following the disastrous Great Leap Forward.
Mao Zedong died in 1976.
After Mao Zedong's death, Deng Xiaoping gradually rose to supreme power.","ParamountLeaderOf(dengXiaoping, peoplesRepublicOfChina)
PraisedFor(dengXiaoping, reaffirmationOfReformProgram) ∧ PraisedFor(dengXiaoping, reversionOfHongKong) ∧ PraisedFor(dengXiaoping, returnOfMacau)
PartysSecretaryGeneral(dengXiaoping) ∧ Under(dengXiaoping, mao) ∧ VicePremierInThe1950s(dengXiaoping) ∧ PresidedOver(dengXiaoping, antiRightistCampaign) ∧ LaunchedBy(antiRightistCampaign, mao)
InstrumentalIn(dengXiaoping, chinasEconomicReconstruction) ∧ Following(chinasEconomicReconstruction, greatLeapForward) ∧ Disastrous(greatLeapForward)
DiedIn(mao, year1976)
GraduallyRoseTo(dengXiaoping, supremePower)",The person instrumental in china's economic reconstruction gradually rose to supreme power.,"∃x (InstrumentalIn(x, chinaseconomicreconstruction) ∧ GraduallyRoseTo(x, supremepower))",True,662,"paramountleaderof(dengxiaoping, peoplesrepublicofchina)
praisedfor(dengxiaoping, reaffirmationofreformprogram) & praisedfor(dengxiaoping, reversionofhongkong) & praisedfor(dengxiaoping, returnofmacau)
partyssecretarygeneral(dengxiaoping) & under(dengxiaoping, mao) & vicepremierinthe1950s(dengxiaoping) & presidedover(dengxiaoping, antirightistcampaign) & launchedby(antirightistcampaign, mao)
instrumentalin(dengxiaoping, chinaseconomicreconstruction) & following(chinaseconomicreconstruction, greatleapforward) & disastrous(greatleapforward)
diedin(mao, year1976)
graduallyroseto(dengxiaoping, supremepower)","x (instrumentalin(x, chinaseconomicreconstruction) & graduallyroseto(x, supremepower))"
548,486,"Everything in Size Town is big or small.
All big things in Size Town are heavy.
All small things in Size Town are light.
All heavy things in Size Town are still.
All light things in Size Town are unstable.
All unstable things in Size Town are changing.
All unstable things in Size Town are unpredictable.
The bird is in Size Town and it is not both heavy and still.","∀x (In(x, sizeTown) → (Big(x) ∨ Small(x)))
∀x (Big(x) ∧ In(x, sizeTown) → Heavy(x))
∀x (Small(x) ∧ In(x, sizeTown) → Light(x))
∀x (Heavy(x) ∧ In(x, sizeTown) → Still(x))
∀x (Light(x) ∧ In(x, sizeTown) → Unstable(x))
∀x (Unstable(x) ∧ In(x, sizeTown) → Changing(x))
∀x (Unstable(x) ∧ In(x, sizeTown) → Unpredictable(x))
In(bird, sizeTown) ∧ ¬(Heavy(bird) ∧ Still(bird))",The bird is unpredictable or changing.,Unpredictable(bird) ∨ Changing(bird),True,1427,"all:x (in(x, sizetown) :- (big(x) | small(x)))
all:x (big(x) & in(x, sizetown) :- heavy(x))
all:x (small(x) & in(x, sizetown) :- light(x))
all:x (heavy(x) & in(x, sizetown) :- still(x))
all:x (light(x) & in(x, sizetown) :- unstable(x))
all:x (unstable(x) & in(x, sizetown) :- changing(x))
all:x (unstable(x) & in(x, sizetown) :- unpredictable(x))
in(bird, sizetown) & ~(heavy(bird) & still(bird))",unpredictable(bird) | changing(bird)
549,223,"David Ha'ivri is a political strategist. 
If you are born in Israel to at least one Israeli parent, you receive Israeli citizenship at birth. 
David Ha'ivri emigrated to the United States from Israel, where he was born to Israeli parents. 
Several Zionist leaders have been elected to the Shomron Regional Municipal council. 
David Ha'ivri is a Zionist leader.","PoliticalStrategist(davidHaivri)
∀x ∃y (BornInIsrael(x) ∧ ParentOf(y, x) ∧ Israeli(y) → Israeli(x))
∃x (EmigratedTo(davidHaivri, america) ∧ BornInIsrael(davidHaivri) ∧ ParentOf(davidHaivri, x) ∧ Israeli(x))
∃x (ZionistLeader(x) ∧ ElectedTo(x, shomronMunicipalCouncil))
ZionstLeader(davidHaivri)",David Ha'ivri is a United States citizen.,American(davidHaivri),Uncertain,630,"politicalstrategist(davidhaivri)
all:x y (borninisrael(x) & parentof(y, x) & israeli(y) :- israeli(x))
x (emigratedto(davidhaivri, america) & borninisrael(davidhaivri) & parentof(davidhaivri, x) & israeli(x))
x (zionistleader(x) & electedto(x, shomronmunicipalcouncil))
zionstleader(davidhaivri)",american(davidhaivri)
550,235,"Westworld is an American science fiction-thriller TV series.
In 2016, a television series named Westworld debuted on HBO.
The TV series Westworld is adapted from the original film in 1973, which was written and directed by Michael Crichton.
The 1973 film Westworld is about robots that malfunction and begin killing human visitors.","American(westworld) ∧ ScienceFictionThriller(westworld)
Debut(westworld, year2016) ∧ TvSeries(westworld)
Adapted(westworld, westworldTheFilm) ∧ Produce(westworldTheFilm, year1973) ∧ Wrote(michael, westworldTheFilm) ∧ Directed(michael, westworldTheFilm)
Film(westworldTheFilm) ∧ About(westworldTheFilm, malfunctioningRobots)",An American TV series debuted in 2016.,"∃x (TVSeries(x) ∧ American(x) ∧ Debut(x, year2016))",True,667,"american(westworld) & sciencefictionthriller(westworld)
debut(westworld, year2016) & tvseries(westworld)
adapted(westworld, westworldthefilm) & produce(westworldthefilm, year1973) & wrote(michael, westworldthefilm) & directed(michael, westworldthefilm)
film(westworldthefilm) & about(westworldthefilm, malfunctioningrobots)","x (tvseries(x) & american(x) & debut(x, year2016))"
551,60,"All buildings in New Haven are not high.
All buildings managed by Yale Housing are located in New Haven. 
All buildings in Manhattans are high. 
All buildings owned by Bloomberg are located in Manhattans. 
All buildings with the Bloomberg logo are owned by Bloomberg. 
Tower A is managed by Yale Housing.
Tower B is with the Bloomberg logo.","∀x (In(x, newHaven) → ¬High(x))
∀x (YaleHousing(x) → In(x, newHaven))
∀x (In(x, manhattan) → High(x))
∀x (Bloomberg(x) → In(x, manhattan))
∀x (BloombergLogo(x) → Bloomberg(x))
YaleHousing(tower-a)
BloombergLogo(tower-b)",Tower A is low.,¬High(tower-a),True,177,"all:x (in(x, newhaven) :- ~high(x))
all:x (yalehousing(x) :- in(x, newhaven))
all:x (in(x, manhattan) :- high(x))
all:x (bloomberg(x) :- in(x, manhattan))
all:x (bloomberglogo(x) :- bloomberg(x))
yalehousing(tower-a)
bloomberglogo(tower-b)",~high(tower-a)
552,486,"Everything in Size Town is big or small.
All big things in Size Town are heavy.
All small things in Size Town are light.
All heavy things in Size Town are still.
All light things in Size Town are unstable.
All unstable things in Size Town are changing.
All unstable things in Size Town are unpredictable.
The bird is in Size Town and it is not both heavy and still.","∀x (In(x, sizeTown) → (Big(x) ∨ Small(x)))
∀x (Big(x) ∧ In(x, sizeTown) → Heavy(x))
∀x (Small(x) ∧ In(x, sizeTown) → Light(x))
∀x (Heavy(x) ∧ In(x, sizeTown) → Still(x))
∀x (Light(x) ∧ In(x, sizeTown) → Unstable(x))
∀x (Unstable(x) ∧ In(x, sizeTown) → Changing(x))
∀x (Unstable(x) ∧ In(x, sizeTown) → Unpredictable(x))
In(bird, sizeTown) ∧ ¬(Heavy(bird) ∧ Still(bird))",The bird is unpredictable and changing.,Unpredictable(bird) ∧ Changing(bird),True,1426,"all:x (in(x, sizetown) :- (big(x) | small(x)))
all:x (big(x) & in(x, sizetown) :- heavy(x))
all:x (small(x) & in(x, sizetown) :- light(x))
all:x (heavy(x) & in(x, sizetown) :- still(x))
all:x (light(x) & in(x, sizetown) :- unstable(x))
all:x (unstable(x) & in(x, sizetown) :- changing(x))
all:x (unstable(x) & in(x, sizetown) :- unpredictable(x))
in(bird, sizetown) & ~(heavy(bird) & still(bird))",unpredictable(bird) & changing(bird)
553,333,"If people have a lot of music decorations in their rooms, they cannot pack and move out of their rooms very easily.
If people have high ambitions and future career goals, then they can pack and move out of their rooms very easily.
If people are big fans of pop bands and singers, then they have a lot of music decorations in their room.
All young teenage girls who attend music festival frequently are big fans of pop bands and singers.
If Sam has high ambitions and future career goals, then Sam is a big fan of pop bands and singers.","∀x (HaveIn(x, aLotOfMusicDecoration, room) → ¬MoveOutEasily(x))
∀x (Ambitious(x) → MoveOutEasily(x))
∀x (BigFanOfMusic(x) → MusicDecorations(x, room))
∀x (AttendFrequently(x, musicFestival) ∧ YoungTeenageGirl(x) → BigFanOfPopBand(x) ∧ BigFanOfPopSinger(x))
Ambitious(sam) → BBigFanOfPopBand(sam) ∧ BigFanOfPopSinger(sam)","If Sam has high ambitions and future career goals and is a young teenage girl attending college, then Sam either does not have high ambitions and future career goals or is not a young teenage girl attending college.","Ambitious(sam) ∧ Attend(sam, festival) ∧ YoungTeenageGirl(sam) → ¬(Ambitious(sam) ∨ (Attend(sam, festival) ∧ YoungTeenageGirl(sam)))",True,870,"all:x (havein(x, alotofmusicdecoration, room) :- ~moveouteasily(x))
all:x (ambitious(x) :- moveouteasily(x))
all:x (bigfanofmusic(x) :- musicdecorations(x, room))
all:x (attendfrequently(x, musicfestival) & youngteenagegirl(x) :- bigfanofpopband(x) & bigfanofpopsinger(x))
ambitious(sam) :- bbigfanofpopband(sam) & bigfanofpopsinger(sam)","ambitious(sam) & attend(sam, festival) & youngteenagegirl(sam) :- ~(ambitious(sam) | (attend(sam, festival) & youngteenagegirl(sam)))"
554,68,"Lana Wilson directed After Tiller, The Departure, and Miss Americana.
If a film is directed by a person, the person is a filmmaker.
After Tiller is a documentary.
The documentary is a type of film.
Lana Wilson is from Kirkland.
Kirkland is a US city.
If a person is from a city in a country, the person is from the country.
After Tiller is nominated for the Independent Spirit Award for Best Documentary.","DirectedBy(afterTiller, lanaWilson) ∧ DirectedBy(theDeparture, lanaWilson) ∧ DirectedBy(missAmericana, lanaWilson)
∀x ∀y (DirectedBy(x, y) → Filmmaker(y))
Documentary(afterTiller)
∀x (Documentary(x) → Film(x))
From(lanaWilson, kirkland)
In(kirkland, unitedStates)
∀x ∀y ∀z ((From(x, y) ∧ In(y, z)) → From(x, z))
Nomination(afterTiller, theIndependentSpiritAwardForBestDocumentary)",Miss Americana is not directed by a filmmaker from Kirkland.,"¬∃x(Filmmaker(x) ∧ From(x, kirkland) ∧ DirectedBy(missAmericana, x))",False,202,"directedby(aftertiller, lanawilson) & directedby(thedeparture, lanawilson) & directedby(missamericana, lanawilson)
all:x all:y (directedby(x, y) :- filmmaker(y))
documentary(aftertiller)
all:x (documentary(x) :- film(x))
from(lanawilson, kirkland)
in(kirkland, unitedstates)
all:x all:y all:z ((from(x, y) & in(y, z)) :- from(x, z))
nomination(aftertiller, theindependentspiritawardforbestdocumentary)","~x(filmmaker(x) & from(x, kirkland) & directedby(missamericana, x))"
555,180,"Sam is doing a project.
A project is written either in C++ or Python.
If Sam does a project written in Python, he will not use a Mac.
Sam is using a Mac.
If Sam uses a Mac, he will play a song.
If a song is not titled ""Perfect,"" Sam will never play it.","∃x (Project(x) ∧ Do(sam, x))
∀x (Project(x) → (WrittenIn(x, cplusplus) ⊕ WrittenIn(x, python)))
∀x (Project(x) ∧ WrittenIn(x, python) ∧ Do(sam, x) → ¬Use(sam, mac))
Use(sam, mac)
∃x (Use(sam, mac) ∧ Song(x) → Play(sam, x))
∀x (Song(x) ∧ Play(sam, x) → Titled(x, perfect))","The song Sam is playing is titled ""Perfect"".","∀x (Song(x) ∧ Play(sam, x) ∧ Titled(x, perfect))",Uncertain,519,"x (project(x) & do(sam, x))
all:x (project(x) :- (writtenin(x, cplusplus) ^ writtenin(x, python)))
all:x (project(x) & writtenin(x, python) & do(sam, x) :- ~use(sam, mac))
use(sam, mac)
x (use(sam, mac) & song(x) :- play(sam, x))
all:x (song(x) & play(sam, x) :- titled(x, perfect))","all:x (song(x) & play(sam, x) & titled(x, perfect))"
556,177,"The National Lobster Hatchery is a hatchery located in Padstow, England.
The National Lobster Hatchery is open to visitors.
A hatchery is either for profit or for conservation.
If a hatchery is for conservation, it might release animals into the wild.
The National Lobster Hatchery is not for profit.","Hatchery(nationalLobsterHatchery) ∧ LocatedIn(nationalLobsterHatchery, padstowEngland)
OpenToVisitor(nationalLobsterHatchery)
∀x (Hatchery(x) → ForConservation(x) ⊕ ForProfit(x))
∃x (Hatchery(x) ∧ ForConservation(x) ∧ ReleaseAnimalToWild(x))
¬ForProfit(nationalLobsterHatchery)",The National Lobster Hatchery is for conservation.,ForConservation(nationalLobsterhatchery),True,509,"hatchery(nationallobsterhatchery) & locatedin(nationallobsterhatchery, padstowengland)
opentovisitor(nationallobsterhatchery)
all:x (hatchery(x) :- forconservation(x) ^ forprofit(x))
x (hatchery(x) & forconservation(x) & releaseanimaltowild(x))
~forprofit(nationallobsterhatchery)",forconservation(nationallobsterhatchery)
557,57,"All pets are animals.
Pets can be either a dog or a cat.
If a person has a pet, they care for that pet. 
Dogs and cats can be naughty. 
Pets who are naughty are not liked as much. 
Charlie has a naughty pet dog named Leo. ","∀x (Pet(x) → Animal(x))
∀x (Pet(x) → (Dog(x) ⊕ Cat(x)))
∀x ∀y ((Pet(y) ∧ OwnedBy(x,y)) → Cares(x, y))
∃x ∃y (Cat(x) ∧ Naughty(x) ∧ (¬(x=y)) ∧ Dog(y) ∧ Naughty(y))
∀x ∀y ((Pet(x) ∧ Naughty(x) ∧ OwnedBy(x,y)) → ¬Liked(x, y))
OwnedBy(leo, charlie) ∧ Pet(leo) ∧ Dog(leo) ∧ Naughty(leo)",Leo is an animal.,Animal(leo),True,168,"all:x (pet(x) :- animal(x))
all:x (pet(x) :- (dog(x) ^ cat(x)))
all:x all:y ((pet(y) & ownedby(x,y)) :- cares(x, y))
x y (cat(x) & naughty(x) & (~(x=y)) & dog(y) & naughty(y))
all:x all:y ((pet(x) & naughty(x) & ownedby(x,y)) :- ~liked(x, y))
ownedby(leo, charlie) & pet(leo) & dog(leo) & naughty(leo)",animal(leo)
558,247,"LanguageA is a universal language
If a universal language exists, then for every two people if they both know the same universal language they can communicate.
Katya cannot communicate with Danil.
Katya knows LanguageA. ","UniversalLanguage(languageA)
∀x ∀y (∃z (¬(x=y) ∧ Know(x, z) ∧ Know(y, z) ∧ UniversalLanguage(z)) → CanCommunicateWith(x, y) ∧ CanCommunicateWith(y, x))
¬CanCommunicateWith(katya, danil)
Know(katya, languageA)",Danil knows LanguageA.,"Know(danil, languageA)",False,690,"universallanguage(languagea)
all:x all:y (z (~(x=y) & know(x, z) & know(y, z) & universallanguage(z)) :- cancommunicatewith(x, y) & cancommunicatewith(y, x))
~cancommunicatewith(katya, danil)
know(katya, languagea)","know(danil, languagea)"
559,207,"TOra is a GUI.
GUIs are software.
Software can be free or paid.
Paid Software is not under the GNU General Public License.
TOra is under the GNU General Public License.","GUI(tora)
∀x (GUI(x) → Software(x))
∀x (Software(x) → Free(x) ⊕ Paid(x))
∀x (Paid(x) ∧ Software(x) → ¬UnderGNULicense(x))
UnderGNULicense(tora)",TOra is a paid software.,Paid(tora) ∧ Software(tora),False,592,"gui(tora)
all:x (gui(x) :- software(x))
all:x (software(x) :- free(x) ^ paid(x))
all:x (paid(x) & software(x) :- ~undergnulicense(x))
undergnulicense(tora)",paid(tora) & software(tora)
560,409,"All red fruits that grow in Ben's yard contain some Vitamin C.
All apples that grow in Ben's yard are red fruits.
All fruits that grow in Ben's yard and contain some Vitamin C are healthy. 
No fruits that grow in Ben's yard and are healthy are on a warning list.
The cherries grow in Ben's yard.
If cherries are not apples and are not healthy, then they are red fruits.","∀x ((GrownIn(x, benSYard) ∧ RedFruit(x)) → Contain(x, vitaminC))
∀x (GrownIn(x, benSYard) ∧ Is(x, apple) → RedFruit(x))
∀x ((GrownIn(x, benSYard) ∧ Contain(x, vitaminC)) → healthy(x))
∀x ((GrownIn(x, benSYard) ∧ Healthy(x)) → ¬On(x, warningList))
GrownIn(cherry, benSYard)
¬(Healthy(cherry) ∧ Is(cherry, apple)) → RedFruit(cherry)
",The cherries are apples.,"Is(cherry, apple)",False,1142,"all:x ((grownin(x, bensyard) & redfruit(x)) :- contain(x, vitaminc))
all:x (grownin(x, bensyard) & is(x, apple) :- redfruit(x))
all:x ((grownin(x, bensyard) & contain(x, vitaminc)) :- healthy(x))
all:x ((grownin(x, bensyard) & healthy(x)) :- ~on(x, warninglist))
grownin(cherry, bensyard)
~(healthy(cherry) & is(cherry, apple)) :- redfruit(cherry)
","is(cherry, apple)"
561,158,"Mr. and Mrs. Smith make a travel plan: they want to go to a city in California or Florida where neither of them has ever been.
The cities in California that they are interested in are San Francisco, Los Angeles, and San Diego.
Cities in Florida that they are interested in are Orlando and Miami.
Mr. Smith has been to two cities in California.
Mrs. Smith has been to one city in Florida.","∀x (WantToGoTo(mr.AndMrs.Smith, x) ∧ City(x) → (California(x) ∨ Florida(x)) ∧ NeverGo(x))
City(sanFrancisco) ∧ California(sanFrancisco) ∧ WantToGoTo(mr.AndMrs.Smith, sanFrancisco) ∧ City(losAngeles) ∧ California(losAngeles) ∧ WantToGoTo(mr.AndMrs.Smith, losAngeles) ∧ City(sanDiego) ∧ California(sanDiego) ∧ WantToGoTo(mr.AndMrs.Smith, sanDiego)
City(orlando) ∧ Florida(orlando) ∧ WantToGo(mr.AndMrs.Smith, orlando) ∧ City(miami) ∧ Florida(miami) ∧ WantToGo(mr.AndMrs.Smith, miami)
∃x ∃y ∀z (¬(x=z) ∧ ¬(y=z) ∧ ¬(x=y) ∧ City(x) ∧ City(y) ∧ City(z) ∧ California(x) ∧ California(y) ∧ California(z) → Visit(mr.smith, x) ∧ Visit(mr.smith, y) ∧ ¬Visit(mr.smith, z))
∃x ∀y (¬(x=y) ∧ City(x) ∧ City(y) ∧ Florida(x) ∧ Florida(y) → Visit(mrs.smith, x) ∧ ¬Visit(mrs.smith, y))",Mr. Smith has been to San Francisco.,"∃x (City(x) ∧ Visit(mr.smith, sanFrancisco))",Uncertain,453,"all:x (wanttogoto(mr.andmrs.smith, x) & city(x) :- (california(x) | florida(x)) & nevergo(x))
city(sanfrancisco) & california(sanfrancisco) & wanttogoto(mr.andmrs.smith, sanfrancisco) & city(losangeles) & california(losangeles) & wanttogoto(mr.andmrs.smith, losangeles) & city(sandiego) & california(sandiego) & wanttogoto(mr.andmrs.smith, sandiego)
city(orlando) & florida(orlando) & wanttogo(mr.andmrs.smith, orlando) & city(miami) & florida(miami) & wanttogo(mr.andmrs.smith, miami)
x y all:z (~(x=z) & ~(y=z) & ~(x=y) & city(x) & city(y) & city(z) & california(x) & california(y) & california(z) :- visit(mr.smith, x) & visit(mr.smith, y) & ~visit(mr.smith, z))
x all:y (~(x=y) & city(x) & city(y) & florida(x) & florida(y) :- visit(mrs.smith, x) & ~visit(mrs.smith, y))","x (city(x) & visit(mr.smith, sanfrancisco))"
562,215,"Adam owns cars.
Adam has a favorite car.
Among the cars he owns, Adam's favorite car is European.
Adam broke his favorite car.","∃x∃y (Car(x) ∧ Car(y) ∧ (x≠y) ∧ Owns(adam, x)) 
∃x (Car(x) ∧ Favorite(adam, x))
∀x ((Car(x) ∧ Owns(adam, x) ∧ Favorite(adam, x)) → European(x))
∀x ((Car(x) ∧ Owns(adam, x) ∧ Favorite(adam, x)) → Broke(adam, x))",Adam owns a Japanese car.,"∃x (Japanese(x) ∧ Owns(adam, x))",Uncertain,615,"xy (car(x) & car(y) & (x≠y) & owns(adam, x)) 
x (car(x) & favorite(adam, x))
all:x ((car(x) & owns(adam, x) & favorite(adam, x)) :- european(x))
all:x ((car(x) & owns(adam, x) & favorite(adam, x)) :- broke(adam, x))","x (japanese(x) & owns(adam, x))"
563,470,"A Unix operating system used in the lab computers is a piece of software.
All versions of MacOS used in the lab computer are based on Unix operating systems.
A lab computer uses either MacOS or Linux. 
All Linux computers in the lab are convenient.
All software used in the lab computers is written with code.
If something is convenient in the lab computer, then it is popular.
Burger is used in the lab computer, and it is written with code and a new version of MacOS.
PyTorch is used in the lab computer, and PyTorch is neither a Linux system nor a piece of software.","∀x (UsedIn(x, labComputer) ∧ UnixOperatingSystem(x) → Software(x))
∀x (UsedIn(x, labComputer) ∧ MacOS(x) → UnixOperatingSystem(x))
∀x (UsedIn(x, labComputer) → MacOS(x) ⊕ Linux(x))
∀x (UsedIn(x, labComputer) ∧ Linux(x) → Convenient(x))
∀x (UsedIn(x, labComputer) ∧ Software(x) → WrittenWithCode(x))
∀x (UsedIn(x, labComputer) ∧ Convenient(x) → Popular(x))
UsedIn(burger, labComputer) ∧ WrittenWithCode(burger) ∧ MacOS(burger))
UsedIn(pytorch, labComputer) ∧ ¬(Linux(pytorch) ⊕ Software(pytorch))",PyTorch is popular and written with code.,Popular(pytorch) ∧ WrittenWithCode(pytorch),True,1359,"all:x (usedin(x, labcomputer) & unixoperatingsystem(x) :- software(x))
all:x (usedin(x, labcomputer) & macos(x) :- unixoperatingsystem(x))
all:x (usedin(x, labcomputer) :- macos(x) ^ linux(x))
all:x (usedin(x, labcomputer) & linux(x) :- convenient(x))
all:x (usedin(x, labcomputer) & software(x) :- writtenwithcode(x))
all:x (usedin(x, labcomputer) & convenient(x) :- popular(x))
usedin(burger, labcomputer) & writtenwithcode(burger) & macos(burger))
usedin(pytorch, labcomputer) & ~(linux(pytorch) ^ software(pytorch))",popular(pytorch) & writtenwithcode(pytorch)
564,317,"All clothes are products. 
No products are perfect. 
All dresses are clothes.
All skirts are dresses. 
If the fabric bundle is a piece of clothing, then the fabric bundle is a perfect dress.","∀x (Clothes(x) → Product(x))
∀x (Product(x) → ¬Perfect(x))
∀x (Dress(x) → Clothes(x))
∀x (Skirt(x) → Dress(x))
Clothes(fabricBundle) → Perfect(fabricBundle) ∧ Dress(fabricBundle)",The fabric bundle is a skirt.,Skirt(fabricbundle),False,800,"all:x (clothes(x) :- product(x))
all:x (product(x) :- ~perfect(x))
all:x (dress(x) :- clothes(x))
all:x (skirt(x) :- dress(x))
clothes(fabricbundle) :- perfect(fabricbundle) & dress(fabricbundle)",skirt(fabricbundle)
565,301,"When something is depressing, it is sad.
The end of a relationship is depressing. ","∀x (Depressing(x) → Sad(x))
Depressing(v)",The end of a relationship is invigorating,Invigorating(v),Uncertain,745,"all:x (depressing(x) :- sad(x))
depressing(v)",invigorating(v)
566,172,"Indonesia is a country.
In Indonesia, the prosecutor only personally investigates cases of some special crimes.
Corruption is a type of crime.
Once the police complete crime investigations, the evidence is handed to the prosecutor. 
Evidence can be either satisfactory or unsatisfactory.
If the evidence is handed to the prosecutor and the evidence is satisfactory, the prosecutor will prosecute the offender in an appropriate court.","Country(indonesia)
∀x ∃y (In(indonesia) ∧ Prosecutor(x) ∧ SpecialCrime(y) → InvestigatePersonally(x, y))
Crime(corruption)
∀x ∀y ∀z (Crime(y) ∧ PoliceCompleteInvestigation(y) ∧ Prosecutor(x) → Evidence(z) ∧ HandedTo(z, x))
∀x (Evidence(x) ∧ (Satisfactory(x) ⊕ Unsatisfactory(x)))
∀x ∀y (Evidence(y) ∧ Prosecutor(x) ∧ HandedTo(x) ∧ Satisfactory(y) → ProsecuteInAppropriateCourt(x, theOffender))","When the police complete investigations, the prosecutor investigates personally.","∀x ∀y (Crime(y) ∧ PoliceCompleteInvestigation(y) ∧ Prosecutor(x) → InvestigatePersonally(x, y))",Uncertain,496,"country(indonesia)
all:x y (in(indonesia) & prosecutor(x) & specialcrime(y) :- investigatepersonally(x, y))
crime(corruption)
all:x all:y all:z (crime(y) & policecompleteinvestigation(y) & prosecutor(x) :- evidence(z) & handedto(z, x))
all:x (evidence(x) & (satisfactory(x) ^ unsatisfactory(x)))
all:x all:y (evidence(y) & prosecutor(x) & handedto(x) & satisfactory(y) :- prosecuteinappropriatecourt(x, theoffender))","all:x all:y (crime(y) & policecompleteinvestigation(y) & prosecutor(x) :- investigatepersonally(x, y))"
567,9,"The taiga vole is a large vole found in northwestern North America. 
Cats like playing with all voles.
The taiga vole lives in the boreal taiga zone.
The boreal taiga zone in North America is a cold place to live in.","Vole(taigaVole) ∧ LiveIn(taigaVole, northAmerica)
LikePlayingWith(cat, taigaVole)
LiveIn(taigaVole, borealTaigaZone)
∀x ((LiveIn(x, northAmerica) ∧ LiveIn(x, borealTaigaZone)) → LiveIn(x, coldPlace))",Taiga vole's living place is not cold.,"¬LiveIn(taigaVole, coldPlace)",False,24,"vole(taigavole) & livein(taigavole, northamerica)
likeplayingwith(cat, taigavole)
livein(taigavole, borealtaigazone)
all:x ((livein(x, northamerica) & livein(x, borealtaigazone)) :- livein(x, coldplace))","~livein(taigavole, coldplace)"
568,455,"All philosophers reason. 
Some sophists reason. 
All who can reason can distinguish truth from falsehood.
Nobody who can distinguish truth from falsehood is morally perfect.  
The theistic God is morally perfect.","∀x (Philosopher(x) → Reason(x))
∃x (Sophist(x) ∧ Reason(x))
∀x (Reason(x) → CanDistinguishFrom(x, truth, falsehood))
∀x (CanDistinguishFrom(x, truth, falsehood) → ¬MorallyPerfect(x))
MorallyPerfect(theisticGod)",The theistic God is a sophist and a philosopher.,Sophist(theisticGod) ∧ Philosopher(theisticGod),False,1311,"all:x (philosopher(x) :- reason(x))
x (sophist(x) & reason(x))
all:x (reason(x) :- candistinguishfrom(x, truth, falsehood))
all:x (candistinguishfrom(x, truth, falsehood) :- ~morallyperfect(x))
morallyperfect(theisticgod)",sophist(theisticgod) & philosopher(theisticgod)
569,54,"A roundel is a rounded artillery fortification.
A roundel is not higher than adjacent walls. 
Cannons can be deployed on artillery fortifications. 
Roundels are the oldest artillery fortifications.
Battery towers are artillery fortifications.","∀x (Roundel(x) → (Rounded(x) ∧ ArtilleryFortification(x)))
∀x ∀y ((Roundel(x) ∧ AdjacentWalls(x,y)) → ¬Higher(x, y))
∀x (ArtilleryFortification(x) → DeployCannons(x))
∀x ∀y ((Roundel(x) ∧ ArtilleryFortification(y)) → Older(x, y))
∀x (BatteryTower(x) → ArtilleryFortification(x))",Cannons can be deployed on battery towers.,∀x (BatteryTower(x) → DeployCannons(x)),True,158,"all:x (roundel(x) :- (rounded(x) & artilleryfortification(x)))
all:x all:y ((roundel(x) & adjacentwalls(x,y)) :- ~higher(x, y))
all:x (artilleryfortification(x) :- deploycannons(x))
all:x all:y ((roundel(x) & artilleryfortification(y)) :- older(x, y))
all:x (batterytower(x) :- artilleryfortification(x))",all:x (batterytower(x) :- deploycannons(x))
570,103,"Palstaves are a type of early bronze axe.
Palstaves are found in northern, western, and southwestern Europe and are cast in molds.
John Evans is an archeologist who popularized the term ""palstave.""
Paalstabs are not a type of axe but rather a digging shovel.","EarlyBronzeAge(palstave) ∧ Axe(palstave)
FoundIn(palstave, northernEurope) ∨ FoundIn(palstave, westernEurope) ∨ FoundIn(palstave, southWesternEurope)) ∧ CastIn(palstave, molds)
Archeologist(johnEvans) ∧ Popularize(johnEvans, termPalstave)
¬Axe(paalstab) ∧ DiggingShovel(paalstab)",John Evans Popularized the term paalstab.,"Popularized(johnEvans, termPalstave)",Uncertain,313,"earlybronzeage(palstave) & axe(palstave)
foundin(palstave, northerneurope) | foundin(palstave, westerneurope) | foundin(palstave, southwesterneurope)) & castin(palstave, molds)
archeologist(johnevans) & popularize(johnevans, termpalstave)
~axe(paalstab) & diggingshovel(paalstab)","popularized(johnevans, termpalstave)"
571,347,"All mammals are living beings.
All elephants are mammals.
All baby elephants are elephants.
Some baby elephants are sleepy.
If Jumbo is a living being, then Jumbo is not both an elephant and a mammal.
If Jumbo is sleepy, then Jumbo is either a baby elephant or a mammal.","∀x (Mammal(x) → LivingBeing(x)) 
∀x (Elephant(x) → Mammal(x))
∀x (BabyElephant(x) → Elephant(x))
∃x (BabyElephant(x) ∧ Sleepy(x))
LivingBeing(jumbo) → ¬(Elephant(jumbo) ∧ Mammal(jumbo))
Sleepy(jumbo) → BabyElephant(jumbo) ⊕ Mammal(jumbo)",Jumbo is sleepy.,Sleepy(jumbo),False,916,"all:x (mammal(x) :- livingbeing(x)) 
all:x (elephant(x) :- mammal(x))
all:x (babyelephant(x) :- elephant(x))
x (babyelephant(x) & sleepy(x))
livingbeing(jumbo) :- ~(elephant(jumbo) & mammal(jumbo))
sleepy(jumbo) :- babyelephant(jumbo) ^ mammal(jumbo)",sleepy(jumbo)
572,320,"All cancers have mutations.
No mutations can be treated at home.
All colorectal cancers are cancers.
A cold can be treated at home.
Arthritis either is a cold and has mutations or neither is a cold nor has mutations.","∀x (Cancer(x) → Have(x, mutation))
∀x (Have(x, mutation) → ¬CanBeTreatedAtHome(x))
∀x (ColorectalCancer(x) → Cancer(x))
∀x (Cold(x) → CanBeTreatedAtHome(x))
¬(Cold(arthritis) ⊕ Have(arthritis, mutation))","If arthritis is not colorectal cancer, then arthritis has mutations.","¬ColorectalCancer(arthritis) → Have(arthritis, mutation)",False,815,"all:x (cancer(x) :- have(x, mutation))
all:x (have(x, mutation) :- ~canbetreatedathome(x))
all:x (colorectalcancer(x) :- cancer(x))
all:x (cold(x) :- canbetreatedathome(x))
~(cold(arthritis) ^ have(arthritis, mutation))","~colorectalcancer(arthritis) :- have(arthritis, mutation)"
573,477,"All social media applications containing chat features are software. 
All social media applications that allow users to send messages to each other have chat features. 
All social media applications have chat features or video features. 
All social media applications that have video features allow users to upload videos. 
All software that is social media applications are computer programs. 
All social media applications that have high engagement metrics are addictive. 
If a social media application is addictive, then it is not ideal for preteens. 
TikTok is a social media application, and it is not ideal for preteens. ","∀x (SocialMedia(x) ∧ Application(x) ∧ Contain(x, chatFeature) → Software(x))
∀x (SocialMedia(x) ∧ Application(x) ∧ AllowToSendTo(x, user, message) → Contain(x, chatFeature))
∀x (SocialMedia(x) ∧ Application(x) → Contain(x, chatFeature) ∨ Contain(x, videoFeature))
∀x (SocialMedia(x) ∧ Application(x) ∧ Contain(x, videoFeature) → Allow(x, user, uploadVideo))
∀x (SocialMedia(x) ∧ Application(x) ∧ Software(x) → ComputerProgram(x))
∀x (SocialMedia(x) ∧ Application(x) ∧Have(x, highEngagementMetric) → Addictive(x))
∀x (SocialMedia(x) ∧ Application(x) ∧ Addictive(x) → ¬IdealFor(x, preteen))
SocialMedia(tikTok) ∧ Application(tikTok) ∧ ¬IdealFor(tikTok, preteen)",TikTok is a computer program.,ComputerProgram(tikTok),True,1385,"all:x (socialmedia(x) & application(x) & contain(x, chatfeature) :- software(x))
all:x (socialmedia(x) & application(x) & allowtosendto(x, user, message) :- contain(x, chatfeature))
all:x (socialmedia(x) & application(x) :- contain(x, chatfeature) | contain(x, videofeature))
all:x (socialmedia(x) & application(x) & contain(x, videofeature) :- allow(x, user, uploadvideo))
all:x (socialmedia(x) & application(x) & software(x) :- computerprogram(x))
all:x (socialmedia(x) & application(x) &have(x, highengagementmetric) :- addictive(x))
all:x (socialmedia(x) & application(x) & addictive(x) :- ~idealfor(x, preteen))
socialmedia(tiktok) & application(tiktok) & ~idealfor(tiktok, preteen)",computerprogram(tiktok)
574,479,"Grass is not food
All meadows are grass.
All edible things are food. 
All fruits are edible.
All lemons are fruit.
Grapes are not both edible and lemons.
Bananas are grasses or fruits. ","∀x (Grass(x) → ¬Food(x))
∀x (Meadow(x) → Grass(x))
∀x (Edible(x) → Food(x))
∀x (Fruit(x) → Edible(x))
∀x (Lemon(x) → Fruit(x))
¬(Edible(grape) ∧ Lemon(grape))
Grass(banana) ∨ Fruit(banana)",Grapes are food.,Food(grape),Uncertain,1393,"all:x (grass(x) :- ~food(x))
all:x (meadow(x) :- grass(x))
all:x (edible(x) :- food(x))
all:x (fruit(x) :- edible(x))
all:x (lemon(x) :- fruit(x))
~(edible(grape) & lemon(grape))
grass(banana) | fruit(banana)",food(grape)
575,325,"All professional soccer defenders are professional soccer players.
No professional soccer players are professional basketball players.
All professional centerbacks are professional soccer defenders.
All NBA players are professional basketball players.
Stephen Curry is an NBA player.","∀x ((Professional(x) ∧ Defender(x)) → (Professional(x) ∧ SoccerPlayer(x)))
∀x ((Professional(x) ∧ SoccerPlayer(x)) → ¬(Professional(x) ∧ BasketballPlayer(x)))
∀x ((Professional(x) ∧ CenterBack(x)) → (Professional(x) ∧ Defender(x))
∀x (NBAPlayer(x) → (Professional(x) ∧ BasketballPlayer(x)))
NBAPlayer(stephenCurry)",Stephen Curry is not a centerback.,¬(Professional(stephenCurry) ∧ CenterBack(stephenCurry)),True,833,"all:x ((professional(x) & defender(x)) :- (professional(x) & soccerplayer(x)))
all:x ((professional(x) & soccerplayer(x)) :- ~(professional(x) & basketballplayer(x)))
all:x ((professional(x) & centerback(x)) :- (professional(x) & defender(x))
all:x (nbaplayer(x) :- (professional(x) & basketballplayer(x)))
nbaplayer(stephencurry)",~(professional(stephencurry) & centerback(stephencurry))
576,424,"Customers choose a Prime Video plan or an HBO Max Plan, or both. 
All customers who choose a Prime Video Plan are rewarded with a $30 gift card. 
There are no customers who do not choose any plan. 
None of the customers who are rewarded with a $30 gift card are older than 80.
All the customers are either older than 80 or between the ages of 60 and 80.
James is a customer who is not between the ages of 60 and 80. ","∀x (Customer(x) → (Choose(x, primeVideoPlan) ∨ Choose(x, hBOMaxPlan)))
∀x ((Customer(x) ∧ Choose(x, hBOMaxPlan)) → RewardWith(x, giftCard))
∀x (Customer(x) → (∃y(Plan(y) ∧ Choose(x, y))))
∀x ((Customer(x) ∧ RewardWith(x, giftCard)) → (¬OlderThan(x, num80)))
∀x (Customer(x) → (∃y(GreaterThan(y, num80) ∧ Age(james,y)) ⊕ (∃y(Between(y, num60, num80) ∧ Age(james, y)))))
Customer(james) ∧ (¬∃y(Between(y, num60, num80) ∧ Age(james, y)))",James is a customer who does not choose any plans.,"Choose(james, noPlan)",False,1199,"all:x (customer(x) :- (choose(x, primevideoplan) | choose(x, hbomaxplan)))
all:x ((customer(x) & choose(x, hbomaxplan)) :- rewardwith(x, giftcard))
all:x (customer(x) :- (y(plan(y) & choose(x, y))))
all:x ((customer(x) & rewardwith(x, giftcard)) :- (~olderthan(x, num80)))
all:x (customer(x) :- (y(greaterthan(y, num80) & age(james,y)) ^ (y(between(y, num60, num80) & age(james, y)))))
customer(james) & (~y(between(y, num60, num80) & age(james, y)))","choose(james, noplan)"
577,314,"No animals are plants.
All humans are animals.
All pupils are humans.
All flowers are plants.
Bailey is either both a human and a flower or neither a human nor a flower.","∀x (Animal(x) → ¬Plant(x))
∀x (Human(x) → Animal(x))
∀x (Pupil(x) → Human(x))
∀x (Flower(x) → Plant(x))
¬(Human(bailey) ⊕ Flower(bailey))","If Bailey is a human, then Bailey is not a pupil.",Human(bailey) → ¬Pupil(bailey),True,785,"all:x (animal(x) :- ~plant(x))
all:x (human(x) :- animal(x))
all:x (pupil(x) :- human(x))
all:x (flower(x) :- plant(x))
~(human(bailey) ^ flower(bailey))",human(bailey) :- ~pupil(bailey)
578,71,"Herodicus was a Greek physician, dietician, sophist, and gymnast.
Herodicus was born in the city of Selymbria.
Selymbria is a colony of the city-state Megara.
One of the tutors of Hippocrates was Herodicus.
Massages were recommended by Herodicus.
Some of the theories of Herodicus are considered to be the foundation of sports medicine.","Greek(herodicus) ∧ Physician(herodicus) ∧ Dietician(herodicus) ∧ Sophist(herodicus) ∧ Gymnast(herodicus)
Born(herodicus, selymbia) ∧ City(selymbia)
Colony(selymbia, megara) ∧ CityState(megara)
Tutor(herodicus, hippocrates)
Recommend(herodicus, massages)
∃x ∃y (Theory(x) ∧ From(x, herodicus) ∧ FoundationOf(x, sportsMedicine) ∧ (¬(x=y)) ∧ Theory(y) ∧ From(y, herodicus) ∧ FoundationOf(y, sportsMedicine))",Herodicus was tutored by Hippocrates.,"Tutor(hippocrates, herodicus)",Uncertain,214,"greek(herodicus) & physician(herodicus) & dietician(herodicus) & sophist(herodicus) & gymnast(herodicus)
born(herodicus, selymbia) & city(selymbia)
colony(selymbia, megara) & citystate(megara)
tutor(herodicus, hippocrates)
recommend(herodicus, massages)
x y (theory(x) & from(x, herodicus) & foundationof(x, sportsmedicine) & (~(x=y)) & theory(y) & from(y, herodicus) & foundationof(y, sportsmedicine))","tutor(hippocrates, herodicus)"
579,356,"If people work well in teams in the workplace, then they get along with all their colleagues at their work.
If people come to work every day with a positive attitude, then they work well in teams in the workplace.
People either come to work every day with a positive attitude or are always tired every morning.
If people are always tired in the morning, then they are criticized by their boss.
If people are criticized by their boss, then they do not receive positive feedback from teams at work.
Kat either is a person who works well in teams in the workplac and is always tired every morning, or she is neither.","∀x (WorkWellInTeamsIn(x, workPlace) → ∀y (Colleague(y) ∧ GetAlongWithAtWork(x, y)))
∀x (ComeToWorkWithEveryDay(x, positiveAttitude) → WorkWellInTeamsIn(x, workPlace))
∀x (ComeToWorkWithEveryDay(x, positiveAttitude) ⊕ AlwaysTiredInMorning(x))
∀x (AlwaysTiredInMorning(x) → CriticizedBy(x, boss))
∀x (CriticizedBy(x, boss) → ¬ReceiveFromAtWork(x, positiveFeedback, team))
¬(WorkWellInTeamsIn(kat, workPlace) ⊕ Tired(kat))",Kat either gets along with her colleagues at her work or receives positive feedback from teams at her work.,"(∀y (Colleague(y) ∧ GetAlongWithAtWork(kat, y))) ⊕ ReceiveFromAtWork(kat, positiveFeedback, team)",True,946,"all:x (workwellinteamsin(x, workplace) :- all:y (colleague(y) & getalongwithatwork(x, y)))
all:x (cometoworkwitheveryday(x, positiveattitude) :- workwellinteamsin(x, workplace))
all:x (cometoworkwitheveryday(x, positiveattitude) ^ alwaystiredinmorning(x))
all:x (alwaystiredinmorning(x) :- criticizedby(x, boss))
all:x (criticizedby(x, boss) :- ~receivefromatwork(x, positivefeedback, team))
~(workwellinteamsin(kat, workplace) ^ tired(kat))","(all:y (colleague(y) & getalongwithatwork(kat, y))) ^ receivefromatwork(kat, positivefeedback, team)"
580,481,"All biodegradable things are environment-friendly. 
All woodware is biodegradable.
All paper is woodware. 
Nothing is a good thing and also a bad thing.
All environment-friendly things are good.
A worksheet is either paper or environment-friendly.","∀x (Biodegradable(x) → EnvironmentFriendly(x))
∀x (Woodware(x) → Biodegradable(x))
∀x (Paper(x) → Woodware(x))
¬(∃x (Good(x) ∧ Bad(x)))
∀x (EnvironmentFriendly(x) → Good(x))
Paper(worksheet) ⊕ EnvironmentFriendly(worksheet)",A worksheet is biodegradable.,Bioegradable(worksheet),Uncertain,1402,"all:x (biodegradable(x) :- environmentfriendly(x))
all:x (woodware(x) :- biodegradable(x))
all:x (paper(x) :- woodware(x))
~(x (good(x) & bad(x)))
all:x (environmentfriendly(x) :- good(x))
paper(worksheet) ^ environmentfriendly(worksheet)",bioegradable(worksheet)
581,69,"Brian Winter is a Scottish football referee.
After being injured, Brian Winter retired in 2012.
Brian Winter was appointed as a referee observer after his retirement.
Some football referees become referee observers.
The son of Brian Winter, Andy Winter, is a football player who plays for Hamilton Academical.","Scottish(brianWinter) ∧ FootballReferee(brianWinter)
Retired(brianWinter) ∧ RetiredIn(brianWinter, yr2012)
RefereeObserver(brianWinter)
∃x (FootballReferee(x) ∧ RefereeObserver(x))
SonOf(andyWinter, brianWinter) ∧ FootballPlayer(andyWinter) ∧ PlaysFor(andyWinter, hamiltonAcademical)",Brian Winter is retired.,Retired(brianwinter),True,206,"scottish(brianwinter) & footballreferee(brianwinter)
retired(brianwinter) & retiredin(brianwinter, yr2012)
refereeobserver(brianwinter)
x (footballreferee(x) & refereeobserver(x))
sonof(andywinter, brianwinter) & footballplayer(andywinter) & playsfor(andywinter, hamiltonacademical)",retired(brianwinter)
582,268,"No people who do not admit a mistake are good teachers.
Some well-informed people are people who do not admit a mistake.","∀x (¬Admit(x, mistake) → ¬GoodTeacher(x))
∃x ∃y (WellInformed(x) ∧ WellInformed(y) ∧ ¬Admit(x, mistake) ∧ ¬Admit(y, mistake) ∧ ¬(x=y))",Some good teachers are not well-informed people.,∃x ∃y (GoodTeacher(x) ∧ GoodTeacher(y) ∧ ¬WellInformed(x) ∧ ¬WellInformed(y) ∧ ¬(x=y)),Uncertain,712,"all:x (~admit(x, mistake) :- ~goodteacher(x))
x y (wellinformed(x) & wellinformed(y) & ~admit(x, mistake) & ~admit(y, mistake) & ~(x=y))",x y (goodteacher(x) & goodteacher(y) & ~wellinformed(x) & ~wellinformed(y) & ~(x=y))
583,31,"Naive cynicism was proposed by Justin Kruger and a colleague.
Thomas Gilovich is a colleague of Justin Kruger. 
Naive cynicism is a philosophy of mind.","Proposed(justinKruger, naiveCynicism) ∧ ∃y (colleagueOfJustinKruger(y) ∧ Proposed(y, naiveCynicism))
Colleagues(thomasGilovich, justinKruger)
PhilosophyOfMind(naiveCynicism)",Thomas Gilovich worked on philosophies of mind.,"∃x (WorkedOn(thomasGilovich, x) ∧ PhilosophyOfMind(x))",Uncertain,91,"proposed(justinkruger, naivecynicism) & y (colleagueofjustinkruger(y) & proposed(y, naivecynicism))
colleagues(thomasgilovich, justinkruger)
philosophyofmind(naivecynicism)","x (workedon(thomasgilovich, x) & philosophyofmind(x))"
584,393,"All inductive reasoning processes derive general principles from a body of observations.
Two major types of reasoning rules are inductive reasoning and deductive reasoning. 
All deductive reasoning processes are only based on facts and rules. 
Nothing only based on facts and rules is used for statistical generalization. 
Modus Ponens is not both used in inductive reasoning and used for statistical generalization. 
Modus Ponens is a component of a major part of reasoning rule. ","∀x (InductiveReasoning(x) → DeriveFrom(generalPrinciple, observations))
∀x (MajorArgumentForm(x) → (InductiveReasoning(x) ⊕ DeductiveReasoning(x))
∀x (DeductiveReasoning(x) → (BasedOn(x, fact) ∨ BasedOn(x, rule)))
∀x ((BasedOn(x, fact) ∨ BasedOn(x, rule)) → (¬UsedFor(x, statisticalGeneralization)))
¬(InductiveReasoning(modusPonens) ∧ UsedFor(modusPonens, statisticalGeneralization))
ArgumentForm(modusPonens)","If Modus Ponens either derives general principles from a body of observations and is used for statistical generalization, or neither, then Modus Ponens is is neither used in inductive reasoning  nor used for statistical generalization.","¬(Derive(generalPrinciple, observations) ⊕ UsedFor(x, statisticalGeneralization)) → (¬InductiveReasoning(modusPonens) ∧ (¬UsedFor(modusPonens, statisticalGeneralization)))",True,1062,"all:x (inductivereasoning(x) :- derivefrom(generalprinciple, observations))
all:x (majorargumentform(x) :- (inductivereasoning(x) ^ deductivereasoning(x))
all:x (deductivereasoning(x) :- (basedon(x, fact) | basedon(x, rule)))
all:x ((basedon(x, fact) | basedon(x, rule)) :- (~usedfor(x, statisticalgeneralization)))
~(inductivereasoning(modusponens) & usedfor(modusponens, statisticalgeneralization))
argumentform(modusponens)","~(derive(generalprinciple, observations) ^ usedfor(x, statisticalgeneralization)) :- (~inductivereasoning(modusponens) & (~usedfor(modusponens, statisticalgeneralization)))"
585,240,"It is not true that some giant language models do not have good performance. 
All language models with good performance are used by some researchers.
If a language model is used by some researchers, it is popular. 
If BERT is a giant language model, then GPT-3 is also a giant language model. 
BERT is a giant language model. ","¬(∃x (LanguageModel(x) ∧ Giant(x) ∧ ¬GoodPerformance(x)))
∀x ∃y ∃z (LanguageModel(x) ∧ GoodPerformance(x) → ¬(x=y) ∧ Researcher(y) ∧ UsedBy(x, y) ∧ Researcher(z) ∧ UsedBy(x, z))
∀x ∃y ∃z (LanguageModel(x) ∧ ¬(x=y) ∧ Researcher(y) ∧ UsedBy(x, y) ∧ Researcher(z) ∧ UsedBy(x, z) → Popular(x))
(LanguageModel(bert) ∧ Giant(bert)) → (LanguageModel(gpt-3) ∧ Giant(gpt-3)).
LanguageModel(bert) ∧ Giant(bert)",GPT-3 is popular.,Popular(gpt-3),True,682,"~(x (languagemodel(x) & giant(x) & ~goodperformance(x)))
all:x y z (languagemodel(x) & goodperformance(x) :- ~(x=y) & researcher(y) & usedby(x, y) & researcher(z) & usedby(x, z))
all:x y z (languagemodel(x) & ~(x=y) & researcher(y) & usedby(x, y) & researcher(z) & usedby(x, z) :- popular(x))
(languagemodel(bert) & giant(bert)) :- (languagemodel(gpt-3) & giant(gpt-3)).
languagemodel(bert) & giant(bert)",popular(gpt-3)
586,277,"The USS Lyon was a US Navy ship involved in WWII.
All ships involved in WWII are currently decommissioned or in a museum.","USNavyShip(theUSSLyon) ∧ InvolvedIn(theUSSLyon, wWII)
∀x (InvolvedIn(x, wWII) → (CurrentlyDecommissioned(x) ∨ In(x, museum)))",The USS Lyon is currently decommissioned.,CurrentlyDecommissioned(theUSSLyon),Uncertain,721,"usnavyship(theusslyon) & involvedin(theusslyon, wwii)
all:x (involvedin(x, wwii) :- (currentlydecommissioned(x) | in(x, museum)))",currentlydecommissioned(theusslyon)
587,377,"Everything is either outside the solar system or in the solar system. 
Nothing outside the solar system has the Sun as its star.
Everything in the solar system is gravitationally bound by the Sun.
No planets gravitationally bound by the Sun are rogue planets. 
All orphan planets are rogue planets.
If PSO J318.5−22 is not both a rogue planet and a planet gravitationally bound by the Sun, then it is a rogue planet.","∀x (Outside(x, solarSystem) ⊕ In(x, solarSystem))
∀x (Outside(x, solarSystem) → ¬SunAs(x, star))
∀x (In(x, solarSystem) → BoundBy(x, sun, gravitationally))
∀x (Planet(x) ∧ BoundBy(x, sun, gravitationally) → ¬(Planet(x) ∧ Rogue(x)))
∀x (Planet(x) ∧ Orphan(x) → Planet(x) ∧ Rogue(x))
¬(Planet(pSOJ318.5-22) ∧ Rogue(pSOJ318.5-22) ∧ BoundBy(pSOJ318.5-22, sun, gravitationally)) → (Planet(pSOJ318.5-22) ∧ Rogue(pSOJ318.5-22))","PSO J318.5−22 is an orphan planet or it does not have the Sun as its star, or both.","(Planet(pSOJ318.5-22) ∧ Orphan(pSOJ318.5-22)) ∨ ¬SunAs(pSOJ318.5-22, star)",True,1006,"all:x (outside(x, solarsystem) ^ in(x, solarsystem))
all:x (outside(x, solarsystem) :- ~sunas(x, star))
all:x (in(x, solarsystem) :- boundby(x, sun, gravitationally))
all:x (planet(x) & boundby(x, sun, gravitationally) :- ~(planet(x) & rogue(x)))
all:x (planet(x) & orphan(x) :- planet(x) & rogue(x))
~(planet(psoj318.5-22) & rogue(psoj318.5-22) & boundby(psoj318.5-22, sun, gravitationally)) :- (planet(psoj318.5-22) & rogue(psoj318.5-22))","(planet(psoj318.5-22) & orphan(psoj318.5-22)) | ~sunas(psoj318.5-22, star)"
588,32,"Hugh Vanstone is one of the world's leading lighting designers. 
Hugh Vanstone is from the UK.
Hugh Vanstone has lit more than 160 productions.
Hugh Vanstone attended a school where he is from. ","WorldLeadingLightingDesigner(hughVanstone)
From(hughVanstone, unitedKingdom)
∃x(GreaterThan(x, num160) ∧ LitProductions(hughVanstone,x))
∃x(Hometown(hughVanstone,x) ∧ AttendedSchoolIn(hughVanstone,x))",Hugh Vanstone has lit 170 productions.,"∃x(GreaterThan(x, num170) ∧ LitProductions(hughVanstone,x))",Uncertain,93,"worldleadinglightingdesigner(hughvanstone)
from(hughvanstone, unitedkingdom)
x(greaterthan(x, num160) & litproductions(hughvanstone,x))
x(hometown(hughvanstone,x) & attendedschoolin(hughvanstone,x))","x(greaterthan(x, num170) & litproductions(hughvanstone,x))"
589,398,"All mind-reading is either brain reading or brain decoding. 
All brain decoding that is mind-reading is extracting information from BOLD signals.
No studies that are mind-reading and extract information from BOLD signals are without statistical pattern analysis. 
Writing a novel is without statistical pattern analysis.
If multivoxel (pattern) analysis is without statistical pattern analysis and a brain reading, then multivoxel (pattern) analysis is without statistical pattern analysis and brain decoding.
Multivoxel (pattern) analysis is a type of mind-reading.","∀x (MindReading(x) ∧ (BrainReading(x) ⊕ BrainDecoding(x)))
∀x ((MindReading(x) ∧ BrainDecoding(x)) → ExtractingFrom(x, information, bOLDSignals))
∀x ((MindReading(x) ∧ ExtractingFrom(x, information, bOLDSignals)) → Uses(x, statisticalPatternAnalysis))
∀x (NovelWriting(x) → ¬Uses(x, statisticalPatternAnalysis)) 
MindReading(multivoxelPatternAnalysis) ∧ (¬Uses(multivoxelPatternAnalysis, statisticalPatternAnalysis) ∧ BrainReading(multivoxelPatternAnalysis)) →  (¬Uses(multivoxelPatternAnalysis, statisticalPatternAnalysis) ∧ (¬BrainDecoding(multivoxelPatternAnalysis)))
MindReading(multivoxelPatternAnalysis) ",Multivoxel (pattern) analysis is without statistical pattern analysis and writing a novel.,"¬(Uses(multivoxelPatternAnalysis, statisticalPatternAnalysis) ∧ NovelWriting(multivoxelPatternAnalysis))",False,1086,"all:x (mindreading(x) & (brainreading(x) ^ braindecoding(x)))
all:x ((mindreading(x) & braindecoding(x)) :- extractingfrom(x, information, boldsignals))
all:x ((mindreading(x) & extractingfrom(x, information, boldsignals)) :- uses(x, statisticalpatternanalysis))
all:x (novelwriting(x) :- ~uses(x, statisticalpatternanalysis)) 
mindreading(multivoxelpatternanalysis) & (~uses(multivoxelpatternanalysis, statisticalpatternanalysis) & brainreading(multivoxelpatternanalysis)) :-  (~uses(multivoxelpatternanalysis, statisticalpatternanalysis) & (~braindecoding(multivoxelpatternanalysis)))
mindreading(multivoxelpatternanalysis) ","~(uses(multivoxelpatternanalysis, statisticalpatternanalysis) & novelwriting(multivoxelpatternanalysis))"
590,372,"If Emily's friends publish journals, then they do not work in the entertainment industry.
All of Emily's friends who are award-winning novelists publish journals.
Emily's friends work in the entertainment industry or are highly acclaimed in their profession.
If Emily's friends are highly acclaimed in their profession, then they often hold tenured and high-ranking positions at their workplace.
If Emily's friends are highly acclaimed in their profession, then they often receive glowing feedback and recommendations from their colleagues.
Taylor is Emily's friend.
It is not true that Taylor both holds highly acclaimed in her profession and often holds tenured and high-ranking positions at her workplace.","∀x (EmilysFriend(x) ∧ Publish(x, journal) → ¬WorkIn(x, entertainmentIndustry))
∀x (EmilysFriend(x) ∧ AwardWinningNovelist(x) → Publish(x, journal))
∀x (EmilysFriend(x) → WorkIn(x, entertainmentIndustry) ∨ HighlyAcclaimedIn(x, theirProfession))
∀x (EmilysFriend(x) ∧ HighlyAcclaimedIn(x, theirProfession) → ∃y (HoldAt(x, y, workPlace) ∧ Tenured(y) ∧ HighRanking(y) ∧ Position(y)))
∀x (EmilysFriend(x) ∧ HighlyAcclaimedIn(x, theirProfession) → ReceiveFrom(x, glowingFeedback, colleague) ∧ ReceiveFrom(x, glowingRecommendation, colleague))
EmilysFriends(taylor) 
¬(HighlyAcclaimedIn(taylor, theirProfession) ∧ (∃y (HoldAt(taylor, y, workPlace) ∧ Tenured(y) ∧ HighRanking(y) ∧ Position(y)))",Taylor is Emily's friend and she does not both publish journals and is an award-winning novelist.,"EmilysFriends(taylor) ∧ ¬(Publish(taylor, journal) ∧ AwardWinningNovelist(taylor))",True,992,"all:x (emilysfriend(x) & publish(x, journal) :- ~workin(x, entertainmentindustry))
all:x (emilysfriend(x) & awardwinningnovelist(x) :- publish(x, journal))
all:x (emilysfriend(x) :- workin(x, entertainmentindustry) | highlyacclaimedin(x, theirprofession))
all:x (emilysfriend(x) & highlyacclaimedin(x, theirprofession) :- y (holdat(x, y, workplace) & tenured(y) & highranking(y) & position(y)))
all:x (emilysfriend(x) & highlyacclaimedin(x, theirprofession) :- receivefrom(x, glowingfeedback, colleague) & receivefrom(x, glowingrecommendation, colleague))
emilysfriends(taylor) 
~(highlyacclaimedin(taylor, theirprofession) & (y (holdat(taylor, y, workplace) & tenured(y) & highranking(y) & position(y)))","emilysfriends(taylor) & ~(publish(taylor, journal) & awardwinningnovelist(taylor))"
591,453,"No birds are ectothermic.
All penguins are birds.
An animal is ectothermic or endothermic.
All endothermic animals produce heat within the body.
Ron and Henry are both animals.
Ron is not a bird and does not produce heat with the body. 
Henry is not a cat and does not produce heat with the body. ","∀x (Bird(x) → ¬Ectothermic(x))
∀x (Penguin(x) → Bird(x))
∀x (Animal(x) → Ectothermic(x) ∨ Endothermic(x))
∀x (Endothermic(x) → ProduceWithIn(x, heat, body))
Animal(ron) ∧ Animal(henry)
¬Bird(ron) ∧ ¬ProduceWithIn(ron, heat, body)
¬Cat(henry) ∧ ¬ProduceWithIn(henry, heat, body)",Ron is a cat.,Cat(ron),Uncertain,1304,"all:x (bird(x) :- ~ectothermic(x))
all:x (penguin(x) :- bird(x))
all:x (animal(x) :- ectothermic(x) | endothermic(x))
all:x (endothermic(x) :- producewithin(x, heat, body))
animal(ron) & animal(henry)
~bird(ron) & ~producewithin(ron, heat, body)
~cat(henry) & ~producewithin(henry, heat, body)",cat(ron)
592,450,"Those who can fly over a vast distance glide in the air. 
Flightless birds cannot fly over a vast distance. 
Penguins are flightless birds. 
Nonflying birds in Antarctica are penguins. 
Fido is a penguin, or flies over a vast distance. ","∀x (FlyOver(x, vastDistance) → GlideInAir(x))
∀x (Flightless(x) ∧ Bird(x) → ¬FlyOver(x, vastDistance))
∀x (Penguin(x) → Flightless(x) ∧ Bird(x))
∀x (NonFlying(x) ∧ Bird(x) ∧ In(x, antarctica) → Penguin(x))
Penguin(fido) ∨ FlyOver(fido, vastDistance)","If Fido either can fly over a vast distance or cannot fly over a vast distance, then Fido is a nonflying bird in Antartica.","(FlyOver(fido, vastDistance) ⊕ ¬FlyOver(fido, vastDistance)) → (NonFlying(fido) ∧ Bird(fido) ∧ In(fido, antarctica))",True,1297,"all:x (flyover(x, vastdistance) :- glideinair(x))
all:x (flightless(x) & bird(x) :- ~flyover(x, vastdistance))
all:x (penguin(x) :- flightless(x) & bird(x))
all:x (nonflying(x) & bird(x) & in(x, antarctica) :- penguin(x))
penguin(fido) | flyover(fido, vastdistance)","(flyover(fido, vastdistance) ^ ~flyover(fido, vastdistance)) :- (nonflying(fido) & bird(fido) & in(fido, antarctica))"
593,128,"Donald Ervin Knuth is an American computer scientist, mathematician, and Professor Emeritus at Stanford University.
Knuth has been called the ""father of the analysis of algorithms.""","American(donaldErvinKnuth) ∧ ComputerScientist(donaldErvinKnuth) ∧ Mathematician(donaldErvinKnuth) ∧ ProfessorEmeritusAt(donaldErvinKnuth, stanford)
Called(donaldErvinKnuth, fatherOfTheAnalysisOfAlgorithms)",Donald Knuth is a well-known figure in the field of artificial intelligence.,"WellKnownFigureIn(donaldErvinKnuth, artificialIntelligence)",Uncertain,381,"american(donaldervinknuth) & computerscientist(donaldervinknuth) & mathematician(donaldervinknuth) & professoremeritusat(donaldervinknuth, stanford)
called(donaldervinknuth, fatheroftheanalysisofalgorithms)","wellknownfigurein(donaldervinknuth, artificialintelligence)"
594,134,"Islip Speedway is the smallest race track.
There was a demolition derby on the smallest race track.
Islip is either demolished or still being used.
Speedways that are still being used have races held at them.
Islip doesn't have races held at it.","Speedway(islip) ∧ SmallestRaceTrack(islip)
∃x ∃y (DemolitionDerby(x) ∧ SmallestRaceTrack(y) ∧ On(x, y))
Demolished(islip) ⊕ StillUsed(islip)
∀x (Speedway(x) ∧ StillUsed(x) → Have(races, heldAt, x))
¬Have(races, heldAt, islip)",Islip was demolished.,Demolished(islip),True,396,"speedway(islip) & smallestracetrack(islip)
x y (demolitionderby(x) & smallestracetrack(y) & on(x, y))
demolished(islip) ^ stillused(islip)
all:x (speedway(x) & stillused(x) :- have(races, heldat, x))
~have(races, heldat, islip)",demolished(islip)
595,93,"Roy Richardson was a cricketer who played for Sint Maarten, a constituent country.
Roy Richardson was a right-handed batsman and medium-pace bowler.
Roy Richardson was old when he debuted in cricket.
Sherville Huggins dismissed Roy Richardson.","Cricketeer(royRichardson) ∧ PlaysFor(royRichardson, sintMaarten) ∧ ConstituentCountry(sintMaarten)
RightHanded(royRichardson) ∧ Batsman(royRichardson) ∧ MediumPaceBowler(royRichardson)
OldAtDebut(royRichardson)
Dismisses(shervilleHuggins, royRichardson)",No right-handed medium-pace bowlers were playing for Sint Maarten.,"∀x ((RightHanded(x) ∧ MediumPaceBowler(x)) → ¬PlayedFor(x, sintMaarten))",False,284,"cricketeer(royrichardson) & playsfor(royrichardson, sintmaarten) & constituentcountry(sintmaarten)
righthanded(royrichardson) & batsman(royrichardson) & mediumpacebowler(royrichardson)
oldatdebut(royrichardson)
dismisses(shervillehuggins, royrichardson)","all:x ((righthanded(x) & mediumpacebowler(x)) :- ~playedfor(x, sintmaarten))"
596,106,"Ralph Hammerthaler was born in Wasserburg am Inn.
Wasserburg am Inn is in Germany.
Germany is in Europe.
Ralph Hammerthaler is a German writer.
Ralph Hammerthaler was born in 1965. ","BornIn(ralphHammerthaler, wasserburgamInn)
LocatedIn(wasserbAmInn, germany)
LocatedIn(germany, europe)
Writer(ralphHammerthaler) ∧ German(ralphHammerthaler)
BornIn1965(ralphHammerthaler)",Ralph Hammerthaler lives in Germany.,"LivesIn(ralphHammerthaler, germany)",Uncertain,322,"bornin(ralphhammerthaler, wasserburgaminn)
locatedin(wasserbaminn, germany)
locatedin(germany, europe)
writer(ralphhammerthaler) & german(ralphhammerthaler)
bornin1965(ralphhammerthaler)","livesin(ralphhammerthaler, germany)"
597,227,"Carrozzeria Colli is a Milanese coachbuilder company established by Giuseppe Colli in 1931.
Carrozzeria Colli is a company that specializes in using aluminum.
The first automobiles built by Carrozzeria Colli were racing cars.
Some racing cars built by Carrozzeria Colli used Fiat 1100 mechanicals and chassis.
Carrozzeria Colli worked for airforces.
Carrozzeria Colli made car bodies. ","Milanese(carrozzeriaColli) ∧ CoachBuilder(carrozzeriaColli) ∧ Company(carrozzeriaColli) ∧ EstablishedBy(carrozzeriaColli, giuseppeColli) ∧ EstablishedIn(carrozzeriaColli, 1931)
Company(carrozzeriaColli) ∧ SpecializesIn(carrozzeriaColli, usingAluminum)
∀x (BuiltBy(x, carrozzeriaColli) ∧ FirstAutomobile(x) → RacingCar(x))
∃x (BuiltBy(x, carrozzeriaColli) ∧ RacingCar(x) ∧ Used(x, fiat1100mechanicals) ∧ Used(x, chassis))
∃x (Airforce(x) ∧ WorkedFor(carrozzeriaColli, x))
∃(CarBody(x) ∧ Made(x, carrozzeriaColli))",Giuseppe Colli established a Milanese coachbuilder company that specialized in using aluminum.,"∃x (Milanese(x) ∧ CoachBuilder(x) ∧ Company(x) ∧ EstablishedBy(x, giuseppeColli) ∧ SpecializesIn(x, usingAluminum))",True,643,"milanese(carrozzeriacolli) & coachbuilder(carrozzeriacolli) & company(carrozzeriacolli) & establishedby(carrozzeriacolli, giuseppecolli) & establishedin(carrozzeriacolli, 1931)
company(carrozzeriacolli) & specializesin(carrozzeriacolli, usingaluminum)
all:x (builtby(x, carrozzeriacolli) & firstautomobile(x) :- racingcar(x))
x (builtby(x, carrozzeriacolli) & racingcar(x) & used(x, fiat1100mechanicals) & used(x, chassis))
x (airforce(x) & workedfor(carrozzeriacolli, x))
(carbody(x) & made(x, carrozzeriacolli))","x (milanese(x) & coachbuilder(x) & company(x) & establishedby(x, giuseppecolli) & specializesin(x, usingaluminum))"
598,241,"All students learning piano can strike the right notes. 
All students who can strike the right note can get the rhythms right. 
If a student can get the rhythms right, he will start working on coordination between the left and the right hands. 
Some students who start working on coordination between the left and the right hands become good at it, while other students find it challenging. 
If John can strike the right notes, get the rhythms right, and is good at coordination between right and left hands, then he puts emotions into his playing. 
John is a student learning piano. 
John does not find coordination between the left and the right hands challenging. ","∀x (Student(x) ∧ LearningPiano(x) → Can(x, strike, rightNote))
∀x (Student(x) ∧  Can(x, strike, rightNote) → Can(x, getTheRhythmRight))
∀x (Student(x) ∧ Can(x, getTheRhythmRight) → Start(x, workingOnCoordinationBetweenTheLeftAndRightHands))
∀x (Student(x) ∧ Start(x, workingOnCoordinationBetweenTheLeftAndRightHands) → Become(x, goodAtCoordination) ⊕ Find(x, coordinationChallenging))
(Can(john, getTheRhythmRight) ∧ Can(john, getTheRhythmRight)) ∧  Become(john, goodAtCoordination)  → PutEmotionInto(john, hisPlaying)
Student(john) ∧ LearningPiano(john)
¬Find(john, coordinationChallenging)",John does not put emotions into his playing.,"PutEmotionInto(john, hisPlaying)",False,684,"all:x (student(x) & learningpiano(x) :- can(x, strike, rightnote))
all:x (student(x) &  can(x, strike, rightnote) :- can(x, gettherhythmright))
all:x (student(x) & can(x, gettherhythmright) :- start(x, workingoncoordinationbetweentheleftandrighthands))
all:x (student(x) & start(x, workingoncoordinationbetweentheleftandrighthands) :- become(x, goodatcoordination) ^ find(x, coordinationchallenging))
(can(john, gettherhythmright) & can(john, gettherhythmright)) &  become(john, goodatcoordination)  :- putemotioninto(john, hisplaying)
student(john) & learningpiano(john)
~find(john, coordinationchallenging)","putemotioninto(john, hisplaying)"
599,69,"Brian Winter is a Scottish football referee.
After being injured, Brian Winter retired in 2012.
Brian Winter was appointed as a referee observer after his retirement.
Some football referees become referee observers.
The son of Brian Winter, Andy Winter, is a football player who plays for Hamilton Academical.","Scottish(brianWinter) ∧ FootballReferee(brianWinter)
Retired(brianWinter) ∧ RetiredIn(brianWinter, yr2012)
RefereeObserver(brianWinter)
∃x (FootballReferee(x) ∧ RefereeObserver(x))
SonOf(andyWinter, brianWinter) ∧ FootballPlayer(andyWinter) ∧ PlaysFor(andyWinter, hamiltonAcademical)",Brian Winter was not a referee observer.,¬RefereeObserver(brianwinter),False,205,"scottish(brianwinter) & footballreferee(brianwinter)
retired(brianwinter) & retiredin(brianwinter, yr2012)
refereeobserver(brianwinter)
x (footballreferee(x) & refereeobserver(x))
sonof(andywinter, brianwinter) & footballplayer(andywinter) & playsfor(andywinter, hamiltonacademical)",~refereeobserver(brianwinter)
600,449,"Animals who need large territory travel far.
Every animal that eats a lot needs a large territory.
If something is a big animal, then it will eat a lot.
Bears are big animals.
Larry is a big animal.","∀x (Animal(x) ∧ Need(x, largeTerritory) → TravelFar(x))
∀x (EatALot(x) → Need(x, largeTerritory))
∀x (Big(x) ∧ Animal(x) → EatALot(x))
∀x (Bear(x) → Big(x) ∧ Animal(x))
Big(larry) ∧ Animal(larry)","If Larry either travels far or needs a large territory, then Larry is a bear.","TravelFar(larry) ⊕ Need(larry, largeTerritory) → Bear(larry)",True,1294,"all:x (animal(x) & need(x, largeterritory) :- travelfar(x))
all:x (eatalot(x) :- need(x, largeterritory))
all:x (big(x) & animal(x) :- eatalot(x))
all:x (bear(x) :- big(x) & animal(x))
big(larry) & animal(larry)","travelfar(larry) ^ need(larry, largeterritory) :- bear(larry)"
601,126,"A cat named Garfield, the main character of the film Garfield, is orange and fat and likes having lasagna. 
Garfield shares a home with Odie, another pet of Jon's. 
Garfield hates Odie.
A pet who hates the pet with whom he shares the same owner is childish and possessive.","Cat(garfield) ∧ MainCharacterOf(garfield, filmGarfield) ∧ Orange(garfield) ∧ Fat(garfield) ∧ Like(garfield, lasagna)
PetOf(garfield, jon) ∧ PetOf(odie, jon) ∧ ShareHomeWith(garfield, odie)
Hate(garfield, odie)
∀x ∀y ∃z (PetOf(x, z) ∧ PetOf(y, z) ∧ Hate(x, y) → Childish(x) ∧ Possessive(x))",The main character of the film Garfield is childish and possessive.,"∃x (MainCharacterOf(x, garfield) ∧ Childish(x) ∧ Possessive(x))",True,375,"cat(garfield) & maincharacterof(garfield, filmgarfield) & orange(garfield) & fat(garfield) & like(garfield, lasagna)
petof(garfield, jon) & petof(odie, jon) & sharehomewith(garfield, odie)
hate(garfield, odie)
all:x all:y z (petof(x, z) & petof(y, z) & hate(x, y) :- childish(x) & possessive(x))","x (maincharacterof(x, garfield) & childish(x) & possessive(x))"
602,339,"No professional tennis umpires are professional tennis players.
If you are a World Tour player, then you are a professional tennis player.
All Grand Slam champions are World Tour players.
All Grand Slam umpires are professional tennis umpires.
Nadal is a World Tour player or a Grand Slam champion","∀x (ProfessionalTennisUmpire(x) → ¬ProfessionalTennisPlayer(x))
∀x (WorldTourPlayer(x) → ProfessionalTennisPlayer(x))
∀x (GrandSlamChampion(x) → WorldTourPlayer(x))
∀x (GrandSlamUmpire(x) → ProfessionalTennisUmpire(x))
WorldTourPlayer(nadal) ∨ GrandSlamChampion(nadal)","If Nadal is a professional tennis umpire, then Nadal is a Grand Slam Umpire.",ProfessionalTennisUmpire(nadal) → GrandSlamUmpire(nadal),True,891,"all:x (professionaltennisumpire(x) :- ~professionaltennisplayer(x))
all:x (worldtourplayer(x) :- professionaltennisplayer(x))
all:x (grandslamchampion(x) :- worldtourplayer(x))
all:x (grandslamumpire(x) :- professionaltennisumpire(x))
worldtourplayer(nadal) | grandslamchampion(nadal)",professionaltennisumpire(nadal) :- grandslamumpire(nadal)
603,63,"All students who attend in person have registered for the conference. 
Students either attend the conference in person or remotely. 
No students from China attend the conference remotely. 
James attends the conference, but he does not attend the conference remotely.
Jack attends the conference, and he is a student from China.","∀x (AttendInPerson(x) → Registered(x))
∀x (Attend(x) → (AttendInPerson(x) ⊕ AttendRemotely(x)))
∀x ((Attend(x) ∧ FromChina(x)) → ¬AttendRemotely(x))
Attend(james) ∧ (¬AttendRemotely(james))
FromChina(jack) ∧ Attend(jack)",Jack attends the conference in person.,Attend(jack) ∧ AttendInPerson(jack),True,187,"all:x (attendinperson(x) :- registered(x))
all:x (attend(x) :- (attendinperson(x) ^ attendremotely(x)))
all:x ((attend(x) & fromchina(x)) :- ~attendremotely(x))
attend(james) & (~attendremotely(james))
fromchina(jack) & attend(jack)",attend(jack) & attendinperson(jack)
604,408,"No trick-shot artist in Yale's varsity team struggles with half court shots.
Everyone on Yale's varsity team is someone who struggles with half court shots or who successfully shoots a high percentage of 3-pointers.  
Everyone on Yale's varsity team who successfully shoots a high percentage of 3-pointers is solid at shooting 2-pointers.  
No one on Yale's varsity team who is solid at shooting 2-pointers is bad at mid-range shots.  
Jack is on Yale's varsity team, and he is either a trick-shot artist or he successfully shoots a high percentage of 3-pointers.","∀x ((In(x, yaleSVarsityTeam) ∧ TrickShotArtist(x)) → ¬StruggleAt(x, halfCourtShot))
∀x (In(x, yaleSVarsityTeam) → (StruggleAt(x, halfCourtShot) ∨ GoodAt(x, threes)))
∀x ((In(x, yaleSVarsityTeam) ∧ GoodAt(x, threes)) → GoodAt(x, twos))
∀x ((In(x, yaleSVarsityTeam) ∧ GoodAt(x, twos)) → BadAt(x, midRangeShot))
In(jack, yaleSVarsityTeam) ∧ (TrickShotArtist(jack) ⊕  GoodAt(jack, threes))",Jack struggles at half court shots.,"StruggleAt(jack, halfCourtShot)",Uncertain,1133,"all:x ((in(x, yalesvarsityteam) & trickshotartist(x)) :- ~struggleat(x, halfcourtshot))
all:x (in(x, yalesvarsityteam) :- (struggleat(x, halfcourtshot) | goodat(x, threes)))
all:x ((in(x, yalesvarsityteam) & goodat(x, threes)) :- goodat(x, twos))
all:x ((in(x, yalesvarsityteam) & goodat(x, twos)) :- badat(x, midrangeshot))
in(jack, yalesvarsityteam) & (trickshotartist(jack) ^  goodat(jack, threes))","struggleat(jack, halfcourtshot)"
605,308,"No video games released by Nintendo support the PS4 platform.
All video games in the Pokemon series are released by Nintendo. 
All video games in the FIFA series support the PS4 platform. 
All video games that allow users to simulate playing online soccer using licensed players are in the FIFA series.
The video game named “Be Lionel” is in the Pokemon series, or it allows users to simulate playing online soccer games using licensed players.","∀x (VideoGame(x) ∧ ReleasedBy(x, nintendo) → ¬Support(x, pS4))
∀x (VideoGame(x) ∧ In(x, pokemonSeries) → ReleasedBy(x, nintendo))
∀x (VideoGame(x) ∧ In(x, fIFASeries) → Support(x, pS4))
∀x (VideoGame(x) ∧ Simulate(x, onlineSoccer) ∧ Use(x, licensedPlayer) → In(x, fIFASeries))
VideoGame(beLionel) ∧ In(beLionel, pokemonSeries) ∨ (Simulate(beLionel, onlineSoccer) ∧ Use(beLionel, licensedPlayer))",The video game named “Be Lionel” is either in the FIFA series or supports the PS4 platform.,"VideoGame(beLionel) ∧ FIFASeries(beLionel) ⊕ Support(beLionel, pS4)",False,762,"all:x (videogame(x) & releasedby(x, nintendo) :- ~support(x, ps4))
all:x (videogame(x) & in(x, pokemonseries) :- releasedby(x, nintendo))
all:x (videogame(x) & in(x, fifaseries) :- support(x, ps4))
all:x (videogame(x) & simulate(x, onlinesoccer) & use(x, licensedplayer) :- in(x, fifaseries))
videogame(belionel) & in(belionel, pokemonseries) | (simulate(belionel, onlinesoccer) & use(belionel, licensedplayer))","videogame(belionel) & fifaseries(belionel) ^ support(belionel, ps4)"
606,398,"All mind-reading is either brain reading or brain decoding. 
All brain decoding that is mind-reading is extracting information from BOLD signals.
No studies that are mind-reading and extract information from BOLD signals are without statistical pattern analysis. 
Writing a novel is without statistical pattern analysis.
If multivoxel (pattern) analysis is without statistical pattern analysis and a brain reading, then multivoxel (pattern) analysis is without statistical pattern analysis and brain decoding.
Multivoxel (pattern) analysis is a type of mind-reading.","∀x (MindReading(x) ∧ (BrainReading(x) ⊕ BrainDecoding(x)))
∀x ((MindReading(x) ∧ BrainDecoding(x)) → ExtractingFrom(x, information, bOLDSignals))
∀x ((MindReading(x) ∧ ExtractingFrom(x, information, bOLDSignals)) → Uses(x, statisticalPatternAnalysis))
∀x (NovelWriting(x) → ¬Uses(x, statisticalPatternAnalysis)) 
MindReading(multivoxelPatternAnalysis) ∧ (¬Uses(multivoxelPatternAnalysis, statisticalPatternAnalysis) ∧ BrainReading(multivoxelPatternAnalysis)) →  (¬Uses(multivoxelPatternAnalysis, statisticalPatternAnalysis) ∧ (¬BrainDecoding(multivoxelPatternAnalysis)))
MindReading(multivoxelPatternAnalysis) ",Multivoxel (pattern) analysis is without statistical pattern analysis or writing a novel.,"¬(Uses(multivoxelPatternAnalysis, statisticalPatternAnalysis) ∨ NovelWriting(multivoxelPatternAnalysis))",False,1087,"all:x (mindreading(x) & (brainreading(x) ^ braindecoding(x)))
all:x ((mindreading(x) & braindecoding(x)) :- extractingfrom(x, information, boldsignals))
all:x ((mindreading(x) & extractingfrom(x, information, boldsignals)) :- uses(x, statisticalpatternanalysis))
all:x (novelwriting(x) :- ~uses(x, statisticalpatternanalysis)) 
mindreading(multivoxelpatternanalysis) & (~uses(multivoxelpatternanalysis, statisticalpatternanalysis) & brainreading(multivoxelpatternanalysis)) :-  (~uses(multivoxelpatternanalysis, statisticalpatternanalysis) & (~braindecoding(multivoxelpatternanalysis)))
mindreading(multivoxelpatternanalysis) ","~(uses(multivoxelpatternanalysis, statisticalpatternanalysis) | novelwriting(multivoxelpatternanalysis))"
607,148,"Boney M. had several German #1 singles.
""Hooray! Hooray! It's a Holi-Holiday!"" was a big hit all over Europe.
""Hooray! Hooray! It's a Holi-Holiday!"" was not in German #1 singles.
A song that peaks below #1 on the german charts is also a song that is not the #1 single in Germany.","∃x (Song(x) ∧ By(x, boneym,) ∧ Number1GermanSingle(x))
Song(hoorayHoorayItsAHoliHoliday) ∧ HitAllOverEurope(hoorayHoorayItsAHoliHoliday)
Song(hoorayHoorayItsAHoliHoliday) ∧ ¬Number1GermanSingle(hoorayHoorayItsAHoliHoliday)
∀x (PeakBelowOn(x, number1, germanChart) → ¬Number1GermanSingle(x))","""Hooray! Hooray! It's a Holi-Holiday!"" peaked below #1 on the German charts.","PeaksBelowOn(hoorayHoorayItsAHoliHoliday, number1, germanChart)",True,433,"x (song(x) & by(x, boneym,) & number1germansingle(x))
song(hoorayhoorayitsaholiholiday) & hitallovereurope(hoorayhoorayitsaholiholiday)
song(hoorayhoorayitsaholiholiday) & ~number1germansingle(hoorayhoorayitsaholiholiday)
all:x (peakbelowon(x, number1, germanchart) :- ~number1germansingle(x))","peaksbelowon(hoorayhoorayitsaholiholiday, number1, germanchart)"
608,167,"If you go somewhere by train, you will not lose time.
If you go somewhere by car and meet a traffic jam, you will lose time.
If you lose time, you will be late for work.
Mary can get from New Haven to New York City either by train or car.
Mary is late for work.","∀x (GoByTrain(x) → ¬LoseTime(x))
∀x((GoByCar(x) ∧ Meet(x, trafficJam)) → LoseTime(x))
∀x (LoseTime(x) → LateForWork(x))
FromAndTo(newHaven, newYork) ∧ (GoByTrain(mary) ⊕ GoByCar(mary))
LateForWork(mary)",Mary meets a traffic jam.,"Meet(mary, trafficJam)",Uncertain,481,"all:x (gobytrain(x) :- ~losetime(x))
all:x((gobycar(x) & meet(x, trafficjam)) :- losetime(x))
all:x (losetime(x) :- lateforwork(x))
fromandto(newhaven, newyork) & (gobytrain(mary) ^ gobycar(mary))
lateforwork(mary)","meet(mary, trafficjam)"
609,410,"All products designed by Apple are sold at Apple Stores.
All products with Apple logos are designed by Apple.
All Macbooks have Apple logos.
All products with Apple M2 chips are Mackbooks.
A Thinkpad X1 is not both sold in Apple Stores and is a Macbook.","∀x ((Product(x) ∧ DesignedBy(x, apple)) → SoldIn(x, appleStore))
∀x ((Product(x) ∧ With(x, appleLogo)) → DesignedBy(x, apple))
∀x (Macbook(x) → With(x, appleLogo))
∀x ((Product(x) ∧ With(x, appleM2Chip)) → Macbook(x))
¬(SoldIn(thinkpadX1, appleStore) ∧ Macbook(thinkpadX1))",The Thinkpad X1 has an Apple M2 chip.,"With(thinkpadX1, appleM2Chip)",False,1147,"all:x ((product(x) & designedby(x, apple)) :- soldin(x, applestore))
all:x ((product(x) & with(x, applelogo)) :- designedby(x, apple))
all:x (macbook(x) :- with(x, applelogo))
all:x ((product(x) & with(x, applem2chip)) :- macbook(x))
~(soldin(thinkpadx1, applestore) & macbook(thinkpadx1))","with(thinkpadx1, applem2chip)"
610,8,"Miroslav Venhoda was a Czech choral conductor who specialized in the performance of Renaissance and Baroque music.
Any choral conductor is a musician.
Some musicians love music.
Miroslav Venhoda published a book in 1946 called Method of Studying Gregorian Chant.","Czech(miroslav) ∧ ChoralConductor(miroslav) ∧ SpecializeInPerformanceOf(miroslav, renaissanceMusic) ∧ SpecializeInPerformanceOf(miroslav, baroqueMusic)
∀x (ChoralConductor(x) → Musician(x))
∃x ∃y ((Musician(x) → Love(x, music)) ∧ (¬(x=y) ∧ Musician(y) → Love(y, music)))
PublishedBook(miroslav, methodOfStudyingGregorianChant, yr1946)",A Czech published a book in 1946.,"∃x ∃y (Czech(x) ∧ PublishedBook(x, y, year1946))",True,21,"czech(miroslav) & choralconductor(miroslav) & specializeinperformanceof(miroslav, renaissancemusic) & specializeinperformanceof(miroslav, baroquemusic)
all:x (choralconductor(x) :- musician(x))
x y ((musician(x) :- love(x, music)) & (~(x=y) & musician(y) :- love(y, music)))
publishedbook(miroslav, methodofstudyinggregorianchant, yr1946)","x y (czech(x) & publishedbook(x, y, year1946))"
611,391,"All imaginative processes that Dan knows are results of creative processes.
All science fiction that Dan knows comes from an imaginative process.
Everthing that Dan knows comes from either science-fiction or realistic fiction.
No facts that Dan knows have proven to be false.
Dan knows that Dune is science fiction or has proven to be false.","∀x ((Knows(dan, x) ∧ ImaginativeProcess(x)) → ResultOf(x, creativeProcess))
∀x ((Knows(dan, x) ∧ ScienceFiction(x)) → ImaginativeProcess(x)) 
∀x (Knows(dan, x) → (ScienceFiction(x) ⊕ RealisticFiction(x)))
∀x ((Knows(dan, x) ∧ Fact(x)) → ¬ProvedToBe(x, false)) 
(Knows(dan, dune) ∧ ScienceFiction(dune)) ∨ ProvedToBe(dune, false))","If Dune is science-fiction, then Dune is not a result of creative processes and science-fiction.","Knows(dan, dune) ∧ (ScienceFiction(dune)) → (¬(ResultOf(dune, creativeProcess)  ∧ ScienceFiction(dune)))",False,1054,"all:x ((knows(dan, x) & imaginativeprocess(x)) :- resultof(x, creativeprocess))
all:x ((knows(dan, x) & sciencefiction(x)) :- imaginativeprocess(x)) 
all:x (knows(dan, x) :- (sciencefiction(x) ^ realisticfiction(x)))
all:x ((knows(dan, x) & fact(x)) :- ~provedtobe(x, false)) 
(knows(dan, dune) & sciencefiction(dune)) | provedtobe(dune, false))","knows(dan, dune) & (sciencefiction(dune)) :- (~(resultof(dune, creativeprocess)  & sciencefiction(dune)))"
612,52,"The Lumina APV is produced by Chevrolet. 
The Astro is a van produced by Chevrolet. 
Vehicles produced by Chevrolet in this batch are either cars or vans.","ProducedBy(luminaAPV, chevrolet)
ProducedBy(astro, chevrolet) ∧ Van(astro)
∀x (Vehicle(x) ∧ ProducedBy(x, chevrolet) ∧ InThisBatch(x) → (Car(x) ⊕ Van(x)))",The Lumina APV is either a car or a van.,Car(luminaAPV) ⊕ Van(luminaAPV),True,151,"producedby(luminaapv, chevrolet)
producedby(astro, chevrolet) & van(astro)
all:x (vehicle(x) & producedby(x, chevrolet) & inthisbatch(x) :- (car(x) ^ van(x)))",car(luminaapv) ^ van(luminaapv)
613,339,"No professional tennis umpires are professional tennis players.
If you are a World Tour player, then you are a professional tennis player.
All Grand Slam champions are World Tour players.
All Grand Slam umpires are professional tennis umpires.
Nadal is a World Tour player or a Grand Slam champion","∀x (ProfessionalTennisUmpire(x) → ¬ProfessionalTennisPlayer(x))
∀x (WorldTourPlayer(x) → ProfessionalTennisPlayer(x))
∀x (GrandSlamChampion(x) → WorldTourPlayer(x))
∀x (GrandSlamUmpire(x) → ProfessionalTennisUmpire(x))
WorldTourPlayer(nadal) ∨ GrandSlamChampion(nadal)",Nadal is a Grand Slam champion.,GrandSlamChampion(nadal),Uncertain,889,"all:x (professionaltennisumpire(x) :- ~professionaltennisplayer(x))
all:x (worldtourplayer(x) :- professionaltennisplayer(x))
all:x (grandslamchampion(x) :- worldtourplayer(x))
all:x (grandslamumpire(x) :- professionaltennisumpire(x))
worldtourplayer(nadal) | grandslamchampion(nadal)",grandslamchampion(nadal)
614,143,"Video Gag is a French television series that airs weekly.
Video Gag airs on the French broadcast channel TF1. 
If viewers send funny videos to the French broadcast channel TF1, then Video Gag airs them weekly.
All videos aired on Video Gag are in French.","FrenchTelevision(videoGag) ∧ AirWeekly(videoGag)
AirOn(videoGag, frenchBroadcastChannelTF1)
∀x (Funny(x) ∧ Video(x) ∧ SendIn(viewers, x, frenchBroadcastChannelTF1)  → AirWeekly(x) ) ∧ AirOn(videoGag, x))
∀x (Video(x) ∧ AirOn(videoGag, x) → In(x, french))",Viewers send funny videos to the French broadcast channel that are in English.,"∃x (SendIn(viewers, x, frenchBroadcastChannelTF1) ∧ English(x))",Uncertain,420,"frenchtelevision(videogag) & airweekly(videogag)
airon(videogag, frenchbroadcastchanneltf1)
all:x (funny(x) & video(x) & sendin(viewers, x, frenchbroadcastchanneltf1)  :- airweekly(x) ) & airon(videogag, x))
all:x (video(x) & airon(videogag, x) :- in(x, french))","x (sendin(viewers, x, frenchbroadcastchanneltf1) & english(x))"
615,30,"EndGame is a movie released in 2006.
EndGame was set in Washington.
EndGame was filmed outside of Washington.
Some movies are filmed in New York.
Andy Chang directed EndGame.
Andy Chang is from Hong Kong.","Movie(endGame) ∧ Released(endGame, yr2006)
SetIn(endGame, washington)
¬(FilmedIn(endGame, washington))
∃x∃y(FilmedIn(x, newYork) ∧ (¬(x=y)) ∧ FilmedIn(y, newYork))
Directed(andyChang, endGame)
From(andyChang, hongKong)",All of Andy Chang's movies are filmed outside of Washington.,"∀x (Directed(andyChang, x) → ¬(FilmedIn(x, washington)))",Uncertain,88,"movie(endgame) & released(endgame, yr2006)
setin(endgame, washington)
~(filmedin(endgame, washington))
xy(filmedin(x, newyork) & (~(x=y)) & filmedin(y, newyork))
directed(andychang, endgame)
from(andychang, hongkong)","all:x (directed(andychang, x) :- ~(filmedin(x, washington)))"
616,189,"A summarization model is always faithful if it uses content from the input documents.
Extractive models are summarization models.
An extractive model can only use content from the input documents.","∀x (Model(x) ∧ Summarization(x) ∧ OnlyUseInputDocument(x) → Faithful(x))
∀x (Model(x) ∧ Extractive(x) → Model(x) ∧ Summarization(x))
∀x (Model(x) ∧ Extractive(x) → OnlyUseInputDocument(x))",Extractive models are not always faithful.,∃x (Model(x) ∧ Extractive(x) ∧ ¬Faithful(x)),False,543,"all:x (model(x) & summarization(x) & onlyuseinputdocument(x) :- faithful(x))
all:x (model(x) & extractive(x) :- model(x) & summarization(x))
all:x (model(x) & extractive(x) :- onlyuseinputdocument(x))",x (model(x) & extractive(x) & ~faithful(x))
617,75,"Robert Zimmer was a philosopher born in Germany.
Robert Zimmer is an essayist.
Robert Zimmer was born in 1953.
Every essayist is a writer.","BornIn(robertZimmer, germany) ∧ Philosopher(robertZimmer)
Essayist(robertZimmer)
BornIn(robertZimmer, yr1953)
∀x (Essayist(x) → Writer(x))",Robert Zimmer is not a writer.,¬Writer(robertZimmer),False,229,"bornin(robertzimmer, germany) & philosopher(robertzimmer)
essayist(robertzimmer)
bornin(robertzimmer, yr1953)
all:x (essayist(x) :- writer(x))",~writer(robertzimmer)
618,420,"Some people are both late-night and early-morning people.
If a person is an earl- morning person, they have early-morning habits.
Everyone who has early-morning habits gets up early.
Everyone who gets up early catches the sunrise.
James doesn't catch the sunrise.","∃x (LateNightPerson(x) ∧ EarlyMorningPerson(x))
∀x (EarlyMorningPerson(x) → Have(x, earlyMorningHabit))
∀x (Have(x, earlyMorningHabit) → GetUpEarly(x))
∀x (GetUpEarly(x) → CatchTheSunrise(x))
¬CatchTheSunrise(james)",James is a late night person.,LateNightPerson(james),Uncertain,1184,"x (latenightperson(x) & earlymorningperson(x))
all:x (earlymorningperson(x) :- have(x, earlymorninghabit))
all:x (have(x, earlymorninghabit) :- getupearly(x))
all:x (getupearly(x) :- catchthesunrise(x))
~catchthesunrise(james)",latenightperson(james)
619,391,"All imaginative processes that Dan knows are results of creative processes.
All science fiction that Dan knows comes from an imaginative process.
Everthing that Dan knows comes from either science-fiction or realistic fiction.
No facts that Dan knows have proven to be false.
Dan knows that Dune is science fiction or has proven to be false.","∀x ((Knows(dan, x) ∧ ImaginativeProcess(x)) → ResultOf(x, creativeProcess))
∀x ((Knows(dan, x) ∧ ScienceFiction(x)) → ImaginativeProcess(x)) 
∀x (Knows(dan, x) → (ScienceFiction(x) ⊕ RealisticFiction(x)))
∀x ((Knows(dan, x) ∧ Fact(x)) → ¬ProvedToBe(x, false)) 
(Knows(dan, dune) ∧ ScienceFiction(dune)) ∨ ProvedToBe(dune, false))",Dune is a result of creative processes and is science fiction.,"ResultOf(dune, creativeProcess) ∧ ScienceFiction(dune))",True,1050,"all:x ((knows(dan, x) & imaginativeprocess(x)) :- resultof(x, creativeprocess))
all:x ((knows(dan, x) & sciencefiction(x)) :- imaginativeprocess(x)) 
all:x (knows(dan, x) :- (sciencefiction(x) ^ realisticfiction(x)))
all:x ((knows(dan, x) & fact(x)) :- ~provedtobe(x, false)) 
(knows(dan, dune) & sciencefiction(dune)) | provedtobe(dune, false))","resultof(dune, creativeprocess) & sciencefiction(dune))"
620,376,"All people in this tech company who are consistent and enjoy sticking to their regular routines do not like surprises.
People in this tech company who wear the same flannel shirts every day are consistent and enjoy sticking to their regular routines.
People in this tech company who do not like shopping for clothes wear the same flannel shirts every day.
Old people living in stable homes do not like surprises.
People in this tech company who have very high energy and are impulsive like surprises.
Mike works in this tech company.
If Mike is not a person who wears the same flannel shirts every day, has very high energy, and is impulsive, then Mike either is very consistent and enjoys sticking to his regular routines or does not like surprises.","∀x (InThisTechCompany(x) ∧ Consistent(x) ∧ StickTo(x, theirRegularRoutine) → ¬Like(x, surprise))
∀x (InThisTechCompany(x) ∧ ∃y (flannelShirt(y) ∧ WearEveryday(x, y)) → Consistent(x) ∧ StickTo(x, theirRegularRoutine))
∀x (InThisTechCompany(x) ∧ ¬LikeShoppingFor(x, clothes) → ∃y (flannelShirt(y) ∧ WearEveryday(x, y)))
∀x (InThisTechCompany(x) ∧ Old(x) ∧ LiveIn(x, stableHome) → ¬Like(x, surprise))
∀x (InThisTechCompany(x) ∧ Have(x, highEnergy) ∧ Impulsive(x) → ¬Like(x, surprise))
InThisTechCompany(mike)
¬(∃y (flannelShirt(y) ∧ WearEveryday(x, y)) ∧ Have(mike, highEnergy) ∧ Impulsive(mike)) → (Consistent(mike) ∧ StickTo(mike, theirRegularRoutine)) ⊕ ¬Like(mike, surprise)","If Mike wears the same flannel shirts every day or does not like shopping for clothes, then Mike is neither an old person living in a stable home nor does he like shopping for clothes.","(∃y (flannelShirt(y) ∧ WearEveryday(mike, y)) ∨ ¬LikeShoppingFor(mike, clothes)) → ¬(Old(mike) ∧ LiveIn(mike, stableHome)) ∧ ¬LikeShoppingFor(mike, clothes)",True,1003,"all:x (inthistechcompany(x) & consistent(x) & stickto(x, theirregularroutine) :- ~like(x, surprise))
all:x (inthistechcompany(x) & y (flannelshirt(y) & weareveryday(x, y)) :- consistent(x) & stickto(x, theirregularroutine))
all:x (inthistechcompany(x) & ~likeshoppingfor(x, clothes) :- y (flannelshirt(y) & weareveryday(x, y)))
all:x (inthistechcompany(x) & old(x) & livein(x, stablehome) :- ~like(x, surprise))
all:x (inthistechcompany(x) & have(x, highenergy) & impulsive(x) :- ~like(x, surprise))
inthistechcompany(mike)
~(y (flannelshirt(y) & weareveryday(x, y)) & have(mike, highenergy) & impulsive(mike)) :- (consistent(mike) & stickto(mike, theirregularroutine)) ^ ~like(mike, surprise)","(y (flannelshirt(y) & weareveryday(mike, y)) | ~likeshoppingfor(mike, clothes)) :- ~(old(mike) & livein(mike, stablehome)) & ~likeshoppingfor(mike, clothes)"
621,182,"Brita was a cargo ship built for Norwegians.
Brita was impressed into service by Germany.
Ships that have been impressed into service were seized by whoever impressed them into service.
The Britta was sold to Hong Kong.","CargoShip(britta) ∧ Ship(britta) ∧ BuiltFor(britta, norwegians)
ImpressedIntoServiceBy(britta, germany)
∀x ∀y (Ship(x) ∧ ImpressedIntoServiceBy(x, y) → SeizedBy(x, y))
SoldTo(britta, hongkong)",There was a cargo ship seized by Germany that was sold to Hong Kong.,"∃x (CargoShip(x) ∧ SeizedBy(x, germany) ∧ SoldTo(x, hongkong))",True,524,"cargoship(britta) & ship(britta) & builtfor(britta, norwegians)
impressedintoserviceby(britta, germany)
all:x all:y (ship(x) & impressedintoserviceby(x, y) :- seizedby(x, y))
soldto(britta, hongkong)","x (cargoship(x) & seizedby(x, germany) & soldto(x, hongkong))"
622,205,"Oxford Circus is a road junction connecting Oxford Street and Regent Street.
Oxford Street and Regent Street are in London.
John Nash designed a construction on Regent Street.
John Nash designed Oxford Circus.
John Nash is a British architect.
Oxford Circus is the entrance to Oxford Circus tube station, a part of the Central line in 1900.","RoadJunction(oxfordCircus) ∧ Connect(oxfordCircus, oxfordSt, regentSt)
In(oxfordSt, london) ∧ In(regentSt, london)
Designed(nash, construction) ∧ On(construction, regentSt)
Designed(nash, oxfordCircus)
Architect(nash) ∧ British(nash)
EntraceTo(oxfordCircus, tubeStation) ∧ PartOf(tubeStation, centralline) ∧ In(tubeStation, 1900)",John Nash designed the Central line in 1900.,"∀x (PartOf(x, centralLine) → Design(johnNash, x))",Uncertain,587,"roadjunction(oxfordcircus) & connect(oxfordcircus, oxfordst, regentst)
in(oxfordst, london) & in(regentst, london)
designed(nash, construction) & on(construction, regentst)
designed(nash, oxfordcircus)
architect(nash) & british(nash)
entraceto(oxfordcircus, tubestation) & partof(tubestation, centralline) & in(tubestation, 1900)","all:x (partof(x, centralline) :- design(johnnash, x))"
623,180,"Sam is doing a project.
A project is written either in C++ or Python.
If Sam does a project written in Python, he will not use a Mac.
Sam is using a Mac.
If Sam uses a Mac, he will play a song.
If a song is not titled ""Perfect,"" Sam will never play it.","∃x (Project(x) ∧ Do(sam, x))
∀x (Project(x) → (WrittenIn(x, cplusplus) ⊕ WrittenIn(x, python)))
∀x (Project(x) ∧ WrittenIn(x, python) ∧ Do(sam, x) → ¬Use(sam, mac))
Use(sam, mac)
∃x (Use(sam, mac) ∧ Song(x) → Play(sam, x))
∀x (Song(x) ∧ Play(sam, x) → Titled(x, perfect))","If a song is titled ""Perfect"", Sam will play it.","∀x (Titled(x, perfect) → Play(sam, x))",Uncertain,520,"x (project(x) & do(sam, x))
all:x (project(x) :- (writtenin(x, cplusplus) ^ writtenin(x, python)))
all:x (project(x) & writtenin(x, python) & do(sam, x) :- ~use(sam, mac))
use(sam, mac)
x (use(sam, mac) & song(x) :- play(sam, x))
all:x (song(x) & play(sam, x) :- titled(x, perfect))","all:x (titled(x, perfect) :- play(sam, x))"
624,13,"System 7 is a UK-based electronic dance music band.
Steve Hillage and Miquette Giraudy formed System 7.
Steve Hillage and Miquette Giraudy are former members of the band Gong.
Electric dance music bands are bands.
System 7 has released several club singles.
Club singles are not singles.","BasedIn(system7, uk) ∧ ElectronicDanceMusicBand(system7)
Form(stevehillage, system7) ∧ Form(miquettegiraudy, system7)
FormerMemberOf(stevehillage, gong) ∧ FormerMemberOf(miquettegiraudy, gong)
∀x (ElectronicDanceMusicBand(x) → Band(x))
∃x (ClubSingle(x) ∧ Release(system7, x))
∀x (ClubSingle(x) → ¬Single(x))",System 7 is not a band.,¬Band(system7),False,37,"basedin(system7, uk) & electronicdancemusicband(system7)
form(stevehillage, system7) & form(miquettegiraudy, system7)
formermemberof(stevehillage, gong) & formermemberof(miquettegiraudy, gong)
all:x (electronicdancemusicband(x) :- band(x))
x (clubsingle(x) & release(system7, x))
all:x (clubsingle(x) :- ~single(x))",~band(system7)
625,347,"All mammals are living beings.
All elephants are mammals.
All baby elephants are elephants.
Some baby elephants are sleepy.
If Jumbo is a living being, then Jumbo is not both an elephant and a mammal.
If Jumbo is sleepy, then Jumbo is either a baby elephant or a mammal.","∀x (Mammal(x) → LivingBeing(x)) 
∀x (Elephant(x) → Mammal(x))
∀x (BabyElephant(x) → Elephant(x))
∃x (BabyElephant(x) ∧ Sleepy(x))
LivingBeing(jumbo) → ¬(Elephant(jumbo) ∧ Mammal(jumbo))
Sleepy(jumbo) → BabyElephant(jumbo) ⊕ Mammal(jumbo)",Jumbo is neither sleepy nor a baby elephant.,¬Sleepy(jumbo) ∧ ¬BabyElephant(jumbo)),True,919,"all:x (mammal(x) :- livingbeing(x)) 
all:x (elephant(x) :- mammal(x))
all:x (babyelephant(x) :- elephant(x))
x (babyelephant(x) & sleepy(x))
livingbeing(jumbo) :- ~(elephant(jumbo) & mammal(jumbo))
sleepy(jumbo) :- babyelephant(jumbo) ^ mammal(jumbo)",~sleepy(jumbo) & ~babyelephant(jumbo))
626,344,"All students are members of the university.
All graduate students are students.
All PhD students are graduate students.
Some PhD students are Teaching Fellows.
If John is not a PhD student, then he is not a member of the university.
If John is a Teaching Fellow, then he is a PhD student or a graduate student.","∀x (Student(x) → MemberOf(x, university))
∀x (GraduateStudent(x) → Student(x))
∀x (PhDStudent(x) → GraduateStudent(x))
∃x (PhDStudent(x) ∧ TeachingFellow(x))
¬PhDStudent(john) → ¬MemberOf(john, university)
TeachingFellow(john) → PhDStudent(john) ⊕ GraduateStudent(john)",John is a Teaching Fellow,TF(john),False,907,"all:x (student(x) :- memberof(x, university))
all:x (graduatestudent(x) :- student(x))
all:x (phdstudent(x) :- graduatestudent(x))
x (phdstudent(x) & teachingfellow(x))
~phdstudent(john) :- ~memberof(john, university)
teachingfellow(john) :- phdstudent(john) ^ graduatestudent(john)",tf(john)
627,364,"If people in this neighborhood visit a coffee shop regularly, then they are addicted to coffee. 
People in this neighborhood visit a coffee shop regularly or order takeout at least once a day.
If people in this neighborhood make a lot of their own food at home using recipes and online guides, then they order takeout at least once a day.
If people in this neighborhood own at least one coffeemaker and one blender in their home, then they do not order takeout at least once a day.
All people in this neighborhood who lead very busy lives that include 12-hour work hours make a lot of their own food at home using recipes and online guides.
Sam is living in this neighborhood, and he is either addicted to coffee or other caffeinated drinks and leads a very busy life that include 12-hour work hours, or is not addicted to coffee and does not lead a very busy life that include 12-hour work hours","∀x (In(x, thisNeighborhood) ∧ VisitRegularly(x, coffeeShop) → AddictedTo(x, coffee))
∀x (In(x, thisNeighborhood) → (VisitRegularly(x, coffeeShop) ∨ (∃y (TakeOut(y) ∧ Order(x, y, aDay))))
∀x (In(x, thisNeighborhood) ∧ MakeAtUsing(x, home, ownFood, recipe) → ∃y (TakeOut(y) ∧ Order(x, y)))
∀x (In(x, thisNeighborhood) ∧ ∃y (CoffeemakerAndBlender(y) ∧ Own(x, y)) → ¬OrderAtLeastOnceADay(x, takeout))
∀x (In(x, thisNeighborhood) ∧ BusyWith(x, 12HourWorkHour) → MakeAtUsing(x, home, ownFood, recipe))
In(sam, thisNeighborhood) ∧ ¬(AddictedTo(sam, coffee) ⊕ BusyWith(sam, 12HourWorkHour))",Sam is living in this neighborhood and he owns at least one coffeemaker and one blender in his home.,"∃y (CoffeemakerAndBlender(y) ∧ Own(sam, y))",False,968,"all:x (in(x, thisneighborhood) & visitregularly(x, coffeeshop) :- addictedto(x, coffee))
all:x (in(x, thisneighborhood) :- (visitregularly(x, coffeeshop) | (y (takeout(y) & order(x, y, aday))))
all:x (in(x, thisneighborhood) & makeatusing(x, home, ownfood, recipe) :- y (takeout(y) & order(x, y)))
all:x (in(x, thisneighborhood) & y (coffeemakerandblender(y) & own(x, y)) :- ~orderatleastonceaday(x, takeout))
all:x (in(x, thisneighborhood) & busywith(x, 12hourworkhour) :- makeatusing(x, home, ownfood, recipe))
in(sam, thisneighborhood) & ~(addictedto(sam, coffee) ^ busywith(sam, 12hourworkhour))","y (coffeemakerandblender(y) & own(sam, y))"
628,312,"To have the authorization to study in the United States as a foreigner, you must be enrolled in an academic program.
Those who are enrolled in an academic program can not work full-time.
Every who studies in the United States as a foreigner has the authorization to study in the U.S.
All PhD graduate can work full-time. 
If Tom does not study in the United States as a foreigner, he is enrolled in an academic program.","∀x (Have(x, authorization, studyIn, unitedStates) → EnrolledIn(x, academicProgram))
∀x (EnrolledIn(x, academicProgram) → ¬Work(x, fullTime))
∀x (StudyIn(x, unitedStates) → Have(x, authorization, studyIn, unitedStates))
∀x (PhDGraduate(x) → Work(x, fullTime))
¬StudyIn(x, unitedStates) → EnrolledIn(x, academicProgram)",Tom is a PhD graduate.,PhdGraduate(tom),False,776,"all:x (have(x, authorization, studyin, unitedstates) :- enrolledin(x, academicprogram))
all:x (enrolledin(x, academicprogram) :- ~work(x, fulltime))
all:x (studyin(x, unitedstates) :- have(x, authorization, studyin, unitedstates))
all:x (phdgraduate(x) :- work(x, fulltime))
~studyin(x, unitedstates) :- enrolledin(x, academicprogram)",phdgraduate(tom)
629,316,"There are no mansion houses in an urban area.
All skyscrapers are in urban areas.
Every creepy haunted house is a mansion house.
Every terrifying building on Halloween is a creepy haunted house.
The LaLaurie House is a creepy haunted house or a terrifying building on Halloween.","∀x (InUrbanArea(x) → ¬MansionHouse(x))
∀x (Skyscraper(x) → InUrbanArea(x))
∀x (CreepyHauntedHouse(x) → MansionHouse(x))
∀x (TerrifyingBuilding(x) ∧ OnHalloween(x) → CreepyHauntedHouse(x))
CreepyHauntedHouse(laLaurieHouse) ∨ TerrifyingBuilding(laLaurieHouse) ∧ OnHalloween(laLaurieHouse)",The LaLaurie House is either a skyscraper or in an urban area.,Skyscraper(laLaurieHouse) ⊕ UrbanArea(laLaurieHouse),False,793,"all:x (inurbanarea(x) :- ~mansionhouse(x))
all:x (skyscraper(x) :- inurbanarea(x))
all:x (creepyhauntedhouse(x) :- mansionhouse(x))
all:x (terrifyingbuilding(x) & onhalloween(x) :- creepyhauntedhouse(x))
creepyhauntedhouse(lalauriehouse) | terrifyingbuilding(lalauriehouse) & onhalloween(lalauriehouse)",skyscraper(lalauriehouse) ^ urbanarea(lalauriehouse)
630,398,"All mind-reading is either brain reading or brain decoding. 
All brain decoding that is mind-reading is extracting information from BOLD signals.
No studies that are mind-reading and extract information from BOLD signals are without statistical pattern analysis. 
Writing a novel is without statistical pattern analysis.
If multivoxel (pattern) analysis is without statistical pattern analysis and a brain reading, then multivoxel (pattern) analysis is without statistical pattern analysis and brain decoding.
Multivoxel (pattern) analysis is a type of mind-reading.","∀x (MindReading(x) ∧ (BrainReading(x) ⊕ BrainDecoding(x)))
∀x ((MindReading(x) ∧ BrainDecoding(x)) → ExtractingFrom(x, information, bOLDSignals))
∀x ((MindReading(x) ∧ ExtractingFrom(x, information, bOLDSignals)) → Uses(x, statisticalPatternAnalysis))
∀x (NovelWriting(x) → ¬Uses(x, statisticalPatternAnalysis)) 
MindReading(multivoxelPatternAnalysis) ∧ (¬Uses(multivoxelPatternAnalysis, statisticalPatternAnalysis) ∧ BrainReading(multivoxelPatternAnalysis)) →  (¬Uses(multivoxelPatternAnalysis, statisticalPatternAnalysis) ∧ (¬BrainDecoding(multivoxelPatternAnalysis)))
MindReading(multivoxelPatternAnalysis) ",Multivoxel (pattern) analysis is the writing of a novel.,MindReading(multivoxelPatternAnalysis) ∧ NovelWriting(multivoxelPatternAnalysis),False,1085,"all:x (mindreading(x) & (brainreading(x) ^ braindecoding(x)))
all:x ((mindreading(x) & braindecoding(x)) :- extractingfrom(x, information, boldsignals))
all:x ((mindreading(x) & extractingfrom(x, information, boldsignals)) :- uses(x, statisticalpatternanalysis))
all:x (novelwriting(x) :- ~uses(x, statisticalpatternanalysis)) 
mindreading(multivoxelpatternanalysis) & (~uses(multivoxelpatternanalysis, statisticalpatternanalysis) & brainreading(multivoxelpatternanalysis)) :-  (~uses(multivoxelpatternanalysis, statisticalpatternanalysis) & (~braindecoding(multivoxelpatternanalysis)))
mindreading(multivoxelpatternanalysis) ",mindreading(multivoxelpatternanalysis) & novelwriting(multivoxelpatternanalysis)
631,226,"William Dickinson was a British politician who sat in the House of Commons
William Dickinson attended Westminster school for high school and then the University of Edinburgh.
The University of Edinburgh is a university located in the United Kingdom.
William Dickinson supported the Portland Whigs.
People who supported the Portland Whigs did not get a seat in the Parliament.","British(williamDickinson) ∧ Politician(williamDickinson) ∧ SatIn(williamDickinson, houseOfCommons)
Attended(williamDickinson, westminsterSchool) ∧ Highschool(westminsterSchool) ∧ Attended(williamDickinson, universityOfEdinburgh)
University(universityOfEdinburgh) ∧ LocatedIn(universityOfEdinburgh, unitedKingdom)
Supported(williamDickinson, portlandWhigs)
∀x (Supported(x, portlandWhigs) → ¬SatIn(x, parliament))",William Dickinson sat in the House of Commons.,"SatIn(williamDickinson, houseOfCommons)",True,639,"british(williamdickinson) & politician(williamdickinson) & satin(williamdickinson, houseofcommons)
attended(williamdickinson, westminsterschool) & highschool(westminsterschool) & attended(williamdickinson, universityofedinburgh)
university(universityofedinburgh) & locatedin(universityofedinburgh, unitedkingdom)
supported(williamdickinson, portlandwhigs)
all:x (supported(x, portlandwhigs) :- ~satin(x, parliament))","satin(williamdickinson, houseofcommons)"
632,105,"Show Your Love is a song recorded by the South Korean boy band BtoB 4u.
The lead single of the extended play Inside is Show Your Love.
Show Your Love contains a hopeful message.
BtoB 4u member Hyunsik wrote Show Your Love.
There is a music video for Show Your Love.","Song(showYourLove) ∧ RecordedBy(showYourLove, bToB4u) ∧ SouthKorean(bToB4u) ∧ BoyBand(bToB4u)
ExtendedPlay(inside) ∧ LeadSingleOf(showYourLove, inside)
Contains(showYourLove, hopefulMessage)
Member(hyunsik, btob4u) ∧ Wrote(hyunsik, showYourLove)
Have(showYourLove, musicVideo)",Show Your Love wasn't written by a member of a boy band.,"∀x ∀y (Wrote(x, showYourLove) → ¬(BoyBand(y) ∧ MemberOf(x, y)))",False,318,"song(showyourlove) & recordedby(showyourlove, btob4u) & southkorean(btob4u) & boyband(btob4u)
extendedplay(inside) & leadsingleof(showyourlove, inside)
contains(showyourlove, hopefulmessage)
member(hyunsik, btob4u) & wrote(hyunsik, showyourlove)
have(showyourlove, musicvideo)","all:x all:y (wrote(x, showyourlove) :- ~(boyband(y) & memberof(x, y)))"
633,476,"All phones are things.
All cell phones are phones. 
All iPhones are cell phones. 
All employees are wage earners.
All wage earners are human. 
Jack is either an employee or a wage earner.
Jack is either a human or a phone.","∀x (Phone(x) → Thing(x))
∀x (Cellphone(x) → Phone(x))
∀x (Iphone(x) → Cellphone(x))
∀x (Employee(x) → WageEarner(x))
∀x (WageEarner(x) → Human(x))
Employee(jack) ⊕ WageEarner(jack) 
Human(jack) ⊕ Phone(jack)",Jack is not a thing.,¬Thing(jack),Uncertain,1382,"all:x (phone(x) :- thing(x))
all:x (cellphone(x) :- phone(x))
all:x (iphone(x) :- cellphone(x))
all:x (employee(x) :- wageearner(x))
all:x (wageearner(x) :- human(x))
employee(jack) ^ wageearner(jack) 
human(jack) ^ phone(jack)",~thing(jack)
634,401,"Everyone at 'Board Game night' is interested in puzzles, or they are bad at chess, or both.
If a person at 'Board Game night' is bad at chess, then they don't play a lot of chess.
There is a person at 'Board Game night' who is either a planner or a creative person.
Erica is at 'Board Game night,' and she is someone who plays a lot of chess.
If Erica is neither bad at chess nor creative, then Erica is either someone who plans and is creative, or she is neither of these things.","∀x (At(x, boardGameNight) → (InterestedIn(x, puzzle) ∨ BadAt(x, chess)))
∀x ((At(x, boardGameNight) ∧ BadAt(x, chess)) → ¬PlaysOften(x, chess))
∃x (At(x, boardGameNight) ∧ (Planner(x) ∨ Creative(x)))
At(erica, boardGameNight) ∧ PlaysOften(erica, chess)
(At(erica, boardGameNight) ∧ (¬(BadAt(erica, chess) ∨ Creative(erica)))) → ¬(Planner(erica) ⊕  Creative(erica))","If Erica either plays a lot of chess matches or is creative, then Erica is neither interested in puzzles nor a person who plays a lot of chess matches.","PlaysOften(erica, chess) ⊕ InterestedIn(erica, puzzle) → ¬(InterestedIn(erica, puzzle) ∨ PlaysOften(erica, chess))",True,1106,"all:x (at(x, boardgamenight) :- (interestedin(x, puzzle) | badat(x, chess)))
all:x ((at(x, boardgamenight) & badat(x, chess)) :- ~playsoften(x, chess))
x (at(x, boardgamenight) & (planner(x) | creative(x)))
at(erica, boardgamenight) & playsoften(erica, chess)
(at(erica, boardgamenight) & (~(badat(erica, chess) | creative(erica)))) :- ~(planner(erica) ^  creative(erica))","playsoften(erica, chess) ^ interestedin(erica, puzzle) :- ~(interestedin(erica, puzzle) | playsoften(erica, chess))"
635,3,"Fort Ticonderoga is the current name for Fort Carillon.
Pierre de Rigaud de Vaudreuil built Fort Carillon.
Fort Carillon was located in New France.
New France is not in Europe.","RenamedAs(fortCarillon, fortTiconderoga)
Built(pierredeRigauddeVaudreuil, fortCarillon)
LocatedIn(fortCarillon, newFrance)
¬LocatedIn(newFrance, europe) ",Fort Carillon was located in Europe.,"LocatedIn(fortCarillon, europe)",Uncertain,9,"renamedas(fortcarillon, fortticonderoga)
built(pierrederigauddevaudreuil, fortcarillon)
locatedin(fortcarillon, newfrance)
~locatedin(newfrance, europe) ","locatedin(fortcarillon, europe)"
636,70,"Michael O'Donnell is a British physician, journalist, author, and broadcaster.
One of the word-setters of My Word! was Michael O'Donnell.
The magazine World Medicine was edited by Michael O'Donnell.
Michael O'Donnell was born in Yorkshire as the son of a general practitioner.","British(michael) ∧ Physician(michael) ∧ Journalist(michael) ∧ Author(michael) ∧ Broadcaster(michael)
WordSetter(michael)
Magazine(worldMedicine) ∧ EditedBy(worldMedicine, michael)
BornIn(michael, yorkshire) ∧ ∃x(SonOf(michael, x) ∧ GeneralPractitioner(x))",There is a son of a general practitioner that is not an author.,"∃x ∃y (Son(x, y) ∧ GeneralPractitioner(y) ∧ ¬Author(x))",Uncertain,212,"british(michael) & physician(michael) & journalist(michael) & author(michael) & broadcaster(michael)
wordsetter(michael)
magazine(worldmedicine) & editedby(worldmedicine, michael)
bornin(michael, yorkshire) & x(sonof(michael, x) & generalpractitioner(x))","x y (son(x, y) & generalpractitioner(y) & ~author(x))"
637,84,"Luzon is an island in the Philippines.
In December 1999, an earthquake struck Luzon.
People died in the December 1999 earthquake in Luzon.","Island(luzon) ∧ In(luzon, philippines)
∃x (Earthquake(x) ∧ StrikeInYr(x, year1999) ∧ StrikeInMo(x, december) ∧ StrikeInCity(x, luzon))
∃x (Earthquake(x) ∧ StrikeInYr(x, year1999) ∧ StrikeInMo(x, december) ∧ StrikeInCity(x, luzon) ∧ Deadly(x))",No one has ever died in an earthquake that struck the Philippines.,"∀x ∀y ((Earthquake(x) ∧ StrikeInCity(x, y) ∧ In(y, philippines)) → ¬Deadly(x))",False,256,"island(luzon) & in(luzon, philippines)
x (earthquake(x) & strikeinyr(x, year1999) & strikeinmo(x, december) & strikeincity(x, luzon))
x (earthquake(x) & strikeinyr(x, year1999) & strikeinmo(x, december) & strikeincity(x, luzon) & deadly(x))","all:x all:y ((earthquake(x) & strikeincity(x, y) & in(y, philippines)) :- ~deadly(x))"
638,238,"Daniel is a software engineer, and he works at Palantir Technologies.
Daniel studied bioengineering during his undergraduate at Rice University.
Daniel’s older sister works at Meta as a technical sourcer. 
Daniel’s dad and older sister both graduated from Stanford University.
Daniel’s dad is a doctor practicing internal medicine at a veteran’s hospital in Minneapolis.","SoftwareEngineer(daniel) ∧ WorksAt(daniel, palantirTechnologies)
Studied(daniel, bioengineering) ∧ UndergraduateAt(daniel, riceUniversity)
WorksAtMeta(danielsOlderSister) ∧ TechnicalSourcer(danielsOlderSister)
 GraduatedFromStanfordUniversity(danielsOlderSister) ∧ GraduatedFromStanfordUniversity(danielsDad)
Doctor(danielsDad) ∧ Practicing(danielsDad, internalMedicine) ∧ PracticingAt(danielsDad, veteransHospital) ∧ In(veteransHospital, minneapolis)","Daniel and his sister grew up in Minneapolis, Minnesota.","GrewUpIn(daniel, minneapolis) ∧ GrewUpIn(danielsOlderSister, minneapolis)",Uncertain,678,"softwareengineer(daniel) & worksat(daniel, palantirtechnologies)
studied(daniel, bioengineering) & undergraduateat(daniel, riceuniversity)
worksatmeta(danielsoldersister) & technicalsourcer(danielsoldersister)
 graduatedfromstanforduniversity(danielsoldersister) & graduatedfromstanforduniversity(danielsdad)
doctor(danielsdad) & practicing(danielsdad, internalmedicine) & practicingat(danielsdad, veteranshospital) & in(veteranshospital, minneapolis)","grewupin(daniel, minneapolis) & grewupin(danielsoldersister, minneapolis)"
639,333,"If people have a lot of music decorations in their rooms, they cannot pack and move out of their rooms very easily.
If people have high ambitions and future career goals, then they can pack and move out of their rooms very easily.
If people are big fans of pop bands and singers, then they have a lot of music decorations in their room.
All young teenage girls who attend music festival frequently are big fans of pop bands and singers.
If Sam has high ambitions and future career goals, then Sam is a big fan of pop bands and singers.","∀x (HaveIn(x, aLotOfMusicDecoration, room) → ¬MoveOutEasily(x))
∀x (Ambitious(x) → MoveOutEasily(x))
∀x (BigFanOfMusic(x) → MusicDecorations(x, room))
∀x (AttendFrequently(x, musicFestival) ∧ YoungTeenageGirl(x) → BigFanOfPopBand(x) ∧ BigFanOfPopSinger(x))
Ambitious(sam) → BBigFanOfPopBand(sam) ∧ BigFanOfPopSinger(sam)",Sam neither has high ambitions and future career goals nor is she a young teenage girl attending music festival frequently,"¬(Ambitious(sam) ∨ (Attend(sam, festival) ∧ YoungTeenageGirl(sam)))",True,866,"all:x (havein(x, alotofmusicdecoration, room) :- ~moveouteasily(x))
all:x (ambitious(x) :- moveouteasily(x))
all:x (bigfanofmusic(x) :- musicdecorations(x, room))
all:x (attendfrequently(x, musicfestival) & youngteenagegirl(x) :- bigfanofpopband(x) & bigfanofpopsinger(x))
ambitious(sam) :- bbigfanofpopband(sam) & bigfanofpopsinger(sam)","~(ambitious(sam) | (attend(sam, festival) & youngteenagegirl(sam)))"
640,86,"If a legislator is found guilty of stealing government funds, they will be suspended from office.
Tiffany T. Alston was a legislator in Maryland's House of Delegates from 2011 to 2013.
Tiffany T. Alston was found guilty of stealing government funds in 2012.","∀x ((Legislator(x) ∧ StealsFunds(x)) → Suspended(x))
Legislator(tiffanyTAlston)
StealsFunds(tiffanyTAlston) ∧ StealsFundsInYr(tiffanyTAlston, yr2012)",Tiffany T. Alston was not suspended from the Maryland House of Delegates.,¬Suspended(tiffanyTAlston),False,262,"all:x ((legislator(x) & stealsfunds(x)) :- suspended(x))
legislator(tiffanytalston)
stealsfunds(tiffanytalston) & stealsfundsinyr(tiffanytalston, yr2012)",~suspended(tiffanytalston)
641,428,"All devices belonging to the company are connected to Google Home. 
All devices with the company logo belong to the company. 
Each device either has the company logo or belongs to employees. 
All of the devices belonging to employees can be connected to the company's wifi. 
All of the devices connected to Google Home are controlled by managers. 
All of the devices that connect to the company's wifi are easy to operate. 
All of the devices that are easy to operate were produced after a new CTO is appointed. 
ModelXX was not produced after a new CTO was appointed.","∀x ((Devices(x) ∧ BelongTo(x, company)) → ConnectTo(x, googleHome))
∀x ((Devices(x) ∧ With(x, companyLogo)) → BelongTo(x, company))
∀x ((Devices(x) → (With(x, companyLogo) ⊕ BelongTo(x, employee)))
∀x ((Devices(x) ∧ BelongTo(x, employee)) → CanBeConnectedTo(x, wifi))
∀x ((Devices(x) ∧ ConnectTo(x, googleHome)) → ControlledBy(x, manager))
∀x ((Devices(x) ∧ CanBeConnectedTo(x, wifi)) → EasyToOperate(x))
∀x ((Devices(x) ∧ EasyToOperate(x)) → ProducedAfterNewCTOAppointed(x, company))
Devices(modelXX) ∧ (¬ProducedAfterNewCTOAppointed(modelXX, company))",ModelXX is either produced after a new CTO was appointed or it is controlled by managers.,"ProducedAfterNewCTOAppointed(modelXX, theCompany) ⊕ ControlledBy(x, manager)",True,1216,"all:x ((devices(x) & belongto(x, company)) :- connectto(x, googlehome))
all:x ((devices(x) & with(x, companylogo)) :- belongto(x, company))
all:x ((devices(x) :- (with(x, companylogo) ^ belongto(x, employee)))
all:x ((devices(x) & belongto(x, employee)) :- canbeconnectedto(x, wifi))
all:x ((devices(x) & connectto(x, googlehome)) :- controlledby(x, manager))
all:x ((devices(x) & canbeconnectedto(x, wifi)) :- easytooperate(x))
all:x ((devices(x) & easytooperate(x)) :- producedafternewctoappointed(x, company))
devices(modelxx) & (~producedafternewctoappointed(modelxx, company))","producedafternewctoappointed(modelxx, thecompany) ^ controlledby(x, manager)"
642,439,"No fish are birds.
An osprey is a bird.
A carp is a fish.
All goldfish are carp.
If Bubbles is either an osprey or a goldfish, then Bubbles is not also a fish.","∀x (Fish(x) → ¬Bird(x))
∀x (Osprey(x) → Bird(x))
∀x (Carp(x) → Fish(x))
∀x (Goldfish(x) → Carp(x))
Osprey(bubbles) ⊕ Goldfish(bubbles) → ¬Fish(bubbles)",Bubbles is not a goldfish.,¬Goldfish(bubbles),True,1263,"all:x (fish(x) :- ~bird(x))
all:x (osprey(x) :- bird(x))
all:x (carp(x) :- fish(x))
all:x (goldfish(x) :- carp(x))
osprey(bubbles) ^ goldfish(bubbles) :- ~fish(bubbles)",~goldfish(bubbles)
643,112,"Frederick Monhoff was an architect, artist, and illustrator.
Frederick Monhoff was an American.
An artist is good at physical or conceptual art.
All Americans are American citizens.","Architect(monhoff) ∧ Artist(monhoff) ∧ Illustrator(monhoff)
American(monhoff)
∀x (Artist(x) → GoodAt(x, physicalArt) ∨ GoodAt(x, conceptualArt))
∀x (American(x) → AmericanCitizen(x))",No illustrator was an American citizen.,¬(∃x (Illustrator(x) ∧ AmericanCitizen(x))),False,340,"architect(monhoff) & artist(monhoff) & illustrator(monhoff)
american(monhoff)
all:x (artist(x) :- goodat(x, physicalart) | goodat(x, conceptualart))
all:x (american(x) :- americancitizen(x))",~(x (illustrator(x) & americancitizen(x)))
644,249,"Every chef can cook.
Some people who aren’t chefs can cook.
People who cook can make scrambled eggs and pasta.
If someone can make cookies and muffins, they are a baker.
Bakers who can also make scrambled eggs can make a good breakfast.
Luke can make cookies, scrambled eggs, and muffins, but not pasta.","∀x (Chef(x) → Can(x, cook))
∃x (¬Chef(x) ∧ Can(x, cook))
∀x (Can(x, cook) → (CanMake(x, scrambledEggs) ∧ CanMake(x, pasta)))
∀x (CanMake(x, cookies) ∧ CanMake(x, muffins) → Baker(x))
∀x ((Baker(x) ∧ CanMake(x, scrambledEggs)) → CanMake(x, goodBreakfast))
CanMake(luke, cookies) ∧ (CanMake(luke, scrambledEggs) ∧ CanMake(luke, muffins) ∧ ¬CanMake(luke, pasta)",Luke can make a good breakfast.,"CanMake(luke, goodBreakfast)",True,692,"all:x (chef(x) :- can(x, cook))
x (~chef(x) & can(x, cook))
all:x (can(x, cook) :- (canmake(x, scrambledeggs) & canmake(x, pasta)))
all:x (canmake(x, cookies) & canmake(x, muffins) :- baker(x))
all:x ((baker(x) & canmake(x, scrambledeggs)) :- canmake(x, goodbreakfast))
canmake(luke, cookies) & (canmake(luke, scrambledeggs) & canmake(luke, muffins) & ~canmake(luke, pasta)","canmake(luke, goodbreakfast)"
645,13,"System 7 is a UK-based electronic dance music band.
Steve Hillage and Miquette Giraudy formed System 7.
Steve Hillage and Miquette Giraudy are former members of the band Gong.
Electric dance music bands are bands.
System 7 has released several club singles.
Club singles are not singles.","BasedIn(system7, uk) ∧ ElectronicDanceMusicBand(system7)
Form(stevehillage, system7) ∧ Form(miquettegiraudy, system7)
FormerMemberOf(stevehillage, gong) ∧ FormerMemberOf(miquettegiraudy, gong)
∀x (ElectronicDanceMusicBand(x) → Band(x))
∃x (ClubSingle(x) ∧ Release(system7, x))
∀x (ClubSingle(x) → ¬Single(x))",System 7 was formed by former members of Gong.,"∃x (Form(x, system7) ∧ FormerMemberOf(x, gong))",True,35,"basedin(system7, uk) & electronicdancemusicband(system7)
form(stevehillage, system7) & form(miquettegiraudy, system7)
formermemberof(stevehillage, gong) & formermemberof(miquettegiraudy, gong)
all:x (electronicdancemusicband(x) :- band(x))
x (clubsingle(x) & release(system7, x))
all:x (clubsingle(x) :- ~single(x))","x (form(x, system7) & formermemberof(x, gong))"
646,112,"Frederick Monhoff was an architect, artist, and illustrator.
Frederick Monhoff was an American.
An artist is good at physical or conceptual art.
All Americans are American citizens.","Architect(monhoff) ∧ Artist(monhoff) ∧ Illustrator(monhoff)
American(monhoff)
∀x (Artist(x) → GoodAt(x, physicalArt) ∨ GoodAt(x, conceptualArt))
∀x (American(x) → AmericanCitizen(x))",Frederick Monhoff was good at physical art.,"GoodAt(monhoff, physicalArt)",Uncertain,339,"architect(monhoff) & artist(monhoff) & illustrator(monhoff)
american(monhoff)
all:x (artist(x) :- goodat(x, physicalart) | goodat(x, conceptualart))
all:x (american(x) :- americancitizen(x))","goodat(monhoff, physicalart)"
647,433,"There are no buildings in New Haven higher than 400 meters. 
All buildings managed by Yale Housing are in New Haven. 
All Manhattan skyscrapers are higher than 400 meters. 
All buildings owned by Bloomberg are in Manhattan. 
All buildings with the Bloomberg logo are buildings owned by Bloomberg. 
Tower A is neither a building in New Haven nor a skyscraper in Manhattan.
Tower B is a skyscraper building in Manhattan with a Bloomberg logo. ","∀x ((Buildings(x) ∧ In(x, newHaven)) → ¬HigherThan(x, num400))
∀x ((Buildings(x) ∧ ManagedBy(x, yaleHousing)) → In(x, newHaven))
∀x ((Buildings(x) ∧ Skyscraper(x) ∧ In(x, manhattan)) → HigherThan(x, num400))
∀x ((Buildings(x) ∧ OwnedBy(x, bloomberg)) → Skyscraper(x) ∧ In(x, manhattan))
∀x ((Buildings(x) ∧ HasLogo(x, bloomberg)) → OwnedBy(x, bloomberg))
Buildings(towerA) ∧ (¬InNewHaven(towerA)) ∧ (¬ManhattanSkyscraper(towerA))
Buildings(towerB) ∧ HasLogo(towerB, bloomberg) ∧ Skyscraper(towerB) ∧ In(towerB, manhattan)",Tower A is neither a building with the Bloomberg logo nor managed by Yale Housing.,"¬HasLogo(towerB, bloomberg) ∧ (¬ManagedBy(x, yaleHousing))",True,1238,"all:x ((buildings(x) & in(x, newhaven)) :- ~higherthan(x, num400))
all:x ((buildings(x) & managedby(x, yalehousing)) :- in(x, newhaven))
all:x ((buildings(x) & skyscraper(x) & in(x, manhattan)) :- higherthan(x, num400))
all:x ((buildings(x) & ownedby(x, bloomberg)) :- skyscraper(x) & in(x, manhattan))
all:x ((buildings(x) & haslogo(x, bloomberg)) :- ownedby(x, bloomberg))
buildings(towera) & (~innewhaven(towera)) & (~manhattanskyscraper(towera))
buildings(towerb) & haslogo(towerb, bloomberg) & skyscraper(towerb) & in(towerb, manhattan)","~haslogo(towerb, bloomberg) & (~managedby(x, yalehousing))"
648,362,"People who like financial risks invest in the public stock market regularly or enjoy gambling regularly.
If people invest in the public stock market regularly, then they read the Wall Street Journal and other newspapers regularly to keep updated on financial metrics.
All people who enjoy enjoy gambling regularly spend a lot of money at casinos or other betting games.
People who spend a lot of money at casinos and other betting games would enjoy visiting the Las Vegas Strip.
People who spend a lot of money at casinos and other betting games are at risk of gambling addiction.
Matt does not invest in the public stock market regularly. 
Matt likes financial risks.","∀x (Like(x, financialRisk) → InvestInRegularly(x, publicStockMarket) ∨ EnjoyRegularly(x, gambling))
∀x (InvestInRegularly(x, publicStockMarket) → ReadToKeepUpdatedOn(x, theWallStreetJournal, financialMetric) ∨ (∃y (¬(y=theWallStreetJournal) ∧ NewsPaper(y) ∧ ReadToKeepUpdatedOn(x, y, financialMetric))))
∀x (EnjoyRegularly(x, gambling) → SpendAt(x, alotOfMoney, casino) ∨ (∃y (¬(y=casino) ∧ BettingGame(y) ∧ SpendAt(x, aLotOfMoney, y)))
∀x (SpendAt(x, alotOfMoney, casino) ∨ (∃y (¬(y=casino) ∧ BettingGame(y) ∧ SpendAt(x, aLotOfMoney, y))) → EnjoyVisiting(x, theLasVegasStrip))
∀x (SpendAt(x, alotOfMoney, casino) ∨ (∃y (¬(y=casino) ∧ BettingGame(y) ∧ SpendAt(x, aLotOfMoney, y)) → AtRiskOf(x, gamblingAddiction))
InvestInRegularly(matt, publicStockMarket)
Like(matt, financialRisk)",Matt reads the Wall Street Journal and other newspapers regularly to keep updated on financial metrics.,Newspapers(matt),Uncertain,961,"all:x (like(x, financialrisk) :- investinregularly(x, publicstockmarket) | enjoyregularly(x, gambling))
all:x (investinregularly(x, publicstockmarket) :- readtokeepupdatedon(x, thewallstreetjournal, financialmetric) | (y (~(y=thewallstreetjournal) & newspaper(y) & readtokeepupdatedon(x, y, financialmetric))))
all:x (enjoyregularly(x, gambling) :- spendat(x, alotofmoney, casino) | (y (~(y=casino) & bettinggame(y) & spendat(x, alotofmoney, y)))
all:x (spendat(x, alotofmoney, casino) | (y (~(y=casino) & bettinggame(y) & spendat(x, alotofmoney, y))) :- enjoyvisiting(x, thelasvegasstrip))
all:x (spendat(x, alotofmoney, casino) | (y (~(y=casino) & bettinggame(y) & spendat(x, alotofmoney, y)) :- atriskof(x, gamblingaddiction))
investinregularly(matt, publicstockmarket)
like(matt, financialrisk)",newspapers(matt)
649,395,"All velvet-finish lipsticks in the Rouge Dior set, Lunar New Year Limited Edition are refillable.
Lipsticks in the Rouge Dior set, Lunar New Year Limited Edition have either a velvet-finish or a satin-finish.
No satin-finish lipsticks in the set do not have ""rosewood"" in its offical description. 
Lipstcks in the Rouge Dior set, Lunar New Year Limited Edition either does not have ""rosewood"" in its offical description or it has ""rosewood"" in its official description. 
ROUGE Dior Colored Lip Balm 999 is a lipstick in the set, and it either has ""rosewood"" in its official description or has a velvet finish.","∀x ((Lipstick(x) ∧ In(x, rougeDiorSet) ∧ In(x, lunarNewYearLimitedEdition) ∧ VelvetFinish(x)) → Refillable(x))
∀x ((Lipstick(x) ∧ In(x, rougeDiorSet) ∧ In(x, lunarNewYearLimitedEdition)) → (VelvetFinish(x) ⊕ SatinFinish(x))
∀x ((Lipstick(x) ∧ In(x, rougeDiorSet) ∧ In(x, lunarNewYearLimitedEdition) ∧ SatinFinish(x)) → ¬RosewoodInDescription(x))
∀x ((Lipstick(x) ∧ In(x, rougeDiorSet) ∧ In(x, lunarNewYearLimitedEdition)) → (RosewoodInDescription(x) ⊕ ¬RosewoodInDescription(x)))
Lipstick(rougeDiorColoredLipBalm999) ∧ In(rougeDiorColoredLipBalm999, rougeDiorSet) ∧ In(rougeDiorColoredLipBalm999, lunarNewYearLimitedEdition) ∧ (RosewoodInDescription(rougeDiorColoredLipBalm999) ⊕ VelvetFinish(rougeDiorColoredLipBalm999))","If ROUGE Dior Colored Lip Balm 999 is refillable or has ""rosewood"" in its official description, then it either is refillable or has ""rosewood"" in its official description..",(Refillable(rougeDiorColoredLipBalm999) ∨ RosewoodInDescription(rougeDiorColoredLipBalm999)) → (Refillable(rougeEDiorColoredLipBalm999) ⊕ RosewoodInDescription(rougeDiorColoredLipBalm999)),False,1075,"all:x ((lipstick(x) & in(x, rougediorset) & in(x, lunarnewyearlimitededition) & velvetfinish(x)) :- refillable(x))
all:x ((lipstick(x) & in(x, rougediorset) & in(x, lunarnewyearlimitededition)) :- (velvetfinish(x) ^ satinfinish(x))
all:x ((lipstick(x) & in(x, rougediorset) & in(x, lunarnewyearlimitededition) & satinfinish(x)) :- ~rosewoodindescription(x))
all:x ((lipstick(x) & in(x, rougediorset) & in(x, lunarnewyearlimitededition)) :- (rosewoodindescription(x) ^ ~rosewoodindescription(x)))
lipstick(rougediorcoloredlipbalm999) & in(rougediorcoloredlipbalm999, rougediorset) & in(rougediorcoloredlipbalm999, lunarnewyearlimitededition) & (rosewoodindescription(rougediorcoloredlipbalm999) ^ velvetfinish(rougediorcoloredlipbalm999))",(refillable(rougediorcoloredlipbalm999) | rosewoodindescription(rougediorcoloredlipbalm999)) :- (refillable(rougeediorcoloredlipbalm999) ^ rosewoodindescription(rougediorcoloredlipbalm999))
650,438,"None of the kids in our family love the opera.
All of the adults in our family love the opera.
If someone in our family is a scientist, then they are an adult.
Some students in our family are kids.
Billy is a kid in our family.","∀x ((Kid(x) ∧ In(x, ourFamily)) → ¬Love(x, opera))
∀x ((Adult(x) ∧ In(x, ourFamily)) → Love(x, opera))
∀x ((Scientist(x) ∧ In(x, ourFamily)) → Adult(x))
∃x (Student(x) ∧ In(x, ourFamily) ∧ Kid(x))
Kid(billy) ∧ In(billy, ourFamily) ","If Billy is a student or a scientist, then Billy is a student and a kid.",(Student(billy) ∨ Scientist(billy)) → (Student(billy) ∧ Kid(billy)),True,1260,"all:x ((kid(x) & in(x, ourfamily)) :- ~love(x, opera))
all:x ((adult(x) & in(x, ourfamily)) :- love(x, opera))
all:x ((scientist(x) & in(x, ourfamily)) :- adult(x))
x (student(x) & in(x, ourfamily) & kid(x))
kid(billy) & in(billy, ourfamily) ",(student(billy) | scientist(billy)) :- (student(billy) & kid(billy))
651,133,"The Blake McFall Company Building is a building added to the National Register of Historic Places in 1990.
The Emmet Building is a five-story building in Portland, Oregon.
The Emmet Building was built in 1915.
The Emmet Building is another name for the Blake McFall Company Building.
John works at the Emmet Building.","Building(blakeMcFallCompanyBuilding) ∧ AddedToIn(blakeMcFallCompanyBuilding, theNationalRegisterOfHistoricPlaces, year1990)
Building(emmetBuilding) ∧ Five-Story(emmetBuilding) ∧ LocatedIn(emmetBuilding, portland) ∧ LocatedIn(portland, oregon))
BuiltIn(emmetBuilding, year1915)
emmetBuiling=blakeMcFallCompanyBuilding
WorkAt(john, emmetBuilding)","The Blake McFall Company Building is located in Portland, Oregon.","LocatedIn(blakeMcFallCompanyBuilding, portland)",True,393,"building(blakemcfallcompanybuilding) & addedtoin(blakemcfallcompanybuilding, thenationalregisterofhistoricplaces, year1990)
building(emmetbuilding) & five-story(emmetbuilding) & locatedin(emmetbuilding, portland) & locatedin(portland, oregon))
builtin(emmetbuilding, year1915)
emmetbuiling=blakemcfallcompanybuilding
workat(john, emmetbuilding)","locatedin(blakemcfallcompanybuilding, portland)"
652,105,"Show Your Love is a song recorded by the South Korean boy band BtoB 4u.
The lead single of the extended play Inside is Show Your Love.
Show Your Love contains a hopeful message.
BtoB 4u member Hyunsik wrote Show Your Love.
There is a music video for Show Your Love.","Song(showYourLove) ∧ RecordedBy(showYourLove, bToB4u) ∧ SouthKorean(bToB4u) ∧ BoyBand(bToB4u)
ExtendedPlay(inside) ∧ LeadSingleOf(showYourLove, inside)
Contains(showYourLove, hopefulMessage)
Member(hyunsik, btob4u) ∧ Wrote(hyunsik, showYourLove)
Have(showYourLove, musicVideo)",A lead single of Inside contains a hopeful message.,"∃x (LeadSingleOf(x, inside) ∧ Contains(x, hopefulMessage))",True,319,"song(showyourlove) & recordedby(showyourlove, btob4u) & southkorean(btob4u) & boyband(btob4u)
extendedplay(inside) & leadsingleof(showyourlove, inside)
contains(showyourlove, hopefulmessage)
member(hyunsik, btob4u) & wrote(hyunsik, showyourlove)
have(showyourlove, musicvideo)","x (leadsingleof(x, inside) & contains(x, hopefulmessage))"
653,210,"The only types of mammals that lay eggs are either platypuses or echidnas.
Platypuses are not hyrax.
Echidnas are not hyrax.
No mammals are invertebrates.
All animals are either vertebrates or invertebrates.
Mammals are animals.
Hyraxes are mammals.
Grebes lay eggs.
Grebes are not platypuses and also not echidnas.","∀x ((Mammal(x) ∧ LayEgg(x)) → (Platypus(x) ⊕ Echidna(x)))
∀x (Platypuses(x) → ¬Hyrax(x))
∀x (Echidnas(x) → ¬Hyrax(x))
∀x (Mammal(x) → ¬Invertebrate(x))
∀x (Animal(x) → (Vertebrate(x) ∨ Invertebrate(x)))
∀x (Mammal(x) → Animal(x))
∀x (Hyrax(x) → Mammal(x))
∀x (Grebes(x) → LayEgg(x))
∀x (Grebes(x) → (¬Platypuses(x) ∧ ¬Echidnas(x)))",Platypuses are vertebrates.,∀x (Platypuses(x) → Vertebrate(x)),Uncertain,601,"all:x ((mammal(x) & layegg(x)) :- (platypus(x) ^ echidna(x)))
all:x (platypuses(x) :- ~hyrax(x))
all:x (echidnas(x) :- ~hyrax(x))
all:x (mammal(x) :- ~invertebrate(x))
all:x (animal(x) :- (vertebrate(x) | invertebrate(x)))
all:x (mammal(x) :- animal(x))
all:x (hyrax(x) :- mammal(x))
all:x (grebes(x) :- layegg(x))
all:x (grebes(x) :- (~platypuses(x) & ~echidnas(x)))",all:x (platypuses(x) :- vertebrate(x))
654,476,"All phones are things.
All cell phones are phones. 
All iPhones are cell phones. 
All employees are wage earners.
All wage earners are human. 
Jack is either an employee or a wage earner.
Jack is either a human or a phone.","∀x (Phone(x) → Thing(x))
∀x (Cellphone(x) → Phone(x))
∀x (Iphone(x) → Cellphone(x))
∀x (Employee(x) → WageEarner(x))
∀x (WageEarner(x) → Human(x))
Employee(jack) ⊕ WageEarner(jack) 
Human(jack) ⊕ Phone(jack)",Jack is not both a thing and an iPhone.,¬(Thing(jack) ∧ Iphone(jack)),True,1384,"all:x (phone(x) :- thing(x))
all:x (cellphone(x) :- phone(x))
all:x (iphone(x) :- cellphone(x))
all:x (employee(x) :- wageearner(x))
all:x (wageearner(x) :- human(x))
employee(jack) ^ wageearner(jack) 
human(jack) ^ phone(jack)",~(thing(jack) & iphone(jack))
655,409,"All red fruits that grow in Ben's yard contain some Vitamin C.
All apples that grow in Ben's yard are red fruits.
All fruits that grow in Ben's yard and contain some Vitamin C are healthy. 
No fruits that grow in Ben's yard and are healthy are on a warning list.
The cherries grow in Ben's yard.
If cherries are not apples and are not healthy, then they are red fruits.","∀x ((GrownIn(x, benSYard) ∧ RedFruit(x)) → Contain(x, vitaminC))
∀x (GrownIn(x, benSYard) ∧ Is(x, apple) → RedFruit(x))
∀x ((GrownIn(x, benSYard) ∧ Contain(x, vitaminC)) → healthy(x))
∀x ((GrownIn(x, benSYard) ∧ Healthy(x)) → ¬On(x, warningList))
GrownIn(cherry, benSYard)
¬(Healthy(cherry) ∧ Is(cherry, apple)) → RedFruit(cherry)
","If the cherries are either on a warning list or are red, then they are not healthy and do not contain any amount of vitamin C.","On(cherry, warningList) ⊕ RedFruit(cherry)) → ¬(BeneficialTo(cherry, people) ∧ Contain(cherry, vitaminC)",False,1146,"all:x ((grownin(x, bensyard) & redfruit(x)) :- contain(x, vitaminc))
all:x (grownin(x, bensyard) & is(x, apple) :- redfruit(x))
all:x ((grownin(x, bensyard) & contain(x, vitaminc)) :- healthy(x))
all:x ((grownin(x, bensyard) & healthy(x)) :- ~on(x, warninglist))
grownin(cherry, bensyard)
~(healthy(cherry) & is(cherry, apple)) :- redfruit(cherry)
","on(cherry, warninglist) ^ redfruit(cherry)) :- ~(beneficialto(cherry, people) & contain(cherry, vitaminc)"
656,63,"All students who attend in person have registered for the conference. 
Students either attend the conference in person or remotely. 
No students from China attend the conference remotely. 
James attends the conference, but he does not attend the conference remotely.
Jack attends the conference, and he is a student from China.","∀x (AttendInPerson(x) → Registered(x))
∀x (Attend(x) → (AttendInPerson(x) ⊕ AttendRemotely(x)))
∀x ((Attend(x) ∧ FromChina(x)) → ¬AttendRemotely(x))
Attend(james) ∧ (¬AttendRemotely(james))
FromChina(jack) ∧ Attend(jack)",Jack has registered for the conference.,Registered(jack),True,188,"all:x (attendinperson(x) :- registered(x))
all:x (attend(x) :- (attendinperson(x) ^ attendremotely(x)))
all:x ((attend(x) & fromchina(x)) :- ~attendremotely(x))
attend(james) & (~attendremotely(james))
fromchina(jack) & attend(jack)",registered(jack)
657,401,"Everyone at 'Board Game night' is interested in puzzles, or they are bad at chess, or both.
If a person at 'Board Game night' is bad at chess, then they don't play a lot of chess.
There is a person at 'Board Game night' who is either a planner or a creative person.
Erica is at 'Board Game night,' and she is someone who plays a lot of chess.
If Erica is neither bad at chess nor creative, then Erica is either someone who plans and is creative, or she is neither of these things.","∀x (At(x, boardGameNight) → (InterestedIn(x, puzzle) ∨ BadAt(x, chess)))
∀x ((At(x, boardGameNight) ∧ BadAt(x, chess)) → ¬PlaysOften(x, chess))
∃x (At(x, boardGameNight) ∧ (Planner(x) ∨ Creative(x)))
At(erica, boardGameNight) ∧ PlaysOften(erica, chess)
(At(erica, boardGameNight) ∧ (¬(BadAt(erica, chess) ∨ Creative(erica)))) → ¬(Planner(erica) ⊕  Creative(erica))","If Erica is creative, then Erica is not interested in puzzles and creative.","Creative(erica)) → (¬(InterestedIn(erica, puzzle) ∧ Creative(erica))",False,1104,"all:x (at(x, boardgamenight) :- (interestedin(x, puzzle) | badat(x, chess)))
all:x ((at(x, boardgamenight) & badat(x, chess)) :- ~playsoften(x, chess))
x (at(x, boardgamenight) & (planner(x) | creative(x)))
at(erica, boardgamenight) & playsoften(erica, chess)
(at(erica, boardgamenight) & (~(badat(erica, chess) | creative(erica)))) :- ~(planner(erica) ^  creative(erica))","creative(erica)) :- (~(interestedin(erica, puzzle) & creative(erica))"
658,117,"Roads are made of either concrete or asphalt.
Roads made of concrete last longer than roads made with asphalt.
Roads made of asphalt are smoother than roads made of concrete.
Everyone prefers the smoother of two roads. 
The first road is made of concrete, and the second road is made of asphalt.","∀x (Road(x) → (MadeOf(x, concrete) ⊕ MadeOf(x, asphalt))
∀x ∀y (Road(x) ∧ MadeOf(x, concrete) ∧ Road(y) ∧ MadeOf(y, asphalt) → LastLonger(x, y))
∀x ∀y (Road(x) ∧ MadeOf(x, asphalt) ∧ Road(y) ∧ MadeOf(y, concrete) → Smoother(x, y))
∀x ∀y ∀z (Road(x) ∧ Road(y) ∧ Smoother(x, y) → Prefer(z, x))
Road(firstRoad) ∧ MadeOf(secondRoad, concrete) ∧ Road(firstRoad) ∧ MadeOf(secondRoad, asphalt)",The second road is not smoother than the first one.,"¬Smoother(firstRoad, secondRoad)",False,353,"all:x (road(x) :- (madeof(x, concrete) ^ madeof(x, asphalt))
all:x all:y (road(x) & madeof(x, concrete) & road(y) & madeof(y, asphalt) :- lastlonger(x, y))
all:x all:y (road(x) & madeof(x, asphalt) & road(y) & madeof(y, concrete) :- smoother(x, y))
all:x all:y all:z (road(x) & road(y) & smoother(x, y) :- prefer(z, x))
road(firstroad) & madeof(secondroad, concrete) & road(firstroad) & madeof(secondroad, asphalt)","~smoother(firstroad, secondroad)"
659,28,"Jason Kramer is an American music supervisor.
Some American radio personalities are also music supervisors. 
Anyone who hosts a show on a public radio station is a radio personality.
Joe Rogan is a radio personality.
Jason Kramer hosted a show on a public radio station.","MusicSupervisor(jasonKramer) ∧ American(jasonKramer)
∃x ∃y (American(x) ∧ MusicSupervisor(x) ∧ RadioPersonality(x) ∧ (¬(x=y)) ∧ American(y) ∧ MusicSupervisor(y) ∧ RadioPersonality(y))
∀x ∀y((HostShowOn(x, y) ∧ PublicRadioStation(x)) → RadioPersonality(x))
RadioPersonality(joeRogan)
∃x(HostShowOn(jasonKramer, x) ∧ PublicRadioStation(x))",Jason Kramer is a radio personality.,RadioPersonality(jasonKramer),True,82,"musicsupervisor(jasonkramer) & american(jasonkramer)
x y (american(x) & musicsupervisor(x) & radiopersonality(x) & (~(x=y)) & american(y) & musicsupervisor(y) & radiopersonality(y))
all:x all:y((hostshowon(x, y) & publicradiostation(x)) :- radiopersonality(x))
radiopersonality(joerogan)
x(hostshowon(jasonkramer, x) & publicradiostation(x))",radiopersonality(jasonkramer)
660,348,"All young adults at the event like independence.
All college students at the event are young adults.
All Yale students at the event are college students.
Everyone at the event is a Yale student or a Harvard student.
All Harvard students at the event are diligent.
Susan is at the event, and if Susan is a Harvard student, then she is a young adult.
If Susan is a Yale student, then she does not like independence.","∀x (At(x, event) ∧ YoungAdult(x) → Like(x, independence))
∀x (At(x, event) ∧ CollegeStudent(x) → YoungAdult(x))
∀x (At(x, event) ∧ YaleStudent(x) → CollegeStudent(x))
∀x (At(x, event) → (YaleStudent(x) ⊕ HarvardStudent(x)))
∀x (At(x, event) ∧ HarvardStudent(x) → Diligent(x))
At(susan, event) ∧ (HarvardStudent(susan) → YoungAdult(susan))
YaleStudent(susan) → ¬Like(susan, independence)",Susan likes independence and is diligent.,"Like(susan, independence) ∧ Diligent(susan)",True,922,"all:x (at(x, event) & youngadult(x) :- like(x, independence))
all:x (at(x, event) & collegestudent(x) :- youngadult(x))
all:x (at(x, event) & yalestudent(x) :- collegestudent(x))
all:x (at(x, event) :- (yalestudent(x) ^ harvardstudent(x)))
all:x (at(x, event) & harvardstudent(x) :- diligent(x))
at(susan, event) & (harvardstudent(susan) :- youngadult(susan))
yalestudent(susan) :- ~like(susan, independence)","like(susan, independence) & diligent(susan)"
661,70,"Michael O'Donnell is a British physician, journalist, author, and broadcaster.
One of the word-setters of My Word! was Michael O'Donnell.
The magazine World Medicine was edited by Michael O'Donnell.
Michael O'Donnell was born in Yorkshire as the son of a general practitioner.","British(michael) ∧ Physician(michael) ∧ Journalist(michael) ∧ Author(michael) ∧ Broadcaster(michael)
WordSetter(michael)
Magazine(worldMedicine) ∧ EditedBy(worldMedicine, michael)
BornIn(michael, yorkshire) ∧ ∃x(SonOf(michael, x) ∧ GeneralPractitioner(x))",There are no British authors.,∀x (British(x) → ¬Author(x)),False,210,"british(michael) & physician(michael) & journalist(michael) & author(michael) & broadcaster(michael)
wordsetter(michael)
magazine(worldmedicine) & editedby(worldmedicine, michael)
bornin(michael, yorkshire) & x(sonof(michael, x) & generalpractitioner(x))",all:x (british(x) :- ~author(x))
662,129,"The Turing Award has been awarded to Donald Knuth, Marvin Minsky, Richard Hamming, and John McCarthy. 
Donald Knuth made contributions to the analysis of algorithms.
Marvin Minsky is recognized for his contributions to the field of artificial intelligence.
Richard Hamming researched numerical methods.
John McCarthy made contributions to the field of artificial intelligence. ","AwardedTo(turingAward, donaldKnuth) ∧ AwardedTo(turingAward, marvinMinsky) ∧ AwardedTo(turingAward, richardHamming) ∧ AwardedTo(turingAward, johnMccarthy)
ContributedTo(donaldKnuth, analysisOfAlgorithms)
ContributedTo(marvinMinsky, artificialIntelligence)
ContributedTo(richardHamming, numericalMethods)
ContributedTo(johnMccarthy, artificialIntelligence)",At least two people who have won the Turing Award worked in artificial intelligence.,"∃x ∃y (¬(x=y) ∧ AwardedTo(turingAward, x) ∧ AwardedTo(turingAward, y) ∧ ContributedTo(x, artificialIntelligence)  ∧ ContributedTo(y, artificialIntelligence))",True,382,"awardedto(turingaward, donaldknuth) & awardedto(turingaward, marvinminsky) & awardedto(turingaward, richardhamming) & awardedto(turingaward, johnmccarthy)
contributedto(donaldknuth, analysisofalgorithms)
contributedto(marvinminsky, artificialintelligence)
contributedto(richardhamming, numericalmethods)
contributedto(johnmccarthy, artificialintelligence)","x y (~(x=y) & awardedto(turingaward, x) & awardedto(turingaward, y) & contributedto(x, artificialintelligence)  & contributedto(y, artificialintelligence))"
663,110,"St Johnstone is a Scottish team.
St Johnstone is part of the Scottish Premiership league.
If a team is part of the league, it has joined the league.
St Johnstone and Minsk are different teams.
For two teams, either one team wins, or the other team wins.
Minsk won against St Johnstone.","Scottish(stJohnstone) ∧ Team(stJohnstone)
PartOf(stJohnstone, scottishPremiership) ∧ League(scottishPremiership)
∀x ∀y (Team(x) ∧ League(y) ∧ PartOf(x, y) → Joined(x, y))
¬(misnk=stJohnstone)
∀x ∀y (¬(x=y) → WonAgainst(x, y) ⊕ WonAgainst(y, x))
WonAgainst(minsk, stJohnstone)",At least one Scottish team has joined the Scottish Premiership.,"∃x (Scottish(x) ∧ Joined(x, scottishPremiership))",True,333,"scottish(stjohnstone) & team(stjohnstone)
partof(stjohnstone, scottishpremiership) & league(scottishpremiership)
all:x all:y (team(x) & league(y) & partof(x, y) :- joined(x, y))
~(misnk=stjohnstone)
all:x all:y (~(x=y) :- wonagainst(x, y) ^ wonagainst(y, x))
wonagainst(minsk, stjohnstone)","x (scottish(x) & joined(x, scottishpremiership))"
664,171,"Some fish stings people.
Stonefish is a fish.
Stonefish stings when stepped on. 
If a stonefish stings someone and they are not treated, it can cause death to them.
To treat stonefish stings, apply heat to the affected area or use an antivenom.","∃x ∃y (Fish(x) → Sting(x,y))
Fish(stonefish)
∀x (SteppedOnBy(stonefish, x) → Sting(stonefish, x))
∀x (Sting(stonefish, x) ∧ ¬Treated(x) → CauseDeathTo(stonefish, x))
∀x (Sting(stonefish, x) ∧ (ApplyHeatTo(x) ∨ UseAntivenomOn(x)) → Treated(x))","If you step on a stonefish and apply heat to the affected area, it can cause death to you.","∀x (SteppedOnBy(stonefish, x) ∧ ApplyHeatTo(x)  → CauseDeathTo(stonefish, x))",Uncertain,493,"x y (fish(x) :- sting(x,y))
fish(stonefish)
all:x (steppedonby(stonefish, x) :- sting(stonefish, x))
all:x (sting(stonefish, x) & ~treated(x) :- causedeathto(stonefish, x))
all:x (sting(stonefish, x) & (applyheatto(x) | useantivenomon(x)) :- treated(x))","all:x (steppedonby(stonefish, x) & applyheatto(x)  :- causedeathto(stonefish, x))"
665,339,"No professional tennis umpires are professional tennis players.
If you are a World Tour player, then you are a professional tennis player.
All Grand Slam champions are World Tour players.
All Grand Slam umpires are professional tennis umpires.
Nadal is a World Tour player or a Grand Slam champion","∀x (ProfessionalTennisUmpire(x) → ¬ProfessionalTennisPlayer(x))
∀x (WorldTourPlayer(x) → ProfessionalTennisPlayer(x))
∀x (GrandSlamChampion(x) → WorldTourPlayer(x))
∀x (GrandSlamUmpire(x) → ProfessionalTennisUmpire(x))
WorldTourPlayer(nadal) ∨ GrandSlamChampion(nadal)",Nadal is a Grand Slam umpire.,GrandSlamUmpire(nadal),False,887,"all:x (professionaltennisumpire(x) :- ~professionaltennisplayer(x))
all:x (worldtourplayer(x) :- professionaltennisplayer(x))
all:x (grandslamchampion(x) :- worldtourplayer(x))
all:x (grandslamumpire(x) :- professionaltennisumpire(x))
worldtourplayer(nadal) | grandslamchampion(nadal)",grandslamumpire(nadal)
666,469,"All members of the university faculty are professors.
All principal investigators are members of the university faculty.
No professor is also an undergraduate student.
Anyone pursuing a bachelor's degree is an undergraduate student.
Leon is not pursuing a bachelor's degree, and he is not a principal investigator.
If Leon is not pursuing a bachelor's degree, then he is a professor.","∀x (MemberOf(x, universityFaculty) → Professor(x))
∀x (PrincipalInvestigator(x) → MemberOf(x, universityFaculty))
∀x (Professor(x) → ¬UndergraduateStudent(x))
∀x (Pursuing(x, bachelor) → UndergraduateStudent(x))
¬(Pursuing(leon, bachelor) ⊕ PrincipalInvestigator(leon))
¬Pursuing(leon, bachelor) → Professor(leon)","If leon is not a principal investigator, then Leon is an undergraduate student.",¬PrincipalInvestigator(leon) → UndergraduateStudent(leon),False,1356,"all:x (memberof(x, universityfaculty) :- professor(x))
all:x (principalinvestigator(x) :- memberof(x, universityfaculty))
all:x (professor(x) :- ~undergraduatestudent(x))
all:x (pursuing(x, bachelor) :- undergraduatestudent(x))
~(pursuing(leon, bachelor) ^ principalinvestigator(leon))
~pursuing(leon, bachelor) :- professor(leon)",~principalinvestigator(leon) :- undergraduatestudent(leon)
667,74,"Camp Davern is a traditional summer camp for boys and girls.
Camp Davern was established in the year 1946.
Camp Davern was operated by the YMCA until the year 2015.
Camp Davern is an old summer camp.","TraditionalSummerCamp(campDavern) ∧ ForBoysAndGirls(campDavern)
EstablishedIn(campDavern, year1946)
OperatedUntil(yMCA, campDavern, year2015)
Old(campDavern)",One of Ontario's oldest summer camps is a traditional summer camp for boys and girls.,∃x (Old(x) ∧ TraditionalSummerCamp(x) ∧ ForBoysAndGirls(x)),True,225,"traditionalsummercamp(campdavern) & forboysandgirls(campdavern)
establishedin(campdavern, year1946)
operateduntil(ymca, campdavern, year2015)
old(campdavern)",x (old(x) & traditionalsummercamp(x) & forboysandgirls(x))
668,17,"Odell is an English surname originating in Odell, Bedfordshire.
In some families, Odell is spelled O'Dell in a mistaken Irish adaptation.
Notable people with surnames include Amy Odell, Jack Odell, and Mats Odell.
Amy Odell is a British singer-songwriter.
Jack Odell is an English toy inventor.","Surname(nameODell) ∧ From(nameODell, oDellBedfordshire)
MistakenSpellingOf(nameO'Dell, nameODell) ∧ (∃x∃y(Family(x) ∧ Named(x, nameO'Dell) ∧ (¬(x=y)) ∧ Family(y) ∧ Named(y, nameO'Dell))
Named(amyODell, nameODell) ∧ NotablePerson(amyODell) ∧ Named(jackODell, nameODell) ∧ NotablePerson(jackODell) ∧ Named(matsODell, nameODell) ∧ NotablePerson(matsODell)
British(amyODell) ∧ Singer(amyODell) ∧ SongWriter(amyODell)
English(jackODell) ∧ ToyInventor(jackODell)",Jack Odell is a notable person.,NotablePerson(jackODell),True,47,"surname(nameodell) & from(nameodell, odellbedfordshire)
mistakenspellingof(nameo'dell, nameodell) & (xy(family(x) & named(x, nameo'dell) & (~(x=y)) & family(y) & named(y, nameo'dell))
named(amyodell, nameodell) & notableperson(amyodell) & named(jackodell, nameodell) & notableperson(jackodell) & named(matsodell, nameodell) & notableperson(matsodell)
british(amyodell) & singer(amyodell) & songwriter(amyodell)
english(jackodell) & toyinventor(jackodell)",notableperson(jackodell)
669,196,"ETS develops various standardized tests primarily in the United States for K-12 and higher education. 
ETS administers international tests, including the TOEFL, TOEIC, GRE, and subject tests.
Many of the assessments ETS develops are associated with entry to the US tertiary and quaternary education institutions. 
ETS also develops K-12 statewide assessments used for accountability testing in many states.","∃x ∃y (Develop(eTS, x) ∧ Develop(eTS, y) ∧ StandardizedTest(x) ∧ StandardizedTest(y) ∧ In(x, unitedState) ∧ In(y, unitedState) ∧ For(x, k12AndHigherEducation) ∧ For(y, k12AndHigherEducation))
∃x (Administer(eTS, x) ∧ InternationalTest(x) ∧ (TOEFL(x) ∨ TOEIC(x) ∨ GRE(x) ∨ SubjectTest(x)))
∃x (Develop(eTS, x) ∧ AssociatedWith(x, entryToUSEducationInstitution))
∃x (Develop(eTS, x) ∧ StateWideAssesment(x) ∧ UsedFor(x, accountabilityTesting))",ETS doesn't administer tests internationally.,"∀x (Administer(eTS, x) → ¬InternationalTest(x))",False,558,"x y (develop(ets, x) & develop(ets, y) & standardizedtest(x) & standardizedtest(y) & in(x, unitedstate) & in(y, unitedstate) & for(x, k12andhighereducation) & for(y, k12andhighereducation))
x (administer(ets, x) & internationaltest(x) & (toefl(x) | toeic(x) | gre(x) | subjecttest(x)))
x (develop(ets, x) & associatedwith(x, entrytouseducationinstitution))
x (develop(ets, x) & statewideassesment(x) & usedfor(x, accountabilitytesting))","all:x (administer(ets, x) :- ~internationaltest(x))"
670,87,"Daveed Diggs is an actor and film producer.
Daveed Diggs played two roles in the musical Hamilton on Broadway.
One of the actors from Hamilton won the best actor award.
The actor playing Thomas Jefferson won the best actor award.
Daveed Diggs played Thomas Jefferson.
Musicals on Broadway are not films.","Actor(daveedDiggs) ∧ FilmProducer(daveedDiggs)
∃x ∃y(PlaysIn(daveedDiggs, x, hamilton) ∧ (¬(x=y)) ∧ PlaysIn(daveedDiggs, y, hamilton)) ∧ OnBroadway(hamilton) ∧ Musical(hamilton)
∃x ∃y(Actor(x) ∧ PlaysIn(x, y, hamilton) ∧ Wins(x, bestActorAward))
∃x (Actor(x) ∧ PlaysIn(x, thomasJefferson, hamilton) ∧ Wins(x, bestActorAward))
Plays(daveedDiggs, thomasJefferson)
∀x ((Musical(x) ∧ OnBroadway(x)) → ¬Film(x))",Daveed Diggs won the best actor award.,"Wins(daveedDiggs, bestActorAward)",True,265,"actor(daveeddiggs) & filmproducer(daveeddiggs)
x y(playsin(daveeddiggs, x, hamilton) & (~(x=y)) & playsin(daveeddiggs, y, hamilton)) & onbroadway(hamilton) & musical(hamilton)
x y(actor(x) & playsin(x, y, hamilton) & wins(x, bestactoraward))
x (actor(x) & playsin(x, thomasjefferson, hamilton) & wins(x, bestactoraward))
plays(daveeddiggs, thomasjefferson)
all:x ((musical(x) & onbroadway(x)) :- ~film(x))","wins(daveeddiggs, bestactoraward)"
671,313,"Some of those who apply for a Schengen visa get it.
To apply for a Schengen Visa, you need to provide financial guarantees.
If you need to provide financial guarantees, you must request documents from the bank.
Do not close your bank account if you request documents from the bank.
Philip closed his bank account.","∃x (Apply(x, schengenVisa) → Get(x, schengenVisa))
∀x (Apply(x, schengenVisa) → Provide(x, financialGuarantees))
∀x (Provide(x, financialGuarantees) → Request(x, documentsFromBank))
∀x (Request(x, documentsFromBank) → ¬Close(x, bankAccount))
Close(philip, bankAccount)",Philip got a Schengen visa.,"Get(philip, schengenVisa)",Uncertain,779,"x (apply(x, schengenvisa) :- get(x, schengenvisa))
all:x (apply(x, schengenvisa) :- provide(x, financialguarantees))
all:x (provide(x, financialguarantees) :- request(x, documentsfrombank))
all:x (request(x, documentsfrombank) :- ~close(x, bankaccount))
close(philip, bankaccount)","get(philip, schengenvisa)"
672,303,"Jerry should not worry about things outside of his control.
All traffic is outside of my control.","∀x (OutsideOfControl(x) → ¬ShouldWorry(jerry, x))
∀x (Traffic(x) → OutsideControl(x))",Jerry should not worry about traffic.,"¬ShouldWorry(jerry, traffic)",True,747,"all:x (outsideofcontrol(x) :- ~shouldworry(jerry, x))
all:x (traffic(x) :- outsidecontrol(x))","~shouldworry(jerry, traffic)"
673,148,"Boney M. had several German #1 singles.
""Hooray! Hooray! It's a Holi-Holiday!"" was a big hit all over Europe.
""Hooray! Hooray! It's a Holi-Holiday!"" was not in German #1 singles.
A song that peaks below #1 on the german charts is also a song that is not the #1 single in Germany.","∃x (Song(x) ∧ By(x, boneym,) ∧ Number1GermanSingle(x))
Song(hoorayHoorayItsAHoliHoliday) ∧ HitAllOverEurope(hoorayHoorayItsAHoliHoliday)
Song(hoorayHoorayItsAHoliHoliday) ∧ ¬Number1GermanSingle(hoorayHoorayItsAHoliHoliday)
∀x (PeakBelowOn(x, number1, germanChart) → ¬Number1GermanSingle(x))","""Hooray! Hooray! It's a Holi-Holiday!"" peaked at #3 on the UK charts.","PeaksAtOn(hoorayHoorayItsAHoliHoliday, number3, germanChart)",Uncertain,434,"x (song(x) & by(x, boneym,) & number1germansingle(x))
song(hoorayhoorayitsaholiholiday) & hitallovereurope(hoorayhoorayitsaholiholiday)
song(hoorayhoorayitsaholiholiday) & ~number1germansingle(hoorayhoorayitsaholiholiday)
all:x (peakbelowon(x, number1, germanchart) :- ~number1germansingle(x))","peaksaton(hoorayhoorayitsaholiholiday, number3, germanchart)"
674,381,"All people who attend Renaissance fairs regularly enjoy dressing up in old-fashioned and historical period clothing.
If people are fascinated by the history of the Renaissance and other past eras, then they attend Renaissance fairs regularly.
People are fascinated by the history of the Renaissance and other past eras, or they are contemporary academics who enjoy learning.
People who are focused on futuristic and vocational subjects are contemporary academics who enjoy learning.
If people are professors who take a historical approach, then they are not contemporary academics who enjoy learning.
If Clyde is not focused on futuristic and voctional subjects, then he is neither focused on futuristic and vocational subjects nor enjoys dressing up in old-fashioned and historical period clothing.","∀x (AttendRegularly(x, renaissanceFair) → Enjoy(x, dressingUp, oldFashionedClothing) ∧ Enjoy(x, dressingUp, historicalPeriodClothing))
∀x (FascinatedBy(x, historyOfRenaissance) → AttendRegularly(x, renaissanceFair))
∀x (FascinatedBy(x, historyOfRenaissance) ⊕ (ContemporaryAcademic(x) ∧ Enjoy(x, learning)))
∀x (FocusedOn(x, futuristicSubject) ∧ FocusedOn(x, vocationalSubject) → ContemporaryAcademic(x) ∧ Enjoy(x, learning))
∀x (Professor(x) ∧ Take(x, historicalApproach) → ¬(ContemporaryAcademic(x) ∧ Enjoy(x, learning)))
¬(FocusedOn(clyde, futuristicSubject) ∧ FocusedOn(clyde, vocationalSubject))→ ¬(FocusedOn(clyde, futuristicSubject) ∧ FocusedOn(clyde, vocationalSubject) ∨ (Enjoy(clyde, dressingUp, oldFashionedClothing) ∧ Enjoy(clyde, dressingUp, historicalPeriodClothing)))",Clyde attends Renaissance fairs regularly.,"AttendRegularly(clyde, renaissanceFair)",Uncertain,1017,"all:x (attendregularly(x, renaissancefair) :- enjoy(x, dressingup, oldfashionedclothing) & enjoy(x, dressingup, historicalperiodclothing))
all:x (fascinatedby(x, historyofrenaissance) :- attendregularly(x, renaissancefair))
all:x (fascinatedby(x, historyofrenaissance) ^ (contemporaryacademic(x) & enjoy(x, learning)))
all:x (focusedon(x, futuristicsubject) & focusedon(x, vocationalsubject) :- contemporaryacademic(x) & enjoy(x, learning))
all:x (professor(x) & take(x, historicalapproach) :- ~(contemporaryacademic(x) & enjoy(x, learning)))
~(focusedon(clyde, futuristicsubject) & focusedon(clyde, vocationalsubject)):- ~(focusedon(clyde, futuristicsubject) & focusedon(clyde, vocationalsubject) | (enjoy(clyde, dressingup, oldfashionedclothing) & enjoy(clyde, dressingup, historicalperiodclothing)))","attendregularly(clyde, renaissancefair)"
675,220,"The indie pop band Phoenix has released six albums. 
Phoenix's album ""Wolfgang Amadeus Phoenix"" sold over 500,000 copies. 
A certified gold album or single is one which sold over half a million copies. 
""1901"" is a single from Phoenix's album ""Wolfgang Amadeus Phoenix.""
Over 400,000 copies of ""1901"" have been sold. ","AlbumsReleased(phoenix, 6)
Album(wolfgangamadeusphoenix) ∧ IsAlbumOf(wolfgangamadeusphoenix, phoenix) ∧ SoldOver(wolfgangamadeusphoenix, 500,000)
∀x ((Album(x) ∨ Single(x)) ∧ SoldOver(x, 500,000) → CertifiedGold(x))
Single(1901) ∧ From(1901, wolfgangamadeusphoenix) ∧ By(1901, phoenix)
SoldOver(l1901, 400,000)","The single ""1901"" is a certified gold single.",CertifiedGold(1901),Uncertain,625,"albumsreleased(phoenix, 6)
album(wolfgangamadeusphoenix) & isalbumof(wolfgangamadeusphoenix, phoenix) & soldover(wolfgangamadeusphoenix, 500,000)
all:x ((album(x) | single(x)) & soldover(x, 500,000) :- certifiedgold(x))
single(1901) & from(1901, wolfgangamadeusphoenix) & by(1901, phoenix)
soldover(l1901, 400,000)",certifiedgold(1901)
676,97,"Deborah Wallace is a Scottish-born actress, playwright, and producer.
Psyche is a play based on the life of James Miranda Barry.
Homesick, Psyche and The Void are plays by Deborah Wallace.
Deborah Wallace co-produced Gasland.","BornIn(deborahWallace, scotland) ∧ Actress(deborahWallace) ∧ Playwright(deborahWallace) ∧ Producer(deborahWallace)
Play(psyche) ∧ BasedOn(psyche, lifeOfJamesMirandaBarry)
Play(homesick) ∧ WrittenBy(homesick, deborahWallace) ∧ Play(psyche) ∧ WrittenBy(psyche, deborahWallace) ∧ Play(theVoid) ∧ WrittenBy(theVoid, deborahWallace)
CoProduce(deborahWallace, gasland)",No plays by Deborah Wallace are based on the life of James Miranda Barry.,"∀x (Play(x) ∧ WrittenBy(x, deborahwallace) → ¬BasedOn(x, lifeofjamesmirandabarry))",False,293,"bornin(deborahwallace, scotland) & actress(deborahwallace) & playwright(deborahwallace) & producer(deborahwallace)
play(psyche) & basedon(psyche, lifeofjamesmirandabarry)
play(homesick) & writtenby(homesick, deborahwallace) & play(psyche) & writtenby(psyche, deborahwallace) & play(thevoid) & writtenby(thevoid, deborahwallace)
coproduce(deborahwallace, gasland)","all:x (play(x) & writtenby(x, deborahwallace) :- ~basedon(x, lifeofjamesmirandabarry))"
677,47,"A controlled substance is a drug.
There exist both harmful and beneficial controlled substances.
If a child is exposed to a controlled substance, they are in chemical endangerment.
Chemical Endangerment is harmful. 
The Controlled Substances Act was an act passed in 1971.
Some Acts prevent harmful things.","∀x (ControlledSubstances(x) → Drugs(x))
∃x ∃y (ControlledSubstances(x) ∧ ControlledSubstances(y) ∧ (¬(x=y)) ∧ Beneficial(x) ∧ Harmful(y))
∀x ∀y ((Child(x) ∧ ControlledSubstances(y) ∧ ExposedTo(x, y)) → InChemicalEndangerment(x))
∀x (InChemicalEndangerment(x) → Harmful(x))
PassedIn(controlledSubstancesAct, yr1971) ∧ Act(controlledSubstancesAct)
∃x ∃y(Act(x) ∧ PreventsHarm(x) ∧ (¬(x=y)) ∧ Act(y) ∧ PreventsHarm(y))",The Controlled Substances Act prevents harmful things.,PreventsHarm(controlledSubstancesAct),Uncertain,135,"all:x (controlledsubstances(x) :- drugs(x))
x y (controlledsubstances(x) & controlledsubstances(y) & (~(x=y)) & beneficial(x) & harmful(y))
all:x all:y ((child(x) & controlledsubstances(y) & exposedto(x, y)) :- inchemicalendangerment(x))
all:x (inchemicalendangerment(x) :- harmful(x))
passedin(controlledsubstancesact, yr1971) & act(controlledsubstancesact)
x y(act(x) & preventsharm(x) & (~(x=y)) & act(y) & preventsharm(y))",preventsharm(controlledsubstancesact)
678,210,"The only types of mammals that lay eggs are either platypuses or echidnas.
Platypuses are not hyrax.
Echidnas are not hyrax.
No mammals are invertebrates.
All animals are either vertebrates or invertebrates.
Mammals are animals.
Hyraxes are mammals.
Grebes lay eggs.
Grebes are not platypuses and also not echidnas.","∀x ((Mammal(x) ∧ LayEgg(x)) → (Platypus(x) ⊕ Echidna(x)))
∀x (Platypuses(x) → ¬Hyrax(x))
∀x (Echidnas(x) → ¬Hyrax(x))
∀x (Mammal(x) → ¬Invertebrate(x))
∀x (Animal(x) → (Vertebrate(x) ∨ Invertebrate(x)))
∀x (Mammal(x) → Animal(x))
∀x (Hyrax(x) → Mammal(x))
∀x (Grebes(x) → LayEgg(x))
∀x (Grebes(x) → (¬Platypuses(x) ∧ ¬Echidnas(x)))",Hyraxes lay eggs.,∃x (Hyrax(x) ∧ LayEgg(x)),False,599,"all:x ((mammal(x) & layegg(x)) :- (platypus(x) ^ echidna(x)))
all:x (platypuses(x) :- ~hyrax(x))
all:x (echidnas(x) :- ~hyrax(x))
all:x (mammal(x) :- ~invertebrate(x))
all:x (animal(x) :- (vertebrate(x) | invertebrate(x)))
all:x (mammal(x) :- animal(x))
all:x (hyrax(x) :- mammal(x))
all:x (grebes(x) :- layegg(x))
all:x (grebes(x) :- (~platypuses(x) & ~echidnas(x)))",x (hyrax(x) & layegg(x))
679,224,"Rhos Aelwyd F.C. is a Welsh football club.
Rhos Aelwyd F.C. is the only football club located in Ponciau. 
The Premier Division was won in June 2005 by a team from Ponciau. 
The winner of the Premier Division in October 2009 was promoted to the Cymru Alliance.
The Premier Division in October 2009 was won by the same team that won in June 2005. ","∀x (Rhosaelwydfc(x) → FootballClub(x) ∧ Welsh(x))
∀x (FootballClub(x) ∧ LocatedIn(x, ponciau) ↔ Rhosaelwydfc(x))
∃x (LocatedIn(x, ponciau) ∧ WonPremierDivisionDuring(x, year2005MonthJune))
∀x (WonPremierDivisionDuring(x, year2009MonthOctober) → PromotedTo(x, cymruAlliance))
∀x (WonPremierDivisionDuring(x, year2009MonthOctober) ↔ WonPremierDivisionDuring(x, y2005MonthJune))",Rhos Aelwyd F.C. was promoted to the Cymru Alliance.,"∃x (Rhosaelwydfc(x) ∧ PromotedTo(x, cymruAlliance))",True,633,"all:x (rhosaelwydfc(x) :- footballclub(x) & welsh(x))
all:x (footballclub(x) & locatedin(x, ponciau) ↔ rhosaelwydfc(x))
x (locatedin(x, ponciau) & wonpremierdivisionduring(x, year2005monthjune))
all:x (wonpremierdivisionduring(x, year2009monthoctober) :- promotedto(x, cymrualliance))
all:x (wonpremierdivisionduring(x, year2009monthoctober) ↔ wonpremierdivisionduring(x, y2005monthjune))","x (rhosaelwydfc(x) & promotedto(x, cymrualliance))"
680,378,"All people who attend weddings are getting married or know the people who are getting married.
No preteens or young children are getting married or know the people who are getting married.
People who enjoy celebrating life milestone events with other people attend weddings.
People who are fond of large group functions enjoy celebrating life milestone events with other people.
All people who are outgoing and spirited are fond of large group functions.
If Carol is not both a pre-teen or young child and attends a wedding, then Carol is not getting married or knows the people who are getting married.  ","∀x (Attend(x, wedding) → GettingMarried(x) ∨ (∃y (Know(x, y) ∧ GettingMarried(y)))
∀x (PreTeen(x) ∨ YoungChild(x) → ¬(GettingMarried(x) ⊕ (∃y (Know(x, y) ∧ GettingMarried(y)))))
∀x (∃y ∃z (¬(x=y) ∧ ¬(x=z) ∧ ¬(y=z) ∧ Enjoy(x, celebratingLifeMileStoneEvent, y) ∧ Enjoy(x, celebratingLifeStoneEvent, z)) → Attend(x, wedding))
∀x (FondOf(x, largeGroupFunction) → ∃y ∃z (¬(x=y) ∧ ¬(x=z) ∧ ¬(y=z) ∧ Enjoy(x, celebratingLifeMileStoneEventWith, y) ∧ Enjoy(x, celebratingLifeStoneEvent, z)))
∀x (Outgoing(x) ∧ Sprited(x)  → FondOf(x, largeGroupFunction))
¬((PreTeen(carol) ∨ YoungChildren(carol)) ∧ Attend(carol, wedding)) → ¬(GettingMarried(carol) ∨ (∃y (Know(carol, y) ∧ GettingMarried(y))))",Carol is outgoing and very spirited.,Outgoing(carol) ∧ Sprited(carol),False,1008,"all:x (attend(x, wedding) :- gettingmarried(x) | (y (know(x, y) & gettingmarried(y)))
all:x (preteen(x) | youngchild(x) :- ~(gettingmarried(x) ^ (y (know(x, y) & gettingmarried(y)))))
all:x (y z (~(x=y) & ~(x=z) & ~(y=z) & enjoy(x, celebratinglifemilestoneevent, y) & enjoy(x, celebratinglifestoneevent, z)) :- attend(x, wedding))
all:x (fondof(x, largegroupfunction) :- y z (~(x=y) & ~(x=z) & ~(y=z) & enjoy(x, celebratinglifemilestoneeventwith, y) & enjoy(x, celebratinglifestoneevent, z)))
all:x (outgoing(x) & sprited(x)  :- fondof(x, largegroupfunction))
~((preteen(carol) | youngchildren(carol)) & attend(carol, wedding)) :- ~(gettingmarried(carol) | (y (know(carol, y) & gettingmarried(y))))",outgoing(carol) & sprited(carol)
681,387,"If some diseases require a medical diagnosis, then lab tests or imaging is required. 
All rare diseases require a medical diagnosis.
If a disease is mild, then no lab tests or imaging is required. 
All blood cancers are rare diseases.
All types of leukemia are diseases and blood cancers. 
Bladder cancer is a disease and is blood cancer or Leukemia.","∀x (Disease(x) ∧ Require(x, medicalDiagnosis) → RequiredFor(labTest, x) ∨ RequiredFor(imaging, x)) 
∀x (RareDisease(x) → Require(x, medicalDiagnosis))
∀x (Disease(x) ∧ Mild(x) → ¬(RequiredFor(labTest, x) ∨ RequiredFor(imaging, x))) 
∀x (BloodCancer(x) → RareDiseases(x))
∀x (Disease(x) ∧ Leukemia(x) → BloodCancer(x))
Disease(bladderCancer) ∧ (BloodCancer(bladderCancer) ∨ Leukemia(bladderCancer))",Bladder cancer is either a rare disease or a mild disease.,RareDisease(bladderCancer) ⊕ Mild(bladderCancer),True,1037,"all:x (disease(x) & require(x, medicaldiagnosis) :- requiredfor(labtest, x) | requiredfor(imaging, x)) 
all:x (raredisease(x) :- require(x, medicaldiagnosis))
all:x (disease(x) & mild(x) :- ~(requiredfor(labtest, x) | requiredfor(imaging, x))) 
all:x (bloodcancer(x) :- rarediseases(x))
all:x (disease(x) & leukemia(x) :- bloodcancer(x))
disease(bladdercancer) & (bloodcancer(bladdercancer) | leukemia(bladdercancer))",raredisease(bladdercancer) ^ mild(bladdercancer)
682,39,"""Your Woman"" is a song by the British one-person band White Town.
""Your Woman"" song peaked at No. 1 on the UK Singles Chart.
If a song peaked at No.1 at a particular place, it was extremely popular.
""Your Woman"" peaked at No. 1 in Iceland, Israel, and Spain.","Produce(whiteTown, yourWoman) ∧ OnePersonBand(whiteTown)
Peak(yourWoman, uKSinglesChart)
∀x ((∃y(Peak(x, y))) → Popular(x))
Peak(yourWoman, iceland) ∧ Peak(yourWoman, israel) ∧ Peak(yourWoman, spain)","""Your Woman"" was extremely popular.",Popular(yourWoman),True,113,"produce(whitetown, yourwoman) & onepersonband(whitetown)
peak(yourwoman, uksingleschart)
all:x ((y(peak(x, y))) :- popular(x))
peak(yourwoman, iceland) & peak(yourwoman, israel) & peak(yourwoman, spain)",popular(yourwoman)
683,227,"Carrozzeria Colli is a Milanese coachbuilder company established by Giuseppe Colli in 1931.
Carrozzeria Colli is a company that specializes in using aluminum.
The first automobiles built by Carrozzeria Colli were racing cars.
Some racing cars built by Carrozzeria Colli used Fiat 1100 mechanicals and chassis.
Carrozzeria Colli worked for airforces.
Carrozzeria Colli made car bodies. ","Milanese(carrozzeriaColli) ∧ CoachBuilder(carrozzeriaColli) ∧ Company(carrozzeriaColli) ∧ EstablishedBy(carrozzeriaColli, giuseppeColli) ∧ EstablishedIn(carrozzeriaColli, 1931)
Company(carrozzeriaColli) ∧ SpecializesIn(carrozzeriaColli, usingAluminum)
∀x (BuiltBy(x, carrozzeriaColli) ∧ FirstAutomobile(x) → RacingCar(x))
∃x (BuiltBy(x, carrozzeriaColli) ∧ RacingCar(x) ∧ Used(x, fiat1100mechanicals) ∧ Used(x, chassis))
∃x (Airforce(x) ∧ WorkedFor(carrozzeriaColli, x))
∃(CarBody(x) ∧ Made(x, carrozzeriaColli))",Giuseppe Colli established a company that made car bodies.,"∃x ∃y (Company(x) ∧ EstablishedBy(x, giuseppeColli) ∧ CarBody(y) ∧ Made(y, x))",True,642,"milanese(carrozzeriacolli) & coachbuilder(carrozzeriacolli) & company(carrozzeriacolli) & establishedby(carrozzeriacolli, giuseppecolli) & establishedin(carrozzeriacolli, 1931)
company(carrozzeriacolli) & specializesin(carrozzeriacolli, usingaluminum)
all:x (builtby(x, carrozzeriacolli) & firstautomobile(x) :- racingcar(x))
x (builtby(x, carrozzeriacolli) & racingcar(x) & used(x, fiat1100mechanicals) & used(x, chassis))
x (airforce(x) & workedfor(carrozzeriacolli, x))
(carbody(x) & made(x, carrozzeriacolli))","x y (company(x) & establishedby(x, giuseppecolli) & carbody(y) & made(y, x))"
684,429,"None of the easy Leetcode problems have an AC rate lower than 20 percent. 
All Leetcode problems recommended to novices are easy. 
Leetcode problems either have an AC rate lower than 20 percent or are starred by more than 1 thousand users. 
All hard Leetcode problems are starred by more than 1,000 users. 
No Leetcode problems published after 2022 are starred by more than 1,000 users. 
'2Sum' is not both hard and also recommended to novices.
'4Sum' is either starred by more than 1,000 users and published after 2022, or it is neither. ","∀x ((LeetcodeProblems(x) ∧ Easy(x)) → ¬HaveAnACRateLowerThan(x, percent20))
∀x ((LeetcodeProblems(x) ∧ RecommendedTo(x, novices)) → Easy(x))
∀x (LeetcodeProblems(x) → HaveAnACRateLowerThan(x, percent20) ⊕ StarredByMoreThan(x, num1000))
∀x ((LeetcodeProblems(x) ∧ Hard(x)) → StarredByMoreThan(x, num1000))
∀x ((LeetcodeProblems(x) ∧ PublishedAfter(x, yr2022)) → (¬StarredByMoreThan(x, num1000)))
¬(RecommendedTo(twosum, novices) ∧ Hard(twosum)) ∧ LeetcodeProblems(twosum)
¬(StarredByMoreThan(foursum, num1000) ⊕ PublishedAfter(foursum, yr2022)) ∧ LeetcodeProblems(twosum)",4Sum is neither recommended to the novice nor a Leetcode problem that's hard.,"¬RecommendedTo(foursum, novices) ∧ ¬Hard(foursum)",True,1222,"all:x ((leetcodeproblems(x) & easy(x)) :- ~haveanacratelowerthan(x, percent20))
all:x ((leetcodeproblems(x) & recommendedto(x, novices)) :- easy(x))
all:x (leetcodeproblems(x) :- haveanacratelowerthan(x, percent20) ^ starredbymorethan(x, num1000))
all:x ((leetcodeproblems(x) & hard(x)) :- starredbymorethan(x, num1000))
all:x ((leetcodeproblems(x) & publishedafter(x, yr2022)) :- (~starredbymorethan(x, num1000)))
~(recommendedto(twosum, novices) & hard(twosum)) & leetcodeproblems(twosum)
~(starredbymorethan(foursum, num1000) ^ publishedafter(foursum, yr2022)) & leetcodeproblems(twosum)","~recommendedto(foursum, novices) & ~hard(foursum)"
685,205,"Oxford Circus is a road junction connecting Oxford Street and Regent Street.
Oxford Street and Regent Street are in London.
John Nash designed a construction on Regent Street.
John Nash designed Oxford Circus.
John Nash is a British architect.
Oxford Circus is the entrance to Oxford Circus tube station, a part of the Central line in 1900.","RoadJunction(oxfordCircus) ∧ Connect(oxfordCircus, oxfordSt, regentSt)
In(oxfordSt, london) ∧ In(regentSt, london)
Designed(nash, construction) ∧ On(construction, regentSt)
Designed(nash, oxfordCircus)
Architect(nash) ∧ British(nash)
EntraceTo(oxfordCircus, tubeStation) ∧ PartOf(tubeStation, centralline) ∧ In(tubeStation, 1900)",Oxford Circus is in London.,"In(oxfordCircus, london)",True,585,"roadjunction(oxfordcircus) & connect(oxfordcircus, oxfordst, regentst)
in(oxfordst, london) & in(regentst, london)
designed(nash, construction) & on(construction, regentst)
designed(nash, oxfordcircus)
architect(nash) & british(nash)
entraceto(oxfordcircus, tubestation) & partof(tubestation, centralline) & in(tubestation, 1900)","in(oxfordcircus, london)"
686,32,"Hugh Vanstone is one of the world's leading lighting designers. 
Hugh Vanstone is from the UK.
Hugh Vanstone has lit more than 160 productions.
Hugh Vanstone attended a school where he is from. ","WorldLeadingLightingDesigner(hughVanstone)
From(hughVanstone, unitedKingdom)
∃x(GreaterThan(x, num160) ∧ LitProductions(hughVanstone,x))
∃x(Hometown(hughVanstone,x) ∧ AttendedSchoolIn(hughVanstone,x))",Hugh Vanstone is one of the world's leading lighting designers and is from the UK.,"WorldLeadingLightingDesigner(hughVanstone) ∧ From(hughVanstone, unitedKingdom)",True,92,"worldleadinglightingdesigner(hughvanstone)
from(hughvanstone, unitedkingdom)
x(greaterthan(x, num160) & litproductions(hughvanstone,x))
x(hometown(hughvanstone,x) & attendedschoolin(hughvanstone,x))","worldleadinglightingdesigner(hughvanstone) & from(hughvanstone, unitedkingdom)"
687,425,"Everyone working at Meta has a high income. 
A person with a high income will not take a bus to their destination.
People will either take a bus or drive to their destination. 
Everyone who has a car will choose to drive to their destination. 
No students drive to their destination. 
James has a car or works at Meta.","∀x (WorkAt(x, meta) → HighIncome(x))
∀x (HighIncome(x) → ¬MeansToDestination(x, bus))
∀x (MeansToDestination(x, bus) ⊕ MeansToDestination(x, drive))
∀x (HaveCar(x) → MeansToDestination(x, drive))
∀x (Student(x) → ¬ MeansToDestination(x, drive))
HaveCar(james) ∨ WorkAt(james, meta)",James is a student.,Student(james),False,1204,"all:x (workat(x, meta) :- highincome(x))
all:x (highincome(x) :- ~meanstodestination(x, bus))
all:x (meanstodestination(x, bus) ^ meanstodestination(x, drive))
all:x (havecar(x) :- meanstodestination(x, drive))
all:x (student(x) :- ~ meanstodestination(x, drive))
havecar(james) | workat(james, meta)",student(james)
688,199,"The PlayStation EyeToy is a camera accessory for the PlayStation 2 system. 
The PlayStation Eye is a camera accessory for the PlayStation 3 system.
The PlayStation Camera is a camera accessory for the PlayStation 4 and the PlayStation 5 systems.
Camera accessories for a system are compatible with that system.
Playstation 2, 3,4, and 5 are all different.
Only the PlayStation Camera camera system is compatible with different systems.","System(playStation2) ∧ CameraAccessoryFor(playStationEyeToy, playStation2)
System(playStation3) ∧ CameraAccessoryFor(playStationEye, playStation3)  
System(playStation4) ∧ System(playStation5) ∧ CameraAccessoryFor(playStationCamera, playStation4) ∧ CameraAccessoryFor(playStationCamera, playStation5)
∀x ∀y (CameraAccessoryFor(x, y) ∧ System(y) → CompatibleWith(x, y))
¬(playStation2=playStation3) ∧ ¬(playStation2=playStation4) ∧ ¬(playStation2=playStation5) ∧ ¬(playStation3=playStation4) ∧ ¬(playStation3=playStation5) ∧ ¬(playStation4=playStation5)
∀x ∃y ∃z (System(y) ∧ System(z) ∧ ¬(y=z) ∧ CompatibleWith(x, y) ∧ CompatibleWith(x, z) → x=playstationCamera)",The Playstation Camera can be used for all Playstation consoles.,"Compatible(playStationCamera, playStation2) ∧ Compatible(playStationCamera, playStation3) ∧ Compatible(playStationCamera, playStation4) ∧ Compatible(playStationCamera, playStation5)",Uncertain,568,"system(playstation2) & cameraaccessoryfor(playstationeyetoy, playstation2)
system(playstation3) & cameraaccessoryfor(playstationeye, playstation3)  
system(playstation4) & system(playstation5) & cameraaccessoryfor(playstationcamera, playstation4) & cameraaccessoryfor(playstationcamera, playstation5)
all:x all:y (cameraaccessoryfor(x, y) & system(y) :- compatiblewith(x, y))
~(playstation2=playstation3) & ~(playstation2=playstation4) & ~(playstation2=playstation5) & ~(playstation3=playstation4) & ~(playstation3=playstation5) & ~(playstation4=playstation5)
all:x y z (system(y) & system(z) & ~(y=z) & compatiblewith(x, y) & compatiblewith(x, z) :- x=playstationcamera)","compatible(playstationcamera, playstation2) & compatible(playstationcamera, playstation3) & compatible(playstationcamera, playstation4) & compatible(playstationcamera, playstation5)"
689,401,"Everyone at 'Board Game night' is interested in puzzles, or they are bad at chess, or both.
If a person at 'Board Game night' is bad at chess, then they don't play a lot of chess.
There is a person at 'Board Game night' who is either a planner or a creative person.
Erica is at 'Board Game night,' and she is someone who plays a lot of chess.
If Erica is neither bad at chess nor creative, then Erica is either someone who plans and is creative, or she is neither of these things.","∀x (At(x, boardGameNight) → (InterestedIn(x, puzzle) ∨ BadAt(x, chess)))
∀x ((At(x, boardGameNight) ∧ BadAt(x, chess)) → ¬PlaysOften(x, chess))
∃x (At(x, boardGameNight) ∧ (Planner(x) ∨ Creative(x)))
At(erica, boardGameNight) ∧ PlaysOften(erica, chess)
(At(erica, boardGameNight) ∧ (¬(BadAt(erica, chess) ∨ Creative(erica)))) → ¬(Planner(erica) ⊕  Creative(erica))",Erica is interested in puzzles and is creative.,"InterestedIn(erica, puzzle) ∧ Creative(erica)",True,1101,"all:x (at(x, boardgamenight) :- (interestedin(x, puzzle) | badat(x, chess)))
all:x ((at(x, boardgamenight) & badat(x, chess)) :- ~playsoften(x, chess))
x (at(x, boardgamenight) & (planner(x) | creative(x)))
at(erica, boardgamenight) & playsoften(erica, chess)
(at(erica, boardgamenight) & (~(badat(erica, chess) | creative(erica)))) :- ~(planner(erica) ^  creative(erica))","interestedin(erica, puzzle) & creative(erica)"
690,447,"No planet in the solar system relies on nuclear fusion to generate light.
All stars in the solar system rely on nuclear fusion to generate light. 
All celestial bodies in the solar systems that have greater than 0.08 solar masses are stars. 
If a celestial body in the solar system has cleared its orbit of other debris and has a nearly spherical shape due to its own gravity, then it is a planet.
If Europa is a celestial body in the solar system that has cleared its orbit of other debris and has a nearly spherical shape due to its own gravity or relies on nuclear fusion to generate light, then Europa is a celestial body in the solar system. ","∀x (Planet(x) ∧ In(x, solarSystem) → ¬RelyOnToGenerate(x, nuclearFusion, light))
∀x (Star(x) ∧ In(x, solarSystem) → RelyOnToGenerate(x, nuclearFusion, light))
∀x (CelestialBody(x) ∧ In(x, solarSystem) ∧ GreaterThan(x, solarMass, 0point08) → Star(x))
∀x (CelestialBody(x) ∧ In(x, solarSystem) ∧ (∃y (OrbitOf(y, x) ∧ Clear(x, y) ∧ DebrisFree(y))) ∧ NearlySphericalShape(x, gravity) → Planet(x))
(CelestialBody(europa) ∧ In(europa, solarSystem) ∧ (∃y (OrbitOf(y, x) ∧ Clear(x, y) ∧ DebrisFree(y))) ∧ NearlySphericalShape(europa, gravity)) ∨ RelyOnToGenerate(europa, nuclearFusion, light) → CelestialBody(europa) ∧ In(europa, solarSystem)",Europa is a celestial body in the solar system has cleared its orbit of other debris and has a nearly spherical shape due to its own gravity.,"CelestialBody(europa) ∧ In(europa, solarSystem) ∧ (∃y (OrbitOf(y, x) ∧ Clear(x, y) ∧ DebrisFree(y))) ∧ NearlySphericalShape(europa, gravity)",Uncertain,1286,"all:x (planet(x) & in(x, solarsystem) :- ~relyontogenerate(x, nuclearfusion, light))
all:x (star(x) & in(x, solarsystem) :- relyontogenerate(x, nuclearfusion, light))
all:x (celestialbody(x) & in(x, solarsystem) & greaterthan(x, solarmass, 0point08) :- star(x))
all:x (celestialbody(x) & in(x, solarsystem) & (y (orbitof(y, x) & clear(x, y) & debrisfree(y))) & nearlysphericalshape(x, gravity) :- planet(x))
(celestialbody(europa) & in(europa, solarsystem) & (y (orbitof(y, x) & clear(x, y) & debrisfree(y))) & nearlysphericalshape(europa, gravity)) | relyontogenerate(europa, nuclearfusion, light) :- celestialbody(europa) & in(europa, solarsystem)","celestialbody(europa) & in(europa, solarsystem) & (y (orbitof(y, x) & clear(x, y) & debrisfree(y))) & nearlysphericalshape(europa, gravity)"
691,425,"Everyone working at Meta has a high income. 
A person with a high income will not take a bus to their destination.
People will either take a bus or drive to their destination. 
Everyone who has a car will choose to drive to their destination. 
No students drive to their destination. 
James has a car or works at Meta.","∀x (WorkAt(x, meta) → HighIncome(x))
∀x (HighIncome(x) → ¬MeansToDestination(x, bus))
∀x (MeansToDestination(x, bus) ⊕ MeansToDestination(x, drive))
∀x (HaveCar(x) → MeansToDestination(x, drive))
∀x (Student(x) → ¬ MeansToDestination(x, drive))
HaveCar(james) ∨ WorkAt(james, meta)",James drives to his destination or he is a student.,"MeansToDestination(x, drive) ∨ Student(james)",True,1205,"all:x (workat(x, meta) :- highincome(x))
all:x (highincome(x) :- ~meanstodestination(x, bus))
all:x (meanstodestination(x, bus) ^ meanstodestination(x, drive))
all:x (havecar(x) :- meanstodestination(x, drive))
all:x (student(x) :- ~ meanstodestination(x, drive))
havecar(james) | workat(james, meta)","meanstodestination(x, drive) | student(james)"
692,469,"All members of the university faculty are professors.
All principal investigators are members of the university faculty.
No professor is also an undergraduate student.
Anyone pursuing a bachelor's degree is an undergraduate student.
Leon is not pursuing a bachelor's degree, and he is not a principal investigator.
If Leon is not pursuing a bachelor's degree, then he is a professor.","∀x (MemberOf(x, universityFaculty) → Professor(x))
∀x (PrincipalInvestigator(x) → MemberOf(x, universityFaculty))
∀x (Professor(x) → ¬UndergraduateStudent(x))
∀x (Pursuing(x, bachelor) → UndergraduateStudent(x))
¬(Pursuing(leon, bachelor) ⊕ PrincipalInvestigator(leon))
¬Pursuing(leon, bachelor) → Professor(leon)",Leon is a member of university faculty.,"MemberOf(leon, universityFaculty)",Uncertain,1354,"all:x (memberof(x, universityfaculty) :- professor(x))
all:x (principalinvestigator(x) :- memberof(x, universityfaculty))
all:x (professor(x) :- ~undergraduatestudent(x))
all:x (pursuing(x, bachelor) :- undergraduatestudent(x))
~(pursuing(leon, bachelor) ^ principalinvestigator(leon))
~pursuing(leon, bachelor) :- professor(leon)","memberof(leon, universityfaculty)"
693,348,"All young adults at the event like independence.
All college students at the event are young adults.
All Yale students at the event are college students.
Everyone at the event is a Yale student or a Harvard student.
All Harvard students at the event are diligent.
Susan is at the event, and if Susan is a Harvard student, then she is a young adult.
If Susan is a Yale student, then she does not like independence.","∀x (At(x, event) ∧ YoungAdult(x) → Like(x, independence))
∀x (At(x, event) ∧ CollegeStudent(x) → YoungAdult(x))
∀x (At(x, event) ∧ YaleStudent(x) → CollegeStudent(x))
∀x (At(x, event) → (YaleStudent(x) ⊕ HarvardStudent(x)))
∀x (At(x, event) ∧ HarvardStudent(x) → Diligent(x))
At(susan, event) ∧ (HarvardStudent(susan) → YoungAdult(susan))
YaleStudent(susan) → ¬Like(susan, independence)",Susan is not both diligent and likes independence.,"¬(Like(susan, independence) ∧ Diligent(susan))",False,923,"all:x (at(x, event) & youngadult(x) :- like(x, independence))
all:x (at(x, event) & collegestudent(x) :- youngadult(x))
all:x (at(x, event) & yalestudent(x) :- collegestudent(x))
all:x (at(x, event) :- (yalestudent(x) ^ harvardstudent(x)))
all:x (at(x, event) & harvardstudent(x) :- diligent(x))
at(susan, event) & (harvardstudent(susan) :- youngadult(susan))
yalestudent(susan) :- ~like(susan, independence)","~(like(susan, independence) & diligent(susan))"
694,463,"All eels are fish. 
No fish are plants. 
Everything displayed in the collection is either a plant or an animal.
All multicellular animals are not bacteria.
All animals displayed in the collection are multicellular.
A sea eel is displayed in the collection.
The sea eel is an eel or an animal or not a plant.","∀x (Eel(x) → Fish(x))
∀x (Fish(x) → ¬Plant(x))
∀x (DisplayedIn(x, collection) → Plant(x) ⊕ Animal(x))
∀x (Multicellular(x) → ¬Bacteria(x))
∀x (DisplayedIn(x, collection) ∧ Animal(x) → Multicellular(x))
DisplayedIn(seaEel, collection)
Eel(seaEel) ∨ Animal(seaEel) ∨ ¬Plant(seaEel)",The sea eel is bacteria.,Bacteria(seaEel),False,1337,"all:x (eel(x) :- fish(x))
all:x (fish(x) :- ~plant(x))
all:x (displayedin(x, collection) :- plant(x) ^ animal(x))
all:x (multicellular(x) :- ~bacteria(x))
all:x (displayedin(x, collection) & animal(x) :- multicellular(x))
displayedin(seaeel, collection)
eel(seaeel) | animal(seaeel) | ~plant(seaeel)",bacteria(seaeel)
695,169,"All volunteers receive intangible benefits for their work.
Volunteers work regularly or on an as-needed basis.
Some volunteers are trained.
Volunteers work in groups or individually.
Environmental volunteers contribute toward environmental management or conservation.
Participating in natural disaster response is an example of volunteers working in groups on an as-needed basis.","∀x (Volunteer(x) → Receive(x, intangibleBenefit))
∀x (Volunteer(x) → WorkRegularly(x) ⊕ WorkAsNeeded(x))
∃x (Volunteer(x) → Trained(x))
∀x (Volunteer(x) → (WorkInGroup(x) ∨ WorkIndividually(x)))
∀x (Volunteer(x) ∧ Environmental(x) → (ContributeTo(x, environmentalManagement) ∨ ContributeTo(x, environmentalConservation)))
∃x (Volunteer(x) ∧ ContributeTo(x, naturalDisasterResponse) → WorkInGroup(x) ∧ WorkAsNeeded(x))","To be a volunteer, you must be trained.",∀x (Volunteer(x) → Trained(x)),Uncertain,487,"all:x (volunteer(x) :- receive(x, intangiblebenefit))
all:x (volunteer(x) :- workregularly(x) ^ workasneeded(x))
x (volunteer(x) :- trained(x))
all:x (volunteer(x) :- (workingroup(x) | workindividually(x)))
all:x (volunteer(x) & environmental(x) :- (contributeto(x, environmentalmanagement) | contributeto(x, environmentalconservation)))
x (volunteer(x) & contributeto(x, naturaldisasterresponse) :- workingroup(x) & workasneeded(x))",all:x (volunteer(x) :- trained(x))
696,451,"People on the payroll are being paid by the school.
If someone has a job at a school, then they are on the payroll.
All faculty members have a job at a school.
If someone teaches students, they are a faculty member or a teacher.
Every teacher has students.
If Nancy is a teacher, then they are on the payroll.
If Nancy is not a teacher, then they are not paid by the school.
Nancy teaches students.","∀x (OnPayroll(x) → PaidBy(x, school))
∀x (HaveJobAt(x, school) → OnPayroll(x))
∀x (FacultyMember(x) → HaveJobAt(x, school))
∀x (Teach(x, student) → FacultyMember(x) ∨ Teacher(x))
∀x (Teacher(x) → Have(x, student))
Teacher(nancy) → OnPayroll(nancy)
¬Teacher(nancy) → ¬OnPayroll(nancy)
Teach(nancy, student)",Nancy is not paid by the school or does not have students.,"¬PaidBy(nancy, school) ∨ ¬Have(nancy, student))",False,1300,"all:x (onpayroll(x) :- paidby(x, school))
all:x (havejobat(x, school) :- onpayroll(x))
all:x (facultymember(x) :- havejobat(x, school))
all:x (teach(x, student) :- facultymember(x) | teacher(x))
all:x (teacher(x) :- have(x, student))
teacher(nancy) :- onpayroll(nancy)
~teacher(nancy) :- ~onpayroll(nancy)
teach(nancy, student)","~paidby(nancy, school) | ~have(nancy, student))"
697,320,"All cancers have mutations.
No mutations can be treated at home.
All colorectal cancers are cancers.
A cold can be treated at home.
Arthritis either is a cold and has mutations or neither is a cold nor has mutations.","∀x (Cancer(x) → Have(x, mutation))
∀x (Have(x, mutation) → ¬CanBeTreatedAtHome(x))
∀x (ColorectalCancer(x) → Cancer(x))
∀x (Cold(x) → CanBeTreatedAtHome(x))
¬(Cold(arthritis) ⊕ Have(arthritis, mutation))",Arthritis is colorectal cancer or has mutations.,"ColorectalCancer(arthritis) ∨ Have(arthritis, mutation)",False,813,"all:x (cancer(x) :- have(x, mutation))
all:x (have(x, mutation) :- ~canbetreatedathome(x))
all:x (colorectalcancer(x) :- cancer(x))
all:x (cold(x) :- canbetreatedathome(x))
~(cold(arthritis) ^ have(arthritis, mutation))","colorectalcancer(arthritis) | have(arthritis, mutation)"
698,123,"Businesses are either sanctioned or unsanctioned.
Sanctioned businesses are limited.
Unsanctioned businesses are free.
The Crude Oil Data Exchange is a business that isn't free.","∀x (Buisness(x) → Sanctioned(x) ⊕ ¬Sanctioned(x))
∀x (Buisness(x) ∧ Sanctioned(x) → Limited(x))
∀x (Buisness(x) ∧ ¬Sanctioned(x) → Free(x))
Buisness(crudeOilDataExchange) ∧ ¬Free(crudeOilDataExchange)",Crude Oil Data Exchange is unsanctioned.,¬Sanctioned(crudeOilDataExchange),False,368,"all:x (buisness(x) :- sanctioned(x) ^ ~sanctioned(x))
all:x (buisness(x) & sanctioned(x) :- limited(x))
all:x (buisness(x) & ~sanctioned(x) :- free(x))
buisness(crudeoildataexchange) & ~free(crudeoildataexchange)",~sanctioned(crudeoildataexchange)
699,433,"There are no buildings in New Haven higher than 400 meters. 
All buildings managed by Yale Housing are in New Haven. 
All Manhattan skyscrapers are higher than 400 meters. 
All buildings owned by Bloomberg are in Manhattan. 
All buildings with the Bloomberg logo are buildings owned by Bloomberg. 
Tower A is neither a building in New Haven nor a skyscraper in Manhattan.
Tower B is a skyscraper building in Manhattan with a Bloomberg logo. ","∀x ((Buildings(x) ∧ In(x, newHaven)) → ¬HigherThan(x, num400))
∀x ((Buildings(x) ∧ ManagedBy(x, yaleHousing)) → In(x, newHaven))
∀x ((Buildings(x) ∧ Skyscraper(x) ∧ In(x, manhattan)) → HigherThan(x, num400))
∀x ((Buildings(x) ∧ OwnedBy(x, bloomberg)) → Skyscraper(x) ∧ In(x, manhattan))
∀x ((Buildings(x) ∧ HasLogo(x, bloomberg)) → OwnedBy(x, bloomberg))
Buildings(towerA) ∧ (¬InNewHaven(towerA)) ∧ (¬ManhattanSkyscraper(towerA))
Buildings(towerB) ∧ HasLogo(towerB, bloomberg) ∧ Skyscraper(towerB) ∧ In(towerB, manhattan)",Tower A is not higher than 400 meters.,"¬HigherThan(towerA, num400)",Uncertain,1236,"all:x ((buildings(x) & in(x, newhaven)) :- ~higherthan(x, num400))
all:x ((buildings(x) & managedby(x, yalehousing)) :- in(x, newhaven))
all:x ((buildings(x) & skyscraper(x) & in(x, manhattan)) :- higherthan(x, num400))
all:x ((buildings(x) & ownedby(x, bloomberg)) :- skyscraper(x) & in(x, manhattan))
all:x ((buildings(x) & haslogo(x, bloomberg)) :- ownedby(x, bloomberg))
buildings(towera) & (~innewhaven(towera)) & (~manhattanskyscraper(towera))
buildings(towerb) & haslogo(towerb, bloomberg) & skyscraper(towerb) & in(towerb, manhattan)","~higherthan(towera, num400)"
700,233,"Deng Xiaoping served as the paramount leader of the People's Republic of China.
Deng Xiaoping was praised for his reaffirmation of the reform program, as well as the reversion of Hong Kong to Chinese control and the return of Macau.
As the party's Secretary-General under Mao and Vice Premier in the 1950s, Deng Xiaoping presided over the Anti-Rightist Campaign launched by Mao.
Deng Xiaoping became instrumental in China's economic reconstruction following the disastrous Great Leap Forward.
Mao Zedong died in 1976.
After Mao Zedong's death, Deng Xiaoping gradually rose to supreme power.","ParamountLeaderOf(dengXiaoping, peoplesRepublicOfChina)
PraisedFor(dengXiaoping, reaffirmationOfReformProgram) ∧ PraisedFor(dengXiaoping, reversionOfHongKong) ∧ PraisedFor(dengXiaoping, returnOfMacau)
PartysSecretaryGeneral(dengXiaoping) ∧ Under(dengXiaoping, mao) ∧ VicePremierInThe1950s(dengXiaoping) ∧ PresidedOver(dengXiaoping, antiRightistCampaign) ∧ LaunchedBy(antiRightistCampaign, mao)
InstrumentalIn(dengXiaoping, chinasEconomicReconstruction) ∧ Following(chinasEconomicReconstruction, greatLeapForward) ∧ Disastrous(greatLeapForward)
DiedIn(mao, year1976)
GraduallyRoseTo(dengXiaoping, supremePower)",The paramount leader of the PRC was also the vice premier.,"∃x (ParamountLeaderOf(x, prc) ∧ VicePremier(x))",True,660,"paramountleaderof(dengxiaoping, peoplesrepublicofchina)
praisedfor(dengxiaoping, reaffirmationofreformprogram) & praisedfor(dengxiaoping, reversionofhongkong) & praisedfor(dengxiaoping, returnofmacau)
partyssecretarygeneral(dengxiaoping) & under(dengxiaoping, mao) & vicepremierinthe1950s(dengxiaoping) & presidedover(dengxiaoping, antirightistcampaign) & launchedby(antirightistcampaign, mao)
instrumentalin(dengxiaoping, chinaseconomicreconstruction) & following(chinaseconomicreconstruction, greatleapforward) & disastrous(greatleapforward)
diedin(mao, year1976)
graduallyroseto(dengxiaoping, supremepower)","x (paramountleaderof(x, prc) & vicepremier(x))"
701,186,"If a person doesn't have enough money to buy a product, then that person can't buy it.
Monitors are products.
4k monitors are more expensive than 1080 monitors and 2k monitors.
John is a person.
John doesn't have enough money to buy a 2k monitor.","∀x ∀y (Person(x) ∧ Product(y) ∧ ¬HaveEnoughMoneyFor(x, y) → ¬Buy(x, y))
∀x (Monitor(x) → Product(x))
∀x ∀y ∀z (Monitor(x) ∧ Monitor(y) ∧ Monitor(z) ∧ FourK(x) ∧ OneOEightO(y) ∧ TwoK(z) → MoreExpensive(x, y) ∧ MoreExpensive(x, z))
Person(john)
∀x (Monitor(x) ∧ TwoK(x) → ¬HaveEnoughMoneyFor(john, x))",John can't buy a 1080 monitor.,"∀x (Monitor(x) ∧ OneOEightO(x) → ¬Buy(john, x))",Uncertain,537,"all:x all:y (person(x) & product(y) & ~haveenoughmoneyfor(x, y) :- ~buy(x, y))
all:x (monitor(x) :- product(x))
all:x all:y all:z (monitor(x) & monitor(y) & monitor(z) & fourk(x) & oneoeighto(y) & twok(z) :- moreexpensive(x, y) & moreexpensive(x, z))
person(john)
all:x (monitor(x) & twok(x) :- ~haveenoughmoneyfor(john, x))","all:x (monitor(x) & oneoeighto(x) :- ~buy(john, x))"
702,118,"Musicians have very busy lives.
Singh Kaur is a musician and famous.
If a musician is not famous, that musician will not make a lot of money.
A musician can be a singer or a writer.","∀x (Musician(x) → Have(x, busyLife))
Musician(singhKaur) ∧ Famous(singhKaur)
∀x (Musician(x) ∧ ¬Famous(x) → ¬MakeALotOfMoney(x))
∃x (Musician(x) ∧ (Singer(x) ∨ Writer(x)))",Singh Kaur makes a lot of money.,MakeALotOfMoney(singhKaur),Uncertain,355,"all:x (musician(x) :- have(x, busylife))
musician(singhkaur) & famous(singhkaur)
all:x (musician(x) & ~famous(x) :- ~makealotofmoney(x))
x (musician(x) & (singer(x) | writer(x)))",makealotofmoney(singhkaur)
703,329,"All young working professionals who have regular 9-5 jobs have stable jobs.
Some people living in Manhattan are young professionals with regular 9-5 jobs.
All people who have stable jobs are people who work regularly.
People who work regularly do not frequently disobey their bosses.
Mary either frequently disobeys her bosses and works regularly, or that she neither frequently disobeys her bosses nor works regularly.","∀x (YoungWorkingProfessional(x) ∧ Have(x, regular9To5Job) → Have(x, stableJob))
∃x (LiveIn(x, manhattan) ∧ YoungWorkingProfessional(x) ∧ Have(x, regular9To5Job))
∀x (Have(x, stableJob) → WorkRegularly(x))
∀x (WorkRegularly(x) → ¬DisobeyFrequently(x, boss))
¬(DisobeyFrequently(mary, boss) ⊕ WorkRegularly(mary))","If Mary is a young working professional who has a regular 9-5 job, then Mary does not live in Manhattan.","YoungWorkingProfessional(mary) ∧ Have(mary, regular9-5Job) → ¬LiveIn(mary, manhattan)",True,845,"all:x (youngworkingprofessional(x) & have(x, regular9to5job) :- have(x, stablejob))
x (livein(x, manhattan) & youngworkingprofessional(x) & have(x, regular9to5job))
all:x (have(x, stablejob) :- workregularly(x))
all:x (workregularly(x) :- ~disobeyfrequently(x, boss))
~(disobeyfrequently(mary, boss) ^ workregularly(mary))","youngworkingprofessional(mary) & have(mary, regular9-5job) :- ~livein(mary, manhattan)"
704,139,"UFC Fight Night was a mixed martial arts event held in Sweden.
At UFC Fight Night, Sadollah was scheduled to fight Musoke.
Sadollah fought Akiyama at UFC Fight Night.
Musoke fought Yakovlev at UFC Fight Night.
Jung was injured at UFC Fight Night.
People injured at UFC Fight Night did not fight.","Event(uFCFightNight) ∧ MixedMartial(uFCFightNight) ∧ HeldIn(uFCFightNight, sweden)
ScheduledToFight(sadollah, musoke,uFCFightNight)
Fight(sadollah, akiyama, uFCFightNight)
Fight(musoke, yakovlev, uFCFightNight)
InjuredAt(jung, uFCFightNight)
∀x (InjuredAt(x, uFCFightNight) → ¬FightIn(x, uFCFightNight))",Nelson fought Story at UFC Fight Night.,"Fight(nelson, story, uFCFightNight)",Uncertain,410,"event(ufcfightnight) & mixedmartial(ufcfightnight) & heldin(ufcfightnight, sweden)
scheduledtofight(sadollah, musoke,ufcfightnight)
fight(sadollah, akiyama, ufcfightnight)
fight(musoke, yakovlev, ufcfightnight)
injuredat(jung, ufcfightnight)
all:x (injuredat(x, ufcfightnight) :- ~fightin(x, ufcfightnight))","fight(nelson, story, ufcfightnight)"
705,236,"Cancer biology is finding genetic alterations that confer a selective advantage to cancer cells. 
Cancer researchers have frequently ranked the importance of substitutions to cancer growth by the P value.
P values are thresholds for belief, not metrics of effect. ","Finding(cancerBiology, geneticAlteration) ∧ Confer(geneticAlteration, selectiveAdvantage, toCancerCell)
∃x ∃y (CancerResearcher(x) ∧ Ranked(x, importanceOfSubstitutionsToCancerGrowth) ∧ PValue(y) ∧ RankedBy(importanceOfSubstitutionsToCancerGrowth, y))
∀x (PValue(x) → ThresholdForBelief(x) ∧ ¬MetricOfEffect(x))",P value represents the selection intensity for somatic variants in cancer cell lineages.,SelectionIntensitySomaticVariants(pValue),Uncertain,669,"finding(cancerbiology, geneticalteration) & confer(geneticalteration, selectiveadvantage, tocancercell)
x y (cancerresearcher(x) & ranked(x, importanceofsubstitutionstocancergrowth) & pvalue(y) & rankedby(importanceofsubstitutionstocancergrowth, y))
all:x (pvalue(x) :- thresholdforbelief(x) & ~metricofeffect(x))",selectionintensitysomaticvariants(pvalue)
706,332,"If people don't often clean their homes, then they do not have tidy houses.
If people don't prioritize cleaning, then they do not often clean their homes.
If people hire a maid or cleaning service, then they have tidy houses.
If people don't care about cleanliness, then they do not prioritize cleaning.
Either Jack does hire a maid or cleaning service and does not often clean his home, or he does not hire a maid or cleaning service nor often clean his home.","∀x (¬CleanOften(x, home) → ¬Have(x, tidyHouse))
∀x (¬Prioritize(x, cleaning) → ¬CleanOften(x, home))
∀x (Hire(x, maid) ∨ Hire(x, cleaningService) → Have(x, tidyHouse))
∀x (¬CareAbout(x, cleanliness) → ¬Prioritize(x, cleaning))
¬(Hire(x, maid) ∨ Hire(x, cleaningService)) ⊕ ¬CleanOften(jack, home))",Jack is overburdened and lives in the suburbs.,"¬Prioritize(jack, cleaning) ∨ ¬CareAbout(jack, cleanliness)",False,862,"all:x (~cleanoften(x, home) :- ~have(x, tidyhouse))
all:x (~prioritize(x, cleaning) :- ~cleanoften(x, home))
all:x (hire(x, maid) | hire(x, cleaningservice) :- have(x, tidyhouse))
all:x (~careabout(x, cleanliness) :- ~prioritize(x, cleaning))
~(hire(x, maid) | hire(x, cleaningservice)) ^ ~cleanoften(jack, home))","~prioritize(jack, cleaning) | ~careabout(jack, cleanliness)"
707,108,"The world's only major large passenger aircraft manufacturers are Boeing and Airbus.
All American Airlines planes are from the world's major large passenger aircraft manufacturers. 
Airbus made more revenue than Boeing last year.","∀x (WorldMajorLargePassengerAircraftManufacturer(x) → x=boeing ⊕ x=airbus)
∀x (AmericanAirlinesAircraft(x) → WorldMajorLargePassengerAircraftManufacturer(x))
MoreInRevenue(airbus, boeing)",There is a commercial plane made by both Airbus and Boeing.,"∃x (WorldMajorLargePassengerAircraftManufacturer(x) ∧ ProducedBy(x, airbus) ∧ ProducedBy(x, boeing))",False,329,"all:x (worldmajorlargepassengeraircraftmanufacturer(x) :- x=boeing ^ x=airbus)
all:x (americanairlinesaircraft(x) :- worldmajorlargepassengeraircraftmanufacturer(x))
moreinrevenue(airbus, boeing)","x (worldmajorlargepassengeraircraftmanufacturer(x) & producedby(x, airbus) & producedby(x, boeing))"
708,428,"All devices belonging to the company are connected to Google Home. 
All devices with the company logo belong to the company. 
Each device either has the company logo or belongs to employees. 
All of the devices belonging to employees can be connected to the company's wifi. 
All of the devices connected to Google Home are controlled by managers. 
All of the devices that connect to the company's wifi are easy to operate. 
All of the devices that are easy to operate were produced after a new CTO is appointed. 
ModelXX was not produced after a new CTO was appointed.","∀x ((Devices(x) ∧ BelongTo(x, company)) → ConnectTo(x, googleHome))
∀x ((Devices(x) ∧ With(x, companyLogo)) → BelongTo(x, company))
∀x ((Devices(x) → (With(x, companyLogo) ⊕ BelongTo(x, employee)))
∀x ((Devices(x) ∧ BelongTo(x, employee)) → CanBeConnectedTo(x, wifi))
∀x ((Devices(x) ∧ ConnectTo(x, googleHome)) → ControlledBy(x, manager))
∀x ((Devices(x) ∧ CanBeConnectedTo(x, wifi)) → EasyToOperate(x))
∀x ((Devices(x) ∧ EasyToOperate(x)) → ProducedAfterNewCTOAppointed(x, company))
Devices(modelXX) ∧ (¬ProducedAfterNewCTOAppointed(modelXX, company))",ModelXX is either with the company logo or controlled by managers.,"With(modelXX, companyLogo) ⊕ ControlledBy(x, manager)",False,1218,"all:x ((devices(x) & belongto(x, company)) :- connectto(x, googlehome))
all:x ((devices(x) & with(x, companylogo)) :- belongto(x, company))
all:x ((devices(x) :- (with(x, companylogo) ^ belongto(x, employee)))
all:x ((devices(x) & belongto(x, employee)) :- canbeconnectedto(x, wifi))
all:x ((devices(x) & connectto(x, googlehome)) :- controlledby(x, manager))
all:x ((devices(x) & canbeconnectedto(x, wifi)) :- easytooperate(x))
all:x ((devices(x) & easytooperate(x)) :- producedafternewctoappointed(x, company))
devices(modelxx) & (~producedafternewctoappointed(modelxx, company))","with(modelxx, companylogo) ^ controlledby(x, manager)"
709,73,"Ambiortus is a prehistoric bird genus.
Ambiortus Dementjevi is the only known species of Ambiortus.
Mongolia was where Ambiortus Dementjevi lived.
Yevgeny Kurochkin was the discoverer of Ambiortus.","Prehistoric(ambiortus) ∧ BirdGenus(ambiortus)
∀x(KnownSpeciesOf(x, ambiortus) → IsSpecies(x, ambiortusDementjevi))
LiveIn(ambiortusDementjevi, mongolia)
Discover(yevgenykurochkin, ambiortus)",Yevgeny Kurochkin discovered a new bird genus.,"∃x (Discover(yevgenykurochkin, x) ∧ BirdGenus(x))",True,221,"prehistoric(ambiortus) & birdgenus(ambiortus)
all:x(knownspeciesof(x, ambiortus) :- isspecies(x, ambiortusdementjevi))
livein(ambiortusdementjevi, mongolia)
discover(yevgenykurochkin, ambiortus)","x (discover(yevgenykurochkin, x) & birdgenus(x))"
710,162,"If a person plays an instrument in a concert, they are good at playing this kind of instrument.
Peter plays piano, violin, and saxophone.
Peter plays piano in a concert.
Oliver and Peter both play instruments in a concert.
Oliver plays a different musical instrument from Peter in the concert.","∀x ∀y (PlayIn(y, x, concert) → GoodAtPlaying(y, x))
Play(peter, piano) ∧ Play(peter, violin) ∧ Play(peter, saxophone)
PlayIn(peter, piano, concert)
∃x ∃y (PlayIn(peter, x, concert) ∧ PlayIn(oliver, y, concert))
∀x (PlayIn(oliver, x, concert) → ¬PlayIn(peter, y, concert))",Oliver plays piano in the concert.,"PlayIn(oliver, piano, concert)",False,464,"all:x all:y (playin(y, x, concert) :- goodatplaying(y, x))
play(peter, piano) & play(peter, violin) & play(peter, saxophone)
playin(peter, piano, concert)
x y (playin(peter, x, concert) & playin(oliver, y, concert))
all:x (playin(oliver, x, concert) :- ~playin(peter, y, concert))","playin(oliver, piano, concert)"
711,420,"Some people are both late-night and early-morning people.
If a person is an earl- morning person, they have early-morning habits.
Everyone who has early-morning habits gets up early.
Everyone who gets up early catches the sunrise.
James doesn't catch the sunrise.","∃x (LateNightPerson(x) ∧ EarlyMorningPerson(x))
∀x (EarlyMorningPerson(x) → Have(x, earlyMorningHabit))
∀x (Have(x, earlyMorningHabit) → GetUpEarly(x))
∀x (GetUpEarly(x) → CatchTheSunrise(x))
¬CatchTheSunrise(james)","If James is an early-morning person, then he is a late night person.",EarlyMorningPerson(james) → LateNightPerson(james),True,1186,"x (latenightperson(x) & earlymorningperson(x))
all:x (earlymorningperson(x) :- have(x, earlymorninghabit))
all:x (have(x, earlymorninghabit) :- getupearly(x))
all:x (getupearly(x) :- catchthesunrise(x))
~catchthesunrise(james)",earlymorningperson(james) :- latenightperson(james)
712,448,"Everyone that knows about breath-first-search knows how to use a queue. 
If someone is a seasoned software engineer interviewer at Google, then they know what breath-first-search is. 
Someone is either a seasoned software engineer interviewer at Google, has human rights, or both. 
Every person who has human rights is entitled to the right to life and liberty. 
Everyone that knows how to use a queue knows about the first-in-first-out data structure. 
Everyone that is entitled to the right to life and liberty cannot be deprived of their rights without due process of law. 
Jack is entitled to the right to life and liberty, has human rights, or knows about the first-in-first-out data structure. ","∀x (Know(x, breathFirstSearch) → Know(x, howToUseQueue))
∀x (Seasoned(x) ∧ SoftwareEngineerInterviewer(x) ∧ At(x, google) → Know(x, breathFirstSearch))
∀x ((Seasoned(x) ∧ SoftwareEngineerInterviewer(x) ∧ At(x, google)) ∨ Have(x, humanRights))
∀x (Have(x, humanRights) → EntitledTo(x, rightToLifeAndLiberty))
∀x (Know(x, howToUseQueue) → Know(x, firstInFirstOutDataStructure))
∀x (EntitledTo(x, rightToLifeAndLiberty) → ¬DeprivedOfWithout(x, rights, dueProcessOfLaw))
(EntitledTo(jack, rightToLifeAndLiberty) ∨ Have(jack, humanRights) ∨ Know(jack, firstInFirstOutDataStructure))",Jack can be deprived of their rights without due process of law.,"DeprivedOfWithout(jack, rights, dueProcessOfLaw)",False,1291,"all:x (know(x, breathfirstsearch) :- know(x, howtousequeue))
all:x (seasoned(x) & softwareengineerinterviewer(x) & at(x, google) :- know(x, breathfirstsearch))
all:x ((seasoned(x) & softwareengineerinterviewer(x) & at(x, google)) | have(x, humanrights))
all:x (have(x, humanrights) :- entitledto(x, righttolifeandliberty))
all:x (know(x, howtousequeue) :- know(x, firstinfirstoutdatastructure))
all:x (entitledto(x, righttolifeandliberty) :- ~deprivedofwithout(x, rights, dueprocessoflaw))
(entitledto(jack, righttolifeandliberty) | have(jack, humanrights) | know(jack, firstinfirstoutdatastructure))","deprivedofwithout(jack, rights, dueprocessoflaw)"
713,220,"The indie pop band Phoenix has released six albums. 
Phoenix's album ""Wolfgang Amadeus Phoenix"" sold over 500,000 copies. 
A certified gold album or single is one which sold over half a million copies. 
""1901"" is a single from Phoenix's album ""Wolfgang Amadeus Phoenix.""
Over 400,000 copies of ""1901"" have been sold. ","AlbumsReleased(phoenix, 6)
Album(wolfgangamadeusphoenix) ∧ IsAlbumOf(wolfgangamadeusphoenix, phoenix) ∧ SoldOver(wolfgangamadeusphoenix, 500,000)
∀x ((Album(x) ∨ Single(x)) ∧ SoldOver(x, 500,000) → CertifiedGold(x))
Single(1901) ∧ From(1901, wolfgangamadeusphoenix) ∧ By(1901, phoenix)
SoldOver(l1901, 400,000)","The album ""Wolfgang Amadeus Phoenix"" is a certified gold album.",CertifiedGold(wolfgangamAdeusPhoenix),True,624,"albumsreleased(phoenix, 6)
album(wolfgangamadeusphoenix) & isalbumof(wolfgangamadeusphoenix, phoenix) & soldover(wolfgangamadeusphoenix, 500,000)
all:x ((album(x) | single(x)) & soldover(x, 500,000) :- certifiedgold(x))
single(1901) & from(1901, wolfgangamadeusphoenix) & by(1901, phoenix)
soldover(l1901, 400,000)",certifiedgold(wolfgangamadeusphoenix)
714,337,"No athletes never exercise.
All professional basketball players are athletes. 
All NBA players are professional basketball players. 
All Knicks players are NBA players. 
Either John is a professional basketball player and he never exercises, or he is not a professional basketball player and he sometimes exercises.","∀x (Athlete(x) → ¬NeverExercises(x))
∀x (ProfessionalBasketballPlayer(x) → Athlete(x))
∀x (NBAPlayer(x) → ProfessionalBasketballPlayer(x))
∀x (KnicksPlayer(x) → NBAPlayer(x))
¬(ProfessionalBasketballPlayer(jim) ⊕ NeverExercises(jim))",Jim is a Knicks player.,KnicksPlayer(jim),False,881,"all:x (athlete(x) :- ~neverexercises(x))
all:x (professionalbasketballplayer(x) :- athlete(x))
all:x (nbaplayer(x) :- professionalbasketballplayer(x))
all:x (knicksplayer(x) :- nbaplayer(x))
~(professionalbasketballplayer(jim) ^ neverexercises(jim))",knicksplayer(jim)
715,122,"Beasts of Prey is a fantasy novel or a science fiction novel, or both.
Science fiction novels are not about mythological creatures
Beasts of Prey Is about a creature known as the Shetani.
Shetanis are mythological.","Novel(beastsOfPrey) → (Fantasy(beastsOfPrey) ∨ ScienceFiction(beastsOfPrey))
∀x ∀y (ScienceFiction(x) ∧ Mythological(y) ∧ Creature(y) → ¬About(x, y))
About(beastsOfPrey, shetani) ∧ Creature(shetani)
Mythological(shetani)",A shetani is either mythological or a creature.,Mythological(shetani) ⊕ Creature(shetani),False,366,"novel(beastsofprey) :- (fantasy(beastsofprey) | sciencefiction(beastsofprey))
all:x all:y (sciencefiction(x) & mythological(y) & creature(y) :- ~about(x, y))
about(beastsofprey, shetani) & creature(shetani)
mythological(shetani)",mythological(shetani) ^ creature(shetani)
716,420,"Some people are both late-night and early-morning people.
If a person is an earl- morning person, they have early-morning habits.
Everyone who has early-morning habits gets up early.
Everyone who gets up early catches the sunrise.
James doesn't catch the sunrise.","∃x (LateNightPerson(x) ∧ EarlyMorningPerson(x))
∀x (EarlyMorningPerson(x) → Have(x, earlyMorningHabit))
∀x (Have(x, earlyMorningHabit) → GetUpEarly(x))
∀x (GetUpEarly(x) → CatchTheSunrise(x))
¬CatchTheSunrise(james)",James is a late night person and an early-morning person.,LateNightPerson(james) ∧ EarlyMorningPerson(james),False,1185,"x (latenightperson(x) & earlymorningperson(x))
all:x (earlymorningperson(x) :- have(x, earlymorninghabit))
all:x (have(x, earlymorninghabit) :- getupearly(x))
all:x (getupearly(x) :- catchthesunrise(x))
~catchthesunrise(james)",latenightperson(james) & earlymorningperson(james)
717,244,"Everyone who rents a car spends money.
Whenever Sarah goes to Vermont, Sarah drives there.
Someone who does not own a car to drive somewhere must either borrow a car or rent a car.
Sarah doesn’t own a car.
Sarah never borrows a car to go camping.
Sarah is going to go camping in Vermont.
To go camping somewhere, you must go to that place.","∀x (Rent(x, car) → Spend(x, money))
GoTo(sarah, vermont) → DriveTo(sarah, vermont)
∀x ∀y (¬Own(x, car) ∧ DriveTo(x, y) → Borrow(x, car) ⊕ Rent(x, car))
¬Own(sarah, car)
∀x (Camping(sarah, x) → ¬(Borrow(sarah, car)))
Camping(sarah, vermont)
∀x ∀y (Camping(x, y) → GoTo(x, y))",Sarah will spend money this weekend.,"Spend(sarah, money)",True,687,"all:x (rent(x, car) :- spend(x, money))
goto(sarah, vermont) :- driveto(sarah, vermont)
all:x all:y (~own(x, car) & driveto(x, y) :- borrow(x, car) ^ rent(x, car))
~own(sarah, car)
all:x (camping(sarah, x) :- ~(borrow(sarah, car)))
camping(sarah, vermont)
all:x all:y (camping(x, y) :- goto(x, y))","spend(sarah, money)"
718,171,"Some fish stings people.
Stonefish is a fish.
Stonefish stings when stepped on. 
If a stonefish stings someone and they are not treated, it can cause death to them.
To treat stonefish stings, apply heat to the affected area or use an antivenom.","∃x ∃y (Fish(x) → Sting(x,y))
Fish(stonefish)
∀x (SteppedOnBy(stonefish, x) → Sting(stonefish, x))
∀x (Sting(stonefish, x) ∧ ¬Treated(x) → CauseDeathTo(stonefish, x))
∀x (Sting(stonefish, x) ∧ (ApplyHeatTo(x) ∨ UseAntivenomOn(x)) → Treated(x))","If a stonefish stings you and you don’t use an antivenom, it can cause death to you.","∀x (Sting(stonefish, x) ∧ ¬UseAntivenomOn(x) → CauseDeathTo(stonefish, x))",Uncertain,491,"x y (fish(x) :- sting(x,y))
fish(stonefish)
all:x (steppedonby(stonefish, x) :- sting(stonefish, x))
all:x (sting(stonefish, x) & ~treated(x) :- causedeathto(stonefish, x))
all:x (sting(stonefish, x) & (applyheatto(x) | useantivenomon(x)) :- treated(x))","all:x (sting(stonefish, x) & ~useantivenomon(x) :- causedeathto(stonefish, x))"
719,461,"Any convicted criminal that is innocent is not truly guilty.
All convicted criminals who did not commit a crime are truly innocent.
All convicted criminals are truly guilty or found guilty.
If a convicted criminal is found guilty, then they are sentenced to a punishment.
If a convicted criminal is found guilty, then they can argue against their punishment.
Garry is a convicted criminal who not found guilty or is sentenced to punishment.","∀x (ConvictedCriminal(x) ∧ Innocent(x) → ¬TrulyGuilty(x))
∀x (ConvictedCriminal(x) ∧ ¬CommitCrime(x) → Innocent(x))
∀x (ConvictedCriminal(x) ∧ (TrulyGuilty(x) ∨ FoundGuilty(x)))
∀x (ConvictedCriminal(x) ∧ FoundGuilty(x) → SentencedToPunishment(x))
∀x (ConvictedCriminal(x) ∧ FoundGuilty(x) → CanArgueAgainst(x, punishment))
ConvictedCriminal(garry) ∧ (¬(FoundGuilty(garry) ∨ SentencedToPunishment(garry)))",Garry did not commit a crime and can argue against his punishment.,"¬CommitCrime(garry) ∧ CanArgueAgainst(garry, punishment)",False,1331,"all:x (convictedcriminal(x) & innocent(x) :- ~trulyguilty(x))
all:x (convictedcriminal(x) & ~commitcrime(x) :- innocent(x))
all:x (convictedcriminal(x) & (trulyguilty(x) | foundguilty(x)))
all:x (convictedcriminal(x) & foundguilty(x) :- sentencedtopunishment(x))
all:x (convictedcriminal(x) & foundguilty(x) :- canargueagainst(x, punishment))
convictedcriminal(garry) & (~(foundguilty(garry) | sentencedtopunishment(garry)))","~commitcrime(garry) & canargueagainst(garry, punishment)"
720,99,"Shafaq-Asiman is a large complex of offshore geological structures in the Caspian Sea.
Baku is northwest of Shafaq-Asiman.
If place A is northwest of place B, then place B is southeast of place A.","LargeComplex(shafaq-asiman) ∧ LargeComplex(shafaq-asiman) ∧ Offshore(shafaq-asiman) ∧ GeologicalStructures(shafaq-asiman) ∧ In(shafaq-asiman, caspiansea)
NorthwestOf(baku, shafaq-asiman)
∀x ∀y (NorthwestOf(x, y) → SoutheastOf(y, x))",A large complex is southeast of Baku.,"∃x (LargeComplex(x) ∧ SoutheastOf(x, baku))",True,299,"largecomplex(shafaq-asiman) & largecomplex(shafaq-asiman) & offshore(shafaq-asiman) & geologicalstructures(shafaq-asiman) & in(shafaq-asiman, caspiansea)
northwestof(baku, shafaq-asiman)
all:x all:y (northwestof(x, y) :- southeastof(y, x))","x (largecomplex(x) & southeastof(x, baku))"
721,43,"Imagine Dragons are an American pop-rock band.
The lead singer of Imagine Dragons is Dan.
Dan is also a songwriter.
All lead singers are singers.
All singers are musicians.
Demons is one of the most popular singles of Imagine Dragons.
Some singles of Imagine Dragons have been on Billboard Hot 100.","American(imagineDragon) ∧ RockBand(imagineDragon)
LeadSinger(imagineDragon, dan)
SongWriter(dan)
∀x ∀y (LeadSinger(x, y) → Singer(y))
∀x (Singer(x) → Musician(x))
PopularSingle(imagineDragon, demons)
∃x ∃y (PopularSingle(imagineDragon, x) ∧ BillboardHot100(x)) ∧ (¬(x=y)) ∧ (PopularSingle(imagineDragon, y) ∧ BillboardHot100(y))",Demons has been on Billboard Hot 100.,BillboardHot100(demons),Uncertain,125,"american(imaginedragon) & rockband(imaginedragon)
leadsinger(imaginedragon, dan)
songwriter(dan)
all:x all:y (leadsinger(x, y) :- singer(y))
all:x (singer(x) :- musician(x))
popularsingle(imaginedragon, demons)
x y (popularsingle(imaginedragon, x) & billboardhot100(x)) & (~(x=y)) & (popularsingle(imaginedragon, y) & billboardhot100(y))",billboardhot100(demons)
722,339,"No professional tennis umpires are professional tennis players.
If you are a World Tour player, then you are a professional tennis player.
All Grand Slam champions are World Tour players.
All Grand Slam umpires are professional tennis umpires.
Nadal is a World Tour player or a Grand Slam champion","∀x (ProfessionalTennisUmpire(x) → ¬ProfessionalTennisPlayer(x))
∀x (WorldTourPlayer(x) → ProfessionalTennisPlayer(x))
∀x (GrandSlamChampion(x) → WorldTourPlayer(x))
∀x (GrandSlamUmpire(x) → ProfessionalTennisUmpire(x))
WorldTourPlayer(nadal) ∨ GrandSlamChampion(nadal)",Nadal is not a Grand Slam umpire.,¬GrandSlamUmpire(nadal),True,888,"all:x (professionaltennisumpire(x) :- ~professionaltennisplayer(x))
all:x (worldtourplayer(x) :- professionaltennisplayer(x))
all:x (grandslamchampion(x) :- worldtourplayer(x))
all:x (grandslamumpire(x) :- professionaltennisumpire(x))
worldtourplayer(nadal) | grandslamchampion(nadal)",~grandslamumpire(nadal)
723,81,"Quiksilver sells sportswear, clothing, footwear, and accessories.
Flannels are a type of clothing.
Joe owns an item from Quiksilver.","∀x (Sells(quiksilver, x) → (Sportswear(x) ∨ Clothing(x) ∨ Footwear(x) ∨ Accessory(x)))
Clothing(flannel)
∃x (Sells(quiksilver, x) ∧ Owns(joe, x))",Quiksilver sells beer.,"Sells(quiksilver, beer)",Uncertain,246,"all:x (sells(quiksilver, x) :- (sportswear(x) | clothing(x) | footwear(x) | accessory(x)))
clothing(flannel)
x (sells(quiksilver, x) & owns(joe, x))","sells(quiksilver, beer)"
724,5,"Peter Parker is either a superhero or a civilian.
The Hulk is a destroyer.
The Hulk wakes up when he is angry.
If the Hulk wakes up, then he will break a bridge.
Thor is a god.
Thor will break a bridge when he is happy.
A god is not a destroyer.
Peter Parker wears a uniform when he is a superhero.
Peter Parker is not a civilian if a destroyer is breaking a bridge.
If Thor is happy, the Hulk is angry.","Superhero(peterParker) ⊕ Civilian(peterParker)
Destroyer(theHulk)
Angry(theHulk) → WakesUp(theHulk)
WakesUp(theHulk) → Breaks(theHulk, bridge)
God(thor)
Happy(thor) → Breaks(thor, bridge)
∀x (God(x) → ¬Destroyer(x))
Superhero(peter) → Wears(peter, uniform)
∀x ((Destroyer(x) ∧ Breaks(x,bridge)) → ¬Civilian(peter))
Happy(thor) → Angry(theHulk)","If Thor is happy, then Peter Parker wears a uniform.","Happy(thor) → Wears(peterParker, uniform)",True,12,"superhero(peterparker) ^ civilian(peterparker)
destroyer(thehulk)
angry(thehulk) :- wakesup(thehulk)
wakesup(thehulk) :- breaks(thehulk, bridge)
god(thor)
happy(thor) :- breaks(thor, bridge)
all:x (god(x) :- ~destroyer(x))
superhero(peter) :- wears(peter, uniform)
all:x ((destroyer(x) & breaks(x,bridge)) :- ~civilian(peter))
happy(thor) :- angry(thehulk)","happy(thor) :- wears(peterparker, uniform)"
725,342,"All sports cars are loud.
No loud cars are electric.
If a car is a Ferrari, then it is a sports car.
All cars made in Maranello are Ferraris.
The Toyota Prius is made in Maranello or is a loud car, or both.","∀x (SportsCar(x) → LoudCar(x))
∀x (LoudCar(x) → ¬ElectricCar(x))
∀x (Ferrari(x) → SportsCar(x))
∀x ((Car(x) ∧ MadeIn(x, maranello)) → Ferrari(x))
(Car(toyotaPrius) ∧ MadeIn(toyotaPrius, maranello)) ∨ LoudCar(toyotaPrius)",The Toyota Prius is a equipped with a Ferrari V12 engine.,"MadeIn(toyotaPrius, maranello)",Uncertain,902,"all:x (sportscar(x) :- loudcar(x))
all:x (loudcar(x) :- ~electriccar(x))
all:x (ferrari(x) :- sportscar(x))
all:x ((car(x) & madein(x, maranello)) :- ferrari(x))
(car(toyotaprius) & madein(toyotaprius, maranello)) | loudcar(toyotaprius)","madein(toyotaprius, maranello)"
726,433,"There are no buildings in New Haven higher than 400 meters. 
All buildings managed by Yale Housing are in New Haven. 
All Manhattan skyscrapers are higher than 400 meters. 
All buildings owned by Bloomberg are in Manhattan. 
All buildings with the Bloomberg logo are buildings owned by Bloomberg. 
Tower A is neither a building in New Haven nor a skyscraper in Manhattan.
Tower B is a skyscraper building in Manhattan with a Bloomberg logo. ","∀x ((Buildings(x) ∧ In(x, newHaven)) → ¬HigherThan(x, num400))
∀x ((Buildings(x) ∧ ManagedBy(x, yaleHousing)) → In(x, newHaven))
∀x ((Buildings(x) ∧ Skyscraper(x) ∧ In(x, manhattan)) → HigherThan(x, num400))
∀x ((Buildings(x) ∧ OwnedBy(x, bloomberg)) → Skyscraper(x) ∧ In(x, manhattan))
∀x ((Buildings(x) ∧ HasLogo(x, bloomberg)) → OwnedBy(x, bloomberg))
Buildings(towerA) ∧ (¬InNewHaven(towerA)) ∧ (¬ManhattanSkyscraper(towerA))
Buildings(towerB) ∧ HasLogo(towerB, bloomberg) ∧ Skyscraper(towerB) ∧ In(towerB, manhattan)",Tower A is a building with the Bloomberg logo or it is managed by Yale Housing.,"HasLogo(towerB, bloomberg) ∨ ManagedBy(x, yaleHousing)",False,1237,"all:x ((buildings(x) & in(x, newhaven)) :- ~higherthan(x, num400))
all:x ((buildings(x) & managedby(x, yalehousing)) :- in(x, newhaven))
all:x ((buildings(x) & skyscraper(x) & in(x, manhattan)) :- higherthan(x, num400))
all:x ((buildings(x) & ownedby(x, bloomberg)) :- skyscraper(x) & in(x, manhattan))
all:x ((buildings(x) & haslogo(x, bloomberg)) :- ownedby(x, bloomberg))
buildings(towera) & (~innewhaven(towera)) & (~manhattanskyscraper(towera))
buildings(towerb) & haslogo(towerb, bloomberg) & skyscraper(towerb) & in(towerb, manhattan)","haslogo(towerb, bloomberg) | managedby(x, yalehousing)"
727,437,"Researchers present their work at the conference or provide a tutorial session there.
Everyone who presents their work at the conference will attend in person. 
Everyone providing a tutorial session at the conference will be invited to join the club. 
Everyone who attends the conference in person is provided with souvenirs. 
Everyone invited to join the club is provided with delicious meals. 
Everyone provided with delicious meals is happy to communicate with each other during the dinner. 
Everyone who is provided with delicious meals is invited to take a photo with the audience. 
It is not true that James both attended the conference in person and was provided with souvenirs.","∀x (PresentWorkAt(x, conference) ⊕ ProvideAt(x, tutorialSession, conference))
∀x (PresentWorkAt(x, conference) → AttendInPerson(x, conference))
∀x (ProvideSessionAt(x, tutorial, conference) → InvitedToJoin(x, club))
∀x (AttendInPerson(x, conference) → ProvidedWith(x, souvenir))
∀x (InvitedToJoin(x, club) → ProvidedWith(x, deliciousMeal))
∀x (ProvidedWith(x, deliciousMeal) ∧ ProvidedWith(y, deliciousMeal)  → ∃y ∃z (¬(y=x) ∧ ¬(z=x) ∧ ¬(y=z) ∧ HappyToCommunicateWithDuringTheDinner(x, y) ∧ HappyToCommunicateWithDuringTheDinner(x, z)))
∀x (ProvidedWith(x, deliciousMeal) → InvitedToTakePhotoWith(x, audience))
¬(AttendInPerson(james, conference) ∧ ProvidedWith(x, souvenir))",James is provided with souvenirs.,"ProvidedWith(james, souvenir)",Uncertain,1253,"all:x (presentworkat(x, conference) ^ provideat(x, tutorialsession, conference))
all:x (presentworkat(x, conference) :- attendinperson(x, conference))
all:x (providesessionat(x, tutorial, conference) :- invitedtojoin(x, club))
all:x (attendinperson(x, conference) :- providedwith(x, souvenir))
all:x (invitedtojoin(x, club) :- providedwith(x, deliciousmeal))
all:x (providedwith(x, deliciousmeal) & providedwith(y, deliciousmeal)  :- y z (~(y=x) & ~(z=x) & ~(y=z) & happytocommunicatewithduringthedinner(x, y) & happytocommunicatewithduringthedinner(x, z)))
all:x (providedwith(x, deliciousmeal) :- invitedtotakephotowith(x, audience))
~(attendinperson(james, conference) & providedwith(x, souvenir))","providedwith(james, souvenir)"
728,223,"David Ha'ivri is a political strategist. 
If you are born in Israel to at least one Israeli parent, you receive Israeli citizenship at birth. 
David Ha'ivri emigrated to the United States from Israel, where he was born to Israeli parents. 
Several Zionist leaders have been elected to the Shomron Regional Municipal council. 
David Ha'ivri is a Zionist leader.","PoliticalStrategist(davidHaivri)
∀x ∃y (BornInIsrael(x) ∧ ParentOf(y, x) ∧ Israeli(y) → Israeli(x))
∃x (EmigratedTo(davidHaivri, america) ∧ BornInIsrael(davidHaivri) ∧ ParentOf(davidHaivri, x) ∧ Israeli(x))
∃x (ZionistLeader(x) ∧ ElectedTo(x, shomronMunicipalCouncil))
ZionstLeader(davidHaivri)",David Ha'ivri has been elected to the Shomron Regional Municipal council.,"ElectedTo(davidHaivri, shomronMunicipalCouncil)",Uncertain,631,"politicalstrategist(davidhaivri)
all:x y (borninisrael(x) & parentof(y, x) & israeli(y) :- israeli(x))
x (emigratedto(davidhaivri, america) & borninisrael(davidhaivri) & parentof(davidhaivri, x) & israeli(x))
x (zionistleader(x) & electedto(x, shomronmunicipalcouncil))
zionstleader(davidhaivri)","electedto(davidhaivri, shomronmunicipalcouncil)"
729,89,"Bobby Flynn is a singer-songwriter. 
Bobby Flynn finished 7th while competing on Australian Idol.
Australian Idol competitors are Australian citizens.
The Omega Three band made a nationwide tour in 2007.
Bobby Flynn is a member of The Omega Three band.
Bobby Flynn was born in Queensland.","Singer(bobbyFlynn) ∧ SongWriter(bobbyFlynn)
FinishesIn(bobbyFlynn, number7) ∧ CompetesOnAustralianIdol(bobbyFlynn)
∀x (CompetesOnAustralianIdol(x) → AustralianCitizen(x))
NationWideTourIn(theOmegaThreeBand, year2007) 
Member(bobbyFlynn, theOmegaThreeBand)
BornIn(bobbyFlynn, queensland)",Bobby Flynn is an Australian citizen.,AustralianCitizen(bobbyFlynn),True,270,"singer(bobbyflynn) & songwriter(bobbyflynn)
finishesin(bobbyflynn, number7) & competesonaustralianidol(bobbyflynn)
all:x (competesonaustralianidol(x) :- australiancitizen(x))
nationwidetourin(theomegathreeband, year2007) 
member(bobbyflynn, theomegathreeband)
bornin(bobbyflynn, queensland)",australiancitizen(bobbyflynn)
730,42,"James Cocks was a British lawyer.
James Cocks was a Whig politician who sat in the House of Commons.
A British is a European.
Any lawyer is familiar with laws.
Some Whigs speak French.","British(james) ∧ Lawyer(james)
Whig(james) ∧ Politician(james) ∧ SatInHouseOfCommons(james)
∀x (British(x) → European(x))
∀x (Lawyer(x) → FamiliarWithLaws(x))
∃x ∃y (Whig(x) ∧ SpeakFrench(x)) ∧ (¬(x=y)) ∧ (Whig(y) ∧ SpeakFrench(y))",No lawyer ever sat in the House of Commons.,∀x (Lawyer(x) → ¬SatInHouseOfCommons(x)),False,120,"british(james) & lawyer(james)
whig(james) & politician(james) & satinhouseofcommons(james)
all:x (british(x) :- european(x))
all:x (lawyer(x) :- familiarwithlaws(x))
x y (whig(x) & speakfrench(x)) & (~(x=y)) & (whig(y) & speakfrench(y))",all:x (lawyer(x) :- ~satinhouseofcommons(x))
731,38,"The Metropolitan Museum of Art is a museum in NYC.
Whitney Museum of American Art is a museum in NYC.
The Museum of Modern Art (MoMA) is a museum in NYC. 
The Metropolitan Museum of Art includes Byzantine and Islamic Art. 
Whitney Museum of American Art includes American art.","Museum(metropolitanMuseumOfArt) ∧ In(metropolitanMuseumOfArt, nYC)
Museum(whitneyMuseumOfAmericanArt) ∧ In(metropolitanMuseumOfArt, nYC)
Museum(museumOfModernArt) ∧ In(museumOfModernArt, nYC)
Include(metropolitanMuseumOfArt, byzantineArt) ∧ Include(metropolitanMuseumOfArt, islamicArt)
Include(whitneyMuseumOfAmericanArt, americanArt)",A museum in NYC includes American art.,"∃x (Museum(x) ∧ In(x, nYC) ∧ Include(x, americanArt))",True,111,"museum(metropolitanmuseumofart) & in(metropolitanmuseumofart, nyc)
museum(whitneymuseumofamericanart) & in(metropolitanmuseumofart, nyc)
museum(museumofmodernart) & in(museumofmodernart, nyc)
include(metropolitanmuseumofart, byzantineart) & include(metropolitanmuseumofart, islamicart)
include(whitneymuseumofamericanart, americanart)","x (museum(x) & in(x, nyc) & include(x, americanart))"
732,415,"All books written by Neil Gaiman have sold more than one thousand copies.
Some books that have won Hugo Awards are written by Neil Gaiman.
Tomas has read all books written by Tolkien. 
Either Tomas has read Hamlet, or it has sold more than one thousand copies.
Hamlet has either sold more than one thousand copies or it is written by Neil Gaiman.","∀x ((Book(x) ∧ WrittenBy(x, neilGaiman)) → ∃y (MoreThan(y, num1000) ∧ SoldCopies(x, y)))
∃x ∃y (Book(x) ∧ Win(x, hugoAward) ∧ WrittenBy(x, neilGaiman) ∧ (¬(x=y)) ∧ Book(y) ∧ Win(y, hugoAward) ∧ WrittenBy(y, neilGaiman))
∀x ((Book(x) ∧ WrittenBy(x, tolkien)) → ReadBy(x, tomas))
ReadBy(hamlet, tomas) ⊕ (∃y (MoreThan(y, num1000) ∧ SoldCopies(hamlet, y)))
∃y (MoreThan(y, num1000) ∧ SoldCopies(hamlet, y)) ⊕ WrittenBy(hamlet, neilGaiman)",Hamlet has won a Hugo Award and is written by Tolkien.,"Win(hamlet, hugoAward) ∧ WrittenBy(hamlet, tolkien)",False,1167,"all:x ((book(x) & writtenby(x, neilgaiman)) :- y (morethan(y, num1000) & soldcopies(x, y)))
x y (book(x) & win(x, hugoaward) & writtenby(x, neilgaiman) & (~(x=y)) & book(y) & win(y, hugoaward) & writtenby(y, neilgaiman))
all:x ((book(x) & writtenby(x, tolkien)) :- readby(x, tomas))
readby(hamlet, tomas) ^ (y (morethan(y, num1000) & soldcopies(hamlet, y)))
y (morethan(y, num1000) & soldcopies(hamlet, y)) ^ writtenby(hamlet, neilgaiman)","win(hamlet, hugoaward) & writtenby(hamlet, tolkien)"
733,477,"All social media applications containing chat features are software. 
All social media applications that allow users to send messages to each other have chat features. 
All social media applications have chat features or video features. 
All social media applications that have video features allow users to upload videos. 
All software that is social media applications are computer programs. 
All social media applications that have high engagement metrics are addictive. 
If a social media application is addictive, then it is not ideal for preteens. 
TikTok is a social media application, and it is not ideal for preteens. ","∀x (SocialMedia(x) ∧ Application(x) ∧ Contain(x, chatFeature) → Software(x))
∀x (SocialMedia(x) ∧ Application(x) ∧ AllowToSendTo(x, user, message) → Contain(x, chatFeature))
∀x (SocialMedia(x) ∧ Application(x) → Contain(x, chatFeature) ∨ Contain(x, videoFeature))
∀x (SocialMedia(x) ∧ Application(x) ∧ Contain(x, videoFeature) → Allow(x, user, uploadVideo))
∀x (SocialMedia(x) ∧ Application(x) ∧ Software(x) → ComputerProgram(x))
∀x (SocialMedia(x) ∧ Application(x) ∧Have(x, highEngagementMetric) → Addictive(x))
∀x (SocialMedia(x) ∧ Application(x) ∧ Addictive(x) → ¬IdealFor(x, preteen))
SocialMedia(tikTok) ∧ Application(tikTok) ∧ ¬IdealFor(tikTok, preteen)",TikTok either has chat features or is a computer program.,"Contain(tikTok, chatFeature) ⊕ ComputerProgram(tikTok))",False,1388,"all:x (socialmedia(x) & application(x) & contain(x, chatfeature) :- software(x))
all:x (socialmedia(x) & application(x) & allowtosendto(x, user, message) :- contain(x, chatfeature))
all:x (socialmedia(x) & application(x) :- contain(x, chatfeature) | contain(x, videofeature))
all:x (socialmedia(x) & application(x) & contain(x, videofeature) :- allow(x, user, uploadvideo))
all:x (socialmedia(x) & application(x) & software(x) :- computerprogram(x))
all:x (socialmedia(x) & application(x) &have(x, highengagementmetric) :- addictive(x))
all:x (socialmedia(x) & application(x) & addictive(x) :- ~idealfor(x, preteen))
socialmedia(tiktok) & application(tiktok) & ~idealfor(tiktok, preteen)","contain(tiktok, chatfeature) ^ computerprogram(tiktok))"
734,119,"Evangelos Eleftheriou is a Greek electrical engineer.
Evangelos Eleftheriou worked for IBM in Zurich.
If a company has employees working for them somewhere, then they have an office there.
IBM is a company.","Greek(evangelosEleftheriou) ∧ ElectricalEngineer(evangelosEleftheriou)
WorkForIn(evangelosEleftheriou, iBM, zurich)
∀x ∀x ∀z (Company(x) ∧ WorkForIn(y, x, z) → HaveOfficeIn(x, z))
Company(ibm)",IBM has an office in London or Zurich or both.,"HaveOfficeIn(ibm, london) ∨ HaveOfficeIn(ibm, zurich)",True,358,"greek(evangeloseleftheriou) & electricalengineer(evangeloseleftheriou)
workforin(evangeloseleftheriou, ibm, zurich)
all:x all:x all:z (company(x) & workforin(y, x, z) :- haveofficein(x, z))
company(ibm)","haveofficein(ibm, london) | haveofficein(ibm, zurich)"
735,383,"People who work at Jess's company and go to the spa frequently are not people who are miserly and need to save a large portion of their income.
People who work at Jess's company are either miserly and need to save a large portion of their income, or frivolously spend a lot of money.
If people who work at Jess's company frivolously spend a lot of money when they go out, then they value quality manufacturing and luxury items.
If people who work at Jess's company value quality manufacturing and luxury items, then they enjoy shopping for materialistic items in their free time.
Thomas works at Jess's company.
If Thomas is not miserly and needs to save a large portion of his income, then Thomas does not value quality manufacturing and luxury items.
Thomas values quality manufacturing and luxury items or he is not miserly.","∀x (WorkAt(x, jesssCompany) ∧ GoToSpafrequently(x) → ¬(Miserly(x) ∧ NeedToSave(x, aLargePortionOfIncome)))
∀x (WorkAt(x, jesssCompany) → Miserly(x) ∧ NeedToSave(x, aLargePortionOfIncome)⊕ SpendFrivolously(x, aLotOfMoney))
∀x (WorkAt(x, jesssCompany) ∧ SpendFrivolously(x, aLotOfMoney) → Value(x, qualityManufacturing) ∧ Value(x, luxuryItem))
∀x (WorkAt(x, jesssCompany) ∧ Value(x, qualityManufacturing) ∧ Value(x, luxuryItem) → Enjoy(x, shopping, materialisticItem))
WorkAt(thomas, jesssCompany)
¬(Miserly(thomas) ∧ NeedToSave(thomas, aLargePortionOfIncome)) → ¬((Value(thomas, qualityManufacturing) ∧ Value(thomas, luxuryItem)))
(Value(thomas, qualityManufacturing) ∧ Value(thomas, luxuryItem)) ∨ ¬(Miserly(x) ∧ NeedToSave(x, aLargePortionOfIncome))",Thomas frivolously spends a lot of money.,"SpendFrivolously(thomas, aLotOfMoney)",False,1023,"all:x (workat(x, jessscompany) & gotospafrequently(x) :- ~(miserly(x) & needtosave(x, alargeportionofincome)))
all:x (workat(x, jessscompany) :- miserly(x) & needtosave(x, alargeportionofincome)^ spendfrivolously(x, alotofmoney))
all:x (workat(x, jessscompany) & spendfrivolously(x, alotofmoney) :- value(x, qualitymanufacturing) & value(x, luxuryitem))
all:x (workat(x, jessscompany) & value(x, qualitymanufacturing) & value(x, luxuryitem) :- enjoy(x, shopping, materialisticitem))
workat(thomas, jessscompany)
~(miserly(thomas) & needtosave(thomas, alargeportionofincome)) :- ~((value(thomas, qualitymanufacturing) & value(thomas, luxuryitem)))
(value(thomas, qualitymanufacturing) & value(thomas, luxuryitem)) | ~(miserly(x) & needtosave(x, alargeportionofincome))","spendfrivolously(thomas, alotofmoney)"
736,344,"All students are members of the university.
All graduate students are students.
All PhD students are graduate students.
Some PhD students are Teaching Fellows.
If John is not a PhD student, then he is not a member of the university.
If John is a Teaching Fellow, then he is a PhD student or a graduate student.","∀x (Student(x) → MemberOf(x, university))
∀x (GraduateStudent(x) → Student(x))
∀x (PhDStudent(x) → GraduateStudent(x))
∃x (PhDStudent(x) ∧ TeachingFellow(x))
¬PhDStudent(john) → ¬MemberOf(john, university)
TeachingFellow(john) → PhDStudent(john) ⊕ GraduateStudent(john)",John is not a Teaching Fellow.,¬TF(john),True,908,"all:x (student(x) :- memberof(x, university))
all:x (graduatestudent(x) :- student(x))
all:x (phdstudent(x) :- graduatestudent(x))
x (phdstudent(x) & teachingfellow(x))
~phdstudent(john) :- ~memberof(john, university)
teachingfellow(john) :- phdstudent(john) ^ graduatestudent(john)",~tf(john)
737,327,"No professional basketball players are soccer players.
All NBA players are professional basketball players.
All soccer defenders are soccer players.
All centerbacks are soccer defenders.
Roger Federer is either both an NBA player and a soccer defender, or neither.","∀x (ProfessionalBasketballPlayer(x) → ¬ProfessionalSoccerPlayer(x))
∀x (NBAPlayer(x) → ProfessionalBasketballPlayer(x))
∀x (ProfessionalSoccerDefender(x) → ProfessionalSoccerPlayer(x))
∀x (ProfessionalCenterback(x) → ProfessionalSoccerDefender(x))
¬(NBAPlayer(rogerfederer) ⊕ ProfessionalSoccerDefender(rogerfederer))",Roger Federer is a centerback.,ProfessionalCenterback(rogerFederer),False,837,"all:x (professionalbasketballplayer(x) :- ~professionalsoccerplayer(x))
all:x (nbaplayer(x) :- professionalbasketballplayer(x))
all:x (professionalsoccerdefender(x) :- professionalsoccerplayer(x))
all:x (professionalcenterback(x) :- professionalsoccerdefender(x))
~(nbaplayer(rogerfederer) ^ professionalsoccerdefender(rogerfederer))",professionalcenterback(rogerfederer)
738,447,"No planet in the solar system relies on nuclear fusion to generate light.
All stars in the solar system rely on nuclear fusion to generate light. 
All celestial bodies in the solar systems that have greater than 0.08 solar masses are stars. 
If a celestial body in the solar system has cleared its orbit of other debris and has a nearly spherical shape due to its own gravity, then it is a planet.
If Europa is a celestial body in the solar system that has cleared its orbit of other debris and has a nearly spherical shape due to its own gravity or relies on nuclear fusion to generate light, then Europa is a celestial body in the solar system. ","∀x (Planet(x) ∧ In(x, solarSystem) → ¬RelyOnToGenerate(x, nuclearFusion, light))
∀x (Star(x) ∧ In(x, solarSystem) → RelyOnToGenerate(x, nuclearFusion, light))
∀x (CelestialBody(x) ∧ In(x, solarSystem) ∧ GreaterThan(x, solarMass, 0point08) → Star(x))
∀x (CelestialBody(x) ∧ In(x, solarSystem) ∧ (∃y (OrbitOf(y, x) ∧ Clear(x, y) ∧ DebrisFree(y))) ∧ NearlySphericalShape(x, gravity) → Planet(x))
(CelestialBody(europa) ∧ In(europa, solarSystem) ∧ (∃y (OrbitOf(y, x) ∧ Clear(x, y) ∧ DebrisFree(y))) ∧ NearlySphericalShape(europa, gravity)) ∨ RelyOnToGenerate(europa, nuclearFusion, light) → CelestialBody(europa) ∧ In(europa, solarSystem)",Europa is not a celestial body in one of the solar systems that have greater than 0.08 solar masses.,"¬(CelestialBody(europa) ∧ In(europa, solarSystem) ∧ GreaterThan(europa, solarMass, 0.08))",True,1288,"all:x (planet(x) & in(x, solarsystem) :- ~relyontogenerate(x, nuclearfusion, light))
all:x (star(x) & in(x, solarsystem) :- relyontogenerate(x, nuclearfusion, light))
all:x (celestialbody(x) & in(x, solarsystem) & greaterthan(x, solarmass, 0point08) :- star(x))
all:x (celestialbody(x) & in(x, solarsystem) & (y (orbitof(y, x) & clear(x, y) & debrisfree(y))) & nearlysphericalshape(x, gravity) :- planet(x))
(celestialbody(europa) & in(europa, solarsystem) & (y (orbitof(y, x) & clear(x, y) & debrisfree(y))) & nearlysphericalshape(europa, gravity)) | relyontogenerate(europa, nuclearfusion, light) :- celestialbody(europa) & in(europa, solarsystem)","~(celestialbody(europa) & in(europa, solarsystem) & greaterthan(europa, solarmass, 0.08))"
739,333,"If people have a lot of music decorations in their rooms, they cannot pack and move out of their rooms very easily.
If people have high ambitions and future career goals, then they can pack and move out of their rooms very easily.
If people are big fans of pop bands and singers, then they have a lot of music decorations in their room.
All young teenage girls who attend music festival frequently are big fans of pop bands and singers.
If Sam has high ambitions and future career goals, then Sam is a big fan of pop bands and singers.","∀x (HaveIn(x, aLotOfMusicDecoration, room) → ¬MoveOutEasily(x))
∀x (Ambitious(x) → MoveOutEasily(x))
∀x (BigFanOfMusic(x) → MusicDecorations(x, room))
∀x (AttendFrequently(x, musicFestival) ∧ YoungTeenageGirl(x) → BigFanOfPopBand(x) ∧ BigFanOfPopSinger(x))
Ambitious(sam) → BBigFanOfPopBand(sam) ∧ BigFanOfPopSinger(sam)",Sam is not a young teenage girl who attends music festival frequently,"¬(Attend(sam, festival) ∧ YoungTeenageGirl(sam))",True,864,"all:x (havein(x, alotofmusicdecoration, room) :- ~moveouteasily(x))
all:x (ambitious(x) :- moveouteasily(x))
all:x (bigfanofmusic(x) :- musicdecorations(x, room))
all:x (attendfrequently(x, musicfestival) & youngteenagegirl(x) :- bigfanofpopband(x) & bigfanofpopsinger(x))
ambitious(sam) :- bbigfanofpopband(sam) & bigfanofpopsinger(sam)","~(attend(sam, festival) & youngteenagegirl(sam))"
740,146,"Catullus 4 is a poem written by the ancient Roman writer Catullus.
Catullus 4 is a story about the retirement of a well-traveled ship.
There is a strong analogy of human aging in the poem Catullus 4.
Catullus 4 is written in an unusual iambic trimeter to convey a sense of speed over the waves.","Poem(catullus4) ∧ WrittenBy(catullus4, catullus) ∧ AncientRomanWriter(catullus)
Story(catullus4) ∧ About(catullus4, retirementOfAWellTraveledShip)
Poem(catullus4) ∧ StrongAgingAnalogy(catullus4)
Poem(catullus4) ∧ WrittenIn(catullus4, iambicTrimeter) ∧ Convey(catullus4, aSenseOfSpeedOverTheWaves)",There is a poem written by an ancient Roman writer with a strong analogy of human aging.,"∃x ∃y (Poem(x) ∧ WrittenBy(x, y) ∧ AncietRomanWriter(y) ∧ StrongAgingAnalogy(x))",True,427,"poem(catullus4) & writtenby(catullus4, catullus) & ancientromanwriter(catullus)
story(catullus4) & about(catullus4, retirementofawelltraveledship)
poem(catullus4) & strongaginganalogy(catullus4)
poem(catullus4) & writtenin(catullus4, iambictrimeter) & convey(catullus4, asenseofspeedoverthewaves)","x y (poem(x) & writtenby(x, y) & ancietromanwriter(y) & strongaginganalogy(x))"
741,370,"If Robin's friends practice coding questions, then they are not studying to go to medical school to become a doctor.
If Robin's friends want to work in the software engineering industry, then they practice coding questions.
If Robin's friends enjoy healthcare fields and want to help people with medical issues, then they are studying to go to medical school to become a doctor.
If Robin's friends grew up with parents who worked as doctors, then they enjoy healthcare fields and want to help people with medical issues.
If Robin's friends study hard, then they grew up with parents who worked as doctors.
Mark is Robin's friend.
If Mark neither enjoys healthcare fields and wants to help people with medical issues nor grew up with parents who worked as doctors, then Mark is either a person who studies hard or grew up with parents who worked as doctors.","∀x (RobinsFriends(x) ∧ Practice(x, codingQuestion) → ¬StudyingToGoToToBecome(x, medicalSchool, doctor))
∀x (RobinsFriends(x) ∧ WantToWorkIn(x, softwareEngineeringIndustry) → PracticeCodingQuestions(x))
∀x (RobinsFriends(x) ∧ Enjoy(x, healthcareField) ∧ WantToHelp(x, peopleWithMedicalIssue) → StudyingToGoToToBecome(x, medicalSchool, doctor))
∀x (RobinsFriends(x) ∧ (∃y ∃z (¬(y=z) ∧ GrowUpWith(x, y) ∧ GrowUpWith(x, z) ∧ ParentOf(y, x) ∧ ParentOf(z, x) ∧ Doctor(y) ∧ Doctor(z))) → EnjoyHealthcareFields(x) ∧ WantToHelp(x, peopleWithMedicalIssue))
∀x (RobinsFriends(x) ∧ StudyHard(x) → ∃y ∃z (¬(y=z) ∧ GrowUpWith(x, y) ∧ GrowUpWith(x, z) ∧ ParentOf(y, x) ∧ ParentOf(z, x) ∧ Doctor(y) ∧ Doctor(z)))
RobinsFriends(mark)
¬((Enjoy(x, healthcareField) ∧ WantToHelp(mark, peopleWithMedicalIssues)) ∧ ¬(∃y ∃z (¬(y=z) ∧ GrowUpWith(x, y) ∧ GrowUpWith(x, z) ∧ ParentOf(y, x) ∧ ParentOf(z, x) ∧ Doctor(y) ∧ Doctor(z))) → StudyHard(mark) ∨ (∃y ∃z (¬(y=z) ∧ GrowUpWith(x, y) ∧ GrowUpWith(x, z) ∧ ParentOf(y, x) ∧ ParentOf(z, x) ∧ Doctor(y) ∧ Doctor(z)))",Mark is Robin's friend and he neither practices coding questions nor works to work in the software engineering industry.,"RobinsFriends(mark) ∧ ¬(Practice(mark, codingQuestion) ∨ WantToWorkIn(mark, softwareEngineeringIndustry))",True,986,"all:x (robinsfriends(x) & practice(x, codingquestion) :- ~studyingtogototobecome(x, medicalschool, doctor))
all:x (robinsfriends(x) & wanttoworkin(x, softwareengineeringindustry) :- practicecodingquestions(x))
all:x (robinsfriends(x) & enjoy(x, healthcarefield) & wanttohelp(x, peoplewithmedicalissue) :- studyingtogototobecome(x, medicalschool, doctor))
all:x (robinsfriends(x) & (y z (~(y=z) & growupwith(x, y) & growupwith(x, z) & parentof(y, x) & parentof(z, x) & doctor(y) & doctor(z))) :- enjoyhealthcarefields(x) & wanttohelp(x, peoplewithmedicalissue))
all:x (robinsfriends(x) & studyhard(x) :- y z (~(y=z) & growupwith(x, y) & growupwith(x, z) & parentof(y, x) & parentof(z, x) & doctor(y) & doctor(z)))
robinsfriends(mark)
~((enjoy(x, healthcarefield) & wanttohelp(mark, peoplewithmedicalissues)) & ~(y z (~(y=z) & growupwith(x, y) & growupwith(x, z) & parentof(y, x) & parentof(z, x) & doctor(y) & doctor(z))) :- studyhard(mark) | (y z (~(y=z) & growupwith(x, y) & growupwith(x, z) & parentof(y, x) & parentof(z, x) & doctor(y) & doctor(z)))","robinsfriends(mark) & ~(practice(mark, codingquestion) | wanttoworkin(mark, softwareengineeringindustry))"
742,416,"Some students in the class who are good at math are also good at chemistry.
All students in the class who are good at chemistry enjoy conducting experiments. 
All students in the class that enjoy conducting experiments are good at planning. 
None of the students who are good at planning failed the class.
James is a student in the class; he is either good at chemistry and failed the class, or bad at chemistry and passed the class.","∃x ∃y (StudentInTheClass(x) ∧ GoodAt(x, math) ∧ GoodAt(x, chemistry) ∧ (¬(x=y)) ∧ StudentInTheClass(y) ∧ GoodAt(y, math) ∧ GoodAt(y, chemistry))
∀x ((StudentInTheClass(x) ∧ GoodAt(x, chemistry)) → Enjoy(x, conductingExperiment))
∀x ((StudentInTheClass(x) ∧ Enjoy(x, conductingExperiment)) → GoodAt(x, planning))
∀x ((StudentInTheClass(x) ∧ GoodAt(x, planning)) → ¬Failed(x, theClass))
StudentInTheClass(james) ∧ (¬(GoodAt(james, chemistry) ⊕ Failed(james, theClass)))",James is good at math and chemistry.,"GoodAt(james, chemistry) ∧ GoodAt(james, math)",False,1170,"x y (studentintheclass(x) & goodat(x, math) & goodat(x, chemistry) & (~(x=y)) & studentintheclass(y) & goodat(y, math) & goodat(y, chemistry))
all:x ((studentintheclass(x) & goodat(x, chemistry)) :- enjoy(x, conductingexperiment))
all:x ((studentintheclass(x) & enjoy(x, conductingexperiment)) :- goodat(x, planning))
all:x ((studentintheclass(x) & goodat(x, planning)) :- ~failed(x, theclass))
studentintheclass(james) & (~(goodat(james, chemistry) ^ failed(james, theclass)))","goodat(james, chemistry) & goodat(james, math)"
743,279,"Surprises are either fun or dreadful.
All scares are surprises.","∀x (Surprise(x) → (Fun(x) ⊕ Dreadful(x)))
∀x (Scare(x) → Surprise(x))",All scares are fun.,∀x (Scare(x) → Fun(x)),Uncertain,723,"all:x (surprise(x) :- (fun(x) ^ dreadful(x)))
all:x (scare(x) :- surprise(x))",all:x (scare(x) :- fun(x))
744,408,"No trick-shot artist in Yale's varsity team struggles with half court shots.
Everyone on Yale's varsity team is someone who struggles with half court shots or who successfully shoots a high percentage of 3-pointers.  
Everyone on Yale's varsity team who successfully shoots a high percentage of 3-pointers is solid at shooting 2-pointers.  
No one on Yale's varsity team who is solid at shooting 2-pointers is bad at mid-range shots.  
Jack is on Yale's varsity team, and he is either a trick-shot artist or he successfully shoots a high percentage of 3-pointers.","∀x ((In(x, yaleSVarsityTeam) ∧ TrickShotArtist(x)) → ¬StruggleAt(x, halfCourtShot))
∀x (In(x, yaleSVarsityTeam) → (StruggleAt(x, halfCourtShot) ∨ GoodAt(x, threes)))
∀x ((In(x, yaleSVarsityTeam) ∧ GoodAt(x, threes)) → GoodAt(x, twos))
∀x ((In(x, yaleSVarsityTeam) ∧ GoodAt(x, twos)) → BadAt(x, midRangeShot))
In(jack, yaleSVarsityTeam) ∧ (TrickShotArtist(jack) ⊕  GoodAt(jack, threes))",Jack is either a trick-shot artist or bad at mid-range shots.,"TrickShotArtist(jack) ⊕ BadAt(jack, midRangeShots)",False,1138,"all:x ((in(x, yalesvarsityteam) & trickshotartist(x)) :- ~struggleat(x, halfcourtshot))
all:x (in(x, yalesvarsityteam) :- (struggleat(x, halfcourtshot) | goodat(x, threes)))
all:x ((in(x, yalesvarsityteam) & goodat(x, threes)) :- goodat(x, twos))
all:x ((in(x, yalesvarsityteam) & goodat(x, twos)) :- badat(x, midrangeshot))
in(jack, yalesvarsityteam) & (trickshotartist(jack) ^  goodat(jack, threes))","trickshotartist(jack) ^ badat(jack, midrangeshots)"
745,123,"Businesses are either sanctioned or unsanctioned.
Sanctioned businesses are limited.
Unsanctioned businesses are free.
The Crude Oil Data Exchange is a business that isn't free.","∀x (Buisness(x) → Sanctioned(x) ⊕ ¬Sanctioned(x))
∀x (Buisness(x) ∧ Sanctioned(x) → Limited(x))
∀x (Buisness(x) ∧ ¬Sanctioned(x) → Free(x))
Buisness(crudeOilDataExchange) ∧ ¬Free(crudeOilDataExchange)",Crude Oil Data Exchange is sanctioned.,Sanctioned(crudeOilDataExchange),True,367,"all:x (buisness(x) :- sanctioned(x) ^ ~sanctioned(x))
all:x (buisness(x) & sanctioned(x) :- limited(x))
all:x (buisness(x) & ~sanctioned(x) :- free(x))
buisness(crudeoildataexchange) & ~free(crudeoildataexchange)",sanctioned(crudeoildataexchange)
746,18,"Miroslav Fiedler was a Czech mathematician.
Miroslav Fiedler is known for his contributions to linear algebra and graph theory.
Miroslav Fiedler is honored by the Fiedler eigenvalue.
Fiedler eigenvalue is the second smallest eigenvalue of the graph Laplacian.","Czech(miroslavFiedler) ∧ Mathematician(miroslavFiedler)
KnownFor(miroslavFiedler, contributionsToLinearAlgebraAndGraphTheory)
HonoredBy(miroslavFiedler, fiedlerEigenvalue)
TheSecondSmallestEigenvalueOf(fiedlerEigenvalue, theGraphLaplacian)",A Czech mathematician is known for his contributions to linear algebra and graph theory.,"∃x (Czech(x) ∧ Mathematician(x) ∧ KnownFor(x, contributionsToLinearAlgebraAndGraphTheory))",True,53,"czech(miroslavfiedler) & mathematician(miroslavfiedler)
knownfor(miroslavfiedler, contributionstolinearalgebraandgraphtheory)
honoredby(miroslavfiedler, fiedlereigenvalue)
thesecondsmallesteigenvalueof(fiedlereigenvalue, thegraphlaplacian)","x (czech(x) & mathematician(x) & knownfor(x, contributionstolinearalgebraandgraphtheory))"
747,142,"Ann J. Land was a member of the Philadelphia City Council and the Democratic Party.
Ann J. Land ran unopposed for the Philadelphia City Council in 1980.
People who run unopposed for the Philadelphia City Council are elected to the positions they run for in the same year.
Michael Nutter was a political challenger.
Ann J. Land defeated Michael Nutter and ran for the Philadelphia City Council in 1987.","MemberOf(annJLand, philadelphiaCityCouncil) ∧ MemberOf(annJLand, democraticParty)
RunUnopposedFor(ann, philadelphiaCityCouncil, year1980)
∀x ∀y (RunUnopposedFor(x, philadelphiaCityCouncil, y) → ElectedTo(x, philadelphiaCityCouncil, y))
PoliticalChallenger(michaelNutter)
Defeat(annJLand, michaelNutter) ∧ RunFor(annJLand, philadelphiaCityCouncil, year1987)",Ann J. Land was elected to the Philadelphia City Council in 1980.,"ElectedTo(ann, philadelphiaCityCouncil, year1980)",True,416,"memberof(annjland, philadelphiacitycouncil) & memberof(annjland, democraticparty)
rununopposedfor(ann, philadelphiacitycouncil, year1980)
all:x all:y (rununopposedfor(x, philadelphiacitycouncil, y) :- electedto(x, philadelphiacitycouncil, y))
politicalchallenger(michaelnutter)
defeat(annjland, michaelnutter) & runfor(annjland, philadelphiacitycouncil, year1987)","electedto(ann, philadelphiacitycouncil, year1980)"
748,271,"No plants are fungi.
Mushrooms are fungi.","∀x (Plant(x) → ¬Fungi(x))
∀x (Mushroom(x) → Fungi(x))",No plants are mushrooms.,∀x (Plant(x) → ¬Mushroom(x)),True,715,"all:x (plant(x) :- ~fungi(x))
all:x (mushroom(x) :- fungi(x))",all:x (plant(x) :- ~mushroom(x))
749,227,"Carrozzeria Colli is a Milanese coachbuilder company established by Giuseppe Colli in 1931.
Carrozzeria Colli is a company that specializes in using aluminum.
The first automobiles built by Carrozzeria Colli were racing cars.
Some racing cars built by Carrozzeria Colli used Fiat 1100 mechanicals and chassis.
Carrozzeria Colli worked for airforces.
Carrozzeria Colli made car bodies. ","Milanese(carrozzeriaColli) ∧ CoachBuilder(carrozzeriaColli) ∧ Company(carrozzeriaColli) ∧ EstablishedBy(carrozzeriaColli, giuseppeColli) ∧ EstablishedIn(carrozzeriaColli, 1931)
Company(carrozzeriaColli) ∧ SpecializesIn(carrozzeriaColli, usingAluminum)
∀x (BuiltBy(x, carrozzeriaColli) ∧ FirstAutomobile(x) → RacingCar(x))
∃x (BuiltBy(x, carrozzeriaColli) ∧ RacingCar(x) ∧ Used(x, fiat1100mechanicals) ∧ Used(x, chassis))
∃x (Airforce(x) ∧ WorkedFor(carrozzeriaColli, x))
∃(CarBody(x) ∧ Made(x, carrozzeriaColli))",The first automobiles built by Carrozzeria Colli were built using Fiat 1100 mechanicals and chassis.,"∃x (BuiltBy(x, carrozzeriaColli) ∧ FirstAutomobil(x) ∧ Used(x, fiat1100mechanicals) ∧ Used(x, chassis))",Uncertain,644,"milanese(carrozzeriacolli) & coachbuilder(carrozzeriacolli) & company(carrozzeriacolli) & establishedby(carrozzeriacolli, giuseppecolli) & establishedin(carrozzeriacolli, 1931)
company(carrozzeriacolli) & specializesin(carrozzeriacolli, usingaluminum)
all:x (builtby(x, carrozzeriacolli) & firstautomobile(x) :- racingcar(x))
x (builtby(x, carrozzeriacolli) & racingcar(x) & used(x, fiat1100mechanicals) & used(x, chassis))
x (airforce(x) & workedfor(carrozzeriacolli, x))
(carbody(x) & made(x, carrozzeriacolli))","x (builtby(x, carrozzeriacolli) & firstautomobil(x) & used(x, fiat1100mechanicals) & used(x, chassis))"
750,389,"A diseases affect females or males.
No women have prostate cancer.
A cancer is either prostate cancer or non-prostate cancer. 
No type of cancer is without mutations.
All non-prostate cancers are a type of cancer.
If adenocarcinoma is a type of cancer or without mutations or both, then adenocarcinoma is in women or without mutations or both.","∀x (Disease(x) → (Affects(x, female) ∨ Affects(x, male)) )
∀x (Affect(x, female) → ¬ProstateCancer(x))
∀x (ProstateCancer(x) ∨ NonProstateCancer(x)) 
∀x (Cancer(x) → ¬Without(x, mutation)) 
∀x (NonProstateCancer(x) → Cancer(x)) 
(Cancer(adenocarcinoma) ∨ Without(adenocarcinoma, mutation)) → (Affect(adenocarcinoma, female) ∨ Without(adenocarcinoma, mutation))","If adenocarcinoma is a disease in women or without mutations, then adenocarcinoma is without mutations and a non-prostate cancer.","(Affect(adenocarcinoma, men) ∨ Without(adenocarcinoma, mutation)) → (NonProstateCancer(adenocarcinoma) ∧ Without(adenocarcinoma, mutation))",False,1043,"all:x (disease(x) :- (affects(x, female) | affects(x, male)) )
all:x (affect(x, female) :- ~prostatecancer(x))
all:x (prostatecancer(x) | nonprostatecancer(x)) 
all:x (cancer(x) :- ~without(x, mutation)) 
all:x (nonprostatecancer(x) :- cancer(x)) 
(cancer(adenocarcinoma) | without(adenocarcinoma, mutation)) :- (affect(adenocarcinoma, female) | without(adenocarcinoma, mutation))","(affect(adenocarcinoma, men) | without(adenocarcinoma, mutation)) :- (nonprostatecancer(adenocarcinoma) & without(adenocarcinoma, mutation))"
751,391,"All imaginative processes that Dan knows are results of creative processes.
All science fiction that Dan knows comes from an imaginative process.
Everthing that Dan knows comes from either science-fiction or realistic fiction.
No facts that Dan knows have proven to be false.
Dan knows that Dune is science fiction or has proven to be false.","∀x ((Knows(dan, x) ∧ ImaginativeProcess(x)) → ResultOf(x, creativeProcess))
∀x ((Knows(dan, x) ∧ ScienceFiction(x)) → ImaginativeProcess(x)) 
∀x (Knows(dan, x) → (ScienceFiction(x) ⊕ RealisticFiction(x)))
∀x ((Knows(dan, x) ∧ Fact(x)) → ¬ProvedToBe(x, false)) 
(Knows(dan, dune) ∧ ScienceFiction(dune)) ∨ ProvedToBe(dune, false))",Dune is a result of creative and imaginative process.,"ResultOf(dune, creativeProcess) ∧ ImaginativeProcess(dune)",True,1048,"all:x ((knows(dan, x) & imaginativeprocess(x)) :- resultof(x, creativeprocess))
all:x ((knows(dan, x) & sciencefiction(x)) :- imaginativeprocess(x)) 
all:x (knows(dan, x) :- (sciencefiction(x) ^ realisticfiction(x)))
all:x ((knows(dan, x) & fact(x)) :- ~provedtobe(x, false)) 
(knows(dan, dune) & sciencefiction(dune)) | provedtobe(dune, false))","resultof(dune, creativeprocess) & imaginativeprocess(dune)"
752,254,"All rabbits have fur
Some pets are rabbits.","∀x (Rabbit(x) → Have(x, fur))
∃x (Pet(x) ∧ Rabbit(x))",Some pets do not have fur.,"∃x ∃y (Pet(x) ∧ Pet(y) ∧ ¬Have(x, fur) ∧ ¬Have(y, fur))",Uncertain,698,"all:x (rabbit(x) :- have(x, fur))
x (pet(x) & rabbit(x))","x y (pet(x) & pet(y) & ~have(x, fur) & ~have(y, fur))"
753,161,"There are five grades in English class: A+, A, B+, B, and C. 
If a student gets an A+ in English class, then his score is greater than 95.
If a student gets an A in English class, then his score is greater than 90 but lower than 95.
Zhang got an A in English class.
Wang's English class score is better than Zhang's.
Wu's English class score is lower than 90.
If a student's English class score is lower than 90, then it is not greater than 95 or 90, and lower than 95.","GradeIn(aPlus, englishClass) ∨ GradeIn(a, englishClass) ∨ GradeIn(bPlus, englishClass) ∨ GradeIn(b, englishClass) ∨ GradeIn(c, englishClass) ∧ (GradeIn(aPlus, englishClass) → ¬GradeIn(a, englishClass) ∧ ¬GradeIn(bPlus, englishClass) ∧ ¬GradeIn(b, englishClass) ∧ ¬GradeIn(c, englishClass)) ∧ (GradeIn(a, englishClass) → ¬GradeIn(aPlus, englishClass) ∧ ¬GradeIn(bPlus, englishClass) ∧ ¬GradeIn(b, englishClass) ∧ ¬GradeIn(c, englishClass)) ∧ (GradeIn(bPlus, englishClass) → ¬GradeIn(aPlus, englishClass) ∧ ¬GradeIn(a, englishClass) ∧ ¬GradeIn(b, englishClass) ∧ ¬GradeIn(c, englishClass)) ∧ (GradeIn(b, englishClass) → ¬GradeIn(aPlus, englishClass) ∧ ¬GradeIn(a, englishClass) ∧ ¬GradeIn(bPlus, englishClass) ∧ ¬GradeIn(c, englishClass)) ∧ (GradeIn(c, englishClass) → ¬GradeIn(aPlus, englishClass) ∧ ¬GradeIn(a, englishClass) ∧ ¬GradeIn(bPlus, englishClass) ∧ ¬GradeIn(b, englishClass)) 
∀x ∀y (Student(x) ∧ GetGradeIn(x, aPlus, englishClass) → EnglishClassScore(x, y) ∧ GreaterThan95(y))
∀x ∀y (Student(x) ∧ GetGradeIn(x, a, englishClass) → EnglishClassScore(x, y) ∧ GreaterThan90(y) ∧ LowerThan95(y)) 
Student(zhang) ∧ GetGradeIn(zhang, a, englishClass)
∀x ∀y (Student(zhang) ∧ Student(wang) ∧ EnglishScore(zhang, x) ∧ EnglishScore(wang, y) ∧ Better(y, x))
∀x (Student(wu) ∧ EnglishScore(wu, x) ∧ LowerThan90(x))
∀x ∀y (Student(x) ∧ EnglishScore(x, y) ∧ LowerThan90(y) → ¬GreaterThan95(y) ∧ ¬GreaterThan90(y) ∧ LowerThan95(y))",Wang got an A+ in English class.,"GetGradeIn(wang, aPlus, englishClass)",Uncertain,462,"gradein(aplus, englishclass) | gradein(a, englishclass) | gradein(bplus, englishclass) | gradein(b, englishclass) | gradein(c, englishclass) & (gradein(aplus, englishclass) :- ~gradein(a, englishclass) & ~gradein(bplus, englishclass) & ~gradein(b, englishclass) & ~gradein(c, englishclass)) & (gradein(a, englishclass) :- ~gradein(aplus, englishclass) & ~gradein(bplus, englishclass) & ~gradein(b, englishclass) & ~gradein(c, englishclass)) & (gradein(bplus, englishclass) :- ~gradein(aplus, englishclass) & ~gradein(a, englishclass) & ~gradein(b, englishclass) & ~gradein(c, englishclass)) & (gradein(b, englishclass) :- ~gradein(aplus, englishclass) & ~gradein(a, englishclass) & ~gradein(bplus, englishclass) & ~gradein(c, englishclass)) & (gradein(c, englishclass) :- ~gradein(aplus, englishclass) & ~gradein(a, englishclass) & ~gradein(bplus, englishclass) & ~gradein(b, englishclass)) 
all:x all:y (student(x) & getgradein(x, aplus, englishclass) :- englishclassscore(x, y) & greaterthan95(y))
all:x all:y (student(x) & getgradein(x, a, englishclass) :- englishclassscore(x, y) & greaterthan90(y) & lowerthan95(y)) 
student(zhang) & getgradein(zhang, a, englishclass)
all:x all:y (student(zhang) & student(wang) & englishscore(zhang, x) & englishscore(wang, y) & better(y, x))
all:x (student(wu) & englishscore(wu, x) & lowerthan90(x))
all:x all:y (student(x) & englishscore(x, y) & lowerthan90(y) :- ~greaterthan95(y) & ~greaterthan90(y) & lowerthan95(y))","getgradein(wang, aplus, englishclass)"
754,141,"TS Leda was a good passenger and cargo vessel.
TS Leda was a Norwegian vessel that was built with stabilizers.
Stabilizers are mechanical devices found only on ships with powerful steam turbine engines.
To be a good passenger and cargo vessel, ships must be quiet and good at sea.
Some ships that are quiet and good at sea have powerful steam turbine engines.
Vessels are ships.","∀x (TSLeda(x) → ((Passenger(x) ∧ Vessel(x)) ∧ (Cargo(x) ∧ Vessel(x)))
∀x (TSLeda(x) → (Norweigian(x) ∧ Vessel(x) ∧ Stabilizers(x)))
∀x (Stabilizers(x) → MechanicalDevice(x) ∧ OnlyOnShips(x) ∧ PowerfulSteamTurbine(x))
∀x ((Passenger(x) ∧ Vessel(x)) ∧ (Cargo(x) ∧ Vessel(x)) → (Quiet(x) ∧ GoodAt(x, sea)))
∃x (Quiet(x) ∧ GoodAt(x, sea) ∧ PowerfulSteamTurbine(x))
∀x (Ship(x) → Vessel(x))",TS Leda was quiet and good at sea.,"∀x (TSLeda(x) → Quiet(x) ∧ GoodAt(x, sea))",True,413,"all:x (tsleda(x) :- ((passenger(x) & vessel(x)) & (cargo(x) & vessel(x)))
all:x (tsleda(x) :- (norweigian(x) & vessel(x) & stabilizers(x)))
all:x (stabilizers(x) :- mechanicaldevice(x) & onlyonships(x) & powerfulsteamturbine(x))
all:x ((passenger(x) & vessel(x)) & (cargo(x) & vessel(x)) :- (quiet(x) & goodat(x, sea)))
x (quiet(x) & goodat(x, sea) & powerfulsteamturbine(x))
all:x (ship(x) :- vessel(x))","all:x (tsleda(x) :- quiet(x) & goodat(x, sea))"
755,3,"Fort Ticonderoga is the current name for Fort Carillon.
Pierre de Rigaud de Vaudreuil built Fort Carillon.
Fort Carillon was located in New France.
New France is not in Europe.","RenamedAs(fortCarillon, fortTiconderoga)
Built(pierredeRigauddeVaudreuil, fortCarillon)
LocatedIn(fortCarillon, newFrance)
¬LocatedIn(newFrance, europe) ",Pierre de Rigaud de Vaudreuil built a fort in New England.,"∃x (Built(pierredeRigauddeVaudreuil, x) ∧ LocatedIn(x, newEngland))",Uncertain,8,"renamedas(fortcarillon, fortticonderoga)
built(pierrederigauddevaudreuil, fortcarillon)
locatedin(fortcarillon, newfrance)
~locatedin(newfrance, europe) ","x (built(pierrederigauddevaudreuil, x) & locatedin(x, newengland))"
756,407,"No touring musicians who perform at the New Haven Symphony Orchestra are permanent members of the orchestra.
Musicians who perform at the New Haven Symphony Orchestra are permanent members of an orchestra, or they have temporary roles at the orchestra.
All touring musicians who perform at the New Haven Symphony Orchestra have temporary roles at the orchestra.
All musicians performing at the New Haven Symphony Orchestra who have temporary roles at the orchestra are interesting soloists.
All musicians performing at New Haven Symphony Orchestra who are interesting soloists are capable of attracting audiences.
Ryan is performing at New Haven Symphony Orchestra.
If Ryan is an interesting soloist and has a temporary role at the orchestra, then he is capable of attracting large audiences if and only if he is a touring soloist musician. ","∀x ((PerformAt(x, newHavenSymphonyOrchestra) ∧ TouringMusician(x)) → ¬PermanentMemberOf(x, theOrchestra))
∀x (PerformAt(x, newHavenSymphonyOrchestra) → (PermanentMemberOf(x, theOrchestra) ∨ HaveTemporaryRoleAt(x, theOrchestra)))
∀x ((PerformAt(x, newHavenSymphonyOrchestra) ∧ TouringMusicians(x)) → HaveTemporaryRoleAt(x, theOrchestra))
∀x ((PerformAt(x, newHavenSymphonyOrchestra) ∧ HaveTemporaryRoleAt(x, theOrchestra)) → InterestingSoloist(x))
∀x ((PerformAt(x, newHavenSymphonyOrchestra) ∧ InterestingSoloist(x)) → CapableOfAttractingAudiences(x))
PerformAt(ryan, newHavenSymphonyOrchestra)
(InterestingSoloist(ryan) ∧ HaveTemporaryRoleAt(ryan, theOrchestra)) → ¬(TouringMusician(ryan) ⊕ CapableOfAttractingAudiences(ryan))",Ryan is an interesting soloist.,InterestingSoloist(ryan),Uncertain,1130,"all:x ((performat(x, newhavensymphonyorchestra) & touringmusician(x)) :- ~permanentmemberof(x, theorchestra))
all:x (performat(x, newhavensymphonyorchestra) :- (permanentmemberof(x, theorchestra) | havetemporaryroleat(x, theorchestra)))
all:x ((performat(x, newhavensymphonyorchestra) & touringmusicians(x)) :- havetemporaryroleat(x, theorchestra))
all:x ((performat(x, newhavensymphonyorchestra) & havetemporaryroleat(x, theorchestra)) :- interestingsoloist(x))
all:x ((performat(x, newhavensymphonyorchestra) & interestingsoloist(x)) :- capableofattractingaudiences(x))
performat(ryan, newhavensymphonyorchestra)
(interestingsoloist(ryan) & havetemporaryroleat(ryan, theorchestra)) :- ~(touringmusician(ryan) ^ capableofattractingaudiences(ryan))",interestingsoloist(ryan)
757,21,"The Golden State Warriors are a team from San Francisco.
The Golden State Warriors won the NBA finals.
All teams attending the NBA finals have won many games.
Boston Celtics are a team that lost the NBA finals.
If a team wins the NBA finals, then they will have more income.
If a team wins or loses at the NBA finals, then they are attending the finals.","Team(goldenStateWarriors) ∧ From(goldenStateWarriors, sanFrancisco)
Won(goldenStateWarriors, nbaFinals)
∀x ((Team(x) ∧ Attending(x, nbaFinals)) → WonManyGames(x))
Team(bostonCeltics) ∧ Lost(bostonCeltics, nbaFinals)
∀x ((Team(x) ∧ Won(x, nbaFinals)) → MoreIncome(x))
∀x ((Won(x, nbaFinals) ∨ Lost(x, nbaFinals)) → Attending(x, nbaFinals))",The Golden State Warriors will have more income from gate receipts.,MoreIncome(goldenStateWarriors),True,62,"team(goldenstatewarriors) & from(goldenstatewarriors, sanfrancisco)
won(goldenstatewarriors, nbafinals)
all:x ((team(x) & attending(x, nbafinals)) :- wonmanygames(x))
team(bostonceltics) & lost(bostonceltics, nbafinals)
all:x ((team(x) & won(x, nbafinals)) :- moreincome(x))
all:x ((won(x, nbafinals) | lost(x, nbafinals)) :- attending(x, nbafinals))",moreincome(goldenstatewarriors)
758,308,"No video games released by Nintendo support the PS4 platform.
All video games in the Pokemon series are released by Nintendo. 
All video games in the FIFA series support the PS4 platform. 
All video games that allow users to simulate playing online soccer using licensed players are in the FIFA series.
The video game named “Be Lionel” is in the Pokemon series, or it allows users to simulate playing online soccer games using licensed players.","∀x (VideoGame(x) ∧ ReleasedBy(x, nintendo) → ¬Support(x, pS4))
∀x (VideoGame(x) ∧ In(x, pokemonSeries) → ReleasedBy(x, nintendo))
∀x (VideoGame(x) ∧ In(x, fIFASeries) → Support(x, pS4))
∀x (VideoGame(x) ∧ Simulate(x, onlineSoccer) ∧ Use(x, licensedPlayer) → In(x, fIFASeries))
VideoGame(beLionel) ∧ In(beLionel, pokemonSeries) ∨ (Simulate(beLionel, onlineSoccer) ∧ Use(beLionel, licensedPlayer))",The video game named “Be Lionel”  is not in the FIFA or Pokemon series.,"VideoGame(beLionel) ∧ ¬(FIFASeries(beLionel) ∨ Support(beLionel, pS4))",False,763,"all:x (videogame(x) & releasedby(x, nintendo) :- ~support(x, ps4))
all:x (videogame(x) & in(x, pokemonseries) :- releasedby(x, nintendo))
all:x (videogame(x) & in(x, fifaseries) :- support(x, ps4))
all:x (videogame(x) & simulate(x, onlinesoccer) & use(x, licensedplayer) :- in(x, fifaseries))
videogame(belionel) & in(belionel, pokemonseries) | (simulate(belionel, onlinesoccer) & use(belionel, licensedplayer))","videogame(belionel) & ~(fifaseries(belionel) | support(belionel, ps4))"
759,59,"Some monitors equipped in the lab are produced by the company named AOC. 
All monitors equipped in the lab are cheaper than their original prices. 
If a monitor is cheaper than its original price, then its resolution is 1080p. 
If a monitor has a resolution of 1080p, then it does not support the type-c port. 
LG34 is equipped in the lab.  ","∃x ∃y  (LabMonitor(x) ∧ AOC(x) ∧ (¬(x=y)) ∧ LabMonitor(y) ∧ AOC(y))
∀x (LabMonitor(x) → Discounted(x))
∀x (Discounted(x) → A1080p(x))
∀x (A1080p(x) → ¬TypeC(x))
LabMonitor(lg-34)",LG34 machine is produced by AOC.,AOC(lg-34),Uncertain,174,"x y  (labmonitor(x) & aoc(x) & (~(x=y)) & labmonitor(y) & aoc(y))
all:x (labmonitor(x) :- discounted(x))
all:x (discounted(x) :- a1080p(x))
all:x (a1080p(x) :- ~typec(x))
labmonitor(lg-34)",aoc(lg-34)
760,36,"Tyga is a rapper.
Rappers release rap albums.
Tyga released the Well Done 3 album.
Rappers are not opera singers.","IsRapper(tyga)
∀x ∀y ((IsRapper(x) ∧ ReleasedAlbum(x, y)) → IsRapAlbum(y))
ReleasedAlbum(tyga, wellDone3)
∀x (IsRapper(x) → ¬IsOperaSinger(x))",Tyga is an opera singer.,IsOperaSinger(tyga),False,105,"israpper(tyga)
all:x all:y ((israpper(x) & releasedalbum(x, y)) :- israpalbum(y))
releasedalbum(tyga, welldone3)
all:x (israpper(x) :- ~isoperasinger(x))",isoperasinger(tyga)
761,39,"""Your Woman"" is a song by the British one-person band White Town.
""Your Woman"" song peaked at No. 1 on the UK Singles Chart.
If a song peaked at No.1 at a particular place, it was extremely popular.
""Your Woman"" peaked at No. 1 in Iceland, Israel, and Spain.","Produce(whiteTown, yourWoman) ∧ OnePersonBand(whiteTown)
Peak(yourWoman, uKSinglesChart)
∀x ((∃y(Peak(x, y))) → Popular(x))
Peak(yourWoman, iceland) ∧ Peak(yourWoman, israel) ∧ Peak(yourWoman, spain)",White Town was a successful band.,Successful(whiteTown),Uncertain,115,"produce(whitetown, yourwoman) & onepersonband(whitetown)
peak(yourwoman, uksingleschart)
all:x ((y(peak(x, y))) :- popular(x))
peak(yourwoman, iceland) & peak(yourwoman, israel) & peak(yourwoman, spain)",successful(whitetown)
762,291,"No road is dustless.
Some streets are roads.","∀x (Road(x) → ¬Dustless(x))
∃x ∃y (Street(x) ∧ Street(y) ∧ Road(x) ∧ Road(y) ∧ ¬(x=y))",Some streets are dustless.,∃x ∃y (Street(x) ∧ Street(y) ∧ Dustless(x) ∧ Dustless(y) ∧ ¬(x=y)),Uncertain,735,"all:x (road(x) :- ~dustless(x))
x y (street(x) & street(y) & road(x) & road(y) & ~(x=y))",x y (street(x) & street(y) & dustless(x) & dustless(y) & ~(x=y))
763,362,"People who like financial risks invest in the public stock market regularly or enjoy gambling regularly.
If people invest in the public stock market regularly, then they read the Wall Street Journal and other newspapers regularly to keep updated on financial metrics.
All people who enjoy enjoy gambling regularly spend a lot of money at casinos or other betting games.
People who spend a lot of money at casinos and other betting games would enjoy visiting the Las Vegas Strip.
People who spend a lot of money at casinos and other betting games are at risk of gambling addiction.
Matt does not invest in the public stock market regularly. 
Matt likes financial risks.","∀x (Like(x, financialRisk) → InvestInRegularly(x, publicStockMarket) ∨ EnjoyRegularly(x, gambling))
∀x (InvestInRegularly(x, publicStockMarket) → ReadToKeepUpdatedOn(x, theWallStreetJournal, financialMetric) ∨ (∃y (¬(y=theWallStreetJournal) ∧ NewsPaper(y) ∧ ReadToKeepUpdatedOn(x, y, financialMetric))))
∀x (EnjoyRegularly(x, gambling) → SpendAt(x, alotOfMoney, casino) ∨ (∃y (¬(y=casino) ∧ BettingGame(y) ∧ SpendAt(x, aLotOfMoney, y)))
∀x (SpendAt(x, alotOfMoney, casino) ∨ (∃y (¬(y=casino) ∧ BettingGame(y) ∧ SpendAt(x, aLotOfMoney, y))) → EnjoyVisiting(x, theLasVegasStrip))
∀x (SpendAt(x, alotOfMoney, casino) ∨ (∃y (¬(y=casino) ∧ BettingGame(y) ∧ SpendAt(x, aLotOfMoney, y)) → AtRiskOf(x, gamblingAddiction))
InvestInRegularly(matt, publicStockMarket)
Like(matt, financialRisk)","If Matt is either both a person who is at risk of a gambling addiction and invests in the public stock market regularly, or neither is at risk of a gambling addiction nor invests in the public stock market regularly, then Matt neither visits the Las Vegas Strip regularly nor reads the Wall Street Journal and other newspapers regularly to keep updated on the financial metrics.","AtRiskOf(matt, gamblingAddiction) ⊕ InvestInRegularly(matt, publicStockMarket) → ¬EnjoyVisiting(matt, theLasVegasStrip) ∧  ¬(ReadToKeepUpdatedOn(matt, theWallStreetJournal, financialMetric) ∨  (∃y (¬(y=theWallStreetJournal) ∧ NewsPaper(y) ∧ ReadToKeepUpdatedOn(matt, y, financialMetric))))",True,962,"all:x (like(x, financialrisk) :- investinregularly(x, publicstockmarket) | enjoyregularly(x, gambling))
all:x (investinregularly(x, publicstockmarket) :- readtokeepupdatedon(x, thewallstreetjournal, financialmetric) | (y (~(y=thewallstreetjournal) & newspaper(y) & readtokeepupdatedon(x, y, financialmetric))))
all:x (enjoyregularly(x, gambling) :- spendat(x, alotofmoney, casino) | (y (~(y=casino) & bettinggame(y) & spendat(x, alotofmoney, y)))
all:x (spendat(x, alotofmoney, casino) | (y (~(y=casino) & bettinggame(y) & spendat(x, alotofmoney, y))) :- enjoyvisiting(x, thelasvegasstrip))
all:x (spendat(x, alotofmoney, casino) | (y (~(y=casino) & bettinggame(y) & spendat(x, alotofmoney, y)) :- atriskof(x, gamblingaddiction))
investinregularly(matt, publicstockmarket)
like(matt, financialrisk)","atriskof(matt, gamblingaddiction) ^ investinregularly(matt, publicstockmarket) :- ~enjoyvisiting(matt, thelasvegasstrip) &  ~(readtokeepupdatedon(matt, thewallstreetjournal, financialmetric) |  (y (~(y=thewallstreetjournal) & newspaper(y) & readtokeepupdatedon(matt, y, financialmetric))))"
764,290,"All tables are round.
Some pieces of furniture are tables.","∀x (Table(x) → Round(x))
∃x ∃y (Furniture(x) ∧ Furniture(y) ∧ Table(x) ∧ Table(y) ∧ ¬(x=y))",Some pieces of furniture are round.,∃x ∃y (Furniture(x) ∧ Furniture(y) ∧ Round(x) ∧ Round(y) ∧ ¬(x=y)),True,734,"all:x (table(x) :- round(x))
x y (furniture(x) & furniture(y) & table(x) & table(y) & ~(x=y))",x y (furniture(x) & furniture(y) & round(x) & round(y) & ~(x=y))
765,86,"If a legislator is found guilty of stealing government funds, they will be suspended from office.
Tiffany T. Alston was a legislator in Maryland's House of Delegates from 2011 to 2013.
Tiffany T. Alston was found guilty of stealing government funds in 2012.","∀x ((Legislator(x) ∧ StealsFunds(x)) → Suspended(x))
Legislator(tiffanyTAlston)
StealsFunds(tiffanyTAlston) ∧ StealsFundsInYr(tiffanyTAlston, yr2012)",Tiffany T. Alston was suspended from the Maryland House of Delegates.,Suspended(tiffanyTAlston),True,261,"all:x ((legislator(x) & stealsfunds(x)) :- suspended(x))
legislator(tiffanytalston)
stealsfunds(tiffanytalston) & stealsfundsinyr(tiffanytalston, yr2012)",suspended(tiffanytalston)
766,410,"All products designed by Apple are sold at Apple Stores.
All products with Apple logos are designed by Apple.
All Macbooks have Apple logos.
All products with Apple M2 chips are Mackbooks.
A Thinkpad X1 is not both sold in Apple Stores and is a Macbook.","∀x ((Product(x) ∧ DesignedBy(x, apple)) → SoldIn(x, appleStore))
∀x ((Product(x) ∧ With(x, appleLogo)) → DesignedBy(x, apple))
∀x (Macbook(x) → With(x, appleLogo))
∀x ((Product(x) ∧ With(x, appleM2Chip)) → Macbook(x))
¬(SoldIn(thinkpadX1, appleStore) ∧ Macbook(thinkpadX1))",The Thinkpad X1 either has an Apple M2 chip or is a Macbook.,"With(thinkpadX1, appleM2Chip)) ⊕ Macbook(thinkpadX1)",False,1150,"all:x ((product(x) & designedby(x, apple)) :- soldin(x, applestore))
all:x ((product(x) & with(x, applelogo)) :- designedby(x, apple))
all:x (macbook(x) :- with(x, applelogo))
all:x ((product(x) & with(x, applem2chip)) :- macbook(x))
~(soldin(thinkpadx1, applestore) & macbook(thinkpadx1))","with(thinkpadx1, applem2chip)) ^ macbook(thinkpadx1)"
767,406,"All people who regularly drink coffee are dependent on caffeine.
People regularly drink coffee, or they don't want to be addicted to caffeine, or both.
No one who doesn't want to be addicted to caffeine is unaware that caffeine is a drug.
Rina is either a student who is unaware that caffeine is a drug, or she is not a student and is she aware that caffeine is a drug.
Rina  is either a student who is dependent on caffeine, or she is not a student and not dependent on caffeine.","∀x (DrinkRegularly(x, coffee) → IsDependentOn(x, caffeine))
∀x (DrinkRegularly(x, coffee)  ∨ (¬WantToBeAddictedTo(x, caffeine)))
∀x (¬WantToBeAddictedTo(x, caffeine) → ¬AwareThatDrug(x, caffeine))
¬(Student(rina) ⊕  ¬AwareThatDrug(rina, caffeine))
¬(IsDependentOn(rina, caffeine) ⊕ Student(rina))",Rina doesn't want to be addicted to caffeine or is unaware that caffeine is a drug.,"¬WantToBeAddictedTo(rina, caffeine) ∨ (¬AwareThatDrug(rina, caffeine))",True,1126,"all:x (drinkregularly(x, coffee) :- isdependenton(x, caffeine))
all:x (drinkregularly(x, coffee)  | (~wanttobeaddictedto(x, caffeine)))
all:x (~wanttobeaddictedto(x, caffeine) :- ~awarethatdrug(x, caffeine))
~(student(rina) ^  ~awarethatdrug(rina, caffeine))
~(isdependenton(rina, caffeine) ^ student(rina))","~wanttobeaddictedto(rina, caffeine) | (~awarethatdrug(rina, caffeine))"
768,328,"No soccer players are professional basketball players.
All NBA players are professional basketball players.
All soccer defenders are soccer players.
All centerback players are soccer defenders.
If Stephen Curry is an NBA player or a soccer player, then he is a professional basketball player.","∀x (ProfessionalSoccerPlayer(x) → ¬ProfessionalBasketballPlayer(x))
∀x (NBAPlayer(x) → ProfessionalBasketballPlayer(x))
∀x (ProfessionalSoccerDefender(x) → ProfessionalSoccerPlayer(x))
∀x (ProfessionalCenterback(x) → ProfessionalSoccerDefender(x))
(NBAPlayer(stephencurry) ⊕ ProfessionalSoccerPlayer(stephencurry)) → ProfessionalBasketballPlayer(stephencurry)",Stephen Curry is a centerback player.,ProfessionalCenterback(stephenCurry),False,841,"all:x (professionalsoccerplayer(x) :- ~professionalbasketballplayer(x))
all:x (nbaplayer(x) :- professionalbasketballplayer(x))
all:x (professionalsoccerdefender(x) :- professionalsoccerplayer(x))
all:x (professionalcenterback(x) :- professionalsoccerdefender(x))
(nbaplayer(stephencurry) ^ professionalsoccerplayer(stephencurry)) :- professionalbasketballplayer(stephencurry)",professionalcenterback(stephencurry)
769,359,"Everyone who chooses what they want to do with their time has flexible schedules.
Everyone with a lot of free time chooses what they want to do with their time.
People either have a lot of free time or they invest in a career in which they are willing to spend the rest of their lives.
If people invest in a career in which they are willing to spend the rest of their lives, then they are hardworking individuals with high ambitions and goals for the future.  
If people are hardworking individuals with high ambitions and goals for the future, then they are not short sighted.
John is not either a hardworking individual with high ambitions and goals for the future or has a flexible schedule.","∀x (ChooseWhatToDoWith(x, time) → FlexibleSchedule(x))
∀x (Have(x, lotsOfFreetime) → ChooseWhatToDoWith(x, time))
∀x (Have(x, lotsOfFreetime) ⊕ (∃y (InvestIn(x, y) ∧ Career(y) ∧ WillingToSpendIn(restOfLife, y))))
∀x (∃y (InvestIn(x, y) ∧ Career(y) ∧ WillingToSpendIn(restOfLife, y)) → Hardworking(x))
∀x (Hardworking(x) ∧ HaveFor(x, highAmbition, future) ∧ HaveFor(x, goal, future) → ¬ShortSighted(x))
¬((Hardworking(john) ∧ HaveFor(john, highAmbition, future) ∧ HaveFor(john, goal, future)) ⊕ FlexibleSchedule(john))",John is short sighted.,Organized(john),False,952,"all:x (choosewhattodowith(x, time) :- flexibleschedule(x))
all:x (have(x, lotsoffreetime) :- choosewhattodowith(x, time))
all:x (have(x, lotsoffreetime) ^ (y (investin(x, y) & career(y) & willingtospendin(restoflife, y))))
all:x (y (investin(x, y) & career(y) & willingtospendin(restoflife, y)) :- hardworking(x))
all:x (hardworking(x) & havefor(x, highambition, future) & havefor(x, goal, future) :- ~shortsighted(x))
~((hardworking(john) & havefor(john, highambition, future) & havefor(john, goal, future)) ^ flexibleschedule(john))",organized(john)
770,209,"If someone lives in a place named Galicia, then they live in either Spain or Poland.
Spain is in Europe.
Poland is in Europe.
Rochelle lives in Europe.
Dominique does not live in Europe.
Alfonso lives in a place named Galicia.","∀x (∃y (LiveIn(x, y) ∧ Place(y) ∧ Named(y, galicia)) → LiveIn(x, spain) ⊕ LiveIn(x, poland))
∀x (LiveIn(x, spain) → LiveIn(x, europe))
∀x (LiveIn(x, poland) → LiveIn(x, europe))
LiveIn(rochelle, europe)
¬LiveIn(dominique, europe)
∃y (LiveIn(alfonso, y) ∧ Place(y) ∧ Named(y, galicia))",Rochelle lives in a place namedGalicia.,"∃y (LiveIn(rochelle, y) ∧ Place(y) ∧ Named(y, galicia))",Uncertain,596,"all:x (y (livein(x, y) & place(y) & named(y, galicia)) :- livein(x, spain) ^ livein(x, poland))
all:x (livein(x, spain) :- livein(x, europe))
all:x (livein(x, poland) :- livein(x, europe))
livein(rochelle, europe)
~livein(dominique, europe)
y (livein(alfonso, y) & place(y) & named(y, galicia))","y (livein(rochelle, y) & place(y) & named(y, galicia))"
771,397,"All brain study designs are either block designs or event-related designs. 
All event-related brain study designs are brain image acquisition.
All brain image acquisition in brain study designs is preceded by data processing.
Nothing in brain study designs preceded by data processing analyzes data.
Picture memory is a type of brain study design that is not either event-related or analyzing data.","∀x (BrainStudy(x) → (BlockDesign(x) ⊕ Event-relatedDesign(x)))
∀x ((BrainStudy(x) ∧ EventRelatedDesign(x)) → BrainImageAcquisition(x))
∀x ((BrainStudy(x) ∧ BrainImageAcquisition(x)) → PrecededBy(x, dataProcessing))
∀x ((BrainStudy(x) ∧ PrecededBy(x, dataProcessing)) → ¬Analyze(x, data))
BrainStudy(pictureMemory) ∧ (¬(EventRelatedDesign(pictureMemory) ⊕ AnalyzingData(pictureMemory)))",Picture memory is either a block design or analyzing data.,"BlockDesign(pictureMemory) ⊕ Analyze(pictureMemory, data)",True,1082,"all:x (brainstudy(x) :- (blockdesign(x) ^ event-relateddesign(x)))
all:x ((brainstudy(x) & eventrelateddesign(x)) :- brainimageacquisition(x))
all:x ((brainstudy(x) & brainimageacquisition(x)) :- precededby(x, dataprocessing))
all:x ((brainstudy(x) & precededby(x, dataprocessing)) :- ~analyze(x, data))
brainstudy(picturememory) & (~(eventrelateddesign(picturememory) ^ analyzingdata(picturememory)))","blockdesign(picturememory) ^ analyze(picturememory, data)"
772,462,"All classrooms in William L. Harkness Hall that are used for lectures are booked during the day. 
None of the classrooms in William L. Harkness Hall are private study spots.
All classrooms in William L. Harkness Hall are used for lectures or used for office hours.
If a classroom in William L. Harkness Hall is booked in the evening, then it is not freely usable at night.
If a classroom in William L. Harkness Hall is used for office hours, then it is booked in the evening.
Room 116 is a classroom in William L. Harkness Hall that is either both used for lecture and used for office hours or not used for either.","∀x (ClassroomIn(x, williamLHarknessHall) ∧ UsedFor(x, lecture) → BookedDuring(x, day))
∀x (ClassroomIn(x, williamLHarknessHall) ∧ ¬PrivateStudySpot(x))
∀x (ClassroomIn(x, williamLHarknessHall) ∧ (UsedFor(x, lecture) ∨ UsedFor(x, officeHours)))
∀x (ClassroomIn(x, williamLHarknessHall) ∧ BookedIn(x, evening) → ¬FreelyUsableAtNight(x))
∀x (ClassroomIn(x, williamLHarknessHall) ∧ UsedFor(x, officeHours) → BookedIn(x, evening))
ClassroomIn(116, williamLHarknessHall) ∧ ¬(UsedFor(116, lecture) ⊕ UsedFor(116, officeHours))","If Room 116 is not both a private study spot and freely useable at night, then it is either used for lectures or booked during the day.","¬(PrivateStudySpot(room116) ∧ FreelyUsableAtNight(room116)) → (UsedFor(room116, lecture) ∨ BookedIn(room116, evening))",False,1335,"all:x (classroomin(x, williamlharknesshall) & usedfor(x, lecture) :- bookedduring(x, day))
all:x (classroomin(x, williamlharknesshall) & ~privatestudyspot(x))
all:x (classroomin(x, williamlharknesshall) & (usedfor(x, lecture) | usedfor(x, officehours)))
all:x (classroomin(x, williamlharknesshall) & bookedin(x, evening) :- ~freelyusableatnight(x))
all:x (classroomin(x, williamlharknesshall) & usedfor(x, officehours) :- bookedin(x, evening))
classroomin(116, williamlharknesshall) & ~(usedfor(116, lecture) ^ usedfor(116, officehours))","~(privatestudyspot(room116) & freelyusableatnight(room116)) :- (usedfor(room116, lecture) | bookedin(room116, evening))"
773,93,"Roy Richardson was a cricketer who played for Sint Maarten, a constituent country.
Roy Richardson was a right-handed batsman and medium-pace bowler.
Roy Richardson was old when he debuted in cricket.
Sherville Huggins dismissed Roy Richardson.","Cricketeer(royRichardson) ∧ PlaysFor(royRichardson, sintMaarten) ∧ ConstituentCountry(sintMaarten)
RightHanded(royRichardson) ∧ Batsman(royRichardson) ∧ MediumPaceBowler(royRichardson)
OldAtDebut(royRichardson)
Dismisses(shervilleHuggins, royRichardson)",Sherville Huggins has never dismissed anyone playing cricket for a constituent country.,"∀x ∀y ((ConsituentCountry(y) ∧ PlayedFor(x, y)) →  ¬Dismissed(shervillehuggins, x))",False,283,"cricketeer(royrichardson) & playsfor(royrichardson, sintmaarten) & constituentcountry(sintmaarten)
righthanded(royrichardson) & batsman(royrichardson) & mediumpacebowler(royrichardson)
oldatdebut(royrichardson)
dismisses(shervillehuggins, royrichardson)","all:x all:y ((consituentcountry(y) & playedfor(x, y)) :-  ~dismissed(shervillehuggins, x))"
774,327,"No professional basketball players are soccer players.
All NBA players are professional basketball players.
All soccer defenders are soccer players.
All centerbacks are soccer defenders.
Roger Federer is either both an NBA player and a soccer defender, or neither.","∀x (ProfessionalBasketballPlayer(x) → ¬ProfessionalSoccerPlayer(x))
∀x (NBAPlayer(x) → ProfessionalBasketballPlayer(x))
∀x (ProfessionalSoccerDefender(x) → ProfessionalSoccerPlayer(x))
∀x (ProfessionalCenterback(x) → ProfessionalSoccerDefender(x))
¬(NBAPlayer(rogerfederer) ⊕ ProfessionalSoccerDefender(rogerfederer))",Roger Federer is not a centerback.,¬ProfessionalCenterback(rogerFederer),True,838,"all:x (professionalbasketballplayer(x) :- ~professionalsoccerplayer(x))
all:x (nbaplayer(x) :- professionalbasketballplayer(x))
all:x (professionalsoccerdefender(x) :- professionalsoccerplayer(x))
all:x (professionalcenterback(x) :- professionalsoccerdefender(x))
~(nbaplayer(rogerfederer) ^ professionalsoccerdefender(rogerfederer))",~professionalcenterback(rogerfederer)
775,87,"Daveed Diggs is an actor and film producer.
Daveed Diggs played two roles in the musical Hamilton on Broadway.
One of the actors from Hamilton won the best actor award.
The actor playing Thomas Jefferson won the best actor award.
Daveed Diggs played Thomas Jefferson.
Musicals on Broadway are not films.","Actor(daveedDiggs) ∧ FilmProducer(daveedDiggs)
∃x ∃y(PlaysIn(daveedDiggs, x, hamilton) ∧ (¬(x=y)) ∧ PlaysIn(daveedDiggs, y, hamilton)) ∧ OnBroadway(hamilton) ∧ Musical(hamilton)
∃x ∃y(Actor(x) ∧ PlaysIn(x, y, hamilton) ∧ Wins(x, bestActorAward))
∃x (Actor(x) ∧ PlaysIn(x, thomasJefferson, hamilton) ∧ Wins(x, bestActorAward))
Plays(daveedDiggs, thomasJefferson)
∀x ((Musical(x) ∧ OnBroadway(x)) → ¬Film(x))",Hamilton won two awards.,"∃x ∃y(Wins(hamilton, x) ∧ (¬(x=y)) ∧ Wins(hamilton, y))",Uncertain,266,"actor(daveeddiggs) & filmproducer(daveeddiggs)
x y(playsin(daveeddiggs, x, hamilton) & (~(x=y)) & playsin(daveeddiggs, y, hamilton)) & onbroadway(hamilton) & musical(hamilton)
x y(actor(x) & playsin(x, y, hamilton) & wins(x, bestactoraward))
x (actor(x) & playsin(x, thomasjefferson, hamilton) & wins(x, bestactoraward))
plays(daveeddiggs, thomasjefferson)
all:x ((musical(x) & onbroadway(x)) :- ~film(x))","x y(wins(hamilton, x) & (~(x=y)) & wins(hamilton, y))"
776,411,"If a game is one of the top-3 best selling video-games, then it is multiplatform.
If a game has sold more than 100 million copies, then it is one of the top-3 best-selling video games.
Some games that support Windows are developed by Nintendo.
All multiplatform games can be played on a wide range of devices.
Pokemon Diamond version is neither developed by Nintendo nor can be played on a wide range of devices.","∀x (ATop3BestSellingVideoGame(x) → Multiplatform(x))
∀x (SoldMoreThan100MillionCopies(x) → ATop3BestSellingVideoGame(x))
∃x ((SupportsWindows(x) ∧ AGameDevelopedByNintendo(x)))
∀x (Multiplatform(x) → CanBePlayedOnAWideRangeOfDevices(x))
¬(DevelopedByNintendo(PokemonDiamond) ∨ CanBePlayedOnAWideRangeOfDevices(PokemonDiamond))","If Pokemon Diamond version either supports Windows or has sold more than 100 million copies, then Pokemon Diamond version either is both multiplatform and one of the top-3 best selling video games, or is neither multiplatform nor one of the top-3 best selling video games.",((Game(PokemonDiamond) ∧ SupportsWindows(PokemonDiamond)) ⊕ ((Game(PokemonDiamond) ∨ (SoldMoreThan100MillionCopies(PokemonDiamond))) → (Multiplatform(PokemonDiamond) ∧ (Game(PokemonDiamond) ∧ ATop3BestSellingVideoGame(PokemonDiamond))) ⊕ (¬Multiplatform(PokemonDiamond) ∧ ¬(Game(PokemonDiamond) ∧ ATop3BestSellingVideoGame(PokemonDiamond))),True,1154,"all:x (atop3bestsellingvideogame(x) :- multiplatform(x))
all:x (soldmorethan100millioncopies(x) :- atop3bestsellingvideogame(x))
x ((supportswindows(x) & agamedevelopedbynintendo(x)))
all:x (multiplatform(x) :- canbeplayedonawiderangeofdevices(x))
~(developedbynintendo(pokemondiamond) | canbeplayedonawiderangeofdevices(pokemondiamond))",((game(pokemondiamond) & supportswindows(pokemondiamond)) ^ ((game(pokemondiamond) | (soldmorethan100millioncopies(pokemondiamond))) :- (multiplatform(pokemondiamond) & (game(pokemondiamond) & atop3bestsellingvideogame(pokemondiamond))) ^ (~multiplatform(pokemondiamond) & ~(game(pokemondiamond) & atop3bestsellingvideogame(pokemondiamond)))
777,73,"Ambiortus is a prehistoric bird genus.
Ambiortus Dementjevi is the only known species of Ambiortus.
Mongolia was where Ambiortus Dementjevi lived.
Yevgeny Kurochkin was the discoverer of Ambiortus.","Prehistoric(ambiortus) ∧ BirdGenus(ambiortus)
∀x(KnownSpeciesOf(x, ambiortus) → IsSpecies(x, ambiortusDementjevi))
LiveIn(ambiortusDementjevi, mongolia)
Discover(yevgenykurochkin, ambiortus)",All species of Ambiortus live in Mongolia.,"∀x (SpeciesOf(x, ambiortus) → LiveIn(x, mongolia))",True,224,"prehistoric(ambiortus) & birdgenus(ambiortus)
all:x(knownspeciesof(x, ambiortus) :- isspecies(x, ambiortusdementjevi))
livein(ambiortusdementjevi, mongolia)
discover(yevgenykurochkin, ambiortus)","all:x (speciesof(x, ambiortus) :- livein(x, mongolia))"
778,31,"Naive cynicism was proposed by Justin Kruger and a colleague.
Thomas Gilovich is a colleague of Justin Kruger. 
Naive cynicism is a philosophy of mind.","Proposed(justinKruger, naiveCynicism) ∧ ∃y (colleagueOfJustinKruger(y) ∧ Proposed(y, naiveCynicism))
Colleagues(thomasGilovich, justinKruger)
PhilosophyOfMind(naiveCynicism)",Thomas Gilovich proposed naive cynicism.,"Proposed(thomasGilovich, naiveCynicism)",Uncertain,89,"proposed(justinkruger, naivecynicism) & y (colleagueofjustinkruger(y) & proposed(y, naivecynicism))
colleagues(thomasgilovich, justinkruger)
philosophyofmind(naivecynicism)","proposed(thomasgilovich, naivecynicism)"
779,346,"All professional athletes spend most of their time on sports.
All Olympic gold medal winners are professional athletes.
No full-time scientists spend the majority of their time on sports.
All Nobel physics laureates are full-time scientists.
Amy spends the most time on sports, or Amy is an Olympic gold medal winner.
If Amy is not a Nobel physics laureate, then Amy is not an Olympic gold medal winner.","∀x (ProfessionalAthlete(x) → SpendOn(x, mostOfTheirTime, sports))
∀x (OlympicGoldMedalWinner(x) → ProfessionalAthlete(x))
∀x (FullTimeScientist(x) → ¬SpendOn(x, mostOfTheirTime, sports))
∀x (NobelPhysicsLaureate(x) → FullTimeScientist(x))
SpendOn(amy, mostOfTheirTime, sports) ∨ OlympicGoldMedalWinner(amy)
¬NobelPhysicsLaureate(amy) → ¬OlympicGoldMedalWinner(amy)",Amy is a professional athlete.,ProfessionalAthlete(amy),Uncertain,913,"all:x (professionalathlete(x) :- spendon(x, mostoftheirtime, sports))
all:x (olympicgoldmedalwinner(x) :- professionalathlete(x))
all:x (fulltimescientist(x) :- ~spendon(x, mostoftheirtime, sports))
all:x (nobelphysicslaureate(x) :- fulltimescientist(x))
spendon(amy, mostoftheirtime, sports) | olympicgoldmedalwinner(amy)
~nobelphysicslaureate(amy) :- ~olympicgoldmedalwinner(amy)",professionalathlete(amy)
780,410,"All products designed by Apple are sold at Apple Stores.
All products with Apple logos are designed by Apple.
All Macbooks have Apple logos.
All products with Apple M2 chips are Mackbooks.
A Thinkpad X1 is not both sold in Apple Stores and is a Macbook.","∀x ((Product(x) ∧ DesignedBy(x, apple)) → SoldIn(x, appleStore))
∀x ((Product(x) ∧ With(x, appleLogo)) → DesignedBy(x, apple))
∀x (Macbook(x) → With(x, appleLogo))
∀x ((Product(x) ∧ With(x, appleM2Chip)) → Macbook(x))
¬(SoldIn(thinkpadX1, appleStore) ∧ Macbook(thinkpadX1))",The Thinkpad X1 has an Apple M2 chip and is a Macbook.,"With(thinkpadX1, appleM2Chip) ∧ Macbook(thinkpadX1)",False,1149,"all:x ((product(x) & designedby(x, apple)) :- soldin(x, applestore))
all:x ((product(x) & with(x, applelogo)) :- designedby(x, apple))
all:x (macbook(x) :- with(x, applelogo))
all:x ((product(x) & with(x, applem2chip)) :- macbook(x))
~(soldin(thinkpadx1, applestore) & macbook(thinkpadx1))","with(thinkpadx1, applem2chip) & macbook(thinkpadx1)"
781,161,"There are five grades in English class: A+, A, B+, B, and C. 
If a student gets an A+ in English class, then his score is greater than 95.
If a student gets an A in English class, then his score is greater than 90 but lower than 95.
Zhang got an A in English class.
Wang's English class score is better than Zhang's.
Wu's English class score is lower than 90.
If a student's English class score is lower than 90, then it is not greater than 95 or 90, and lower than 95.","GradeIn(aPlus, englishClass) ∨ GradeIn(a, englishClass) ∨ GradeIn(bPlus, englishClass) ∨ GradeIn(b, englishClass) ∨ GradeIn(c, englishClass) ∧ (GradeIn(aPlus, englishClass) → ¬GradeIn(a, englishClass) ∧ ¬GradeIn(bPlus, englishClass) ∧ ¬GradeIn(b, englishClass) ∧ ¬GradeIn(c, englishClass)) ∧ (GradeIn(a, englishClass) → ¬GradeIn(aPlus, englishClass) ∧ ¬GradeIn(bPlus, englishClass) ∧ ¬GradeIn(b, englishClass) ∧ ¬GradeIn(c, englishClass)) ∧ (GradeIn(bPlus, englishClass) → ¬GradeIn(aPlus, englishClass) ∧ ¬GradeIn(a, englishClass) ∧ ¬GradeIn(b, englishClass) ∧ ¬GradeIn(c, englishClass)) ∧ (GradeIn(b, englishClass) → ¬GradeIn(aPlus, englishClass) ∧ ¬GradeIn(a, englishClass) ∧ ¬GradeIn(bPlus, englishClass) ∧ ¬GradeIn(c, englishClass)) ∧ (GradeIn(c, englishClass) → ¬GradeIn(aPlus, englishClass) ∧ ¬GradeIn(a, englishClass) ∧ ¬GradeIn(bPlus, englishClass) ∧ ¬GradeIn(b, englishClass)) 
∀x ∀y (Student(x) ∧ GetGradeIn(x, aPlus, englishClass) → EnglishClassScore(x, y) ∧ GreaterThan95(y))
∀x ∀y (Student(x) ∧ GetGradeIn(x, a, englishClass) → EnglishClassScore(x, y) ∧ GreaterThan90(y) ∧ LowerThan95(y)) 
Student(zhang) ∧ GetGradeIn(zhang, a, englishClass)
∀x ∀y (Student(zhang) ∧ Student(wang) ∧ EnglishScore(zhang, x) ∧ EnglishScore(wang, y) ∧ Better(y, x))
∀x (Student(wu) ∧ EnglishScore(wu, x) ∧ LowerThan90(x))
∀x ∀y (Student(x) ∧ EnglishScore(x, y) ∧ LowerThan90(y) → ¬GreaterThan95(y) ∧ ¬GreaterThan90(y) ∧ LowerThan95(y))",Wu does not get an A or A+ in English class.,"¬GetGradeIn(wu, aPlus, englishClass) ∧¬GetGradeIn(wu, a, englishClass)",True,463,"gradein(aplus, englishclass) | gradein(a, englishclass) | gradein(bplus, englishclass) | gradein(b, englishclass) | gradein(c, englishclass) & (gradein(aplus, englishclass) :- ~gradein(a, englishclass) & ~gradein(bplus, englishclass) & ~gradein(b, englishclass) & ~gradein(c, englishclass)) & (gradein(a, englishclass) :- ~gradein(aplus, englishclass) & ~gradein(bplus, englishclass) & ~gradein(b, englishclass) & ~gradein(c, englishclass)) & (gradein(bplus, englishclass) :- ~gradein(aplus, englishclass) & ~gradein(a, englishclass) & ~gradein(b, englishclass) & ~gradein(c, englishclass)) & (gradein(b, englishclass) :- ~gradein(aplus, englishclass) & ~gradein(a, englishclass) & ~gradein(bplus, englishclass) & ~gradein(c, englishclass)) & (gradein(c, englishclass) :- ~gradein(aplus, englishclass) & ~gradein(a, englishclass) & ~gradein(bplus, englishclass) & ~gradein(b, englishclass)) 
all:x all:y (student(x) & getgradein(x, aplus, englishclass) :- englishclassscore(x, y) & greaterthan95(y))
all:x all:y (student(x) & getgradein(x, a, englishclass) :- englishclassscore(x, y) & greaterthan90(y) & lowerthan95(y)) 
student(zhang) & getgradein(zhang, a, englishclass)
all:x all:y (student(zhang) & student(wang) & englishscore(zhang, x) & englishscore(wang, y) & better(y, x))
all:x (student(wu) & englishscore(wu, x) & lowerthan90(x))
all:x all:y (student(x) & englishscore(x, y) & lowerthan90(y) :- ~greaterthan95(y) & ~greaterthan90(y) & lowerthan95(y))","~getgradein(wu, aplus, englishclass) &~getgradein(wu, a, englishclass)"
782,470,"A Unix operating system used in the lab computers is a piece of software.
All versions of MacOS used in the lab computer are based on Unix operating systems.
A lab computer uses either MacOS or Linux. 
All Linux computers in the lab are convenient.
All software used in the lab computers is written with code.
If something is convenient in the lab computer, then it is popular.
Burger is used in the lab computer, and it is written with code and a new version of MacOS.
PyTorch is used in the lab computer, and PyTorch is neither a Linux system nor a piece of software.","∀x (UsedIn(x, labComputer) ∧ UnixOperatingSystem(x) → Software(x))
∀x (UsedIn(x, labComputer) ∧ MacOS(x) → UnixOperatingSystem(x))
∀x (UsedIn(x, labComputer) → MacOS(x) ⊕ Linux(x))
∀x (UsedIn(x, labComputer) ∧ Linux(x) → Convenient(x))
∀x (UsedIn(x, labComputer) ∧ Software(x) → WrittenWithCode(x))
∀x (UsedIn(x, labComputer) ∧ Convenient(x) → Popular(x))
UsedIn(burger, labComputer) ∧ WrittenWithCode(burger) ∧ MacOS(burger))
UsedIn(pytorch, labComputer) ∧ ¬(Linux(pytorch) ⊕ Software(pytorch))",PyTorch is not popular and it is not written with code.,¬(Popular(pytorch) ∧ WrittenWithCode(pytorch)),False,1360,"all:x (usedin(x, labcomputer) & unixoperatingsystem(x) :- software(x))
all:x (usedin(x, labcomputer) & macos(x) :- unixoperatingsystem(x))
all:x (usedin(x, labcomputer) :- macos(x) ^ linux(x))
all:x (usedin(x, labcomputer) & linux(x) :- convenient(x))
all:x (usedin(x, labcomputer) & software(x) :- writtenwithcode(x))
all:x (usedin(x, labcomputer) & convenient(x) :- popular(x))
usedin(burger, labcomputer) & writtenwithcode(burger) & macos(burger))
usedin(pytorch, labcomputer) & ~(linux(pytorch) ^ software(pytorch))",~(popular(pytorch) & writtenwithcode(pytorch))
783,221,"Ernest Pohl was a Polish football player. 
A football player in the Polish First Division has scored over 180 goals. 
Ernest Pohl scored more than 180 goals in the Polish First Division. 
Górnik Zabrze's stadium was named after a soccer player from Ruda Śląska. 
Ernest Pohl is from Ruda Śląska. ","Polish(ernestPohl) ∧ FootballPlayer(ernestPohl)
∃x (FootballPlayer(x) ∧ In(x, polishFirstDivision) ∧ ScoredOver(x, 180Goals))
In(ernestPohl, polishFirstDivision) ∧ ScoredOver(ernestPohl, 180Goals)
∃x ∃y (GornikZabrzes(x) ∧ Stadium(x) ∧ NamedAfter(x, y) ∧ SoccerPlayer(y) ∧ From(y, rudaŚląska))
From(ernestPohl, rudaŚląska))",Ernest Pohl has not scored more than 180 goals.,"¬ScoredOver(ernestPohl, 180Goals)",False,626,"polish(ernestpohl) & footballplayer(ernestpohl)
x (footballplayer(x) & in(x, polishfirstdivision) & scoredover(x, 180goals))
in(ernestpohl, polishfirstdivision) & scoredover(ernestpohl, 180goals)
x y (gornikzabrzes(x) & stadium(x) & namedafter(x, y) & soccerplayer(y) & from(y, rudaśląska))
from(ernestpohl, rudaśląska))","~scoredover(ernestpohl, 180goals)"
784,354,"People either believe in Santa Claus, or think he is made up.
People who believe in Santa Claus expect to get presents on Christmas morning.
People who think Santa Claus is made up, then they would be surprised to see him in their house.
People who expect presents on Christmas morning are excited for it to be Christmas.
If people would be surprised to see Santa Claus in their house, then they don't leave out cookies on Chrismtas Eve.
Mercy is not someone who expects presents Christmas morning, is excited for Chrismtas, and believes in Santa Claus.","∀x (BelieveIn(x, santaClaus) ⊕ ThinkMadeUp(x, santaClaus))
∀x (BelieveIn(x, santaClaus) → Expect(x, present, christmasMorning))
∀x (ThinkMadeUp(x, santaClaus) → WouldBeSurprisedToSeeIn(x, santaClaus, house))
∀x (Expect(x, present, christmasMorning) → ExcitedFor(x, christmas))
∀x (WouldBeSurprisedToSeeIn(x, santaClaus, house) → ¬LeaveOut(x, cookies))
¬(Expect(marcy, present, christmasMorning) ∧ ExcitedFor(marcy, christmas) ∧ BelieveIn(marcy, santaClaus))",Marcy either believes in Santa Claus or doesn't leave cookies out on Christmas Eve.,"BelieveIn(marcy, santaClaus) ⊕ LeaveOut(marcy, cookies)",True,939,"all:x (believein(x, santaclaus) ^ thinkmadeup(x, santaclaus))
all:x (believein(x, santaclaus) :- expect(x, present, christmasmorning))
all:x (thinkmadeup(x, santaclaus) :- wouldbesurprisedtoseein(x, santaclaus, house))
all:x (expect(x, present, christmasmorning) :- excitedfor(x, christmas))
all:x (wouldbesurprisedtoseein(x, santaclaus, house) :- ~leaveout(x, cookies))
~(expect(marcy, present, christmasmorning) & excitedfor(marcy, christmas) & believein(marcy, santaclaus))","believein(marcy, santaclaus) ^ leaveout(marcy, cookies)"
785,173,"Detroit City is a horse.
Some horses are racehorses.
If a horse falls in a race, it poses risks to its rider.
Detroit City fell in a race.
A horse is a racehorse if it is in a race.","Horse(detroitcity)
∃x (Horse(x) ∧ Racehorse(x))
∀x (Horse(x) ∧ InRace(x) ∧ Falls(x) → PoseRiskTo(x, rider))
InRace(detroitcity) ∧ Fall(detroitcity)
∀x (Horse(x) ∧ InRace(x) → Racehorse(x))",Detroit City poses risks to its rider.,"PoseRiskTo(detroitcity, rider)",True,498,"horse(detroitcity)
x (horse(x) & racehorse(x))
all:x (horse(x) & inrace(x) & falls(x) :- poseriskto(x, rider))
inrace(detroitcity) & fall(detroitcity)
all:x (horse(x) & inrace(x) :- racehorse(x))","poseriskto(detroitcity, rider)"
786,375,"All of Michael's neighbors who grow their own fresh vegetables in their home gardens also have ample space.
All of Michael's neighbors who are young working professionals and live in large cities, do not have ample space.
All of Michael's neighbors who order takeout from delivery services often grow their own fresh vegetables in their home garden.
All of Michael's neighbors who enjoy going out often to restaurants with friends order takeout from delivery services often.
All of Michael's neighbors who regularly tout the benefits of homegrown and homecooked meals over fast food enjoy going out often to restaurants with friends. 
Peter, Michael's neighbor, grows his own fresh vegetables in his home garden, or regularly touts the benefits of homegrown and homecooked meals over fast food, or both.","∀x (MichaelsNeightbor(x) ∧ GrowIn(x, vegetable, garden) → Have(x, ampleSpace))
∀x (MichaelsNeightbor(x) ∧ YoungWorkingProfession(x) ∧ LiveIn(x, largeCity) → ¬Have(x, ampleSpace))
∀x (MichaelsNeightbor(x) ∧ OrderOften(x, takeout) → Grow(x, vegetable, garden))
∀x (MichaelsNeightbor(x) ∧ EnjoyGoingOutOftenToWith(x, restaurant, friend) → OrderOften(x, takeout))
∀x (MichaelsNeightbor(x) ∧ ToutOver(x, homecookedMeals, fastFood) → EnjoyGoingOutOftenToWith(x, restaurant, friend))
MichaelsNeightbor(peter) ∧ (GrowIn(peter, vegetable, garden) ∨ ToutOver(peter, homecookedMeals, fastFood))",Peter is a young working professional who lives in large cities.,"YoungWorkingProfession(peter) ∧ LiveIn(peter, largeCity)",False,1000,"all:x (michaelsneightbor(x) & growin(x, vegetable, garden) :- have(x, amplespace))
all:x (michaelsneightbor(x) & youngworkingprofession(x) & livein(x, largecity) :- ~have(x, amplespace))
all:x (michaelsneightbor(x) & orderoften(x, takeout) :- grow(x, vegetable, garden))
all:x (michaelsneightbor(x) & enjoygoingoutoftentowith(x, restaurant, friend) :- orderoften(x, takeout))
all:x (michaelsneightbor(x) & toutover(x, homecookedmeals, fastfood) :- enjoygoingoutoftentowith(x, restaurant, friend))
michaelsneightbor(peter) & (growin(peter, vegetable, garden) | toutover(peter, homecookedmeals, fastfood))","youngworkingprofession(peter) & livein(peter, largecity)"
787,475,"Everyone who is entitled to national social insurance coverage can have their medical bills partially covered. 
All PRC nationals are entitled to national social insurance coverage.
Everyone in the Franco-China diplomatic conference is either a PRC national or a French national, but not both. 
All French nationals are citizens of the European Union. 
All Spanish nationals are citizens of the European Union. 
No North Korean nationals are citizens of the European Union. 
Mei is at the Franco-China diplomatic conference. 
Either Mei is a North Korean and can have medical bills partially covered, or neither is true.","∀x (EntitledTo(x, nationalSocialInsuranceCoverage) → CanHavePartiallyCovered(x, medicalBills))
∀x (PRCNational(x) → EntitledTo(x, nationalSocialInsuranceCoverage))
∀x (In(x, franco-ChinaDiplomaticConference) → PRCNational(x) ⊕ FrenchNational(x))
∀x (FrenchNational(x) → CitizenOf(x, europeanUnion))
∀x (SpanishNational(x) → CitizenOf(x, europeanUnion))
∀x (NorthKoreanNational(x) → ¬CitizenOf(x, europeanUnion))
In(mei, franco-ChinaDiplomaticConference)
¬(NorthKoreanNational(mei) ⊕ CanHavePartiallyCovered(mei, medicalBills))",Mei is a PRC national.,PRCNational(mei),Uncertain,1378,"all:x (entitledto(x, nationalsocialinsurancecoverage) :- canhavepartiallycovered(x, medicalbills))
all:x (prcnational(x) :- entitledto(x, nationalsocialinsurancecoverage))
all:x (in(x, franco-chinadiplomaticconference) :- prcnational(x) ^ frenchnational(x))
all:x (frenchnational(x) :- citizenof(x, europeanunion))
all:x (spanishnational(x) :- citizenof(x, europeanunion))
all:x (northkoreannational(x) :- ~citizenof(x, europeanunion))
in(mei, franco-chinadiplomaticconference)
~(northkoreannational(mei) ^ canhavepartiallycovered(mei, medicalbills))",prcnational(mei)
788,76,"Asa Hoffmann was born in New York City.
Asa Hoffman lives in Manhattan.
Asa Hoffman is a chess player.
Some chess players are grandmasters.
People born and living in New York City are New Yorkers.
People living in Manhattan live in New York City.","BornIn(asaHoffmann, newYorkCity)
LiveIn(asaHoffmann, manhattan)
ChessPlayer(asaHoffmann)
∃x ∃y (ChessPlayer(x) ∧ GrandMaster(x) ∧ (¬(x=y)) ∧ ChessPlayer(y) ∧ GrandMaster(y))
∀x ((BornIn(x, newYorkCity) ∧ LiveIn(x, newYorkCity)) → NewYorker(x))
∀x (LiveIn(x, manhattan) → LiveIn(x, newYorkCity))",Asa Hoffmann is a grandmaster.,GrandMaster(asaHoffmann),Uncertain,232,"bornin(asahoffmann, newyorkcity)
livein(asahoffmann, manhattan)
chessplayer(asahoffmann)
x y (chessplayer(x) & grandmaster(x) & (~(x=y)) & chessplayer(y) & grandmaster(y))
all:x ((bornin(x, newyorkcity) & livein(x, newyorkcity)) :- newyorker(x))
all:x (livein(x, manhattan) :- livein(x, newyorkcity))",grandmaster(asahoffmann)
789,443,"Some teachers who work at pools are not nice.
All teachers working at pools are pool managers.
All pool managers are lifeguards.
If someone is a lifeguard, then they work at a pool.
Mary does not work at a pool.","∃x (Teacher(x) ∧ WorkAt(x, pool) ∧ ¬Nice(x))
∀x (Teacher(x) ∧ WorkAt(x, pool) → PoolManager(x))
∀x (PoolManager(x) → Lifeguard(x))
∀x (Lifeguard(x) → WorkAt(x, pool))
¬WorkAt(mary, pool)",Mary is is a nice teacher working at a pool.,"Nice(mary) ∧ Teacher(mary) ∧ WorkAt(mary, pool)",False,1276,"x (teacher(x) & workat(x, pool) & ~nice(x))
all:x (teacher(x) & workat(x, pool) :- poolmanager(x))
all:x (poolmanager(x) :- lifeguard(x))
all:x (lifeguard(x) :- workat(x, pool))
~workat(mary, pool)","nice(mary) & teacher(mary) & workat(mary, pool)"
790,432,"All Yale dormitories are located on the Yale campus. 
All Yale buildings managed by Yale Housing are dormitories. 
All Yale buildings operated by Yale Housing staff are managed by Yale Housing. 
None of the Yale buildings open to students were built before 1701. 
All Yale buildings located on the Yale campus are open to students. 
Harkness is either a Yale building operated by Yale Housing staff, or it is located on York Street. ","∀x (YaleDormitory(x) → LocatedOn(x, yaleCampus))
∀x ((YaleBuildings(x) ∧ ManagedBy(x, yaleHousing)) → YaleDormitory(x))
∀x ((YaleBuildings(x) ∧ OperatedBy(x, yaleHousingStaff)) → ManagedBy(x, yaleHousing))
∀x ((YaleBuildings(x) ∧ OpenToStudents(x)) → (¬∃y(Before(y, yr1701) ∧ Established(x, y))))
∀x ((YaleBuildings(x) ∧ LocatedOn(x, yaleCampus)) → OpenToStudents(x))
YaleBuildings(harkness) ∧ (OperatedBy(x, harkness) ⊕ LocatedOn(harkness, yaleCampus))",Harkness is not a Yale dormitory.,¬YaleDormitory(harkness),Uncertain,1232,"all:x (yaledormitory(x) :- locatedon(x, yalecampus))
all:x ((yalebuildings(x) & managedby(x, yalehousing)) :- yaledormitory(x))
all:x ((yalebuildings(x) & operatedby(x, yalehousingstaff)) :- managedby(x, yalehousing))
all:x ((yalebuildings(x) & opentostudents(x)) :- (~y(before(y, yr1701) & established(x, y))))
all:x ((yalebuildings(x) & locatedon(x, yalecampus)) :- opentostudents(x))
yalebuildings(harkness) & (operatedby(x, harkness) ^ locatedon(harkness, yalecampus))",~yaledormitory(harkness)
791,422,"All customers in James' family who subscribe to AMC A-List are eligible to watch three movies every week without any additional fees. 
Some of the customers in James' family go to the cinema every week.
Customers in James' family subscribe to AMC A-List or HBO service. 
Customers in James' family who prefer TV series will not watch TV series in cinemas.
All customers in James' family who subscribe to HBO services prefer TV series to movies. 
Lily is in James' family; she watches TV series in cinemas. ","∀x ((Customer(x) ∧ In(x, jameSFamily) ∧ SubscribedTo(x, aMCAList)) →  EligibleForThreeFreeMoviesEveryWeekWithoutAdditionalFees(x))
∃x ∃y (Customer(x) ∧ In(x, jameSFamily) ∧ GoToEveryWeek(x, cinema) ∧ (¬(x=y)) ∧ Customer(y) ∧ In(y, jameSFamily) ∧ GoToEveryWeek(y, cinema))
∀x (Customer(x) ∧ In(x, jameSFamily) ∧ (SubscribedTo(x, aMCAList) ∨ SubscribedTo(x, hBO)))
∀x ((Customer(x) ∧ In(x, jameSFamily) ∧ Prefer(x, tVSeries)) → (¬WatchIn(x, tV, cinema)))
∀x ((Customer(x) ∧ In(x, jameSFamily) ∧  SubscribedTo(x, hBO)) → Prefer(x, tVSeries))
Customer(lily) ∧ In(lily, jameSFamily ∧ WatchIn(lily, tV, cinema)",Lily goes to cinemas every week.,"GoToEveryWeek(lily, cinema)",Uncertain,1192,"all:x ((customer(x) & in(x, jamesfamily) & subscribedto(x, amcalist)) :-  eligibleforthreefreemovieseveryweekwithoutadditionalfees(x))
x y (customer(x) & in(x, jamesfamily) & gotoeveryweek(x, cinema) & (~(x=y)) & customer(y) & in(y, jamesfamily) & gotoeveryweek(y, cinema))
all:x (customer(x) & in(x, jamesfamily) & (subscribedto(x, amcalist) | subscribedto(x, hbo)))
all:x ((customer(x) & in(x, jamesfamily) & prefer(x, tvseries)) :- (~watchin(x, tv, cinema)))
all:x ((customer(x) & in(x, jamesfamily) &  subscribedto(x, hbo)) :- prefer(x, tvseries))
customer(lily) & in(lily, jamesfamily & watchin(lily, tv, cinema)","gotoeveryweek(lily, cinema)"
792,408,"No trick-shot artist in Yale's varsity team struggles with half court shots.
Everyone on Yale's varsity team is someone who struggles with half court shots or who successfully shoots a high percentage of 3-pointers.  
Everyone on Yale's varsity team who successfully shoots a high percentage of 3-pointers is solid at shooting 2-pointers.  
No one on Yale's varsity team who is solid at shooting 2-pointers is bad at mid-range shots.  
Jack is on Yale's varsity team, and he is either a trick-shot artist or he successfully shoots a high percentage of 3-pointers.","∀x ((In(x, yaleSVarsityTeam) ∧ TrickShotArtist(x)) → ¬StruggleAt(x, halfCourtShot))
∀x (In(x, yaleSVarsityTeam) → (StruggleAt(x, halfCourtShot) ∨ GoodAt(x, threes)))
∀x ((In(x, yaleSVarsityTeam) ∧ GoodAt(x, threes)) → GoodAt(x, twos))
∀x ((In(x, yaleSVarsityTeam) ∧ GoodAt(x, twos)) → BadAt(x, midRangeShot))
In(jack, yaleSVarsityTeam) ∧ (TrickShotArtist(jack) ⊕  GoodAt(jack, threes))","If Jack is solid at shooting 2-pointers or successfully shoots a high percentage of 3-pointers, then Jack struggles at half court shots and is bad at mid-range shots.","GoodAt(jack, twos) ∨ GoodAt(jack, threes) → BadAt(jack, halfCourtShot) ∧ BadAt(jack, midRangeShot)",Uncertain,1141,"all:x ((in(x, yalesvarsityteam) & trickshotartist(x)) :- ~struggleat(x, halfcourtshot))
all:x (in(x, yalesvarsityteam) :- (struggleat(x, halfcourtshot) | goodat(x, threes)))
all:x ((in(x, yalesvarsityteam) & goodat(x, threes)) :- goodat(x, twos))
all:x ((in(x, yalesvarsityteam) & goodat(x, twos)) :- badat(x, midrangeshot))
in(jack, yalesvarsityteam) & (trickshotartist(jack) ^  goodat(jack, threes))","goodat(jack, twos) | goodat(jack, threes) :- badat(jack, halfcourtshot) & badat(jack, midrangeshot)"
793,399,"In Love City, everyone considers physical touch or words of affirmation to be their most important love language.
If someone in Love City considers physical touch as their most important love language, then they are good with pets.
If someone in Love City is good with pets, then they are not scared of animals.
In Love City, everyone is scared of animals, or loves animals, or both.
Adam, who is in Love City, either values physical touch as his most important love language or loves animals.","∀x (In(x, loveCity) → (ConsidersMostImportantLoveLanguage(x, physicalTouch)  ∨ ConsidersMostImportantLoveLanguage(x, wordOfAffirmation))
∀x ((ConsidersMostImportantLoveLanguage(x, physicalTouch)  ∧ In(x, loveCity) → GoodWith(x, pet))
∀x ((GoodWith(x, pet) ∧ In(x, loveCity)) → ¬ScaredOf(x, animal))
∀x (In(x, loveCity) → (ScaredOf(x, animal) ∨ Loves(x, animal)))
(ConsidersMostImportantLoveLanguage(adam, physicalTouch) ⊕ Loves(adam, animal)) ∧ In(adam, loveCity)",Adam considers physical touch as the most important love language and considers words of affirmation as the most important love language.,"ConsidersMostImportantLoveLanguage(adam, physicalTouch) ∧ ConsidersMostImportantLoveLanguage(adam, wordOfAffirmation)",False,1092,"all:x (in(x, lovecity) :- (considersmostimportantlovelanguage(x, physicaltouch)  | considersmostimportantlovelanguage(x, wordofaffirmation))
all:x ((considersmostimportantlovelanguage(x, physicaltouch)  & in(x, lovecity) :- goodwith(x, pet))
all:x ((goodwith(x, pet) & in(x, lovecity)) :- ~scaredof(x, animal))
all:x (in(x, lovecity) :- (scaredof(x, animal) | loves(x, animal)))
(considersmostimportantlovelanguage(adam, physicaltouch) ^ loves(adam, animal)) & in(adam, lovecity)","considersmostimportantlovelanguage(adam, physicaltouch) & considersmostimportantlovelanguage(adam, wordofaffirmation)"
794,408,"No trick-shot artist in Yale's varsity team struggles with half court shots.
Everyone on Yale's varsity team is someone who struggles with half court shots or who successfully shoots a high percentage of 3-pointers.  
Everyone on Yale's varsity team who successfully shoots a high percentage of 3-pointers is solid at shooting 2-pointers.  
No one on Yale's varsity team who is solid at shooting 2-pointers is bad at mid-range shots.  
Jack is on Yale's varsity team, and he is either a trick-shot artist or he successfully shoots a high percentage of 3-pointers.","∀x ((In(x, yaleSVarsityTeam) ∧ TrickShotArtist(x)) → ¬StruggleAt(x, halfCourtShot))
∀x (In(x, yaleSVarsityTeam) → (StruggleAt(x, halfCourtShot) ∨ GoodAt(x, threes)))
∀x ((In(x, yaleSVarsityTeam) ∧ GoodAt(x, threes)) → GoodAt(x, twos))
∀x ((In(x, yaleSVarsityTeam) ∧ GoodAt(x, twos)) → BadAt(x, midRangeShot))
In(jack, yaleSVarsityTeam) ∧ (TrickShotArtist(jack) ⊕  GoodAt(jack, threes))",Jack is either solid at shooting 2-pointers or bad at mid-range shots.,"GoodAt(jack, twos) ⊕ BadAt(jack, midRangeShot)",True,1136,"all:x ((in(x, yalesvarsityteam) & trickshotartist(x)) :- ~struggleat(x, halfcourtshot))
all:x (in(x, yalesvarsityteam) :- (struggleat(x, halfcourtshot) | goodat(x, threes)))
all:x ((in(x, yalesvarsityteam) & goodat(x, threes)) :- goodat(x, twos))
all:x ((in(x, yalesvarsityteam) & goodat(x, twos)) :- badat(x, midrangeshot))
in(jack, yalesvarsityteam) & (trickshotartist(jack) ^  goodat(jack, threes))","goodat(jack, twos) ^ badat(jack, midrangeshot)"
795,19,"Thomas Barber was an English professional footballer.
Thomas Barber played in the Football League for Aston Villa.
Thomas Barber played as a halfback and inside left.
Thomas Barber scored the winning goal in the 1913 FA Cup Final.","English(thomasBarber) ∧ ProfessionalFootballer(thomasBarber)
PlayedFor(thomasBarber, astonVilla) ∧ PlayedIn(astonVilla,theFootballLeague)
PlayedAs(thomasBarber, halfBack) ∧ PlayedAs(thomasBarber, insideLeft)
ScoredTheWinningGoalIn(thomasBarber, facupfinal1913)",An English professional footballer scored the winning goal in the 1913 FA Cup Final.,"∃x (English(x) ∧ ProfessionalFootballer(x) ∧ ScoredTheWinningGoalIn(x, facupfinal1913))",True,56,"english(thomasbarber) & professionalfootballer(thomasbarber)
playedfor(thomasbarber, astonvilla) & playedin(astonvilla,thefootballleague)
playedas(thomasbarber, halfback) & playedas(thomasbarber, insideleft)
scoredthewinninggoalin(thomasbarber, facupfinal1913)","x (english(x) & professionalfootballer(x) & scoredthewinninggoalin(x, facupfinal1913))"
796,78,"Ableton has an office in Germany.
Ableton has an office in the USA.
USA and Germany are different countries.
Any company that has offices in different countries is a multinational company.
Ableton makes music software.","OfficeIn(ableton, germany)
OfficeIn(ableton, unitedStates)
¬SameCountry(germany, unitedStates)
∀x ∀y ∀z (OfficeIn(x, y) ∧ OfficeIn(x, z) ∧ (¬SameCountry(y, z)) → MultinationalCompany(x))
MakesMusicSoftware(ableton)",Ableton does not have an office in Germany.,"¬OfficeIn(ableton, germany)",False,239,"officein(ableton, germany)
officein(ableton, unitedstates)
~samecountry(germany, unitedstates)
all:x all:y all:z (officein(x, y) & officein(x, z) & (~samecountry(y, z)) :- multinationalcompany(x))
makesmusicsoftware(ableton)","~officein(ableton, germany)"
797,463,"All eels are fish. 
No fish are plants. 
Everything displayed in the collection is either a plant or an animal.
All multicellular animals are not bacteria.
All animals displayed in the collection are multicellular.
A sea eel is displayed in the collection.
The sea eel is an eel or an animal or not a plant.","∀x (Eel(x) → Fish(x))
∀x (Fish(x) → ¬Plant(x))
∀x (DisplayedIn(x, collection) → Plant(x) ⊕ Animal(x))
∀x (Multicellular(x) → ¬Bacteria(x))
∀x (DisplayedIn(x, collection) ∧ Animal(x) → Multicellular(x))
DisplayedIn(seaEel, collection)
Eel(seaEel) ∨ Animal(seaEel) ∨ ¬Plant(seaEel)",The sea eel is an eel.,Eel(seaEel),Uncertain,1336,"all:x (eel(x) :- fish(x))
all:x (fish(x) :- ~plant(x))
all:x (displayedin(x, collection) :- plant(x) ^ animal(x))
all:x (multicellular(x) :- ~bacteria(x))
all:x (displayedin(x, collection) & animal(x) :- multicellular(x))
displayedin(seaeel, collection)
eel(seaeel) | animal(seaeel) | ~plant(seaeel)",eel(seaeel)
798,12,"The Croton River watershed is the drainage basin of the Croton River.
The Croton River is in southwestern New York.
Water from the Croton River watershed flows to the Bronx.
The Bronx is in New York.","DrainageBasinOf(crotonRiverWatershed, crotonRiver)
In(crotonRiver, southwesternNewYork)
∀x ((Water(x) ∧ In(x, crotonRiverWatershed)) → FlowsTo(x, bronx))
In(bronx, newYork)",Water from the Croton River watershed flows to somewhere in New York.,"∀x ((Water(x) ∧ From(x, crotonRiverWatershed)) → ∃y(FlowsTo(x, y) ∧ In(y, newYork)))",True,32,"drainagebasinof(crotonriverwatershed, crotonriver)
in(crotonriver, southwesternnewyork)
all:x ((water(x) & in(x, crotonriverwatershed)) :- flowsto(x, bronx))
in(bronx, newyork)","all:x ((water(x) & from(x, crotonriverwatershed)) :- y(flowsto(x, y) & in(y, newyork)))"
799,190,"If a soccer player receives two yellow cards in one game, this player will be ejected from the rest of the game.
If a soccer player receives one red card in one game, this player will be ejected from the rest of the game.
Henry is a soccer player.
In one game, Henry receives one yellow card and one red card.","∀x (SoccerPlayer(x) ∧ Receive(x, twoYellowCard) → EjectFromRestOfGame(x))
∀x (SoccerPlayer(x) ∧ Receive(x, oneRedCard)) → EjectFromRestOfGame(x))   
SoccerPlayer(henry)
Receive(henry, oneYellowCard) ∧ Receive(x, oneRedCard)",Henry will not be ejected from the rest of the game.,¬EjectFromRestOfGame(henry),False,545,"all:x (soccerplayer(x) & receive(x, twoyellowcard) :- ejectfromrestofgame(x))
all:x (soccerplayer(x) & receive(x, oneredcard)) :- ejectfromrestofgame(x))   
soccerplayer(henry)
receive(henry, oneyellowcard) & receive(x, oneredcard)",~ejectfromrestofgame(henry)
