Unnamed: 0,Premises - NL,Conclusions - NL,Truth Values,Premises - FOL,Conclusions - FOL,Comments,Verified by Prover,Premises - CLIF,Conclusions - CLIF,Premises - CLINGO,Conclusions - CLINGO,Premises - CGIF,Conclusions - CGIF,Premises - MINIFOL2,Conclusions - MINIFOL2,Premises - TFLPLUS,Conclusions - TFLPLUS
69,"Brian Winter is a Scottish football referee.
After being injured, Brian Winter retired in 2012.
Brian Winter was appointed as a referee observer after his retirement.
Some football referees become referee observers.
The son of Brian Winter, Andy Winter, is a football player who plays for Hamilton Academical.",Brian Winter is retired.,T,"Scottish(brianWinter) ∧ FootballReferee(brianWinter)
Retired(brianWinter) ∧ RetiredIn(brianWinter, yr2012)
RefereeObserver(brianWinter)
∃x (FootballReferee(x) ∧ RefereeObserver(x))
SonOf(andyWinter, brianWinter) ∧ FootballPlayer(andyWinter) ∧ PlaysFor(andyWinter, hamiltonAcademical)",Retired(brianwinter),,,"scottish(brianwinter) and footballreferee(brianwinter)
retired(brianwinter) and retiredin(brianwinter, yr2012)
refereeobserver(brianwinter)
exists x (footballreferee(x) and refereeobserver(x))
sonof(andywinter, brianwinter) and footballplayer(andywinter) and playsfor(andywinter, hamiltonacademical)",retired(brianwinter),"scottish(brianwinter) , footballreferee(brianwinter)
retired(brianwinter) , retiredin(brianwinter, yr2012)
refereeobserver(brianwinter)
 (footballreferee(x) , refereeobserver(x))
sonof(andywinter, brianwinter) , footballplayer(andywinter) , playsfor(andywinter, hamiltonacademical)",retired(brianwinter),"[scottish[(brianwinter)]  footballreferee[(brianwinter)]
retired[(brianwinter)]  retiredin[(brianwinter  yr2012)]
refereeobserver[(brianwinter)]
*x [(footballreferee[(?x)]  refereeobserver[(?x)])]
sonof[(andywinter  brianwinter)]  footballplayer[(andywinter)]  playsfor[(andywinter  hamiltonacademical)]]",[retired[(brianwinter)]],"scottish(brianwinter) & footballreferee(brianwinter)
retired(brianwinter) & retiredin(brianwinter, yr2012)
refereeobserver(brianwinter)
x (footballreferee(x) & refereeobserver(x))
sonof(andywinter, brianwinter) & footballplayer(andywinter) & playsfor(andywinter, hamiltonacademical)",retired(brianwinter),+S2(+b2)++F2(+b2)+R2(+b2)++R2+R2(+b2)+(+F1++R1)+S2++F2(+a2)++P2,+R2(+b2)
77,"Jan Jelinek makes glitch and minimal techno music.
Anyone making glitch, minimal techno, or microhouse is an electronic musician.
Jan Jelinek publishes music through the Faitiche label.
Any musician releasing music through a label is a signed musician.",Jan Jelinek is an electronic musician.,T,"Make(janJelinek, glitch) ∧ Make(janJelinek, minimalTechno)
∀x ((Make(x, glitch) ∨ Make(x, minimalTechno) ∨ Make(x, microHouse)) → ElectronicMusician(x))
PublishThroughLabel(janJelinek, faitiche)
∀x ((∃y(PublishThroughLabel(x, y))) → SignedMusician(x))",ElectronicMusician(janJelinek),,,"make(janjelinek, glitch) and make(janjelinek, minimaltechno)
forall x ((make(x, glitch) or make(x, minimaltechno) or make(x, microhouse)) implies electronicmusician(x))
publishthroughlabel(janjelinek, faitiche)
forall x ((exists y(publishthroughlabel(x, y))) implies signedmusician(x))",electronicmusician(janjelinek),"make(janjelinek, glitch) , make(janjelinek, minimaltechno)
forall ((make(x, glitch) | make(x, minimaltechno) | make(x, microhouse)) -: electronicmusician(x))
publishthroughlabel(janjelinek, faitiche)
forall (((publishthroughlabel(x, y))) -: signedmusician(x))",electronicmusician(janjelinek),"[make[(janjelinek  glitch)]  make[(janjelinek  minimaltechno)]
@every *x [([(make[(?x  glitch)]  make[(?x  minimaltechno)]  make[(?x  microhouse)])]  electronicmusician[(?x)])]
publishthroughlabel[(janjelinek  faitiche)]
@every *x [([(*y[(publishthroughlabel[(?x  y)])])]  signedmusician[(?x)])]]",[electronicmusician[(janjelinek)]],"make(janjelinek, glitch) & make(janjelinek, minimaltechno)
all:x ((make(x, glitch) | make(x, minimaltechno) | make(x, microhouse)) :- electronicmusician(x))
publishthroughlabel(janjelinek, faitiche)
all:x ((y(publishthroughlabel(x, y))) :- signedmusician(x))",electronicmusician(janjelinek),+M2++M2-((+M0-+M0-+M0)-+E0)+P2-((+(+P1))-+S1),+E2(+j2)
85,"Diethylcarbamazine is a medication discovered in the year 1947.
Diethylcarbamazine can be used to treat river blindness.
The only preferred treatment for river blindness is ivermectin.
Diethylcarbamazine is not ivermectin.",Diethylcarbamazine was often used to treat river blindness.,U,"Medication(diethylcarbamazine) ∧ DiscoversIn(diethylcarbamazine, yr1947)
Treats(diethylcarbamazine, riverBlindness)
PreferredTreatmentFor(riverBlindness, ivermectin)
¬(Is(diethylcarbamazine, ivermectin))","Treats(diethylcarbamazine, riverBlindness)",,,"medication(diethylcarbamazine) and discoversin(diethylcarbamazine, yr1947)
treats(diethylcarbamazine, riverblindness)
preferredtreatmentfor(riverblindness, ivermectin)
not (is(diethylcarbamazine, ivermectin))","treats(diethylcarbamazine, riverblindness)","medication(diethylcarbamazine) , discoversin(diethylcarbamazine, yr1947)
treats(diethylcarbamazine, riverblindness)
preferredtreatmentfor(riverblindness, ivermectin)
not(is(diethylcarbamazine, ivermectin))","treats(diethylcarbamazine, riverblindness)","[medication[(diethylcarbamazine)]  discoversin[(diethylcarbamazine  yr1947)]
treats[(diethylcarbamazine  riverblindness)]
preferredtreatmentfor[(riverblindness  ivermectin)]
~[(is[(diethylcarbamazine  ivermectin)])]]",[treats[(diethylcarbamazine  riverblindness)]],"medication(diethylcarbamazine) & discoversin(diethylcarbamazine, yr1947)
treats(diethylcarbamazine, riverblindness)
preferredtreatmentfor(riverblindness, ivermectin)
~(is(diethylcarbamazine, ivermectin))","treats(diethylcarbamazine, riverblindness)",+M2(+d2)++D2+T2+P2-(+I2),+T2
55,"A businessperson is someone who has ownership over part of a company. 
People who own a company make money from it. 
A businessperson can be either a businessman or a businesswoman. 
Many businesspersons are extroverted.
Businesspersons can handle money well.
Bob is a businessman who has ownership over Microsoft.",Bob is a businessperson who makes money off Microsoft.,T,"∀x (BusinessPerson(x) → ∃y(Company(y) ∧ Ownership(x, y)))
∀x ∀y (Ownership(x, y) → MakeMoney(x, y))
∀x (BusinessPerson(x) → (BusinessMan(x) ⊕ BusinessWoman(x)))
∃x (BusinessPerson(x) ∧ Extrovert(x))
∀x (BusinessPerson(x) → HandleMoney(x))
BusinessPerson(bob) ∧ Ownership(bob, microsoft)","BusinessPerson(bob) ∧ MakeMoney(bob, microsoft)",,,"forall x (businessperson(x) implies exists y(company(y) and ownership(x, y)))
forall x forall y (ownership(x, y) implies makemoney(x, y))
forall x (businessperson(x) implies (businessman(x) xor businesswoman(x)))
exists x (businessperson(x) and extrovert(x))
forall x (businessperson(x) implies handlemoney(x))
businessperson(bob) and ownership(bob, microsoft)","businessperson(bob) and makemoney(bob, microsoft)","forall (businessperson(x) -: (company(y) , ownership(x, y)))
forall forall (ownership(x, y) -: makemoney(x, y))
forall (businessperson(x) -: (businessman(x) ^ businesswoman(x)))
 (businessperson(x) , extrovert(x))
forall (businessperson(x) -: handlemoney(x))
businessperson(bob) , ownership(bob, microsoft)","businessperson(bob) , makemoney(bob, microsoft)","[@every *x [(businessperson[(?x)]  *y[(company[(?y)]  ownership[(?x  y)])])]
@every *x @every *y [(ownership[(?x  y)]  makemoney[(?x  y)])]
@every *x [(businessperson[(?x)]  [(businessman[(?x)]  businesswoman[(?x)])])]
*x [(businessperson[(?x)]  extrovert[(?x)])]
@every *x [(businessperson[(?x)]  handlemoney[(?x)])]
businessperson[(bob)]  ownership[(bob  microsoft)]]",[businessperson[(bob)]  makemoney[(bob  microsoft)]],"all:x (businessperson(x) :- y(company(y) & ownership(x, y)))
all:x all:y (ownership(x, y) :- makemoney(x, y))
all:x (businessperson(x) :- (businessman(x) ^ businesswoman(x)))
x (businessperson(x) & extrovert(x))
all:x (businessperson(x) :- handlemoney(x))
businessperson(bob) & ownership(bob, microsoft)","businessperson(bob) & makemoney(bob, microsoft)",-(+B0-+(+C1++O1))--(+O0-+M0)-(+B0-(+B0-+B0))+(+B1++E1)-(+B0-+H0)+B2(+b2)++O2,+B2(+b2)++M2
49,"Quincy McDuffie is an American professional wide receiver in Canadian Football.
People who can catch balls are good wide receivers. 
Quincy McDuffie can catch some footballs easily.
Good wide receivers play professionally.
Good wide receivers can catch with both their left and right hand.
All footballs are balls.",Quincy McDuffie can catch every ball.,U,"American(quincyMcduffie) ∧ Professional(quincyMcduffie) ∧ WideReciever(quincyMcduffie) ∧ PlaysIn(quincyMcduffie, cFL)
∀x ((∃y(CanCatch(x, y) ∧ Ball(y))) → GoodWideReceiver(x))
∃x ∃y (Football(x) ∧ CanCatch(quincymcduffie, x)) ∧ (¬(x=y) ∧ (Football(y) ∧ CanCatch(quincymcduffie, y))
∀x (GoodWideReceiver(x) → Professional(x))
∀x (GoodWideReceiver(x) → (CanCatchWith(x, lefthand) ∧ CanCatchWith(x, righthand)))
∀x (Football(x) → Ball(x))","∀x (Ball(x) → CanCatch(quincymcduffie, x))",,,"american(quincymcduffie) and professional(quincymcduffie) and widereciever(quincymcduffie) and playsin(quincymcduffie, cfl)
forall x ((exists y(cancatch(x, y) and ball(y))) implies goodwidereceiver(x))
exists x exists y (football(x) and cancatch(quincymcduffie, x)) and (not (x=y) and (football(y) and cancatch(quincymcduffie, y))
forall x (goodwidereceiver(x) implies professional(x))
forall x (goodwidereceiver(x) implies (cancatchwith(x, lefthand) and cancatchwith(x, righthand)))
forall x (football(x) implies ball(x))","forall x (ball(x) implies cancatch(quincymcduffie, x))","american(quincymcduffie) , professional(quincymcduffie) , widereciever(quincymcduffie) , playsin(quincymcduffie, cfl)
forall (((cancatch(x, y) , ball(y))) -: goodwidereceiver(x))
  (football(x) , cancatch(quincymcduffie, x)) , (not(x=y) , (football(y) , cancatch(quincymcduffie, y))
forall (goodwidereceiver(x) -: professional(x))
forall (goodwidereceiver(x) -: (cancatchwith(x, lefthand) , cancatchwith(x, righthand)))
forall (football(x) -: ball(x))","forall (ball(x) -: cancatch(quincymcduffie, x))","[american[(quincymcduffie)]  professional[(quincymcduffie)]  widereciever[(quincymcduffie)]  playsin[(quincymcduffie  cfl)]
@every *x [([(*y[(cancatch[(?x  y)]  ball[(?y)])])]  goodwidereceiver[(?x)])]
*x *y [(football[(?x)]  cancatch[(quincymcduffie  x)])]  [(~[(?x=y)]  [(football[(?y)]  cancatch[(quincymcduffie  y)])]
@every *x [(goodwidereceiver[(?x)]  professional[(?x)])]
@every *x [(goodwidereceiver[(?x)]  [(cancatchwith[(?x  lefthand)]  cancatchwith[(?x  righthand)])])]
@every *x [(football[(?x)]  ball[(?x)])]]",[@every *x [(ball[(?x)]  cancatch[(quincymcduffie  x)])]],"american(quincymcduffie) & professional(quincymcduffie) & widereciever(quincymcduffie) & playsin(quincymcduffie, cfl)
all:x ((y(cancatch(x, y) & ball(y))) :- goodwidereceiver(x))
x y (football(x) & cancatch(quincymcduffie, x)) & (~(x=y) & (football(y) & cancatch(quincymcduffie, y))
all:x (goodwidereceiver(x) :- professional(x))
all:x (goodwidereceiver(x) :- (cancatchwith(x, lefthand) & cancatchwith(x, righthand)))
all:x (football(x) :- ball(x))","all:x (ball(x) :- cancatch(quincymcduffie, x))",+A2(+q2)++P2(+q2)++W2(+q2)++P2-((+(+C1++B1))-+G1)++(+F1++C1)+(-(+x1)+(+F1++C1)-(+G0-+P0)-(+G0-(+C0++C0))-(+F0-+B0),-(+B0-+C0)
57,"All pets are animals.
Pets can be either a dog or a cat.
If a person has a pet, they care for that pet. 
Dogs and cats can be naughty. 
Pets who are naughty are not liked as much. 
Charlie has a naughty pet dog named Leo. ",Charlie does not like Leo and does not care for Leo.,F,"∀x (Pet(x) → Animal(x))
∀x (Pet(x) → (Dog(x) ⊕ Cat(x)))
∀x ∀y ((Pet(y) ∧ OwnedBy(x,y)) → Cares(x, y))
∃x ∃y (Cat(x) ∧ Naughty(x) ∧ (¬(x=y)) ∧ Dog(y) ∧ Naughty(y))
∀x ∀y ((Pet(x) ∧ Naughty(x) ∧ OwnedBy(x,y)) → ¬Liked(x, y))
OwnedBy(leo, charlie) ∧ Pet(leo) ∧ Dog(leo) ∧ Naughty(leo)","¬Liked(leo, charlie) ∧ ¬Cares(charlie, leo)",,,"forall x (pet(x) implies animal(x))
forall x (pet(x) implies (dog(x) xor cat(x)))
forall x forall y ((pet(y) and ownedby(x,y)) implies cares(x, y))
exists x exists y (cat(x) and naughty(x) and (not (x=y)) and dog(y) and naughty(y))
forall x forall y ((pet(x) and naughty(x) and ownedby(x,y)) implies not liked(x, y))
ownedby(leo, charlie) and pet(leo) and dog(leo) and naughty(leo)","not liked(leo, charlie) and not cares(charlie, leo)","forall (pet(x) -: animal(x))
forall (pet(x) -: (dog(x) ^ cat(x)))
forall forall ((pet(y) , ownedby(x,)) -: cares(x, y))
  (cat(x) , naughty(x) , (not(x=y)) , dog(y) , naughty(y))
forall forall ((pet(x) , naughty(x) , ownedby(x,)) -: notliked(x, y))
ownedby(leo, charlie) , pet(leo) , dog(leo) , naughty(leo)","notliked(leo, charlie) , notcares(charlie, leo)","[@every *x [(pet[(?x)]  animal[(?x)])]
@every *x [(pet[(?x)]  [(dog[(?x)]  cat[(?x)])])]
@every *x @every *y [([(pet[(?y)]  ownedby[(?x ?y)])]  cares[(?x  y)])]
*x *y [(cat[(?x)]  naughty[(?x)]  [(~[(?x=y)])]  dog[(?y)]  naughty[(?y)])]
@every *x @every *y [([(pet[(?x)]  naughty[(?x)]  ownedby[(?x ?y)])]  ~liked[(?x  y)])]
ownedby[(leo  charlie)]  pet[(leo)]  dog[(leo)]  naughty[(leo)]]",~[liked[(leo  charlie)]  ~cares[(charlie  leo)]],"all:x (pet(x) :- animal(x))
all:x (pet(x) :- (dog(x) ^ cat(x)))
all:x all:y ((pet(y) & ownedby(x,y)) :- cares(x, y))
x y (cat(x) & naughty(x) & (~(x=y)) & dog(y) & naughty(y))
all:x all:y ((pet(x) & naughty(x) & ownedby(x,y)) :- ~liked(x, y))
ownedby(leo, charlie) & pet(leo) & dog(leo) & naughty(leo)","~liked(leo, charlie) & ~cares(charlie, leo)",-(+P0-+A0)-(+P0-(+D0-+C0))--((+P0++O0)-+C0)++(+C1++N1+(-(+x1))++D1++N1)--((+P0++N0++O0)--+L0)+O2++P2(+l2)++D2(+l2)++N2(+l2),-+L2+-+C2
14,"The USS Salem is a heavy cruiser built for the United States Navy.
The last heavy cruiser to enter service was the USS Salem.
The USS Salem is a museum ship.
Museum ships are open to the public.
The USS Salem served in the Atlantic and Mediterranean.",The USS Salem is open to the public.,T,"HeavyCruiser(usssalem) ∧ BuiltFor(usssalem, unitedstatesnavy)
LastHeavyCruiserToEnterService(usssalem)
MuseumShip(usssalem)
∀x (MuseumShip(x) → OpenToPublic(x))
ServedIn(usssalem, atlantic) ∧ ServedIn(usssalem, mediterranean)",OpenToPublic(usssalem),,,"heavycruiser(usssalem) and builtfor(usssalem, unitedstatesnavy)
lastheavycruisertoenterservice(usssalem)
museumship(usssalem)
forall x (museumship(x) implies opentopublic(x))
servedin(usssalem, atlantic) and servedin(usssalem, mediterranean)",opentopublic(usssalem),"heavycruiser(usssalem) , builtfor(usssalem, unitedstatesnavy)
lastheavycruisertoenterservice(usssalem)
museumship(usssalem)
forall (museumship(x) -: opentopublic(x))
servedin(usssalem, atlantic) , servedin(usssalem, mediterranean)",opentopublic(usssalem),"[heavycruiser[(usssalem)]  builtfor[(usssalem  unitedstatesnavy)]
lastheavycruisertoenterservice[(usssalem)]
museumship[(usssalem)]
@every *x [(museumship[(?x)]  opentopublic[(?x)])]
servedin[(usssalem  atlantic)]  servedin[(usssalem  mediterranean)]]",[opentopublic[(usssalem)]],"heavycruiser(usssalem) & builtfor(usssalem, unitedstatesnavy)
lastheavycruisertoenterservice(usssalem)
museumship(usssalem)
all:x (museumship(x) :- opentopublic(x))
servedin(usssalem, atlantic) & servedin(usssalem, mediterranean)",opentopublic(usssalem),+H2(+u2)++B2+L2(+u2)+M2(+u2)-(+M0-+O0)+S2++S2,+O2(+u2)
13,"System 7 is a UK-based electronic dance music band.
Steve Hillage and Miquette Giraudy formed System 7.
Steve Hillage and Miquette Giraudy are former members of the band Gong.
Electric dance music bands are bands.
System 7 has released several club singles.
Club singles are not singles.",System 7 has released several singles.,U,"BasedIn(system7, uk) ∧ ElectronicDanceMusicBand(system7)
Form(stevehillage, system7) ∧ Form(miquettegiraudy, system7)
FormerMemberOf(stevehillage, gong) ∧ FormerMemberOf(miquettegiraudy, gong)
∀x (ElectronicDanceMusicBand(x) → Band(x))
∃x (ClubSingle(x) ∧ Release(system7, x))
∀x (ClubSingle(x) → ¬Single(x))","∃x (Single(x) ∧ Release(system7, x))",,,"basedin(system7, uk) and electronicdancemusicband(system7)
form(stevehillage, system7) and form(miquettegiraudy, system7)
formermemberof(stevehillage, gong) and formermemberof(miquettegiraudy, gong)
forall x (electronicdancemusicband(x) implies band(x))
exists x (clubsingle(x) and release(system7, x))
forall x (clubsingle(x) implies not single(x))","exists x (single(x) and release(system7, x))","basedin(system7, uk) , electronicdancemusicband(system7)
form(stevehillage, system7) , form(miquettegiraudy, system7)
formermemberof(stevehillage, gong) , formermemberof(miquettegiraudy, gong)
forall (electronicdancemusicband(x) -: band(x))
 (clubsingle(x) , release(system7, x))
forall (clubsingle(x) -: notsingle(x))"," (single(x) , release(system7, x))","[basedin[(system7  uk)]  electronicdancemusicband[(system7)]
form[(stevehillage  system7)]  form[(miquettegiraudy  system7)]
formermemberof[(stevehillage  gong)]  formermemberof[(miquettegiraudy  gong)]
@every *x [(electronicdancemusicband[(?x)]  band[(?x)])]
*x [(clubsingle[(?x)]  release[(system7  x)])]
@every *x [(clubsingle[(?x)]  ~single[(?x)])]]",[*x [(single[(?x)]  release[(system7  x)])]],"basedin(system7, uk) & electronicdancemusicband(system7)
form(stevehillage, system7) & form(miquettegiraudy, system7)
formermemberof(stevehillage, gong) & formermemberof(miquettegiraudy, gong)
all:x (electronicdancemusicband(x) :- band(x))
x (clubsingle(x) & release(system7, x))
all:x (clubsingle(x) :- ~single(x))","x (single(x) & release(system7, x))",+B2++E2(+s2)+F2++F2+F2++F2-(+E0-+B0)+(+C1++R1)-(+C0--+S0),+(+S1++R1)
26,"Some mammals have teeth.
Platypuses have no teeth.
Platypuses are mammals. 
Humans have teeth.",Platypuses are reptiles.,U,"∃x ∃y (Mammal(x) ∧ Mammal(y) ∧ (¬(x=y)) ∧ Have(x, teeth) ∧ Have(y, teeth))
¬Have(platypus, teeth)
Mammal(platypus)
Have(humans, teeth)",Reptile(platypus),,,"exists x exists y (mammal(x) and mammal(y) and (not (x=y)) and have(x, teeth) and have(y, teeth))
not have(platypus, teeth)
mammal(platypus)
have(humans, teeth)",reptile(platypus),"  (mammal(x) , mammal(y) , (not(x=y)) , have(x, teeth) , have(y, teeth))
nothave(platypus, teeth)
mammal(platypus)
have(humans, teeth)",reptile(platypus),"[*x *y [(mammal[(?x)]  mammal[(?y)]  [(~[(?x=y)])]  have[(?x  teeth)]  have[(?y  teeth)])]
~have[(platypus  teeth)]
mammal[(platypus)]
have[(humans  teeth)]]",[reptile[(platypus)]],"x y (mammal(x) & mammal(y) & (~(x=y)) & have(x, teeth) & have(y, teeth))
~have(platypus, teeth)
mammal(platypus)
have(humans, teeth)",reptile(platypus),++(+M1++M1+(-(+x1))++H1++H1)-+H1+M2(+p2)+H2,+R2(+p2)
32,"Hugh Vanstone is one of the world's leading lighting designers. 
Hugh Vanstone is from the UK.
Hugh Vanstone has lit more than 160 productions.
Hugh Vanstone attended a school where he is from. ",Hugh Vanstone attended a school in the United States.,U,"WorldLeadingLightingDesigner(hughVanstone)
From(hughVanstone, unitedKingdom)
∃x(GreaterThan(x, num160) ∧ LitProductions(hughVanstone,x))
∃x(Hometown(hughVanstone,x) ∧ AttendedSchoolIn(hughVanstone,x))","AttendedSchoolIn(hughVanstone, unitedStates)",,,"worldleadinglightingdesigner(hughvanstone)
from(hughvanstone, unitedkingdom)
exists x(greaterthan(x, num160) and litproductions(hughvanstone,x))
exists x(hometown(hughvanstone,x) and attendedschoolin(hughvanstone,x))","attendedschoolin(hughvanstone, unitedstates)","worldleadinglightingdesigner(hughvanstone)
from(hughvanstone, unitedkingdom)
(greaterthan(x, num160) , litproductions(hughvanstone,))
(hometown(hughvanstone,) , attendedschoolin(hughvanstone,))","attendedschoolin(hughvanstone, unitedstates)","[worldleadinglightingdesigner[(hughvanstone)]
from[(hughvanstone  unitedkingdom)]
*x[(greaterthan[(?x  num160)]  litproductions[(hughvanstone ?x)])]
*x[(hometown[(hughvanstone ?x)]  attendedschoolin[(hughvanstone ?x)])]]",[attendedschoolin[(hughvanstone  unitedstates)]],"worldleadinglightingdesigner(hughvanstone)
from(hughvanstone, unitedkingdom)
x(greaterthan(x, num160) & litproductions(hughvanstone,x))
x(hometown(hughvanstone,x) & attendedschoolin(hughvanstone,x))","attendedschoolin(hughvanstone, unitedstates)",+W2(+h2)+F2+(+G1++L1)+(+H1++A1),+A2
88,"Bernarda Bryson Shahn was a painter and lithographer.
Bernarda Bryson Shahn was born in Athens, Ohio. 
Bernarda Bryson Shahn was married to Ben Shahn.
People born in Athens, Ohio, are Americans.",Bernarda Bryson Shahn was born in Greece.,U,"Painter(bernardaBrysonShahn) ∧ Lithographer(bernardaBrysonShahn)
BornIn(bernardaBrysonShahn, athensOhio)
MarriedTo(bernardaBrysonShahn, benShahn)
∀x (BornIn(x, athensOhio) → American(x))","BornIn(bernardaBrysonShahn, greece)",,,"painter(bernardabrysonshahn) and lithographer(bernardabrysonshahn)
bornin(bernardabrysonshahn, athensohio)
marriedto(bernardabrysonshahn, benshahn)
forall x (bornin(x, athensohio) implies american(x))","bornin(bernardabrysonshahn, greece)","painter(bernardabrysonshahn) , lithographer(bernardabrysonshahn)
bornin(bernardabrysonshahn, athensohio)
marriedto(bernardabrysonshahn, benshahn)
forall (bornin(x, athensohio) -: american(x))","bornin(bernardabrysonshahn, greece)","[painter[(bernardabrysonshahn)]  lithographer[(bernardabrysonshahn)]
bornin[(bernardabrysonshahn  athensohio)]
marriedto[(bernardabrysonshahn  benshahn)]
@every *x [(bornin[(?x  athensohio)]  american[(?x)])]]",[bornin[(bernardabrysonshahn  greece)]],"painter(bernardabrysonshahn) & lithographer(bernardabrysonshahn)
bornin(bernardabrysonshahn, athensohio)
marriedto(bernardabrysonshahn, benshahn)
all:x (bornin(x, athensohio) :- american(x))","bornin(bernardabrysonshahn, greece)",+P2(+b2)++L2(+b2)+B2+M2-(+B0-+A0),+B2
23,"All books written by Cixin Liu have sold more than 1 million copies. 
Some books that have won the Hugo Award were written by Cixin Liu.
All books about the future are forward-looking.
The book Three-Body Problem has sold more than 1 million copies.
The Three-Body Problem is about the future.",The Three-Body Problem is forward-looking.,T,"∀x ((Book(x) ∧ WrittenBy(x, cixinLiu)) → ∃y(MoreThan(y, oneMillion) ∧ Sold(x,y)))
∃x (Won(x, hugoAward) ∧ Book(x) ∧ WrittenBy(x, cixinLiu))
∀x ((Book(x) ∧ AboutFuture(x)) → FowardLooking(x))
Book(threeBodyProblem) ∧ ∃y(MoreThan(y, oneMillion) ∧ Sold(threeBodyProblem,y))
AboutFuture(threeBodyProblem)",AboutFuture(threeBodyProblem),,,"forall x ((book(x) and writtenby(x, cixinliu)) implies exists y(morethan(y, onemillion) and sold(x,y)))
exists x (won(x, hugoaward) and book(x) and writtenby(x, cixinliu))
forall x ((book(x) and aboutfuture(x)) implies fowardlooking(x))
book(threebodyproblem) and exists y(morethan(y, onemillion) and sold(threebodyproblem,y))
aboutfuture(threebodyproblem)",aboutfuture(threebodyproblem),"forall ((book(x) , writtenby(x, cixinliu)) -: (morethan(y, onemillion) , sold(x,)))
 (won(x, hugoaward) , book(x) , writtenby(x, cixinliu))
forall ((book(x) , aboutfuture(x)) -: fowardlooking(x))
book(threebodyproblem) , (morethan(y, onemillion) , sold(threebodyproblem,))
aboutfuture(threebodyproblem)",aboutfuture(threebodyproblem),"[@every *x [([(book[(?x)]  writtenby[(?x  cixinliu)])]  *y[(morethan[(?y  onemillion)]  sold[(?x ?y)])])]
*x [(won[(?x  hugoaward)]  book[(?x)]  writtenby[(?x  cixinliu)])]
@every *x [([(book[(?x)]  aboutfuture[(?x)])]  fowardlooking[(?x)])]
book[(threebodyproblem)]  *y[(morethan[(?y  onemillion)]  sold[(threebodyproblem ?y)])]
aboutfuture[(threebodyproblem)]]",[aboutfuture[(threebodyproblem)]],"all:x ((book(x) & writtenby(x, cixinliu)) :- y(morethan(y, onemillion) & sold(x,y)))
x (won(x, hugoaward) & book(x) & writtenby(x, cixinliu))
all:x ((book(x) & aboutfuture(x)) :- fowardlooking(x))
book(threebodyproblem) & y(morethan(y, onemillion) & sold(threebodyproblem,y))
aboutfuture(threebodyproblem)",aboutfuture(threebodyproblem),-((+B0++W0)-+(+M1++S1))+(+W1++B1++W1)-((+B0++A0)-+F0)+B2(+t2)++(+M1++S1)+A2(+t2),+A2(+t2)
12,"The Croton River watershed is the drainage basin of the Croton River.
The Croton River is in southwestern New York.
Water from the Croton River watershed flows to the Bronx.
The Bronx is in New York.",Water from the Croton River flows to the Bronx.,U,"DrainageBasinOf(crotonRiverWatershed, crotonRiver)
In(crotonRiver, southwesternNewYork)
∀x ((Water(x) ∧ In(x, crotonRiverWatershed)) → FlowsTo(x, bronx))
In(bronx, newYork)","∀x (Water(x) ∧ From(x, crotonRiver) → FlowsTo(x, bronx))",,,"drainagebasinof(crotonriverwatershed, crotonriver)
in(crotonriver, southwesternnewyork)
forall x ((water(x) and in(x, crotonriverwatershed)) implies flowsto(x, bronx))
in(bronx, newyork)","forall x (water(x) and from(x, crotonriver) implies flowsto(x, bronx))","drainagebasinof(crotonriverwatershed, crotonriver)
in(crotonriver, southwesternnewyork)
forall ((water(x) , in(x, crotonriverwatershed)) -: flowsto(x, bronx))
in(bronx, newyork)","forall (water(x) , from(x, crotonriver) -: flowsto(x, bronx))","[drainagebasinof[(crotonriverwatershed  crotonriver)]
in[(crotonriver  southwesternnewyork)]
@every *x [([(water[(?x)]  in[(?x  crotonriverwatershed)])]  flowsto[(?x  bronx)])]
in[(bronx  newyork)]]",[@every *x [(water[(?x)]  from[(?x  crotonriver)]  flowsto[(?x  bronx)])]],"drainagebasinof(crotonriverwatershed, crotonriver)
in(crotonriver, southwesternnewyork)
all:x ((water(x) & in(x, crotonriverwatershed)) :- flowsto(x, bronx))
in(bronx, newyork)","all:x (water(x) & from(x, crotonriver) :- flowsto(x, bronx))",+D2+I2-((+W0++I0)-+F0)+I2,-(+W0++F0-+F0)
38,"The Metropolitan Museum of Art is a museum in NYC.
Whitney Museum of American Art is a museum in NYC.
The Museum of Modern Art (MoMA) is a museum in NYC. 
The Metropolitan Museum of Art includes Byzantine and Islamic Art. 
Whitney Museum of American Art includes American art.",A museum in NYC includes American art.,T,"Museum(metropolitanMuseumOfArt) ∧ In(metropolitanMuseumOfArt, nYC)
Museum(whitneyMuseumOfAmericanArt) ∧ In(metropolitanMuseumOfArt, nYC)
Museum(museumOfModernArt) ∧ In(museumOfModernArt, nYC)
Include(metropolitanMuseumOfArt, byzantineArt) ∧ Include(metropolitanMuseumOfArt, islamicArt)
Include(whitneyMuseumOfAmericanArt, americanArt)","∃x (Museum(x) ∧ In(x, nYC) ∧ Include(x, americanArt))",,,"museum(metropolitanmuseumofart) and in(metropolitanmuseumofart, nyc)
museum(whitneymuseumofamericanart) and in(metropolitanmuseumofart, nyc)
museum(museumofmodernart) and in(museumofmodernart, nyc)
include(metropolitanmuseumofart, byzantineart) and include(metropolitanmuseumofart, islamicart)
include(whitneymuseumofamericanart, americanart)","exists x (museum(x) and in(x, nyc) and include(x, americanart))","museum(metropolitanmuseumofart) , in(metropolitanmuseumofart, nyc)
museum(whitneymuseumofamericanart) , in(metropolitanmuseumofart, nyc)
museum(museumofmodernart) , in(museumofmodernart, nyc)
include(metropolitanmuseumofart, byzantineart) , include(metropolitanmuseumofart, islamicart)
include(whitneymuseumofamericanart, americanart)"," (museum(x) , in(x, nyc) , include(x, americanart))","[museum[(metropolitanmuseumofart)]  in[(metropolitanmuseumofart  nyc)]
museum[(whitneymuseumofamericanart)]  in[(metropolitanmuseumofart  nyc)]
museum[(museumofmodernart)]  in[(museumofmodernart  nyc)]
include[(metropolitanmuseumofart  byzantineart)]  include[(metropolitanmuseumofart  islamicart)]
include[(whitneymuseumofamericanart  americanart)]]",[*x [(museum[(?x)]  in[(?x  nyc)]  include[(?x  americanart)])]],"museum(metropolitanmuseumofart) & in(metropolitanmuseumofart, nyc)
museum(whitneymuseumofamericanart) & in(metropolitanmuseumofart, nyc)
museum(museumofmodernart) & in(museumofmodernart, nyc)
include(metropolitanmuseumofart, byzantineart) & include(metropolitanmuseumofart, islamicart)
include(whitneymuseumofamericanart, americanart)","x (museum(x) & in(x, nyc) & include(x, americanart))",+M2(+m2)++I2+M2(+w2)++I2+M2(+m2)++I2+I2++I2+I2,+(+M1++I1++I1)
59,"Some monitors equipped in the lab are produced by the company named AOC. 
All monitors equipped in the lab are cheaper than their original prices. 
If a monitor is cheaper than its original price, then its resolution is 1080p. 
If a monitor has a resolution of 1080p, then it does not support the type-c port. 
LG34 is equipped in the lab.  ",LG34 machine is produced by AOC.,U,"∃x ∃y  (LabMonitor(x) ∧ AOC(x) ∧ (¬(x=y)) ∧ LabMonitor(y) ∧ AOC(y))
∀x (LabMonitor(x) → Discounted(x))
∀x (Discounted(x) → A1080p(x))
∀x (A1080p(x) → ¬TypeC(x))
LabMonitor(lg-34)",AOC(lg-34),,,"exists x exists y  (labmonitor(x) and aoc(x) and (not (x=y)) and labmonitor(y) and aoc(y))
forall x (labmonitor(x) implies discounted(x))
forall x (discounted(x) implies a1080p(x))
forall x (a1080p(x) implies not typec(x))
labmonitor(lg-34)",aoc(lg-34),"   (labmonitor(x) , aoc(x) , (not(x=y)) , labmonitor(y) , aoc(y))
forall (labmonitor(x) -: discounted(x))
forall (discounted(x) -: a1080p(x))
forall (a1080p(x) -: nottypec(x))
labmonitor(lg-34)",aoc(lg-34),"[*x *y  [(labmonitor[(?x)]  aoc[(?x)]  [(~[(?x=y)])]  labmonitor[(?y)]  aoc[(?y)])]
@every *x [(labmonitor[(?x)]  discounted[(?x)])]
@every *x [(discounted[(?x)]  a1080p[(?x)])]
@every *x [(a1080p[(?x)]  ~typec[(?x)])]
labmonitor[(lg-34)]]",[aoc[(lg-34)]],"x y  (labmonitor(x) & aoc(x) & (~(x=y)) & labmonitor(y) & aoc(y))
all:x (labmonitor(x) :- discounted(x))
all:x (discounted(x) :- a1080p(x))
all:x (a1080p(x) :- ~typec(x))
labmonitor(lg-34)",aoc(lg-34),++(+L1++A1+(-(+x1))++L1++A1)-(+L0-+D0)-(+D0-+A0)-(+A0--+T0)+L2(+l2),+A2(+l2)
24,"If a Leetcode problem is at the easy level, then its AC rate is lower than 20 percent. 
All Leetcode problems that are recommended to novices are easy. 
A Leetode problem is either easy or hard.
Leetcode problems that are starred by more than one thousand users are hard.
2Sum is recommended to novices. 
4Sum is starred by more than 1,000 users.",2Sum is a Leetcode problem at the easy level.,T,"∀x (Easy(x) → ∃y (LessThan(y, percent20) ∧ ACRate(x,y)))
∀x (Recommended(x) → Easy(x))
∀x (Easy(x) ⊕ Hard(x))
∀x (Starred(x)) → Hard(x))
Recommended(twosum)
Starred(foursum)",Easy(twosum),,,"forall x (easy(x) implies exists y (lessthan(y, percent20) and acrate(x,y)))
forall x (recommended(x) implies easy(x))
forall x (easy(x) xor hard(x))
forall x (starred(x)) implies hard(x))
recommended(twosum)
starred(foursum)",easy(twosum),"forall (easy(x) -:  (lessthan(y, percent20) , acrate(x,)))
forall (recommended(x) -: easy(x))
forall (easy(x) ^ hard(x))
forall (starred(x)) -: hard(x))
recommended(twosum)
starred(foursum)",easy(twosum),"[@every *x [(easy[(?x)]  *y [(lessthan[(?y  percent20)]  acrate[(?x ?y)])])]
@every *x [(recommended[(?x)]  easy[(?x)])]
@every *x [(easy[(?x)]  hard[(?x)])]
@every *x [(starred[(?x)])]  hard[(?x)])]
recommended[(twosum)]
starred[(foursum)]]",[easy[(twosum)]],"all:x (easy(x) :- y (lessthan(y, percent20) & acrate(x,y)))
all:x (recommended(x) :- easy(x))
all:x (easy(x) ^ hard(x))
all:x (starred(x)) :- hard(x))
recommended(twosum)
starred(foursum)",easy(twosum),-(+E0-+(+L1++A1))-(+R0-+E0)-(+E0-+H0)-(+S0)-+H0)+R2(+t2)+S2(+f2),+E2(+t2)
49,"Quincy McDuffie is an American professional wide receiver in Canadian Football.
People who can catch balls are good wide receivers. 
Quincy McDuffie can catch some footballs easily.
Good wide receivers play professionally.
Good wide receivers can catch with both their left and right hand.
All footballs are balls.",Quincy McDuffie is a good wide receiver.,T,"American(quincyMcduffie) ∧ Professional(quincyMcduffie) ∧ WideReciever(quincyMcduffie) ∧ PlaysIn(quincyMcduffie, cFL)
∀x ((∃y(CanCatch(x, y) ∧ Ball(y))) → GoodWideReceiver(x))
∃x ∃y (Football(x) ∧ CanCatch(quincymcduffie, x)) ∧ (¬(x=y) ∧ (Football(y) ∧ CanCatch(quincymcduffie, y))
∀x (GoodWideReceiver(x) → Professional(x))
∀x (GoodWideReceiver(x) → (CanCatchWith(x, lefthand) ∧ CanCatchWith(x, righthand)))
∀x (Football(x) → Ball(x))",GoodWideReceiver(quincyMcduffie),,,"american(quincymcduffie) and professional(quincymcduffie) and widereciever(quincymcduffie) and playsin(quincymcduffie, cfl)
forall x ((exists y(cancatch(x, y) and ball(y))) implies goodwidereceiver(x))
exists x exists y (football(x) and cancatch(quincymcduffie, x)) and (not (x=y) and (football(y) and cancatch(quincymcduffie, y))
forall x (goodwidereceiver(x) implies professional(x))
forall x (goodwidereceiver(x) implies (cancatchwith(x, lefthand) and cancatchwith(x, righthand)))
forall x (football(x) implies ball(x))",goodwidereceiver(quincymcduffie),"american(quincymcduffie) , professional(quincymcduffie) , widereciever(quincymcduffie) , playsin(quincymcduffie, cfl)
forall (((cancatch(x, y) , ball(y))) -: goodwidereceiver(x))
  (football(x) , cancatch(quincymcduffie, x)) , (not(x=y) , (football(y) , cancatch(quincymcduffie, y))
forall (goodwidereceiver(x) -: professional(x))
forall (goodwidereceiver(x) -: (cancatchwith(x, lefthand) , cancatchwith(x, righthand)))
forall (football(x) -: ball(x))",goodwidereceiver(quincymcduffie),"[american[(quincymcduffie)]  professional[(quincymcduffie)]  widereciever[(quincymcduffie)]  playsin[(quincymcduffie  cfl)]
@every *x [([(*y[(cancatch[(?x  y)]  ball[(?y)])])]  goodwidereceiver[(?x)])]
*x *y [(football[(?x)]  cancatch[(quincymcduffie  x)])]  [(~[(?x=y)]  [(football[(?y)]  cancatch[(quincymcduffie  y)])]
@every *x [(goodwidereceiver[(?x)]  professional[(?x)])]
@every *x [(goodwidereceiver[(?x)]  [(cancatchwith[(?x  lefthand)]  cancatchwith[(?x  righthand)])])]
@every *x [(football[(?x)]  ball[(?x)])]]",[goodwidereceiver[(quincymcduffie)]],"american(quincymcduffie) & professional(quincymcduffie) & widereciever(quincymcduffie) & playsin(quincymcduffie, cfl)
all:x ((y(cancatch(x, y) & ball(y))) :- goodwidereceiver(x))
x y (football(x) & cancatch(quincymcduffie, x)) & (~(x=y) & (football(y) & cancatch(quincymcduffie, y))
all:x (goodwidereceiver(x) :- professional(x))
all:x (goodwidereceiver(x) :- (cancatchwith(x, lefthand) & cancatchwith(x, righthand)))
all:x (football(x) :- ball(x))",goodwidereceiver(quincymcduffie),+A2(+q2)++P2(+q2)++W2(+q2)++P2-((+(+C1++B1))-+G1)++(+F1++C1)+(-(+x1)+(+F1++C1)-(+G0-+P0)-(+G0-(+C0++C0))-(+F0-+B0),+G2(+q2)
65,"If a person coaches a football club, the person is a football coach.
If a person has a position in a club in a year, and the club is in NFL in the same year, the person plays in NFL.
Minnesota Vikings is a football club.
Dennis Green coached Minnesota Vikings.
Cris Carter had 13 touchdown receptions.
Minnesota Vikings were in the National Football League in 1997.
John Randle was Minnesota Vikings defensive tackle in 1997.",Dennis Green is a football coach.,T,"∀x ∀y ((Coach(x, y) ∧ FootballClub(y)) → FootballCoach(x))
∀w ∀x ∀y ∀z ((PlayPositionFor(x, w, y, z) ∧ InNFL(y, z)) → PlayInNFL(x))
FootballClub(minnesotaVikings)
Coach(dennisGreen, minnesotaVikings)
ReceiveTD(crisCarter, num13)
InNFL(minnesotaVikings, yr1997)
PlayPositionFor(johnRandle, defensiveTackle, minnesotaVikings, yr1997)",FootballCoach(dennisGreen),,,"forall x forall y ((coach(x, y) and footballclub(y)) implies footballcoach(x))
forall w forall x forall y forall z ((playpositionfor(x, w, y, z) and innfl(y, z)) implies playinnfl(x))
footballclub(minnesotavikings)
coach(dennisgreen, minnesotavikings)
receivetd(criscarter, num13)
innfl(minnesotavikings, yr1997)
playpositionfor(johnrandle, defensivetackle, minnesotavikings, yr1997)",footballcoach(dennisgreen),"forall forall ((coach(x, y) , footballclub(y)) -: footballcoach(x))
forall forall forall forall ((playpositionfor(x, w, y, z) , innfl(y, z)) -: playinnfl(x))
footballclub(minnesotavikings)
coach(dennisgreen, minnesotavikings)
receivetd(criscarter, num13)
innfl(minnesotavikings, yr1997)
playpositionfor(johnrandle, defensivetackle, minnesotavikings, yr1997)",footballcoach(dennisgreen),"[@every *x @every *y [([(coach[(?x  y)]  footballclub[(?y)])]  footballcoach[(?x)])]
@every *w @every *x @every *y @every *z [([(playpositionfor[(?x  w  y  z)]  innfl[(?y  z)])]  playinnfl[(?x)])]
footballclub[(minnesotavikings)]
coach[(dennisgreen  minnesotavikings)]
receivetd[(criscarter  num13)]
innfl[(minnesotavikings  yr1997)]
playpositionfor[(johnrandle  defensivetackle  minnesotavikings  yr1997)]]",[footballcoach[(dennisgreen)]],"all:x all:y ((coach(x, y) & footballclub(y)) :- footballcoach(x))
all:w all:x all:y all:z ((playpositionfor(x, w, y, z) & innfl(y, z)) :- playinnfl(x))
footballclub(minnesotavikings)
coach(dennisgreen, minnesotavikings)
receivetd(criscarter, num13)
innfl(minnesotavikings, yr1997)
playpositionfor(johnrandle, defensivetackle, minnesotavikings, yr1997)",footballcoach(dennisgreen),--((+C0++F0)-+F0)----((+P0++I0)-+P0)+F2(+m2)+C2+R2+I2+P2,+F2(+d2)
27,"Xiufeng, Xiangshan, Diecai, Qixing are districts in the city of Guilin.
Yangshuo is not a district in Guilin. ",Xiangshan and Diecai are districts in the same city.,T,"DistrictIn(xiufeng, guilin) ∧ DistrictIn(xiangshan, guilin) ∧ DistrictIn(diecai, guilin) ∧ DistrictIn(qixing, guilin) ∧ City(guilin)
¬DistrictIn(yangshuo, guilin)","∃x (DistrictIn(xiangshan, x) ∧ DistrictIn(diecai, x) ∧ City(x))",,,"districtin(xiufeng, guilin) and districtin(xiangshan, guilin) and districtin(diecai, guilin) and districtin(qixing, guilin) and city(guilin)
not districtin(yangshuo, guilin)","exists x (districtin(xiangshan, x) and districtin(diecai, x) and city(x))","districtin(xiufeng, guilin) , districtin(xiangshan, guilin) , districtin(diecai, guilin) , districtin(qixing, guilin) , city(guilin)
notdistrictin(yangshuo, guilin)"," (districtin(xiangshan, x) , districtin(diecai, x) , city(x))","[districtin[(xiufeng  guilin)]  districtin[(xiangshan  guilin)]  districtin[(diecai  guilin)]  districtin[(qixing  guilin)]  city[(guilin)]
~districtin[(yangshuo  guilin)]]",[*x [(districtin[(?xiangshan  x)]  districtin[(diecai  x)]  city[(?x)])]],"districtin(xiufeng, guilin) & districtin(xiangshan, guilin) & districtin(diecai, guilin) & districtin(qixing, guilin) & city(guilin)
~districtin(yangshuo, guilin)","x (districtin(xiangshan, x) & districtin(diecai, x) & city(x))",+D2++D2++D2++D2++C2(+g2)-+D2,+(+D1++D1++C1)
8,"Miroslav Venhoda was a Czech choral conductor who specialized in the performance of Renaissance and Baroque music.
Any choral conductor is a musician.
Some musicians love music.
Miroslav Venhoda published a book in 1946 called Method of Studying Gregorian Chant.",A Czech published a book in 1946.,T,"Czech(miroslav) ∧ ChoralConductor(miroslav) ∧ SpecializeInPerformanceOf(miroslav, renaissanceMusic) ∧ SpecializeInPerformanceOf(miroslav, baroqueMusic)
∀x (ChoralConductor(x) → Musician(x))
∃x ∃y ((Musician(x) → Love(x, music)) ∧ (¬(x=y) ∧ Musician(y) → Love(y, music)))
PublishedBook(miroslav, methodOfStudyingGregorianChant, yr1946)","∃x ∃y (Czech(x) ∧ PublishedBook(x, y, year1946))",,,"czech(miroslav) and choralconductor(miroslav) and specializeinperformanceof(miroslav, renaissancemusic) and specializeinperformanceof(miroslav, baroquemusic)
forall x (choralconductor(x) implies musician(x))
exists x exists y ((musician(x) implies love(x, music)) and (not (x=y) and musician(y) implies love(y, music)))
publishedbook(miroslav, methodofstudyinggregorianchant, yr1946)","exists x exists y (czech(x) and publishedbook(x, y, year1946))","czech(miroslav) , choralconductor(miroslav) , specializeinperformanceof(miroslav, renaissancemusic) , specializeinperformanceof(miroslav, baroquemusic)
forall (choralconductor(x) -: musician(x))
  ((musician(x) -: love(x, music)) , (not(x=y) , musician(y) -: love(y, music)))
publishedbook(miroslav, methodofstudyinggregorianchant, yr1946)","  (czech(x) , publishedbook(x, y, year1946))","[czech[(miroslav)]  choralconductor[(miroslav)]  specializeinperformanceof[(miroslav  renaissancemusic)]  specializeinperformanceof[(miroslav  baroquemusic)]
@every *x [(choralconductor[(?x)]  musician[(?x)])]
*x *y [([(musician[(?x)]  love[(?x  music)])]  [(~[(?x=y)]  musician[(?y)]  love[(?y  music)])])]
publishedbook[(miroslav  methodofstudyinggregorianchant  yr1946)]]",[*x *y [(czech[(?x)]  publishedbook[(?x  y  year1946)])]],"czech(miroslav) & choralconductor(miroslav) & specializeinperformanceof(miroslav, renaissancemusic) & specializeinperformanceof(miroslav, baroquemusic)
all:x (choralconductor(x) :- musician(x))
x y ((musician(x) :- love(x, music)) & (~(x=y) & musician(y) :- love(y, music)))
publishedbook(miroslav, methodofstudyinggregorianchant, yr1946)","x y (czech(x) & publishedbook(x, y, year1946))",+C2(+m2)++C2(+m2)++S2++S2-(+C0-+M0)++((+M1-+L1)+(-(+x1)++M1-+L1))+P2,++(+C1++P1)
74,"Camp Davern is a traditional summer camp for boys and girls.
Camp Davern was established in the year 1946.
Camp Davern was operated by the YMCA until the year 2015.
Camp Davern is an old summer camp.",A traditional summer camp for boys and girls was operated by the YMCA until the year 2015.,T,"TraditionalSummerCamp(campDavern) ∧ ForBoysAndGirls(campDavern)
EstablishedIn(campDavern, year1946)
OperatedUntil(yMCA, campDavern, year2015)
Old(campDavern)","∃x (TraditionalSummerCamp(x) ∧ ForBoysAndGirls(x) ∧ OperatedUntil(YMCA, x, year2015))",,,"traditionalsummercamp(campdavern) and forboysandgirls(campdavern)
establishedin(campdavern, year1946)
operateduntil(ymca, campdavern, year2015)
old(campdavern)","exists x (traditionalsummercamp(x) and forboysandgirls(x) and operateduntil(ymca, x, year2015))","traditionalsummercamp(campdavern) , forboysandgirls(campdavern)
establishedin(campdavern, year1946)
operateduntil(ymca, campdavern, year2015)
old(campdavern)"," (traditionalsummercamp(x) , forboysandgirls(x) , operateduntil(ymca, x, year2015))","[traditionalsummercamp[(campdavern)]  forboysandgirls[(campdavern)]
establishedin[(campdavern  year1946)]
operateduntil[(ymca  campdavern  year2015)]
old[(campdavern)]]",[*x [(traditionalsummercamp[(?x)]  forboysandgirls[(?x)]  operateduntil[(ymca  x  year2015)])]],"traditionalsummercamp(campdavern) & forboysandgirls(campdavern)
establishedin(campdavern, year1946)
operateduntil(ymca, campdavern, year2015)
old(campdavern)","x (traditionalsummercamp(x) & forboysandgirls(x) & operateduntil(ymca, x, year2015))",+T2(+c2)++F2(+c2)+E2+O2+O2(+c2),+(+T1++F1++O1)
16,"Notable people with the given name include Dagfinn Aarskog, Dagfinn Bakke and Dagfinn Dahl.
Dagfinn Aarskog is a Norwegian physician.
Dagfinn Dahl is a Norwegian barrister.",Dagfinn Dahl is a Norwegian physician.,U,"
GivenName(nameDagfinn) ∧ Named(dagfinnAarskog, nameDagfinn) ∧ NotablePerson(dagfinnAarskog) ∧ Named(dagfinnBakke, nameDagfinn) ∧ NotablePerson(dagfinnBakke)  ∧ Named(dagfinnDahl, nameDagfinn) ∧ NotablePerson(dagfinnDahl)
Norwegian(dagfinnAarskog) ∧ Physician(dagfinnAarskog)
Norwegian(dagfinnDahl) ∧ Barrister(dagfinnDahl)",Norwegian(dagfinnDahl) ∧ Physician(dagfinnDahl),,,"
givenname(namedagfinn) and named(dagfinnaarskog, namedagfinn) and notableperson(dagfinnaarskog) and named(dagfinnbakke, namedagfinn) and notableperson(dagfinnbakke)  and named(dagfinndahl, namedagfinn) and notableperson(dagfinndahl)
norwegian(dagfinnaarskog) and physician(dagfinnaarskog)
norwegian(dagfinndahl) and barrister(dagfinndahl)",norwegian(dagfinndahl) and physician(dagfinndahl),"
givenname(namedagfinn) , named(dagfinnaarskog, namedagfinn) , notableperson(dagfinnaarskog) , named(dagfinnbakke, namedagfinn) , notableperson(dagfinnbakke)  , named(dagfinndahl, namedagfinn) , notableperson(dagfinndahl)
norwegian(dagfinnaarskog) , physician(dagfinnaarskog)
norwegian(dagfinndahl) , barrister(dagfinndahl)","norwegian(dagfinndahl) , physician(dagfinndahl)","[
givenname[(namedagfinn)]  named[(dagfinnaarskog  namedagfinn)]  notableperson[(dagfinnaarskog)]  named[(dagfinnbakke  namedagfinn)]  notableperson[(dagfinnbakke)]   named[(dagfinndahl  namedagfinn)]  notableperson[(dagfinndahl)]
norwegian[(dagfinnaarskog)]  physician[(dagfinnaarskog)]
norwegian[(dagfinndahl)]  barrister[(dagfinndahl)]]",[norwegian[(dagfinndahl)]  physician[(dagfinndahl)]],"
givenname(namedagfinn) & named(dagfinnaarskog, namedagfinn) & notableperson(dagfinnaarskog) & named(dagfinnbakke, namedagfinn) & notableperson(dagfinnbakke)  & named(dagfinndahl, namedagfinn) & notableperson(dagfinndahl)
norwegian(dagfinnaarskog) & physician(dagfinnaarskog)
norwegian(dagfinndahl) & barrister(dagfinndahl)",norwegian(dagfinndahl) & physician(dagfinndahl),+G2(+n2)++N2++N2(+d2)++N2++N2(+d2)++N2++N2(+d2)+N2(+d2)++P2(+d2)+N2(+d2)++B2(+d2),+N2(+d2)++P2(+d2)
70,"Michael O'Donnell is a British physician, journalist, author, and broadcaster.
One of the word-setters of My Word! was Michael O'Donnell.
The magazine World Medicine was edited by Michael O'Donnell.
Michael O'Donnell was born in Yorkshire as the son of a general practitioner.",There are no British authors.,F,"British(michael) ∧ Physician(michael) ∧ Journalist(michael) ∧ Author(michael) ∧ Broadcaster(michael)
WordSetter(michael)
Magazine(worldMedicine) ∧ EditedBy(worldMedicine, michael)
BornIn(michael, yorkshire) ∧ ∃x(SonOf(michael, x) ∧ GeneralPractitioner(x))",∀x (British(x) → ¬Author(x)),,,"british(michael) and physician(michael) and journalist(michael) and author(michael) and broadcaster(michael)
wordsetter(michael)
magazine(worldmedicine) and editedby(worldmedicine, michael)
bornin(michael, yorkshire) and exists x(sonof(michael, x) and generalpractitioner(x))",forall x (british(x) implies not author(x)),"british(michael) , physician(michael) , journalist(michael) , author(michael) , broadcaster(michael)
wordsetter(michael)
magazine(worldmedicine) , editedby(worldmedicine, michael)
bornin(michael, yorkshire) , (sonof(michael, x) , generalpractitioner(x))",forall (british(x) -: notauthor(x)),"[british[(michael)]  physician[(michael)]  journalist[(michael)]  author[(michael)]  broadcaster[(michael)]
wordsetter[(michael)]
magazine[(worldmedicine)]  editedby[(worldmedicine  michael)]
bornin[(michael  yorkshire)]  *x[(sonof[(michael  x)]  generalpractitioner[(?x)])]]",[@every *x [(british[(?x)]  ~author[(?x)])]],"british(michael) & physician(michael) & journalist(michael) & author(michael) & broadcaster(michael)
wordsetter(michael)
magazine(worldmedicine) & editedby(worldmedicine, michael)
bornin(michael, yorkshire) & x(sonof(michael, x) & generalpractitioner(x))",all:x (british(x) :- ~author(x)),+B2(+m2)++P2(+m2)++J2(+m2)++A2(+m2)++B2(+m2)+W2(+m2)+M2(+w2)++E2+B2++(+S1++G1),-(+B0--+A0)
46,"Breeding back is a form of artificial selection by the deliberate selective breeding of domestic animals.
Heck cattle were bred back in the 1920s to resemble the aurochs.
Heck cattle are animals.
Aurochs are animals.
Some animals to be bred back resemble extinct animals.",Aurochs are extinct.,U,"∀x (BreedingBack(x) → (ArtificialSelection(x) ∧ DeliberateSelectiveBreedingOfDomesticAnimals(x)))
∃x ∃y (HeckCattle(x) ∧ BreedingBack(x) ∧ Auroch(y) ∧ Resemble(x, y))
∀x (HeckCattle(x) → Animal(x))
∀x (Auroch(x) → Animal(x))
∃x ∃y (Animal(x) ∧ Animal(y) ∧ (¬(x=y)) ∧ BreedingBack(x) ∧ BreedingBack(y) ∧ (∃w(Dead(w) ∧ Resemble(x, w)) ∧ (¬(w=z)) ∧ (∃z(Dead(z) ∧ Resemble(y, z))))",∀x (Auroch(x) → Dead(x)),,,"forall x (breedingback(x) implies (artificialselection(x) and deliberateselectivebreedingofdomesticanimals(x)))
exists x exists y (heckcattle(x) and breedingback(x) and auroch(y) and resemble(x, y))
forall x (heckcattle(x) implies animal(x))
forall x (auroch(x) implies animal(x))
exists x exists y (animal(x) and animal(y) and (not (x=y)) and breedingback(x) and breedingback(y) and (exists w(dead(w) and resemble(x, w)) and (not (w=z)) and (exists z(dead(z) and resemble(y, z))))",forall x (auroch(x) implies dead(x)),"forall (breedingback(x) -: (artificialselection(x) , deliberateselectivebreedingofdomesticanimals(x)))
  (heckcattle(x) , breedingback(x) , auroch(y) , resemble(x, y))
forall (heckcattle(x) -: animal(x))
forall (auroch(x) -: animal(x))
  (animal(x) , animal(y) , (not(x=y)) , breedingback(x) , breedingback(y) , ((dead(w) , resemble(x, w)) , (not(w=z)) , ((dead(z) , resemble(y, z))))",forall (auroch(x) -: dead(x)),"[@every *x [(breedingback[(?x)]  [(artificialselection[(?x)]  deliberateselectivebreedingofdomesticanimals[(?x)])])]
*x *y [(heckcattle[(?x)]  breedingback[(?x)]  auroch[(?y)]  resemble[(?x  y)])]
@every *x [(heckcattle[(?x)]  animal[(?x)])]
@every *x [(auroch[(?x)]  animal[(?x)])]
*x *y [(animal[(?x)]  animal[(?y)]  [(~[(?x=y)])]  breedingback[(?x)]  breedingback[(?y)]  [(*w[(dead[(?w)]  resemble[(?x  w)])]  [(~[(?w=z)])]  [(*z[(dead[(?z)]  resemble[(?y  z)])])])]]",[@every *x [(auroch[(?x)]  dead[(?x)])]],"all:x (breedingback(x) :- (artificialselection(x) & deliberateselectivebreedingofdomesticanimals(x)))
x y (heckcattle(x) & breedingback(x) & auroch(y) & resemble(x, y))
all:x (heckcattle(x) :- animal(x))
all:x (auroch(x) :- animal(x))
x y (animal(x) & animal(y) & (~(x=y)) & breedingback(x) & breedingback(y) & (w(dead(w) & resemble(x, w)) & (~(w=z)) & (z(dead(z) & resemble(y, z))))",all:x (auroch(x) :- dead(x)),-(+B0-(+A0++D0))++(+H1++B1++A1++R1)-(+H0-+A0)-(+A0-+A0)++(+A1++A1+(-(+x1))++B1++B1+(+(+D1++R1)+(-(+w1))+(+(+D1++R1))),-(+A0-+D0)
44,"Andrew Wilson is a British historian and political scientist.
Andrew Wilson specializes in all countries in Eastern Europe.
Poland is in Eastern Europe.
Andrew Wilson is born in Britain.
Britain is not in Eastern Europe.",Andrew Wilson is born in Eastern Europe.,U,"British(andrewWilson) ∧ Historian(andrewWilson) ∧ PoliticalScientist(andrewWilson)
∀x (LocatedIn(x, easternEurope)→ SpecializeIn(andrewWilson, x))
LocatedIn(poland, easternEurope)
BornIn(andrewWilson, britain)
¬LocatedIn(britain, easternEurope)","BornIn(andrewWilson, easternEurope)",,,"british(andrewwilson) and historian(andrewwilson) and politicalscientist(andrewwilson)
forall x (locatedin(x, easterneurope)implies specializein(andrewwilson, x))
locatedin(poland, easterneurope)
bornin(andrewwilson, britain)
not locatedin(britain, easterneurope)","bornin(andrewwilson, easterneurope)","british(andrewwilson) , historian(andrewwilson) , politicalscientist(andrewwilson)
forall (locatedin(x, easterneurope)-: specializein(andrewwilson, x))
locatedin(poland, easterneurope)
bornin(andrewwilson, britain)
notlocatedin(britain, easterneurope)","bornin(andrewwilson, easterneurope)","[british[(andrewwilson)]  historian[(andrewwilson)]  politicalscientist[(andrewwilson)]
@every *x [(locatedin[(?x  easterneurope)] specializein[(andrewwilson  x)])]
locatedin[(poland  easterneurope)]
bornin[(andrewwilson  britain)]
~locatedin[(britain  easterneurope)]]",[bornin[(andrewwilson  easterneurope)]],"british(andrewwilson) & historian(andrewwilson) & politicalscientist(andrewwilson)
all:x (locatedin(x, easterneurope):- specializein(andrewwilson, x))
locatedin(poland, easterneurope)
bornin(andrewwilson, britain)
~locatedin(britain, easterneurope)","bornin(andrewwilson, easterneurope)",+B2(+a2)++H2(+a2)++P2(+a2)-(+L0-+S0)+L2+B2-+L2,+B2
72,"Enterococcus durans is a species of Enterococcus.
Enterococcus durans is a gram-positive, catalase- and oxidase-negative, coccus bacterium.
Some strains of Enterococcus durans have been identified as producers of anti-inflammatory agents.
All known anti-inflammatory agents have been studied in medical research.",Enterococcus durans does not produce anything that is being studied.,F,"∀x (EnterococcusDurans(x) → Species(x, enterococcus))
∀x (EnterococcusDurans(x) → GramPositive(x) ∧ CatalaseNegative(x) ∧ OxidaseNegative(x) ∧ Coccus(x) ∧ Bacteria(x))
∃x ∃y (EnterococcusDurans(x) ∧ AntiInflammatoryAgent(y) ∧ Produces(x, y))
∀x (AntiInflammatoryAgent(x) → Studied(x))","∀x ∀y (EnterococcusDurans(x) ∧ Produces(x, y) → ¬Studied(y))",,,"forall x (enterococcusdurans(x) implies species(x, enterococcus))
forall x (enterococcusdurans(x) implies grampositive(x) and catalasenegative(x) and oxidasenegative(x) and coccus(x) and bacteria(x))
exists x exists y (enterococcusdurans(x) and antiinflammatoryagent(y) and produces(x, y))
forall x (antiinflammatoryagent(x) implies studied(x))","forall x forall y (enterococcusdurans(x) and produces(x, y) implies not studied(y))","forall (enterococcusdurans(x) -: species(x, enterococcus))
forall (enterococcusdurans(x) -: grampositive(x) , catalasenegative(x) , oxidasenegative(x) , coccus(x) , bacteria(x))
  (enterococcusdurans(x) , antiinflammatoryagent(y) , produces(x, y))
forall (antiinflammatoryagent(x) -: studied(x))","forall forall (enterococcusdurans(x) , produces(x, y) -: notstudied(y))","[@every *x [(enterococcusdurans[(?x)]  species[(?x  enterococcus)])]
@every *x [(enterococcusdurans[(?x)]  grampositive[(?x)]  catalasenegative[(?x)]  oxidasenegative[(?x)]  coccus[(?x)]  bacteria[(?x)])]
*x *y [(enterococcusdurans[(?x)]  antiinflammatoryagent[(?y)]  produces[(?x  y)])]
@every *x [(antiinflammatoryagent[(?x)]  studied[(?x)])]]",[@every *x @every *y [(enterococcusdurans[(?x)]  produces[(?x  y)]  ~studied[(?y)])]],"all:x (enterococcusdurans(x) :- species(x, enterococcus))
all:x (enterococcusdurans(x) :- grampositive(x) & catalasenegative(x) & oxidasenegative(x) & coccus(x) & bacteria(x))
x y (enterococcusdurans(x) & antiinflammatoryagent(y) & produces(x, y))
all:x (antiinflammatoryagent(x) :- studied(x))","all:x all:y (enterococcusdurans(x) & produces(x, y) :- ~studied(y))",-(+E0-+S0)-(+E0-+G0++C0++O0++C0++B0)++(+E1++A1++P1)-(+A0-+S0),--(+E0++P0--+S0)
17,"Odell is an English surname originating in Odell, Bedfordshire.
In some families, Odell is spelled O'Dell in a mistaken Irish adaptation.
Notable people with surnames include Amy Odell, Jack Odell, and Mats Odell.
Amy Odell is a British singer-songwriter.
Jack Odell is an English toy inventor.",Jack Odell is a notable person.,T,"Surname(nameODell) ∧ From(nameODell, oDellBedfordshire)
MistakenSpellingOf(nameO'Dell, nameODell) ∧ (∃x∃y(Family(x) ∧ Named(x, nameO'Dell) ∧ (¬(x=y)) ∧ Family(y) ∧ Named(y, nameO'Dell))
Named(amyODell, nameODell) ∧ NotablePerson(amyODell) ∧ Named(jackODell, nameODell) ∧ NotablePerson(jackODell) ∧ Named(matsODell, nameODell) ∧ NotablePerson(matsODell)
British(amyODell) ∧ Singer(amyODell) ∧ SongWriter(amyODell)
English(jackODell) ∧ ToyInventor(jackODell)",NotablePerson(jackODell),,,"surname(nameodell) and from(nameodell, odellbedfordshire)
mistakenspellingof(nameo'dell, nameodell) and (exists xexists y(family(x) and named(x, nameo'dell) and (not (x=y)) and family(y) and named(y, nameo'dell))
named(amyodell, nameodell) and notableperson(amyodell) and named(jackodell, nameodell) and notableperson(jackodell) and named(matsodell, nameodell) and notableperson(matsodell)
british(amyodell) and singer(amyodell) and songwriter(amyodell)
english(jackodell) and toyinventor(jackodell)",notableperson(jackodell),"surname(nameodell) , from(nameodell, odellbedfordshire)
mistakenspellingof(nameo'dell, nameodell) , ((family(x) , named(x, nameo'dell) , (not(x=y)) , family(y) , named(y, nameo'dell))
named(amyodell, nameodell) , notableperson(amyodell) , named(jackodell, nameodell) , notableperson(jackodell) , named(matsodell, nameodell) , notableperson(matsodell)
british(amyodell) , singer(amyodell) , songwriter(amyodell)
english(jackodell) , toyinventor(jackodell)",notableperson(jackodell),"[surname[(nameodell)]  from[(nameodell  odellbedfordshire)]
mistakenspellingof[(nameo'dell  nameodell)]  [(*x*y[(family[(?x)]  named[(?x  nameo'dell)]  [(~[(?x=y)])]  family[(?y)]  named[(?y  nameo'dell)])]
named[(amyodell  nameodell)]  notableperson[(amyodell)]  named[(jackodell  nameodell)]  notableperson[(jackodell)]  named[(matsodell  nameodell)]  notableperson[(matsodell)]
british[(amyodell)]  singer[(amyodell)]  songwriter[(amyodell)]
english[(jackodell)]  toyinventor[(jackodell)]]",[notableperson[(jackodell)]],"surname(nameodell) & from(nameodell, odellbedfordshire)
mistakenspellingof(nameo'dell, nameodell) & (xy(family(x) & named(x, nameo'dell) & (~(x=y)) & family(y) & named(y, nameo'dell))
named(amyodell, nameodell) & notableperson(amyodell) & named(jackodell, nameodell) & notableperson(jackodell) & named(matsodell, nameodell) & notableperson(matsodell)
british(amyodell) & singer(amyodell) & songwriter(amyodell)
english(jackodell) & toyinventor(jackodell)",notableperson(jackodell),+S2(+n2)++F2+M2+(++(+F1++N1+(-(+x1))++F1++N1)+N2++N2(+a2)++N2++N2(+j2)++N2++N2(+m2)+B2(+a2)++S2(+a2)++S2(+a2)+E2(+j2)++T2(+j2),+N2(+j2)
26,"Some mammals have teeth.
Platypuses have no teeth.
Platypuses are mammals. 
Humans have teeth.",Platypuses are mammals with no teeth.,T,"∃x ∃y (Mammal(x) ∧ Mammal(y) ∧ (¬(x=y)) ∧ Have(x, teeth) ∧ Have(y, teeth))
¬Have(platypus, teeth)
Mammal(platypus)
Have(humans, teeth)","Mammal(platypus) ∧ (¬Have(platypus, teeth))",,,"exists x exists y (mammal(x) and mammal(y) and (not (x=y)) and have(x, teeth) and have(y, teeth))
not have(platypus, teeth)
mammal(platypus)
have(humans, teeth)","mammal(platypus) and (not have(platypus, teeth))","  (mammal(x) , mammal(y) , (not(x=y)) , have(x, teeth) , have(y, teeth))
nothave(platypus, teeth)
mammal(platypus)
have(humans, teeth)","mammal(platypus) , (nothave(platypus, teeth))","[*x *y [(mammal[(?x)]  mammal[(?y)]  [(~[(?x=y)])]  have[(?x  teeth)]  have[(?y  teeth)])]
~have[(platypus  teeth)]
mammal[(platypus)]
have[(humans  teeth)]]",[mammal[(platypus)]  [(~have[(platypus  teeth)])]],"x y (mammal(x) & mammal(y) & (~(x=y)) & have(x, teeth) & have(y, teeth))
~have(platypus, teeth)
mammal(platypus)
have(humans, teeth)","mammal(platypus) & (~have(platypus, teeth))",++(+M1++M1+(-(+x1))++H1++H1)-+H1+M2(+p2)+H2,+M2(+p2)+(-+H2)
73,"Ambiortus is a prehistoric bird genus.
Ambiortus Dementjevi is the only known species of Ambiortus.
Mongolia was where Ambiortus Dementjevi lived.
Yevgeny Kurochkin was the discoverer of Ambiortus.",Yevgeny Kurochkin discovered a new bird genus.,T,"Prehistoric(ambiortus) ∧ BirdGenus(ambiortus)
∀x(KnownSpeciesOf(x, ambiortus) → IsSpecies(x, ambiortusDementjevi))
LiveIn(ambiortusDementjevi, mongolia)
Discover(yevgenykurochkin, ambiortus)","∃x (Discover(yevgenykurochkin, x) ∧ BirdGenus(x))",,,"prehistoric(ambiortus) and birdgenus(ambiortus)
forall x(knownspeciesof(x, ambiortus) implies isspecies(x, ambiortusdementjevi))
livein(ambiortusdementjevi, mongolia)
discover(yevgenykurochkin, ambiortus)","exists x (discover(yevgenykurochkin, x) and birdgenus(x))","prehistoric(ambiortus) , birdgenus(ambiortus)
forall(knownspeciesof(x, ambiortus) -: isspecies(x, ambiortusdementjevi))
livein(ambiortusdementjevi, mongolia)
discover(yevgenykurochkin, ambiortus)"," (discover(yevgenykurochkin, x) , birdgenus(x))","[prehistoric[(ambiortus)]  birdgenus[(ambiortus)]
@every *x[(knownspeciesof[(?x  ambiortus)]  isspecies[(?x  ambiortusdementjevi)])]
livein[(ambiortusdementjevi  mongolia)]
discover[(yevgenykurochkin  ambiortus)]]",[*x [(discover[(yevgenykurochkin  x)]  birdgenus[(?x)])]],"prehistoric(ambiortus) & birdgenus(ambiortus)
all:x(knownspeciesof(x, ambiortus) :- isspecies(x, ambiortusdementjevi))
livein(ambiortusdementjevi, mongolia)
discover(yevgenykurochkin, ambiortus)","x (discover(yevgenykurochkin, x) & birdgenus(x))",+P2(+a2)++B2(+a2)-(+K0-+I0)+L2+D2,+(+D1++B1)
99,"Shafaq-Asiman is a large complex of offshore geological structures in the Caspian Sea.
Baku is northwest of Shafaq-Asiman.
If place A is northwest of place B, then place B is southeast of place A.",A large complex is southeast of Baku.,T,"LargeComplex(shafaq-asiman) ∧ LargeComplex(shafaq-asiman) ∧ Offshore(shafaq-asiman) ∧ GeologicalStructures(shafaq-asiman) ∧ In(shafaq-asiman, caspiansea)
NorthwestOf(baku, shafaq-asiman)
∀x ∀y (NorthwestOf(x, y) → SoutheastOf(y, x))","∃x (LargeComplex(x) ∧ SoutheastOf(x, baku))",,,"largecomplex(shafaq-asiman) and largecomplex(shafaq-asiman) and offshore(shafaq-asiman) and geologicalstructures(shafaq-asiman) and in(shafaq-asiman, caspiansea)
northwestof(baku, shafaq-asiman)
forall x forall y (northwestof(x, y) implies southeastof(y, x))","exists x (largecomplex(x) and southeastof(x, baku))","largecomplex(shafaq-asiman) , largecomplex(shafaq-asiman) , offshore(shafaq-asiman) , geologicalstructures(shafaq-asiman) , in(shafaq-asiman, caspiansea)
northwestof(baku, shafaq-asiman)
forall forall (northwestof(x, y) -: southeastof(y, x))"," (largecomplex(x) , southeastof(x, baku))","[largecomplex[(shafaq-asiman)]  largecomplex[(shafaq-asiman)]  offshore[(shafaq-asiman)]  geologicalstructures[(shafaq-asiman)]  in[(shafaq-asiman  caspiansea)]
northwestof[(baku  shafaq-asiman)]
@every *x @every *y [(northwestof[(?x  y)]  southeastof[(?y  x)])]]",[*x [(largecomplex[(?x)]  southeastof[(?x  baku)])]],"largecomplex(shafaq-asiman) & largecomplex(shafaq-asiman) & offshore(shafaq-asiman) & geologicalstructures(shafaq-asiman) & in(shafaq-asiman, caspiansea)
northwestof(baku, shafaq-asiman)
all:x all:y (northwestof(x, y) :- southeastof(y, x))","x (largecomplex(x) & southeastof(x, baku))",+L2(+s2)++L2(+s2)++O2(+s2)++G2(+s2)++I2+N2--(+N0-+S0),+(+L1++S1)
10,"Thick as Thieves is a young adult fantasy novel written by Megan Whalen Turner.
Thick as Thieves was published by Greenwillow Books.
If a book was published by a company, then the author of that book worked with the company that published the book.
The fictional Mede Empire is where Thick as Thieves is set.
The Mede Empire plots to swallow up some nearby countries.
Attolia and Sounis are countries near the Mede Empire.
Thick as Thieves was sold both as a hardcover and an e-book.",Megan Whalen Turner did not work with Greenwillow Books.,F,"YoungAdultFantasy(thickAsTheives) ∧ Novel(thickAsTheives) ∧ WrittenBy(thickAsTheives, meganWhalenTurner)
PublishedBy(thickAsTheives, greenWillowBooks)
∀x ∀y ∀z ((WrittenBy(x, y) ∧ PublishedBy(x, z)) → WorkedWith(y, z))
Fictional(medeEmpire) ∧ SetIn(thickAsTheives, medeEmpire)
∃x ∃y ((Country(x) ∧ Near(x, medeEmpire) ∧ PlotsToSwallowUp(medeEmpire, x)) ∧ (¬(x=y) ∧ Near(y, medeEmpire) ∧ PlotsToSwallowUp(medeEmpire, y)))
Country(attolia) ∧ Near(attolia, medeEmpire) ∧ Country(sounis) ∧ Near(sounis, medeEmpire)
SoldAs(thickAsTheives, hardCover) ∧ SoldAs(thickAsTheives, softCover)","¬WorkedWith(megan, greenWillowbooks)",,,"youngadultfantasy(thickastheives) and novel(thickastheives) and writtenby(thickastheives, meganwhalenturner)
publishedby(thickastheives, greenwillowbooks)
forall x forall y forall z ((writtenby(x, y) and publishedby(x, z)) implies workedwith(y, z))
fictional(medeempire) and setin(thickastheives, medeempire)
exists x exists y ((country(x) and near(x, medeempire) and plotstoswallowup(medeempire, x)) and (not (x=y) and near(y, medeempire) and plotstoswallowup(medeempire, y)))
country(attolia) and near(attolia, medeempire) and country(sounis) and near(sounis, medeempire)
soldas(thickastheives, hardcover) and soldas(thickastheives, softcover)","not workedwith(megan, greenwillowbooks)","youngadultfantasy(thickastheives) , novel(thickastheives) , writtenby(thickastheives, meganwhalenturner)
publishedby(thickastheives, greenwillowbooks)
forall forall forall ((writtenby(x, y) , publishedby(x, z)) -: workedwith(y, z))
fictional(medeempire) , setin(thickastheives, medeempire)
  ((country(x) , near(x, medeempire) , plotstoswallowup(medeempire, x)) , (not(x=y) , near(y, medeempire) , plotstoswallowup(medeempire, y)))
country(attolia) , near(attolia, medeempire) , country(sounis) , near(sounis, medeempire)
soldas(thickastheives, hardcover) , soldas(thickastheives, softcover)","notworkedwith(megan, greenwillowbooks)","[youngadultfantasy[(thickastheives)]  novel[(thickastheives)]  writtenby[(thickastheives  meganwhalenturner)]
publishedby[(thickastheives  greenwillowbooks)]
@every *x @every *y @every *z [([(writtenby[(?x  y)]  publishedby[(?x  z)])]  workedwith[(?y  z)])]
fictional[(medeempire)]  setin[(thickastheives  medeempire)]
*x *y [([(country[(?x)]  near[(?x  medeempire)]  plotstoswallowup[(medeempire  x)])]  [(~[(?x=y)]  near[(?y  medeempire)]  plotstoswallowup[(medeempire  y)])])]
country[(attolia)]  near[(attolia  medeempire)]  country[(sounis)]  near[(sounis  medeempire)]
soldas[(thickastheives  hardcover)]  soldas[(thickastheives  softcover)]]",~[workedwith[(megan  greenwillowbooks)]],"youngadultfantasy(thickastheives) & novel(thickastheives) & writtenby(thickastheives, meganwhalenturner)
publishedby(thickastheives, greenwillowbooks)
all:x all:y all:z ((writtenby(x, y) & publishedby(x, z)) :- workedwith(y, z))
fictional(medeempire) & setin(thickastheives, medeempire)
x y ((country(x) & near(x, medeempire) & plotstoswallowup(medeempire, x)) & (~(x=y) & near(y, medeempire) & plotstoswallowup(medeempire, y)))
country(attolia) & near(attolia, medeempire) & country(sounis) & near(sounis, medeempire)
soldas(thickastheives, hardcover) & soldas(thickastheives, softcover)","~workedwith(megan, greenwillowbooks)",+Y2(+t2)++N2(+t2)++W2+P2---((+W0++P0)-+W0)+F2(+m2)++S2++((+C1++N1++P1)+(-(+x1)++N1++P1))+C2(+a2)++N2++C2(+s2)++N2+S2++S2,-+W2
98,"Maggie Friedman is an American screenwriter and producer.
Maggie Friedman was the showrunner and executive producer of the lifetime television series Witches of East End.
Witches of East End is a fantasy-drama series.
Maggie Friedman produced and developed Eastwick.
Eastwick is a series by ABC.",No series by ABC was developed by the showrunner of Witches of East End.,F,"American(maggieFriedman) ∧ Screenwriter(maggieFriedman) ∧ Producer(maggieFriedman)
ShowRunnerOf(maggieFriedman, witchesOfEastEnd) ∧ ExecutiveProducerOf(maggieFriedman, witchesOfEastEnd) ∧ LifetimeTelevisionSeries(maggieFriedman)
FantasyDrama(witchesOfEastEnd) ∧ Series(witchesOfEastEnd)
Produces(maggieFriedman, eastwick) ∧ Develops(maggieFriedman, eastwick)
Series(eastwick) ∧ AiredOn(eastwick, aBC)","∀x (Series(x) ∧ AiredOn(x, aBC) ∧ ∃y(ShowRunnerOf(y, witchesOfEastEnd)) → ¬Develops(y, x))",,,"american(maggiefriedman) and screenwriter(maggiefriedman) and producer(maggiefriedman)
showrunnerof(maggiefriedman, witchesofeastend) and executiveproducerof(maggiefriedman, witchesofeastend) and lifetimetelevisionseries(maggiefriedman)
fantasydrama(witchesofeastend) and series(witchesofeastend)
produces(maggiefriedman, eastwick) and develops(maggiefriedman, eastwick)
series(eastwick) and airedon(eastwick, abc)","forall x (series(x) and airedon(x, abc) and exists y(showrunnerof(y, witchesofeastend)) implies not develops(y, x))","american(maggiefriedman) , screenwriter(maggiefriedman) , producer(maggiefriedman)
showrunnerof(maggiefriedman, witchesofeastend) , executiveproducerof(maggiefriedman, witchesofeastend) , lifetimetelevisionseries(maggiefriedman)
fantasydrama(witchesofeastend) , series(witchesofeastend)
produces(maggiefriedman, eastwick) , develops(maggiefriedman, eastwick)
series(eastwick) , airedon(eastwick, abc)","forall (series(x) , airedon(x, abc) , (showrunnerof(y, witchesofeastend)) -: notdevelops(y, x))","[american[(maggiefriedman)]  screenwriter[(maggiefriedman)]  producer[(maggiefriedman)]
showrunnerof[(maggiefriedman  witchesofeastend)]  executiveproducerof[(maggiefriedman  witchesofeastend)]  lifetimetelevisionseries[(maggiefriedman)]
fantasydrama[(witchesofeastend)]  series[(witchesofeastend)]
produces[(maggiefriedman  eastwick)]  develops[(maggiefriedman  eastwick)]
series[(eastwick)]  airedon[(eastwick  abc)]]",[@every *x [(series[(?x)]  airedon[(?x  abc)]  *y[(showrunnerof[(?y  witchesofeastend)])]  ~develops[(?y  x)])]],"american(maggiefriedman) & screenwriter(maggiefriedman) & producer(maggiefriedman)
showrunnerof(maggiefriedman, witchesofeastend) & executiveproducerof(maggiefriedman, witchesofeastend) & lifetimetelevisionseries(maggiefriedman)
fantasydrama(witchesofeastend) & series(witchesofeastend)
produces(maggiefriedman, eastwick) & develops(maggiefriedman, eastwick)
series(eastwick) & airedon(eastwick, abc)","all:x (series(x) & airedon(x, abc) & y(showrunnerof(y, witchesofeastend)) :- ~develops(y, x))",+A2(+m2)++S2(+m2)++P2(+m2)+S2++E2++L2(+m2)+F2(+w2)++S2(+w2)+P2++D2+S2(+e2)++A2,-(+S0++A0++(+S1)--+D1)
7,"Six, seven and eight are real numbers.
If a real number equals another real number added by one, the first number is larger.
If the number x is larger than the number y, then y is not larger than x.
Seven equals six plus one.
Eight equals seven plus one.
Two is positive.
If a number is positive, then the double of it is also positive.
Eight is the double of four.
Four is the double of two.",Six is larger than seven.,F,"RealNum(num6) ∧ RealNum(num7) ∧ RealNum(num8)
∀x ∀y ((RealNum(x) ∧ RealNum(y) ∧ IsSuccessorOf(x, y)) → Larger(x, y))
∀x ∀y (Larger(x, y) → ¬Larger(y, x))
∃y(IsSuccessorOf(y, num6) ∧ Equals(num7, y))
∃y(IsSuccessorOf(y, num7) ∧ Equals(num8, y))
Positive(num2)
∀x ∀y ((Positive(x) ∧ IsDouble(y, x)) → Positive(y))
IsDouble(num8, num4)
IsDouble(num4, num2)","Larger(six, seven)",,,"realnum(num6) and realnum(num7) and realnum(num8)
forall x forall y ((realnum(x) and realnum(y) and issuccessorof(x, y)) implies larger(x, y))
forall x forall y (larger(x, y) implies not larger(y, x))
exists y(issuccessorof(y, num6) and equals(num7, y))
exists y(issuccessorof(y, num7) and equals(num8, y))
positive(num2)
forall x forall y ((positive(x) and isdouble(y, x)) implies positive(y))
isdouble(num8, num4)
isdouble(num4, num2)","larger(six, seven)","realnum(num6) , realnum(num7) , realnum(num8)
forall forall ((realnum(x) , realnum(y) , issuccessorof(x, y)) -: larger(x, y))
forall forall (larger(x, y) -: notlarger(y, x))
(issuccessorof(y, num6) , equals(num7, y))
(issuccessorof(y, num7) , equals(num8, y))
positive(num2)
forall forall ((positive(x) , isdouble(y, x)) -: positive(y))
isdouble(num8, num4)
isdouble(num4, num2)","larger(six, seven)","[realnum[(num6)]  realnum[(num7)]  realnum[(num8)]
@every *x @every *y [([(realnum[(?x)]  realnum[(?y)]  issuccessorof[(?x  y)])]  larger[(?x  y)])]
@every *x @every *y [(larger[(?x  y)]  ~larger[(?y  x)])]
*y[(issuccessorof[(?y  num6)]  equals[(num7  y)])]
*y[(issuccessorof[(?y  num7)]  equals[(num8  y)])]
positive[(num2)]
@every *x @every *y [([(positive[(?x)]  isdouble[(?y  x)])]  positive[(?y)])]
isdouble[(num8  num4)]
isdouble[(num4  num2)]]",[larger[(six  seven)]],"realnum(num6) & realnum(num7) & realnum(num8)
all:x all:y ((realnum(x) & realnum(y) & issuccessorof(x, y)) :- larger(x, y))
all:x all:y (larger(x, y) :- ~larger(y, x))
y(issuccessorof(y, num6) & equals(num7, y))
y(issuccessorof(y, num7) & equals(num8, y))
positive(num2)
all:x all:y ((positive(x) & isdouble(y, x)) :- positive(y))
isdouble(num8, num4)
isdouble(num4, num2)","larger(six, seven)",+R2(+n2)++R2(+n2)++R2(+n2)--((+R0++R0++I0)-+L0)--(+L0--+L0)+(+I1++E1)+(+I1++E1)+P2(+n2)--((+P0++I0)-+P0)+I2+I2,+L2
46,"Breeding back is a form of artificial selection by the deliberate selective breeding of domestic animals.
Heck cattle were bred back in the 1920s to resemble the aurochs.
Heck cattle are animals.
Aurochs are animals.
Some animals to be bred back resemble extinct animals.",Some Heck cattle are artificially selected.,T,"∀x (BreedingBack(x) → (ArtificialSelection(x) ∧ DeliberateSelectiveBreedingOfDomesticAnimals(x)))
∃x ∃y (HeckCattle(x) ∧ BreedingBack(x) ∧ Auroch(y) ∧ Resemble(x, y))
∀x (HeckCattle(x) → Animal(x))
∀x (Auroch(x) → Animal(x))
∃x ∃y (Animal(x) ∧ Animal(y) ∧ (¬(x=y)) ∧ BreedingBack(x) ∧ BreedingBack(y) ∧ (∃w(Dead(w) ∧ Resemble(x, w)) ∧ (¬(w=z)) ∧ (∃z(Dead(z) ∧ Resemble(y, z))))",∃x ∃y(HeckCattle(x) ∧ ArtificialSelection(x) ∧ (¬(x=y)) ∧ HeckCattle(y) ∧ ArtificialSelection(y)),,,"forall x (breedingback(x) implies (artificialselection(x) and deliberateselectivebreedingofdomesticanimals(x)))
exists x exists y (heckcattle(x) and breedingback(x) and auroch(y) and resemble(x, y))
forall x (heckcattle(x) implies animal(x))
forall x (auroch(x) implies animal(x))
exists x exists y (animal(x) and animal(y) and (not (x=y)) and breedingback(x) and breedingback(y) and (exists w(dead(w) and resemble(x, w)) and (not (w=z)) and (exists z(dead(z) and resemble(y, z))))",exists x exists y(heckcattle(x) and artificialselection(x) and (not (x=y)) and heckcattle(y) and artificialselection(y)),"forall (breedingback(x) -: (artificialselection(x) , deliberateselectivebreedingofdomesticanimals(x)))
  (heckcattle(x) , breedingback(x) , auroch(y) , resemble(x, y))
forall (heckcattle(x) -: animal(x))
forall (auroch(x) -: animal(x))
  (animal(x) , animal(y) , (not(x=y)) , breedingback(x) , breedingback(y) , ((dead(w) , resemble(x, w)) , (not(w=z)) , ((dead(z) , resemble(y, z))))"," (heckcattle(x) , artificialselection(x) , (not(x=y)) , heckcattle(y) , artificialselection(y))","[@every *x [(breedingback[(?x)]  [(artificialselection[(?x)]  deliberateselectivebreedingofdomesticanimals[(?x)])])]
*x *y [(heckcattle[(?x)]  breedingback[(?x)]  auroch[(?y)]  resemble[(?x  y)])]
@every *x [(heckcattle[(?x)]  animal[(?x)])]
@every *x [(auroch[(?x)]  animal[(?x)])]
*x *y [(animal[(?x)]  animal[(?y)]  [(~[(?x=y)])]  breedingback[(?x)]  breedingback[(?y)]  [(*w[(dead[(?w)]  resemble[(?x  w)])]  [(~[(?w=z)])]  [(*z[(dead[(?z)]  resemble[(?y  z)])])])]]",[*x *y[(heckcattle[(?x)]  artificialselection[(?x)]  [(~[(?x=y)])]  heckcattle[(?y)]  artificialselection[(?y)])]],"all:x (breedingback(x) :- (artificialselection(x) & deliberateselectivebreedingofdomesticanimals(x)))
x y (heckcattle(x) & breedingback(x) & auroch(y) & resemble(x, y))
all:x (heckcattle(x) :- animal(x))
all:x (auroch(x) :- animal(x))
x y (animal(x) & animal(y) & (~(x=y)) & breedingback(x) & breedingback(y) & (w(dead(w) & resemble(x, w)) & (~(w=z)) & (z(dead(z) & resemble(y, z))))",x y(heckcattle(x) & artificialselection(x) & (~(x=y)) & heckcattle(y) & artificialselection(y)),-(+B0-(+A0++D0))++(+H1++B1++A1++R1)-(+H0-+A0)-(+A0-+A0)++(+A1++A1+(-(+x1))++B1++B1+(+(+D1++R1)+(-(+w1))+(+(+D1++R1))),++(+H1++A1+(-(+x1))++H1++A1)
92,"Adventures of Rusty is a drama film and children's film.
Columbia Pictures produced Adventures of Rusty.
Tintin was produced by Paramount.
Tintin is an adventure film.",Paramount produces children's films.,U,"DramaFilm(adventuresOfRusty) ∧ ChildrensFilm(adventuresOfRusty)
Produces(columbiaPictures, adventuresOfRusty)
Produces(paramount, tintin)
AdventureFilm(tintin)","∃x (ChildrensFilm(x) ∧ Produces(paramount, x))",,,"dramafilm(adventuresofrusty) and childrensfilm(adventuresofrusty)
produces(columbiapictures, adventuresofrusty)
produces(paramount, tintin)
adventurefilm(tintin)","exists x (childrensfilm(x) and produces(paramount, x))","dramafilm(adventuresofrusty) , childrensfilm(adventuresofrusty)
produces(columbiapictures, adventuresofrusty)
produces(paramount, tintin)
adventurefilm(tintin)"," (childrensfilm(x) , produces(paramount, x))","[dramafilm[(adventuresofrusty)]  childrensfilm[(adventuresofrusty)]
produces[(columbiapictures  adventuresofrusty)]
produces[(paramount  tintin)]
adventurefilm[(tintin)]]",[*x [(childrensfilm[(?x)]  produces[(paramount  x)])]],"dramafilm(adventuresofrusty) & childrensfilm(adventuresofrusty)
produces(columbiapictures, adventuresofrusty)
produces(paramount, tintin)
adventurefilm(tintin)","x (childrensfilm(x) & produces(paramount, x))",+D2(+a2)++C2(+a2)+P2+P2+A2(+t2),+(+C1++P1)
43,"Imagine Dragons are an American pop-rock band.
The lead singer of Imagine Dragons is Dan.
Dan is also a songwriter.
All lead singers are singers.
All singers are musicians.
Demons is one of the most popular singles of Imagine Dragons.
Some singles of Imagine Dragons have been on Billboard Hot 100.",Demons has been on Billboard Hot 100.,U,"American(imagineDragon) ∧ RockBand(imagineDragon)
LeadSinger(imagineDragon, dan)
SongWriter(dan)
∀x ∀y (LeadSinger(x, y) → Singer(y))
∀x (Singer(x) → Musician(x))
PopularSingle(imagineDragon, demons)
∃x ∃y (PopularSingle(imagineDragon, x) ∧ BillboardHot100(x)) ∧ (¬(x=y)) ∧ (PopularSingle(imagineDragon, y) ∧ BillboardHot100(y))",BillboardHot100(demons),,,"american(imaginedragon) and rockband(imaginedragon)
leadsinger(imaginedragon, dan)
songwriter(dan)
forall x forall y (leadsinger(x, y) implies singer(y))
forall x (singer(x) implies musician(x))
popularsingle(imaginedragon, demons)
exists x exists y (popularsingle(imaginedragon, x) and billboardhot100(x)) and (not (x=y)) and (popularsingle(imaginedragon, y) and billboardhot100(y))",billboardhot100(demons),"american(imaginedragon) , rockband(imaginedragon)
leadsinger(imaginedragon, dan)
songwriter(dan)
forall forall (leadsinger(x, y) -: singer(y))
forall (singer(x) -: musician(x))
popularsingle(imaginedragon, demons)
  (popularsingle(imaginedragon, x) , billboardhot100(x)) , (not(x=y)) , (popularsingle(imaginedragon, y) , billboardhot100(y))",billboardhot100(demons),"[american[(imaginedragon)]  rockband[(imaginedragon)]
leadsinger[(imaginedragon  dan)]
songwriter[(dan)]
@every *x @every *y [(leadsinger[(?x  y)]  singer[(?y)])]
@every *x [(singer[(?x)]  musician[(?x)])]
popularsingle[(imaginedragon  demons)]
*x *y [(popularsingle[(imaginedragon  x)]  billboardhot100[(?x)])]  [(~[(?x=y)])]  [(popularsingle[(imaginedragon  y)]  billboardhot100[(?y)])]]",[billboardhot100[(demons)]],"american(imaginedragon) & rockband(imaginedragon)
leadsinger(imaginedragon, dan)
songwriter(dan)
all:x all:y (leadsinger(x, y) :- singer(y))
all:x (singer(x) :- musician(x))
popularsingle(imaginedragon, demons)
x y (popularsingle(imaginedragon, x) & billboardhot100(x)) & (~(x=y)) & (popularsingle(imaginedragon, y) & billboardhot100(y))",billboardhot100(demons),+A2(+i2)++R2(+i2)+L2+S2(+d2)--(+L0-+S0)-(+S0-+M0)+P2++(+P1++B1)+(-(+x1))+(+P1++B1),+B2(+d2)
94,"Ainderby Quernhow is a village and civil parish in the Hambleton District.
Hambleton District is in North Yorkshire.
North Yorkshire is in England.
If place A is located in place B and place B is located in place C, then place A is located in place C.",There is a village in England.,T,"Village(ainderbyQuernhow) ∧ CivilParish(ainderbyQuernhow) ∧ In(ainderbyQuernhow, hambletonDistrict)
In(hambletonDistrict, northYorkshire)
In(northYorkshire, england)
∀x ∀y ∀z ((In(x, y) ∧ In(y, z)) → In(x, z))","∃x (Village(x) ∧ In(x, england))",,,"village(ainderbyquernhow) and civilparish(ainderbyquernhow) and in(ainderbyquernhow, hambletondistrict)
in(hambletondistrict, northyorkshire)
in(northyorkshire, england)
forall x forall y forall z ((in(x, y) and in(y, z)) implies in(x, z))","exists x (village(x) and in(x, england))","village(ainderbyquernhow) , civilparish(ainderbyquernhow) , in(ainderbyquernhow, hambletondistrict)
in(hambletondistrict, northyorkshire)
in(northyorkshire, england)
forall forall forall ((in(x, y) , in(y, z)) -: in(x, z))"," (village(x) , in(x, england))","[village[(ainderbyquernhow)]  civilparish[(ainderbyquernhow)]  in[(ainderbyquernhow  hambletondistrict)]
in[(hambletondistrict  northyorkshire)]
in[(northyorkshire  england)]
@every *x @every *y @every *z [([(in[(?x  y)]  in[(?y  z)])]  in[(?x  z)])]]",[*x [(village[(?x)]  in[(?x  england)])]],"village(ainderbyquernhow) & civilparish(ainderbyquernhow) & in(ainderbyquernhow, hambletondistrict)
in(hambletondistrict, northyorkshire)
in(northyorkshire, england)
all:x all:y all:z ((in(x, y) & in(y, z)) :- in(x, z))","x (village(x) & in(x, england))",+V2(+a2)++C2(+a2)++I2+I2+I2---((+I0++I0)-+I0),+(+V1++I1)
20,"A Japanese game company created the game the Legend of Zelda.
All games on the Top 10 list are made by Japanese game companies.
If a game sells more than one million copies, then it will be included in the Top 10 list.
The Legend of Zelda sold more than one million copies.",The Legend of Zelda is on the Top 10 list.,T,"Game(theLegendofZelda) ∧ ∃x (Japanese(x) ∧ VideoGameCompany(x) ∧ Created(x, theLegendofZelda))
∀x ∀y ((Game(x) ∧ InTop10(x) ∧ Created(y,x)) → Japanese(y))
∀x ((Game(x) ∧ ∃y(GreaterThan(y, oneMillion) ∧ CopiesSold(x, y))) → Top10(x)))
∃y(GreaterThan(y, oneMillion) ∧ CopiesSold(theLegendofZelda,y))",Top10(thelegendofzelda),,,"game(thelegendofzelda) and exists x (japanese(x) and videogamecompany(x) and created(x, thelegendofzelda))
forall x forall y ((game(x) and intop10(x) and created(y,x)) implies japanese(y))
forall x ((game(x) and exists y(greaterthan(y, onemillion) and copiessold(x, y))) implies top10(x)))
exists y(greaterthan(y, onemillion) and copiessold(thelegendofzelda,y))",top10(thelegendofzelda),"game(thelegendofzelda) ,  (japanese(x) , videogamecompany(x) , created(x, thelegendofzelda))
forall forall ((game(x) , intop10(x) , created(y,)) -: japanese(y))
forall ((game(x) , (greaterthan(y, onemillion) , copiessold(x, y))) -: top10(x)))
(greaterthan(y, onemillion) , copiessold(thelegendofzelda,))",top10(thelegendofzelda),"[game[(thelegendofzelda)]  *x [(japanese[(?x)]  videogamecompany[(?x)]  created[(?x  thelegendofzelda)])]
@every *x @every *y [([(game[(?x)]  intop10[(?x)]  created[(?y ?x)])]  japanese[(?y)])]
@every *x [([(game[(?x)]  *y[(greaterthan[(?y  onemillion)]  copiessold[(?x  y)])])]  top10[(?x)])])]
*y[(greaterthan[(?y  onemillion)]  copiessold[(thelegendofzelda ?y)])]]",[top10[(thelegendofzelda)]],"game(thelegendofzelda) & x (japanese(x) & videogamecompany(x) & created(x, thelegendofzelda))
all:x all:y ((game(x) & intop10(x) & created(y,x)) :- japanese(y))
all:x ((game(x) & y(greaterthan(y, onemillion) & copiessold(x, y))) :- top10(x)))
y(greaterthan(y, onemillion) & copiessold(thelegendofzelda,y))",top10(thelegendofzelda),+G2(+t2)++(+J1++V1++C1)--((+G0++I0++C0)-+J0)-((+G0++(+G1++C1))-+T1))+(+G1++C1),+T2(+t2)
65,"If a person coaches a football club, the person is a football coach.
If a person has a position in a club in a year, and the club is in NFL in the same year, the person plays in NFL.
Minnesota Vikings is a football club.
Dennis Green coached Minnesota Vikings.
Cris Carter had 13 touchdown receptions.
Minnesota Vikings were in the National Football League in 1997.
John Randle was Minnesota Vikings defensive tackle in 1997.",John Randle didn't play in the National Football League.,F,"∀x ∀y ((Coach(x, y) ∧ FootballClub(y)) → FootballCoach(x))
∀w ∀x ∀y ∀z ((PlayPositionFor(x, w, y, z) ∧ InNFL(y, z)) → PlayInNFL(x))
FootballClub(minnesotaVikings)
Coach(dennisGreen, minnesotaVikings)
ReceiveTD(crisCarter, num13)
InNFL(minnesotaVikings, yr1997)
PlayPositionFor(johnRandle, defensiveTackle, minnesotaVikings, yr1997)",¬PlayInNFL(johnRandle),,,"forall x forall y ((coach(x, y) and footballclub(y)) implies footballcoach(x))
forall w forall x forall y forall z ((playpositionfor(x, w, y, z) and innfl(y, z)) implies playinnfl(x))
footballclub(minnesotavikings)
coach(dennisgreen, minnesotavikings)
receivetd(criscarter, num13)
innfl(minnesotavikings, yr1997)
playpositionfor(johnrandle, defensivetackle, minnesotavikings, yr1997)",not playinnfl(johnrandle),"forall forall ((coach(x, y) , footballclub(y)) -: footballcoach(x))
forall forall forall forall ((playpositionfor(x, w, y, z) , innfl(y, z)) -: playinnfl(x))
footballclub(minnesotavikings)
coach(dennisgreen, minnesotavikings)
receivetd(criscarter, num13)
innfl(minnesotavikings, yr1997)
playpositionfor(johnrandle, defensivetackle, minnesotavikings, yr1997)",notplayinnfl(johnrandle),"[@every *x @every *y [([(coach[(?x  y)]  footballclub[(?y)])]  footballcoach[(?x)])]
@every *w @every *x @every *y @every *z [([(playpositionfor[(?x  w  y  z)]  innfl[(?y  z)])]  playinnfl[(?x)])]
footballclub[(minnesotavikings)]
coach[(dennisgreen  minnesotavikings)]
receivetd[(criscarter  num13)]
innfl[(minnesotavikings  yr1997)]
playpositionfor[(johnrandle  defensivetackle  minnesotavikings  yr1997)]]",~[playinnfl[(johnrandle)]],"all:x all:y ((coach(x, y) & footballclub(y)) :- footballcoach(x))
all:w all:x all:y all:z ((playpositionfor(x, w, y, z) & innfl(y, z)) :- playinnfl(x))
footballclub(minnesotavikings)
coach(dennisgreen, minnesotavikings)
receivetd(criscarter, num13)
innfl(minnesotavikings, yr1997)
playpositionfor(johnrandle, defensivetackle, minnesotavikings, yr1997)",~playinnfl(johnrandle),--((+C0++F0)-+F0)----((+P0++I0)-+P0)+F2(+m2)+C2+R2+I2+P2,-+P2(+j2)
24,"If a Leetcode problem is at the easy level, then its AC rate is lower than 20 percent. 
All Leetcode problems that are recommended to novices are easy. 
A Leetode problem is either easy or hard.
Leetcode problems that are starred by more than one thousand users are hard.
2Sum is recommended to novices. 
4Sum is starred by more than 1,000 users.",2Sum has an AC rate higher than 20 percent.,F,"∀x (Easy(x) → ∃y (LessThan(y, percent20) ∧ ACRate(x,y)))
∀x (Recommended(x) → Easy(x))
∀x (Easy(x) ⊕ Hard(x))
∀x (Starred(x)) → Hard(x))
Recommended(twosum)
Starred(foursum)","∃y(GreaterThan(y, percent20) ∧ ACRate(2Sum,y))",,,"forall x (easy(x) implies exists y (lessthan(y, percent20) and acrate(x,y)))
forall x (recommended(x) implies easy(x))
forall x (easy(x) xor hard(x))
forall x (starred(x)) implies hard(x))
recommended(twosum)
starred(foursum)","exists y(greaterthan(y, percent20) and acrate(2sum,y))","forall (easy(x) -:  (lessthan(y, percent20) , acrate(x,)))
forall (recommended(x) -: easy(x))
forall (easy(x) ^ hard(x))
forall (starred(x)) -: hard(x))
recommended(twosum)
starred(foursum)","(greaterthan(y, percent20) , acrate(2sum,))","[@every *x [(easy[(?x)]  *y [(lessthan[(?y  percent20)]  acrate[(?x ?y)])])]
@every *x [(recommended[(?x)]  easy[(?x)])]
@every *x [(easy[(?x)]  hard[(?x)])]
@every *x [(starred[(?x)])]  hard[(?x)])]
recommended[(twosum)]
starred[(foursum)]]",[*y[(greaterthan[(?y  percent20)]  acrate[(2sum ?y)])]],"all:x (easy(x) :- y (lessthan(y, percent20) & acrate(x,y)))
all:x (recommended(x) :- easy(x))
all:x (easy(x) ^ hard(x))
all:x (starred(x)) :- hard(x))
recommended(twosum)
starred(foursum)","y(greaterthan(y, percent20) & acrate(2sum,y))",-(+E0-+(+L1++A1))-(+R0-+E0)-(+E0-+H0)-(+S0)-+H0)+R2(+t2)+S2(+f2),+(+G1++A1)
11,"Walter Folger Brown was an American politician and lawyer who served as the postmaster general.
Walter Folger Brown graduated from Harvard University with a Bachelor of Arts.
While they were both in Toledo, Walter Folger Brown's father practiced law with Walter Folger Brown.
Katherin Hafer married Walter Folger Brown.",Walter Folger Brown was not in Toledo.,F,"AmericanPolitician(walterBrown) ∧ Lawyer(walterBrown) ∧ ServedAs(walterBrown, postMasterGeneral)
Graduated(walterBrown, harvard) ∧ GraduatedWith(walterBrown, bachelorsOfArt)
∃t(In(walterBrown, toledo, t) ∧ In(walterBrownFather, toledo, t) ∧ PracticedLawTogether(walterBrown, walterBrownFather, t))
Married(katherinHafer, walterBrown)","∃t(¬In(walterBrownFather, toledo, t))",,,"americanpolitician(walterbrown) and lawyer(walterbrown) and servedas(walterbrown, postmastergeneral)
graduated(walterbrown, harvard) and graduatedwith(walterbrown, bachelorsofart)
exists t(in(walterbrown, toledo, t) and in(walterbrownfather, toledo, t) and practicedlawtogether(walterbrown, walterbrownfather, t))
married(katherinhafer, walterbrown)","exists t(not in(walterbrownfather, toledo, t))","americanpolitician(walterbrown) , lawyer(walterbrown) , servedas(walterbrown, postmastergeneral)
graduated(walterbrown, harvard) , graduatedwith(walterbrown, bachelorsofart)
(in(walterbrown, toledo, t) , in(walterbrownfather, toledo, t) , practicedlawtogether(walterbrown, walterbrownfather, t))
married(katherinhafer, walterbrown)","(notin(walterbrownfather, toledo, t))","[americanpolitician[(walterbrown)]  lawyer[(walterbrown)]  servedas[(walterbrown  postmastergeneral)]
graduated[(walterbrown  harvard)]  graduatedwith[(walterbrown  bachelorsofart)]
*t[(in[(walterbrown  toledo  t)]  in[(walterbrownfather  toledo  t)]  practicedlawtogether[(walterbrown  walterbrownfather  t)])]
married[(katherinhafer  walterbrown)]]",[*t[(~in[(walterbrownfather  toledo  t)])]],"americanpolitician(walterbrown) & lawyer(walterbrown) & servedas(walterbrown, postmastergeneral)
graduated(walterbrown, harvard) & graduatedwith(walterbrown, bachelorsofart)
t(in(walterbrown, toledo, t) & in(walterbrownfather, toledo, t) & practicedlawtogether(walterbrown, walterbrownfather, t))
married(katherinhafer, walterbrown)","t(~in(walterbrownfather, toledo, t))",+A2(+w2)++L2(+w2)++S2+G2++G2+(+I1++I1++P1)+M2,+(-+I1)
63,"All students who attend in person have registered for the conference. 
Students either attend the conference in person or remotely. 
No students from China attend the conference remotely. 
James attends the conference, but he does not attend the conference remotely.
Jack attends the conference, and he is a student from China.",Jack has registered for the conference.,T,"∀x (AttendInPerson(x) → Registered(x))
∀x (Attend(x) → (AttendInPerson(x) ⊕ AttendRemotely(x)))
∀x ((Attend(x) ∧ FromChina(x)) → ¬AttendRemotely(x))
Attend(james) ∧ (¬AttendRemotely(james))
FromChina(jack) ∧ Attend(jack)",Registered(jack),,,"forall x (attendinperson(x) implies registered(x))
forall x (attend(x) implies (attendinperson(x) xor attendremotely(x)))
forall x ((attend(x) and fromchina(x)) implies not attendremotely(x))
attend(james) and (not attendremotely(james))
fromchina(jack) and attend(jack)",registered(jack),"forall (attendinperson(x) -: registered(x))
forall (attend(x) -: (attendinperson(x) ^ attendremotely(x)))
forall ((attend(x) , fromchina(x)) -: notattendremotely(x))
attend(james) , (notattendremotely(james))
fromchina(jack) , attend(jack)",registered(jack),"[@every *x [(attendinperson[(?x)]  registered[(?x)])]
@every *x [(attend[(?x)]  [(attendinperson[(?x)]  attendremotely[(?x)])])]
@every *x [([(attend[(?x)]  fromchina[(?x)])]  ~attendremotely[(?x)])]
attend[(james)]  [(~attendremotely[(james)])]
fromchina[(jack)]  attend[(jack)]]",[registered[(jack)]],"all:x (attendinperson(x) :- registered(x))
all:x (attend(x) :- (attendinperson(x) ^ attendremotely(x)))
all:x ((attend(x) & fromchina(x)) :- ~attendremotely(x))
attend(james) & (~attendremotely(james))
fromchina(jack) & attend(jack)",registered(jack),-(+A0-+R0)-(+A0-(+A0-+A0))-((+A0++F0)--+A0)+A2(+j2)+(-+A2(+j2))+F2(+j2)++A2(+j2),+R2(+j2)
29,"Gasteren is a village located in the province of Drenthe.
Drenthe is a Dutch province. 
No cities are villages.
The population of a village in Drenthe was 155 people.",Gasteren has a population of 155.,U,"Village(gasteren) ∧ Province(drenthe) ∧ In(gasteren, drenthe)
Province(drenthe) ∧ In(drenthe, netherlands)
∀x (City(x) → ¬Village(x))
∃x (Population(x, num155) ∧ Village(x) ∧ In(x, drenthe))","Population(gasteren, num155)",,,"village(gasteren) and province(drenthe) and in(gasteren, drenthe)
province(drenthe) and in(drenthe, netherlands)
forall x (city(x) implies not village(x))
exists x (population(x, num155) and village(x) and in(x, drenthe))","population(gasteren, num155)","village(gasteren) , province(drenthe) , in(gasteren, drenthe)
province(drenthe) , in(drenthe, netherlands)
forall (city(x) -: notvillage(x))
 (population(x, num155) , village(x) , in(x, drenthe))","population(gasteren, num155)","[village[(gasteren)]  province[(drenthe)]  in[(gasteren  drenthe)]
province[(drenthe)]  in[(drenthe  netherlands)]
@every *x [(city[(?x)]  ~village[(?x)])]
*x [(population[(?x  num155)]  village[(?x)]  in[(?x  drenthe)])]]",[population[(gasteren  num155)]],"village(gasteren) & province(drenthe) & in(gasteren, drenthe)
province(drenthe) & in(drenthe, netherlands)
all:x (city(x) :- ~village(x))
x (population(x, num155) & village(x) & in(x, drenthe))","population(gasteren, num155)",+V2(+g2)++P2(+d2)++I2+P2(+d2)++I2-(+C0--+V0)+(+P1++V1++I1),+P2
92,"Adventures of Rusty is a drama film and children's film.
Columbia Pictures produced Adventures of Rusty.
Tintin was produced by Paramount.
Tintin is an adventure film.",Paramount produces adventure films.,T,"DramaFilm(adventuresOfRusty) ∧ ChildrensFilm(adventuresOfRusty)
Produces(columbiaPictures, adventuresOfRusty)
Produces(paramount, tintin)
AdventureFilm(tintin)","∃x (AdventureFilm(x) ∧ Produces(paramount, x))",,,"dramafilm(adventuresofrusty) and childrensfilm(adventuresofrusty)
produces(columbiapictures, adventuresofrusty)
produces(paramount, tintin)
adventurefilm(tintin)","exists x (adventurefilm(x) and produces(paramount, x))","dramafilm(adventuresofrusty) , childrensfilm(adventuresofrusty)
produces(columbiapictures, adventuresofrusty)
produces(paramount, tintin)
adventurefilm(tintin)"," (adventurefilm(x) , produces(paramount, x))","[dramafilm[(adventuresofrusty)]  childrensfilm[(adventuresofrusty)]
produces[(columbiapictures  adventuresofrusty)]
produces[(paramount  tintin)]
adventurefilm[(tintin)]]",[*x [(adventurefilm[(?x)]  produces[(paramount  x)])]],"dramafilm(adventuresofrusty) & childrensfilm(adventuresofrusty)
produces(columbiapictures, adventuresofrusty)
produces(paramount, tintin)
adventurefilm(tintin)","x (adventurefilm(x) & produces(paramount, x))",+D2(+a2)++C2(+a2)+P2+P2+A2(+t2),+(+A1++P1)
6,"Boves is a railway station located in France. 
The preceding station of Boves is Longueau.
The preceding station of Dommartin is Boves.
France is a European country.
Dommartin is situated on the Paris–Lille railway. 
Any two contiguous stations are on the same railway.
Boves is served by regional TER Hauts-de-France trains.
If place A is located in place B and place B is located in place C, then place A is located in place C.
If place A precedes place B and place B precedes place C, then place A precedes place C.",Boves is not in Europe.,F,"RailwayStation(boves) ∧ In(boves, france)
Precede(longueau, boves)
Precede(boves, dommartin)
In(france, europe)
SituatedOn(dommartin, pairsLille)
∀x ∀y ∀z ((SituatedOn(x, z) ∧ (Precede(x, y) ∨ Precede(y, x)) → SituatedOn(y, z))
Serve(boves, hautsDeFrance)
∀x ∀y ∀z ((In(x, y) ∧ In(y, z)) → In(x, z))
∀x ∀y ∀z ((Precede(x, y) ∧ Precede(y, z)) → Precede(x, z))","¬In(boves, europe)",,,"railwaystation(boves) and in(boves, france)
precede(longueau, boves)
precede(boves, dommartin)
in(france, europe)
situatedon(dommartin, pairslille)
forall x forall y forall z ((situatedon(x, z) and (precede(x, y) or precede(y, x)) implies situatedon(y, z))
serve(boves, hautsdefrance)
forall x forall y forall z ((in(x, y) and in(y, z)) implies in(x, z))
forall x forall y forall z ((precede(x, y) and precede(y, z)) implies precede(x, z))","not in(boves, europe)","railwaystation(boves) , in(boves, france)
precede(longueau, boves)
precede(boves, dommartin)
in(france, europe)
situatedon(dommartin, pairslille)
forall forall forall ((situatedon(x, z) , (precede(x, y) | precede(y, x)) -: situatedon(y, z))
serve(boves, hautsdefrance)
forall forall forall ((in(x, y) , in(y, z)) -: in(x, z))
forall forall forall ((precede(x, y) , precede(y, z)) -: precede(x, z))","notin(boves, europe)","[railwaystation[(boves)]  in[(boves  france)]
precede[(longueau  boves)]
precede[(boves  dommartin)]
in[(france  europe)]
situatedon[(dommartin  pairslille)]
@every *x @every *y @every *z [([(situatedon[(?x  z)]  [(precede[(?x  y)]  precede[(?y  x)])]  situatedon[(?y  z)])]
serve[(boves  hautsdefrance)]
@every *x @every *y @every *z [([(in[(?x  y)]  in[(?y  z)])]  in[(?x  z)])]
@every *x @every *y @every *z [([(precede[(?x  y)]  precede[(?y  z)])]  precede[(?x  z)])]]",~[in[(boves  europe)]],"railwaystation(boves) & in(boves, france)
precede(longueau, boves)
precede(boves, dommartin)
in(france, europe)
situatedon(dommartin, pairslille)
all:x all:y all:z ((situatedon(x, z) & (precede(x, y) | precede(y, x)) :- situatedon(y, z))
serve(boves, hautsdefrance)
all:x all:y all:z ((in(x, y) & in(y, z)) :- in(x, z))
all:x all:y all:z ((precede(x, y) & precede(y, z)) :- precede(x, z))","~in(boves, europe)",+R2(+b2)++I2+P2+P2+I2+S2---((+S0+(+P0-+P0)-+S0)+S2---((+I0++I0)-+I0)---((+P0++P0)-+P0),-+I2
87,"Daveed Diggs is an actor and film producer.
Daveed Diggs played two roles in the musical Hamilton on Broadway.
One of the actors from Hamilton won the best actor award.
The actor playing Thomas Jefferson won the best actor award.
Daveed Diggs played Thomas Jefferson.
Musicals on Broadway are not films.",Hamilton won two awards.,U,"Actor(daveedDiggs) ∧ FilmProducer(daveedDiggs)
∃x ∃y(PlaysIn(daveedDiggs, x, hamilton) ∧ (¬(x=y)) ∧ PlaysIn(daveedDiggs, y, hamilton)) ∧ OnBroadway(hamilton) ∧ Musical(hamilton)
∃x ∃y(Actor(x) ∧ PlaysIn(x, y, hamilton) ∧ Wins(x, bestActorAward))
∃x (Actor(x) ∧ PlaysIn(x, thomasJefferson, hamilton) ∧ Wins(x, bestActorAward))
Plays(daveedDiggs, thomasJefferson)
∀x ((Musical(x) ∧ OnBroadway(x)) → ¬Film(x))","∃x ∃y(Wins(hamilton, x) ∧ (¬(x=y)) ∧ Wins(hamilton, y))",,,"actor(daveeddiggs) and filmproducer(daveeddiggs)
exists x exists y(playsin(daveeddiggs, x, hamilton) and (not (x=y)) and playsin(daveeddiggs, y, hamilton)) and onbroadway(hamilton) and musical(hamilton)
exists x exists y(actor(x) and playsin(x, y, hamilton) and wins(x, bestactoraward))
exists x (actor(x) and playsin(x, thomasjefferson, hamilton) and wins(x, bestactoraward))
plays(daveeddiggs, thomasjefferson)
forall x ((musical(x) and onbroadway(x)) implies not film(x))","exists x exists y(wins(hamilton, x) and (not (x=y)) and wins(hamilton, y))","actor(daveeddiggs) , filmproducer(daveeddiggs)
 (playsin(daveeddiggs, x, hamilton) , (not(x=y)) , playsin(daveeddiggs, y, hamilton)) , onbroadway(hamilton) , musical(hamilton)
 (actor(x) , playsin(x, y, hamilton) , wins(x, bestactoraward))
 (actor(x) , playsin(x, thomasjefferson, hamilton) , wins(x, bestactoraward))
plays(daveeddiggs, thomasjefferson)
forall ((musical(x) , onbroadway(x)) -: notfilm(x))"," (wins(hamilton, x) , (not(x=y)) , wins(hamilton, y))","[actor[(daveeddiggs)]  filmproducer[(daveeddiggs)]
*x *y[(playsin[(daveeddiggs  x  hamilton)]  [(~[(?x=y)])]  playsin[(daveeddiggs  y  hamilton)])]  onbroadway[(hamilton)]  musical[(hamilton)]
*x *y[(actor[(?x)]  playsin[(?x  y  hamilton)]  wins[(?x  bestactoraward)])]
*x [(actor[(?x)]  playsin[(?x  thomasjefferson  hamilton)]  wins[(?x  bestactoraward)])]
plays[(daveeddiggs  thomasjefferson)]
@every *x [([(musical[(?x)]  onbroadway[(?x)])]  ~film[(?x)])]]",[*x *y[(wins[(hamilton  x)]  [(~[(?x=y)])]  wins[(hamilton  y)])]],"actor(daveeddiggs) & filmproducer(daveeddiggs)
x y(playsin(daveeddiggs, x, hamilton) & (~(x=y)) & playsin(daveeddiggs, y, hamilton)) & onbroadway(hamilton) & musical(hamilton)
x y(actor(x) & playsin(x, y, hamilton) & wins(x, bestactoraward))
x (actor(x) & playsin(x, thomasjefferson, hamilton) & wins(x, bestactoraward))
plays(daveeddiggs, thomasjefferson)
all:x ((musical(x) & onbroadway(x)) :- ~film(x))","x y(wins(hamilton, x) & (~(x=y)) & wins(hamilton, y))",+A2(+d2)++F2(+d2)++(+P1+(-(+x1))++P1)++O1(+h1)++M1(+h1)++(+A1++P1++W1)+(+A1++P1++W1)+P2-((+M0++O0)--+F0),++(+W1+(-(+x1))++W1)
78,"Ableton has an office in Germany.
Ableton has an office in the USA.
USA and Germany are different countries.
Any company that has offices in different countries is a multinational company.
Ableton makes music software.",Ableton does not have an office in Germany.,F,"OfficeIn(ableton, germany)
OfficeIn(ableton, unitedStates)
¬SameCountry(germany, unitedStates)
∀x ∀y ∀z (OfficeIn(x, y) ∧ OfficeIn(x, z) ∧ (¬SameCountry(y, z)) → MultinationalCompany(x))
MakesMusicSoftware(ableton)","¬OfficeIn(ableton, germany)",,,"officein(ableton, germany)
officein(ableton, unitedstates)
not samecountry(germany, unitedstates)
forall x forall y forall z (officein(x, y) and officein(x, z) and (not samecountry(y, z)) implies multinationalcompany(x))
makesmusicsoftware(ableton)","not officein(ableton, germany)","officein(ableton, germany)
officein(ableton, unitedstates)
notsamecountry(germany, unitedstates)
forall forall forall (officein(x, y) , officein(x, z) , (notsamecountry(y, z)) -: multinationalcompany(x))
makesmusicsoftware(ableton)","notofficein(ableton, germany)","[officein[(ableton  germany)]
officein[(ableton  unitedstates)]
~samecountry[(germany  unitedstates)]
@every *x @every *y @every *z [(officein[(?x  y)]  officein[(?x  z)]  [(~samecountry[(?y  z)])]  multinationalcompany[(?x)])]
makesmusicsoftware[(ableton)]]",~[officein[(ableton  germany)]],"officein(ableton, germany)
officein(ableton, unitedstates)
~samecountry(germany, unitedstates)
all:x all:y all:z (officein(x, y) & officein(x, z) & (~samecountry(y, z)) :- multinationalcompany(x))
makesmusicsoftware(ableton)","~officein(ableton, germany)",+O2+O2-+S2---(+O0++O0+(-+S0)-+M0)+M2(+a2),-+O2
71,"Herodicus was a Greek physician, dietician, sophist, and gymnast.
Herodicus was born in the city of Selymbria.
Selymbria is a colony of the city-state Megara.
One of the tutors of Hippocrates was Herodicus.
Massages were recommended by Herodicus.
Some of the theories of Herodicus are considered to be the foundation of sports medicine.",Herodicus tutored Hippocrates.,T,"Greek(herodicus) ∧ Physician(herodicus) ∧ Dietician(herodicus) ∧ Sophist(herodicus) ∧ Gymnast(herodicus)
Born(herodicus, selymbia) ∧ City(selymbia)
Colony(selymbia, megara) ∧ CityState(megara)
Tutor(herodicus, hippocrates)
Recommend(herodicus, massages)
∃x ∃y (Theory(x) ∧ From(x, herodicus) ∧ FoundationOf(x, sportsMedicine) ∧ (¬(x=y)) ∧ Theory(y) ∧ From(y, herodicus) ∧ FoundationOf(y, sportsMedicine))","Tutor(herodicus, hippocrates)",,,"greek(herodicus) and physician(herodicus) and dietician(herodicus) and sophist(herodicus) and gymnast(herodicus)
born(herodicus, selymbia) and city(selymbia)
colony(selymbia, megara) and citystate(megara)
tutor(herodicus, hippocrates)
recommend(herodicus, massages)
exists x exists y (theory(x) and from(x, herodicus) and foundationof(x, sportsmedicine) and (not (x=y)) and theory(y) and from(y, herodicus) and foundationof(y, sportsmedicine))","tutor(herodicus, hippocrates)","greek(herodicus) , physician(herodicus) , dietician(herodicus) , sophist(herodicus) , gymnast(herodicus)
born(herodicus, selymbia) , city(selymbia)
colony(selymbia, megara) , citystate(megara)
tutor(herodicus, hippocrates)
recommend(herodicus, massages)
  (theory(x) , from(x, herodicus) , foundationof(x, sportsmedicine) , (not(x=y)) , theory(y) , from(y, herodicus) , foundationof(y, sportsmedicine))","tutor(herodicus, hippocrates)","[greek[(herodicus)]  physician[(herodicus)]  dietician[(herodicus)]  sophist[(herodicus)]  gymnast[(herodicus)]
born[(herodicus  selymbia)]  city[(selymbia)]
colony[(selymbia  megara)]  citystate[(megara)]
tutor[(herodicus  hippocrates)]
recommend[(herodicus  massages)]
*x *y [(theory[(?x)]  from[(?x  herodicus)]  foundationof[(?x  sportsmedicine)]  [(~[(?x=y)])]  theory[(?y)]  from[(?y  herodicus)]  foundationof[(?y  sportsmedicine)])]]",[tutor[(herodicus  hippocrates)]],"greek(herodicus) & physician(herodicus) & dietician(herodicus) & sophist(herodicus) & gymnast(herodicus)
born(herodicus, selymbia) & city(selymbia)
colony(selymbia, megara) & citystate(megara)
tutor(herodicus, hippocrates)
recommend(herodicus, massages)
x y (theory(x) & from(x, herodicus) & foundationof(x, sportsmedicine) & (~(x=y)) & theory(y) & from(y, herodicus) & foundationof(y, sportsmedicine))","tutor(herodicus, hippocrates)",+G2(+h2)++P2(+h2)++D2(+h2)++S2(+h2)++G2(+h2)+B2++C2(+s2)+C2++C2(+m2)+T2+R2++(+T1++F1++F1+(-(+x1))++T1++F1++F1),+T2
8,"Miroslav Venhoda was a Czech choral conductor who specialized in the performance of Renaissance and Baroque music.
Any choral conductor is a musician.
Some musicians love music.
Miroslav Venhoda published a book in 1946 called Method of Studying Gregorian Chant.",Miroslav Venhoda loved music.,U,"Czech(miroslav) ∧ ChoralConductor(miroslav) ∧ SpecializeInPerformanceOf(miroslav, renaissanceMusic) ∧ SpecializeInPerformanceOf(miroslav, baroqueMusic)
∀x (ChoralConductor(x) → Musician(x))
∃x ∃y ((Musician(x) → Love(x, music)) ∧ (¬(x=y) ∧ Musician(y) → Love(y, music)))
PublishedBook(miroslav, methodOfStudyingGregorianChant, yr1946)","Love(miroslav, music)",,,"czech(miroslav) and choralconductor(miroslav) and specializeinperformanceof(miroslav, renaissancemusic) and specializeinperformanceof(miroslav, baroquemusic)
forall x (choralconductor(x) implies musician(x))
exists x exists y ((musician(x) implies love(x, music)) and (not (x=y) and musician(y) implies love(y, music)))
publishedbook(miroslav, methodofstudyinggregorianchant, yr1946)","love(miroslav, music)","czech(miroslav) , choralconductor(miroslav) , specializeinperformanceof(miroslav, renaissancemusic) , specializeinperformanceof(miroslav, baroquemusic)
forall (choralconductor(x) -: musician(x))
  ((musician(x) -: love(x, music)) , (not(x=y) , musician(y) -: love(y, music)))
publishedbook(miroslav, methodofstudyinggregorianchant, yr1946)","love(miroslav, music)","[czech[(miroslav)]  choralconductor[(miroslav)]  specializeinperformanceof[(miroslav  renaissancemusic)]  specializeinperformanceof[(miroslav  baroquemusic)]
@every *x [(choralconductor[(?x)]  musician[(?x)])]
*x *y [([(musician[(?x)]  love[(?x  music)])]  [(~[(?x=y)]  musician[(?y)]  love[(?y  music)])])]
publishedbook[(miroslav  methodofstudyinggregorianchant  yr1946)]]",[love[(miroslav  music)]],"czech(miroslav) & choralconductor(miroslav) & specializeinperformanceof(miroslav, renaissancemusic) & specializeinperformanceof(miroslav, baroquemusic)
all:x (choralconductor(x) :- musician(x))
x y ((musician(x) :- love(x, music)) & (~(x=y) & musician(y) :- love(y, music)))
publishedbook(miroslav, methodofstudyinggregorianchant, yr1946)","love(miroslav, music)",+C2(+m2)++C2(+m2)++S2++S2-(+C0-+M0)++((+M1-+L1)+(-(+x1)++M1-+L1))+P2,+L2
53,"Pasifika New Zealanders are a pan-ethnic group of New Zealanders. 
Asian New Zealanders are a pan-ethnic group of New Zealanders. 
Pasifika New Zealanders are not Asian New Zealanders.
Pasifika New Zealanders speak Samoan. 
Joe is a Pasifika New Zealander. 
Amy speaks Samoan. ",Joe is an Asian New Zealander.,F,"∀x (PasifikaNewZealanders(x) → NewZealanders(x)) ∧ ∃y∃z (PasifikaNewZealanders(y) ∧ PasifikaNewZealanders(z) ∧ DifferentEthnicGroups(y,z))
∀x (AsianNewZealanders(x) → NewZealanders(x)) ∧ ∃y∃z (AsianNewZealanders(y) ∧ AsianNewZealanders(z) ∧ DifferentEthnicGroups(y,z))
∀x (PasifikaNewZealanders(x) → ¬AsianNewZealanders(x))
∀x (PasifikaNewZealanders(x) → SpeakSamoan(x))
PasifikaNewZealanders(joe)
SpeakSamoan(amy)",AsianNewZealanders(joe),,,"forall x (pasifikanewzealanders(x) implies newzealanders(x)) and exists yexists z (pasifikanewzealanders(y) and pasifikanewzealanders(z) and differentethnicgroups(y,z))
forall x (asiannewzealanders(x) implies newzealanders(x)) and exists yexists z (asiannewzealanders(y) and asiannewzealanders(z) and differentethnicgroups(y,z))
forall x (pasifikanewzealanders(x) implies not asiannewzealanders(x))
forall x (pasifikanewzealanders(x) implies speaksamoan(x))
pasifikanewzealanders(joe)
speaksamoan(amy)",asiannewzealanders(joe),"forall (pasifikanewzealanders(x) -: newzealanders(x)) ,  (pasifikanewzealanders(y) , pasifikanewzealanders(z) , differentethnicgroups(y,))
forall (asiannewzealanders(x) -: newzealanders(x)) ,  (asiannewzealanders(y) , asiannewzealanders(z) , differentethnicgroups(y,))
forall (pasifikanewzealanders(x) -: notasiannewzealanders(x))
forall (pasifikanewzealanders(x) -: speaksamoan(x))
pasifikanewzealanders(joe)
speaksamoan(amy)",asiannewzealanders(joe),"[@every *x [(pasifikanewzealanders[(?x)]  newzealanders[(?x)])]  *y*z [(pasifikanewzealanders[(?y)]  pasifikanewzealanders[(?z)]  differentethnicgroups[(?y ?z)])]
@every *x [(asiannewzealanders[(?x)]  newzealanders[(?x)])]  *y*z [(asiannewzealanders[(?y)]  asiannewzealanders[(?z)]  differentethnicgroups[(?y ?z)])]
@every *x [(pasifikanewzealanders[(?x)]  ~asiannewzealanders[(?x)])]
@every *x [(pasifikanewzealanders[(?x)]  speaksamoan[(?x)])]
pasifikanewzealanders[(joe)]
speaksamoan[(amy)]]",[asiannewzealanders[(joe)]],"all:x (pasifikanewzealanders(x) :- newzealanders(x)) & yz (pasifikanewzealanders(y) & pasifikanewzealanders(z) & differentethnicgroups(y,z))
all:x (asiannewzealanders(x) :- newzealanders(x)) & yz (asiannewzealanders(y) & asiannewzealanders(z) & differentethnicgroups(y,z))
all:x (pasifikanewzealanders(x) :- ~asiannewzealanders(x))
all:x (pasifikanewzealanders(x) :- speaksamoan(x))
pasifikanewzealanders(joe)
speaksamoan(amy)",asiannewzealanders(joe),-(+P0-+N0)+++(+P1++P1++D1)-(+A0-+N0)+++(+A1++A1++D1)-(+P0--+A0)-(+P0-+S0)+P2(+j2)+S2(+a2),+A2(+j2)
41,"Federico Garcia Lorca was a talented Spanish poet, and he supported the Popular Front.
The Spanish Nationalists opposed anyone who supported the Popular Front
Talented poets are popular.
Spanish Nationalists killed anyone who they opposed and who was popular.
Daniel supported the Popular Front but was not popular.",The Spanish Nationalists killed Daniel.,U,"TalentedPoet(lorca) ∧ Support(lorca, populists)
∀x (Support(x, populists) → Opposed(nationalists, x))
∀x (TalentedPoet(x) → Popular(x))
∀x ((Opposed(nationalists, x) ∧ Popular(x)) → Killed(nationalists, x))
Support(daniel, populists) ∧ (¬Popular(daniel))","¬Killed(nationalists, daniel)",,,"talentedpoet(lorca) and support(lorca, populists)
forall x (support(x, populists) implies opposed(nationalists, x))
forall x (talentedpoet(x) implies popular(x))
forall x ((opposed(nationalists, x) and popular(x)) implies killed(nationalists, x))
support(daniel, populists) and (not popular(daniel))","not killed(nationalists, daniel)","talentedpoet(lorca) , support(lorca, populists)
forall (support(x, populists) -: opposed(nationalists, x))
forall (talentedpoet(x) -: popular(x))
forall ((opposed(nationalists, x) , popular(x)) -: killed(nationalists, x))
support(daniel, populists) , (notpopular(daniel))","notkilled(nationalists, daniel)","[talentedpoet[(lorca)]  support[(lorca  populists)]
@every *x [(support[(?x  populists)]  opposed[(nationalists  x)])]
@every *x [(talentedpoet[(?x)]  popular[(?x)])]
@every *x [([(opposed[(nationalists  x)]  popular[(?x)])]  killed[(nationalists  x)])]
support[(daniel  populists)]  [(~popular[(daniel)])]]",~[killed[(nationalists  daniel)]],"talentedpoet(lorca) & support(lorca, populists)
all:x (support(x, populists) :- opposed(nationalists, x))
all:x (talentedpoet(x) :- popular(x))
all:x ((opposed(nationalists, x) & popular(x)) :- killed(nationalists, x))
support(daniel, populists) & (~popular(daniel))","~killed(nationalists, daniel)",+T2(+l2)++S2-(+S0-+O0)-(+T0-+P0)-((+O0++P0)-+K0)+S2+(-+P2(+d2)),-+K2
76,"Asa Hoffmann was born in New York City.
Asa Hoffman lives in Manhattan.
Asa Hoffman is a chess player.
Some chess players are grandmasters.
People born and living in New York City are New Yorkers.
People living in Manhattan live in New York City.",Asa Hoffmann is a grandmaster.,U,"BornIn(asaHoffmann, newYorkCity)
LiveIn(asaHoffmann, manhattan)
ChessPlayer(asaHoffmann)
∃x ∃y (ChessPlayer(x) ∧ GrandMaster(x) ∧ (¬(x=y)) ∧ ChessPlayer(y) ∧ GrandMaster(y))
∀x ((BornIn(x, newYorkCity) ∧ LiveIn(x, newYorkCity)) → NewYorker(x))
∀x (LiveIn(x, manhattan) → LiveIn(x, newYorkCity))",GrandMaster(asaHoffmann),,,"bornin(asahoffmann, newyorkcity)
livein(asahoffmann, manhattan)
chessplayer(asahoffmann)
exists x exists y (chessplayer(x) and grandmaster(x) and (not (x=y)) and chessplayer(y) and grandmaster(y))
forall x ((bornin(x, newyorkcity) and livein(x, newyorkcity)) implies newyorker(x))
forall x (livein(x, manhattan) implies livein(x, newyorkcity))",grandmaster(asahoffmann),"bornin(asahoffmann, newyorkcity)
livein(asahoffmann, manhattan)
chessplayer(asahoffmann)
  (chessplayer(x) , grandmaster(x) , (not(x=y)) , chessplayer(y) , grandmaster(y))
forall ((bornin(x, newyorkcity) , livein(x, newyorkcity)) -: newyorker(x))
forall (livein(x, manhattan) -: livein(x, newyorkcity))",grandmaster(asahoffmann),"[bornin[(asahoffmann  newyorkcity)]
livein[(asahoffmann  manhattan)]
chessplayer[(asahoffmann)]
*x *y [(chessplayer[(?x)]  grandmaster[(?x)]  [(~[(?x=y)])]  chessplayer[(?y)]  grandmaster[(?y)])]
@every *x [([(bornin[(?x  newyorkcity)]  livein[(?x  newyorkcity)])]  newyorker[(?x)])]
@every *x [(livein[(?x  manhattan)]  livein[(?x  newyorkcity)])]]",[grandmaster[(asahoffmann)]],"bornin(asahoffmann, newyorkcity)
livein(asahoffmann, manhattan)
chessplayer(asahoffmann)
x y (chessplayer(x) & grandmaster(x) & (~(x=y)) & chessplayer(y) & grandmaster(y))
all:x ((bornin(x, newyorkcity) & livein(x, newyorkcity)) :- newyorker(x))
all:x (livein(x, manhattan) :- livein(x, newyorkcity))",grandmaster(asahoffmann),+B2+L2+C2(+a2)++(+C1++G1+(-(+x1))++C1++G1)-((+B0++L0)-+N0)-(+L0-+L0),+G2(+a2)
93,"Roy Richardson was a cricketer who played for Sint Maarten, a constituent country.
Roy Richardson was a right-handed batsman and medium-pace bowler.
Roy Richardson was old when he debuted in cricket.
Sherville Huggins dismissed Roy Richardson.",No right-handed medium-pace bowlers were playing for Sint Maarten.,F,"Cricketeer(royRichardson) ∧ PlaysFor(royRichardson, sintMaarten) ∧ ConstituentCountry(sintMaarten)
RightHanded(royRichardson) ∧ Batsman(royRichardson) ∧ MediumPaceBowler(royRichardson)
OldAtDebut(royRichardson)
Dismisses(shervilleHuggins, royRichardson)","∀x ((RightHanded(x) ∧ MediumPaceBowler(x)) → ¬PlayedFor(x, sintMaarten))",,,"cricketeer(royrichardson) and playsfor(royrichardson, sintmaarten) and constituentcountry(sintmaarten)
righthanded(royrichardson) and batsman(royrichardson) and mediumpacebowler(royrichardson)
oldatdebut(royrichardson)
dismisses(shervillehuggins, royrichardson)","forall x ((righthanded(x) and mediumpacebowler(x)) implies not playedfor(x, sintmaarten))","cricketeer(royrichardson) , playsfor(royrichardson, sintmaarten) , constituentcountry(sintmaarten)
righthanded(royrichardson) , batsman(royrichardson) , mediumpacebowler(royrichardson)
oldatdebut(royrichardson)
dismisses(shervillehuggins, royrichardson)","forall ((righthanded(x) , mediumpacebowler(x)) -: notplayedfor(x, sintmaarten))","[cricketeer[(royrichardson)]  playsfor[(royrichardson  sintmaarten)]  constituentcountry[(sintmaarten)]
righthanded[(royrichardson)]  batsman[(royrichardson)]  mediumpacebowler[(royrichardson)]
oldatdebut[(royrichardson)]
dismisses[(shervillehuggins  royrichardson)]]",[@every *x [([(righthanded[(?x)]  mediumpacebowler[(?x)])]  ~playedfor[(?x  sintmaarten)])]],"cricketeer(royrichardson) & playsfor(royrichardson, sintmaarten) & constituentcountry(sintmaarten)
righthanded(royrichardson) & batsman(royrichardson) & mediumpacebowler(royrichardson)
oldatdebut(royrichardson)
dismisses(shervillehuggins, royrichardson)","all:x ((righthanded(x) & mediumpacebowler(x)) :- ~playedfor(x, sintmaarten))",+C2(+r2)++P2++C2(+s2)+R2(+r2)++B2(+r2)++M2(+r2)+O2(+r2)+D2,-((+R0++M0)--+P0)
28,"Jason Kramer is an American music supervisor.
Some American radio personalities are also music supervisors. 
Anyone who hosts a show on a public radio station is a radio personality.
Joe Rogan is a radio personality.
Jason Kramer hosted a show on a public radio station.",Joe Rogan is American.,U,"MusicSupervisor(jasonKramer) ∧ American(jasonKramer)
∃x ∃y (American(x) ∧ MusicSupervisor(x) ∧ RadioPersonality(x) ∧ (¬(x=y)) ∧ American(y) ∧ MusicSupervisor(y) ∧ RadioPersonality(y))
∀x ∀y((HostShowOn(x, y) ∧ PublicRadioStation(x)) → RadioPersonality(x))
RadioPersonality(joeRogan)
∃x(HostShowOn(jasonKramer, x) ∧ PublicRadioStation(x))",American(joeRogan),,,"musicsupervisor(jasonkramer) and american(jasonkramer)
exists x exists y (american(x) and musicsupervisor(x) and radiopersonality(x) and (not (x=y)) and american(y) and musicsupervisor(y) and radiopersonality(y))
forall x forall y((hostshowon(x, y) and publicradiostation(x)) implies radiopersonality(x))
radiopersonality(joerogan)
exists x(hostshowon(jasonkramer, x) and publicradiostation(x))",american(joerogan),"musicsupervisor(jasonkramer) , american(jasonkramer)
  (american(x) , musicsupervisor(x) , radiopersonality(x) , (not(x=y)) , american(y) , musicsupervisor(y) , radiopersonality(y))
forall forall((hostshowon(x, y) , publicradiostation(x)) -: radiopersonality(x))
radiopersonality(joerogan)
(hostshowon(jasonkramer, x) , publicradiostation(x))",american(joerogan),"[musicsupervisor[(jasonkramer)]  american[(jasonkramer)]
*x *y [(american[(?x)]  musicsupervisor[(?x)]  radiopersonality[(?x)]  [(~[(?x=y)])]  american[(?y)]  musicsupervisor[(?y)]  radiopersonality[(?y)])]
@every *x @every *y[([(hostshowon[(?x  y)]  publicradiostation[(?x)])]  radiopersonality[(?x)])]
radiopersonality[(joerogan)]
*x[(hostshowon[(jasonkramer  x)]  publicradiostation[(?x)])]]",[american[(joerogan)]],"musicsupervisor(jasonkramer) & american(jasonkramer)
x y (american(x) & musicsupervisor(x) & radiopersonality(x) & (~(x=y)) & american(y) & musicsupervisor(y) & radiopersonality(y))
all:x all:y((hostshowon(x, y) & publicradiostation(x)) :- radiopersonality(x))
radiopersonality(joerogan)
x(hostshowon(jasonkramer, x) & publicradiostation(x))",american(joerogan),+M2(+j2)++A2(+j2)++(+A1++M1++R1+(-(+x1))++A1++M1++R1)--((+H0++P0)-+R0)+R2(+j2)+(+H1++P1),+A2(+j2)
39,"""Your Woman"" is a song by the British one-person band White Town.
""Your Woman"" song peaked at No. 1 on the UK Singles Chart.
If a song peaked at No.1 at a particular place, it was extremely popular.
""Your Woman"" peaked at No. 1 in Iceland, Israel, and Spain.",White Town was a successful band.,U,"Produce(whiteTown, yourWoman) ∧ OnePersonBand(whiteTown)
Peak(yourWoman, uKSinglesChart)
∀x ((∃y(Peak(x, y))) → Popular(x))
Peak(yourWoman, iceland) ∧ Peak(yourWoman, israel) ∧ Peak(yourWoman, spain)",Successful(whiteTown),,,"produce(whitetown, yourwoman) and onepersonband(whitetown)
peak(yourwoman, uksingleschart)
forall x ((exists y(peak(x, y))) implies popular(x))
peak(yourwoman, iceland) and peak(yourwoman, israel) and peak(yourwoman, spain)",successful(whitetown),"produce(whitetown, yourwoman) , onepersonband(whitetown)
peak(yourwoman, uksingleschart)
forall (((peak(x, y))) -: popular(x))
peak(yourwoman, iceland) , peak(yourwoman, israel) , peak(yourwoman, spain)",successful(whitetown),"[produce[(whitetown  yourwoman)]  onepersonband[(whitetown)]
peak[(yourwoman  uksingleschart)]
@every *x [([(*y[(peak[(?x  y)])])]  popular[(?x)])]
peak[(?yourwoman  iceland)]  peak[(?yourwoman  israel)]  peak[(?yourwoman  spain)]]",[successful[(whitetown)]],"produce(whitetown, yourwoman) & onepersonband(whitetown)
peak(yourwoman, uksingleschart)
all:x ((y(peak(x, y))) :- popular(x))
peak(yourwoman, iceland) & peak(yourwoman, israel) & peak(yourwoman, spain)",successful(whitetown),+P2++O2(+w2)+P2-((+(+P1))-+P1)+P2++P2++P2,+S2(+w2)
14,"The USS Salem is a heavy cruiser built for the United States Navy.
The last heavy cruiser to enter service was the USS Salem.
The USS Salem is a museum ship.
Museum ships are open to the public.
The USS Salem served in the Atlantic and Mediterranean.",There is a museum ship open to the public that served in the Mediterranean.,T,"HeavyCruiser(usssalem) ∧ BuiltFor(usssalem, unitedstatesnavy)
LastHeavyCruiserToEnterService(usssalem)
MuseumShip(usssalem)
∀x (MuseumShip(x) → OpenToPublic(x))
ServedIn(usssalem, atlantic) ∧ ServedIn(usssalem, mediterranean)","∃x (MuseumShip(x) ∧ OpenToPublic(x) ∧ ServedIn(x, mediterranean))",,,"heavycruiser(usssalem) and builtfor(usssalem, unitedstatesnavy)
lastheavycruisertoenterservice(usssalem)
museumship(usssalem)
forall x (museumship(x) implies opentopublic(x))
servedin(usssalem, atlantic) and servedin(usssalem, mediterranean)","exists x (museumship(x) and opentopublic(x) and servedin(x, mediterranean))","heavycruiser(usssalem) , builtfor(usssalem, unitedstatesnavy)
lastheavycruisertoenterservice(usssalem)
museumship(usssalem)
forall (museumship(x) -: opentopublic(x))
servedin(usssalem, atlantic) , servedin(usssalem, mediterranean)"," (museumship(x) , opentopublic(x) , servedin(x, mediterranean))","[heavycruiser[(usssalem)]  builtfor[(usssalem  unitedstatesnavy)]
lastheavycruisertoenterservice[(usssalem)]
museumship[(usssalem)]
@every *x [(museumship[(?x)]  opentopublic[(?x)])]
servedin[(usssalem  atlantic)]  servedin[(usssalem  mediterranean)]]",[*x [(museumship[(?x)]  opentopublic[(?x)]  servedin[(?x  mediterranean)])]],"heavycruiser(usssalem) & builtfor(usssalem, unitedstatesnavy)
lastheavycruisertoenterservice(usssalem)
museumship(usssalem)
all:x (museumship(x) :- opentopublic(x))
servedin(usssalem, atlantic) & servedin(usssalem, mediterranean)","x (museumship(x) & opentopublic(x) & servedin(x, mediterranean))",+H2(+u2)++B2+L2(+u2)+M2(+u2)-(+M0-+O0)+S2++S2,+(+M1++O1++S1)
0,"There are six types of wild turkeys: Eastern wild turkey, Osceola wild turkey, Gould’s wild turkey, Merriam’s wild turkey, Rio Grande wild turkey, and Ocellated wild turkey.
Tom is not an Eastern wild turkey.
Tom is not an Osceola wild turkey.
Tom is not a Gould's wild turkey.
Tom is neither a Merriam's wild turkey nor a Rio Grande wild turkey.
Tom is a wild turkey.",Tom is an Eastern wild turkey.,F,"∀x (WildTurkey(x) → (EasternWildTurkey(x) ∨ OsceolaWildTurkey(x) ∨ GouldsWildTurkey(x) ∨ MerriamsWildTurkey(x) ∨ RiograndeWildTurkey(x) ∨ OcellatedWildTurkey(x)))
¬(EasternWildTurkey(tom))
¬(OsceolaWildTurkey(tom))
¬(GouldsWildTurkey(tom))
¬(MerriamsWildTurkey(tom) ∨ RiograndeWildTurkey(tom))
WildTurkey(tom)",EasternWildTurkey(tom),"extra brackets?
Gould's or Goulds?
Merriam's or Merriams?",,"forall x (wildturkey(x) implies (easternwildturkey(x) or osceolawildturkey(x) or gouldswildturkey(x) or merriamswildturkey(x) or riograndewildturkey(x) or ocellatedwildturkey(x)))
not (easternwildturkey(tom))
not (osceolawildturkey(tom))
not (gouldswildturkey(tom))
not (merriamswildturkey(tom) or riograndewildturkey(tom))
wildturkey(tom)",easternwildturkey(tom),"forall (wildturkey(x) -: (easternwildturkey(x) | osceolawildturkey(x) | gouldswildturkey(x) | merriamswildturkey(x) | riograndewildturkey(x) | ocellatedwildturkey(x)))
not(easternwildturkey(tom))
not(osceolawildturkey(tom))
not(gouldswildturkey(tom))
not(merriamswildturkey(tom) | riograndewildturkey(tom))
wildturkey(tom)",easternwildturkey(tom),"[@every *x [(wildturkey[(?x)]  [(easternwildturkey[(?x)]  osceolawildturkey[(?x)]  gouldswildturkey[(?x)]  merriamswildturkey[(?x)]  riograndewildturkey[(?x)]  ocellatedwildturkey[(?x)])])]
~[(easternwildturkey[(tom)])]
~[(osceolawildturkey[(tom)])]
~[(gouldswildturkey[(tom)])]
~[(merriamswildturkey[(tom)]  riograndewildturkey[(tom)])]
wildturkey[(tom)]]",[easternwildturkey[(tom)]],"all:x (wildturkey(x) :- (easternwildturkey(x) | osceolawildturkey(x) | gouldswildturkey(x) | merriamswildturkey(x) | riograndewildturkey(x) | ocellatedwildturkey(x)))
~(easternwildturkey(tom))
~(osceolawildturkey(tom))
~(gouldswildturkey(tom))
~(merriamswildturkey(tom) | riograndewildturkey(tom))
wildturkey(tom)",easternwildturkey(tom),-(+W0-(+E0-+O0-+G0-+M0-+R0-+O0))-(+E0(+t0))-(+O0(+t0))-(+G0(+t0))-(+M0(+t0)-+R0(+t0))+W2(+t2),+E2(+t2)
89,"Bobby Flynn is a singer-songwriter. 
Bobby Flynn finished 7th while competing on Australian Idol.
Australian Idol competitors are Australian citizens.
The Omega Three band made a nationwide tour in 2007.
Bobby Flynn is a member of The Omega Three band.
Bobby Flynn was born in Queensland.",Bobby Flynn was born in Queens.,U,"Singer(bobbyFlynn) ∧ SongWriter(bobbyFlynn)
FinishesIn(bobbyFlynn, number7) ∧ CompetesOnAustralianIdol(bobbyFlynn)
∀x (CompetesOnAustralianIdol(x) → AustralianCitizen(x))
NationWideTourIn(theOmegaThreeBand, year2007)
Member(bobbyFlynn, theOmegaThreeBand)
BornIn(bobbyFlynn, queensland)","BornIn(bobbyFlynn, queens)",,,"singer(bobbyflynn) and songwriter(bobbyflynn)
finishesin(bobbyflynn, number7) and competesonaustralianidol(bobbyflynn)
forall x (competesonaustralianidol(x) implies australiancitizen(x))
nationwidetourin(theomegathreeband, year2007)
member(bobbyflynn, theomegathreeband)
bornin(bobbyflynn, queensland)","bornin(bobbyflynn, queens)","singer(bobbyflynn) , songwriter(bobbyflynn)
finishesin(bobbyflynn, number7) , competesonaustralianidol(bobbyflynn)
forall (competesonaustralianidol(x) -: australiancitizen(x))
nationwidetourin(theomegathreeband, year2007)
member(bobbyflynn, theomegathreeband)
bornin(bobbyflynn, queensland)","bornin(bobbyflynn, queens)","[singer[(bobbyflynn)]  songwriter[(bobbyflynn)]
finishesin[(bobbyflynn  number7)]  competesonaustralianidol[(bobbyflynn)]
@every *x [(competesonaustralianidol[(?x)]  australiancitizen[(?x)])]
nationwidetourin[(theomegathreeband  year2007)]
member[(bobbyflynn  theomegathreeband)]
bornin[(bobbyflynn  queensland)]]",[bornin[(bobbyflynn  queens)]],"singer(bobbyflynn) & songwriter(bobbyflynn)
finishesin(bobbyflynn, number7) & competesonaustralianidol(bobbyflynn)
all:x (competesonaustralianidol(x) :- australiancitizen(x))
nationwidetourin(theomegathreeband, year2007)
member(bobbyflynn, theomegathreeband)
bornin(bobbyflynn, queensland)","bornin(bobbyflynn, queens)",+S2(+b2)++S2(+b2)+F2++C2(+b2)-(+C0-+A0)+N2+M2+B2,+B2
35,"An Olympian is a person who trains for an Olympic sport and goes to the Olympics.
Carlos Reyes trains for an Olympic sport.
Carlos Reyes went to the Olympics.
Carlos Reyes is a welterweight.
Heavy weights are not welterweights.",Carlos Reyes is a heavy weight.,F,"∀x ((DoesOlympicSport(x) ∧ GoesToOlympicGames(x)) → Olympian(x))
DoesOlympicSport(carlosReyes)
GoesToOlympicGames(carlosReyes)
WelterWeight(carlosReyes)
∀x (WelterWeight(x) → ¬ HeavyWeight(x))",HeavyWeight(carlosReyes),,,"forall x ((doesolympicsport(x) and goestoolympicgames(x)) implies olympian(x))
doesolympicsport(carlosreyes)
goestoolympicgames(carlosreyes)
welterweight(carlosreyes)
forall x (welterweight(x) implies not  heavyweight(x))",heavyweight(carlosreyes),"forall ((doesolympicsport(x) , goestoolympicgames(x)) -: olympian(x))
doesolympicsport(carlosreyes)
goestoolympicgames(carlosreyes)
welterweight(carlosreyes)
forall (welterweight(x) -: not heavyweight(x))",heavyweight(carlosreyes),"[@every *x [([(doesolympicsport[(?x)]  goestoolympicgames[(?x)])]  olympian[(?x)])]
doesolympicsport[(carlosreyes)]
goestoolympicgames[(carlosreyes)]
welterweight[(carlosreyes)]
@every *x [(welterweight[(?x)]  ~ heavyweight[(?x)])]]",[heavyweight[(carlosreyes)]],"all:x ((doesolympicsport(x) & goestoolympicgames(x)) :- olympian(x))
doesolympicsport(carlosreyes)
goestoolympicgames(carlosreyes)
welterweight(carlosreyes)
all:x (welterweight(x) :- ~ heavyweight(x))",heavyweight(carlosreyes),-((+D0++G0)-+O0)+D2(+c2)+G2(+c2)+W2(+c2)-(+W0--+H0),+H2(+c2)
64,"A podcast is not a novel.
If a person is born in American City, the person is American.
If a book is a novel and it is written by a person, then the person is a novel writer.
Dani Shapiro is an American writer.
Family History is written by Dani Shapiro.
Family History is a novel written in 2003.
Dani Shapiro created a podcast called Family Secrets.
Boston is an American city.",Dani Shapiro was born in Boston.,U,"∀x (Podcast(x) → ¬Novel(x))
∀x((∃y(BornIn(x, y) ∧ City(y) ∧ LocatedIn(y,america)) → American(x))
∀x ∀y ((Novel(x) ∧ WrittenBy(x, y)) → WritesNovel(y))
American(dani_Shapiro) ∧ Writer(dani_Shapiro)
WrittenBy(family_History, dani_Shapiro)
Novel(family_History) ∧ WrittenIn(family_History, yr2003)
Podcast(family_Secrets) ∧ CreatedBy(family_Secrets, dani_Shapiro)
City(boston) ∧ American(boston)","BornIn(dani_Shapiro, boston)",,,"forall x (podcast(x) implies not novel(x))
forall x((exists y(bornin(x, y) and city(y) and locatedin(y,america)) implies american(x))
forall x forall y ((novel(x) and writtenby(x, y)) implies writesnovel(y))
american(dani_shapiro) and writer(dani_shapiro)
writtenby(family_history, dani_shapiro)
novel(family_history) and writtenin(family_history, yr2003)
podcast(family_secrets) and createdby(family_secrets, dani_shapiro)
city(boston) and american(boston)","bornin(dani_shapiro, boston)","forall (podcast(x) -: notnovel(x))
forall(((bornin(x, y) , city(y) , locatedin(y,america)) -: american(x))
forall forall ((novel(x) , writtenby(x, y)) -: writesnovel(y))
american(dani_shapiro) , writer(dani_shapiro)
writtenby(family_history, dani_shapiro)
novel(family_history) , writtenin(family_history, yr2003)
podcast(family_secrets) , createdby(family_secrets, dani_shapiro)
city(boston) , american(boston)","bornin(dani_shapiro, boston)","[@every *x [(podcast[(?x)]  ~novel[(?x)])]
@every *x[([(*y[(bornin[(?x  y)]  city[(?y)]  locatedin[(?y america)])]  american[(?x)])]
@every *x @every *y [([(novel[(?x)]  writtenby[(?x  y)])]  writesnovel[(?y)])]
american[(dani_shapiro)]  writer[(dani_shapiro)]
writtenby[(family_history  dani_shapiro)]
novel[(family_history)]  writtenin[(family_history  yr2003)]
podcast[(family_secrets)]  createdby[(family_secrets  dani_shapiro)]
city[(boston)]  american[(boston)]]",[bornin[(dani_shapiro  boston)]],"all:x (podcast(x) :- ~novel(x))
all:x((y(bornin(x, y) & city(y) & locatedin(y,america)) :- american(x))
all:x all:y ((novel(x) & writtenby(x, y)) :- writesnovel(y))
american(dani_shapiro) & writer(dani_shapiro)
writtenby(family_history, dani_shapiro)
novel(family_history) & writtenin(family_history, yr2003)
podcast(family_secrets) & createdby(family_secrets, dani_shapiro)
city(boston) & american(boston)","bornin(dani_shapiro, boston)",-(+P0--+N0)-((+(+B1++C1++L1)-+A1)--((+N0++W0)-+W0)+A2(+d2)++W2(+d2)+W2+N2(+f2)++W2+P2(+f2)++C2+C2(+b2)++A2(+b2),+B2
82,"Lawton Park is a neighborhood in Seattle. 
All citizens of Lawton Park use the zip code 98199. 
Tom is a citizen of Lawton Park.
Daniel uses the zip code 98199. ",Tom is a citizen of Washington.,U,"NeighbourhoodIn(lawtonPark, seattle)
∀x (Residentof(x, lawtonPark) → UseZipCode(x, num98199))
ResidentOf(tom, lawtonPark)
UseZipCode(daniel, num98199)","ResidentOf(tom, washington)",,,"neighbourhoodin(lawtonpark, seattle)
forall x (residentof(x, lawtonpark) implies usezipcode(x, num98199))
residentof(tom, lawtonpark)
usezipcode(daniel, num98199)","residentof(tom, washington)","neighbourhoodin(lawtonpark, seattle)
forall (residentof(x, lawtonpark) -: usezipcode(x, num98199))
residentof(tom, lawtonpark)
usezipcode(daniel, num98199)","residentof(tom, washington)","[neighbourhoodin[(lawtonpark  seattle)]
@every *x [(residentof[(?x  lawtonpark)]  usezipcode[(?x  num98199)])]
residentof[(tom  lawtonpark)]
usezipcode[(daniel  num98199)]]",[residentof[(tom  washington)]],"neighbourhoodin(lawtonpark, seattle)
all:x (residentof(x, lawtonpark) :- usezipcode(x, num98199))
residentof(tom, lawtonpark)
usezipcode(daniel, num98199)","residentof(tom, washington)",+N2-(+R0-+U0)+R2+U2,+R2
63,"All students who attend in person have registered for the conference. 
Students either attend the conference in person or remotely. 
No students from China attend the conference remotely. 
James attends the conference, but he does not attend the conference remotely.
Jack attends the conference, and he is a student from China.",James attends the conference but not in person.,F,"∀x (AttendInPerson(x) → Registered(x))
∀x (Attend(x) → (AttendInPerson(x) ⊕ AttendRemotely(x)))
∀x ((Attend(x) ∧ FromChina(x)) → ¬AttendRemotely(x))
Attend(james) ∧ (¬AttendRemotely(james))
FromChina(jack) ∧ Attend(jack)",Attend(james) ∧ (¬AttendInPerson(james)),,,"forall x (attendinperson(x) implies registered(x))
forall x (attend(x) implies (attendinperson(x) xor attendremotely(x)))
forall x ((attend(x) and fromchina(x)) implies not attendremotely(x))
attend(james) and (not attendremotely(james))
fromchina(jack) and attend(jack)",attend(james) and (not attendinperson(james)),"forall (attendinperson(x) -: registered(x))
forall (attend(x) -: (attendinperson(x) ^ attendremotely(x)))
forall ((attend(x) , fromchina(x)) -: notattendremotely(x))
attend(james) , (notattendremotely(james))
fromchina(jack) , attend(jack)","attend(james) , (notattendinperson(james))","[@every *x [(attendinperson[(?x)]  registered[(?x)])]
@every *x [(attend[(?x)]  [(attendinperson[(?x)]  attendremotely[(?x)])])]
@every *x [([(attend[(?x)]  fromchina[(?x)])]  ~attendremotely[(?x)])]
attend[(james)]  [(~attendremotely[(james)])]
fromchina[(jack)]  attend[(jack)]]",[attend[(james)]  [(~attendinperson[(james)])]],"all:x (attendinperson(x) :- registered(x))
all:x (attend(x) :- (attendinperson(x) ^ attendremotely(x)))
all:x ((attend(x) & fromchina(x)) :- ~attendremotely(x))
attend(james) & (~attendremotely(james))
fromchina(jack) & attend(jack)",attend(james) & (~attendinperson(james)),-(+A0-+R0)-(+A0-(+A0-+A0))-((+A0++F0)--+A0)+A2(+j2)+(-+A2(+j2))+F2(+j2)++A2(+j2),+A2(+j2)+(-+A2(+j2))
42,"James Cocks was a British lawyer.
James Cocks was a Whig politician who sat in the House of Commons.
A British is a European.
Any lawyer is familiar with laws.
Some Whigs speak French.",Some European was familiar with laws.,T,"British(james) ∧ Lawyer(james)
Whig(james) ∧ Politician(james) ∧ SatInHouseOfCommons(james)
∀x (British(x) → European(x))
∀x (Lawyer(x) → FamiliarWithLaws(x))
∃x ∃y (Whig(x) ∧ SpeakFrench(x)) ∧ (¬(x=y)) ∧ (Whig(y) ∧ SpeakFrench(y))",∃x (European(x) ∧ FamiliarWithLaws(x)),,,"british(james) and lawyer(james)
whig(james) and politician(james) and satinhouseofcommons(james)
forall x (british(x) implies european(x))
forall x (lawyer(x) implies familiarwithlaws(x))
exists x exists y (whig(x) and speakfrench(x)) and (not (x=y)) and (whig(y) and speakfrench(y))",exists x (european(x) and familiarwithlaws(x)),"british(james) , lawyer(james)
whig(james) , politician(james) , satinhouseofcommons(james)
forall (british(x) -: european(x))
forall (lawyer(x) -: familiarwithlaws(x))
  (whig(x) , speakfrench(x)) , (not(x=y)) , (whig(y) , speakfrench(y))"," (european(x) , familiarwithlaws(x))","[british[(james)]  lawyer[(james)]
whig[(james)]  politician[(james)]  satinhouseofcommons[(james)]
@every *x [(british[(?x)]  european[(?x)])]
@every *x [(lawyer[(?x)]  familiarwithlaws[(?x)])]
*x *y [(whig[(?x)]  speakfrench[(?x)])]  [(~[(?x=y)])]  [(whig[(?y)]  speakfrench[(?y)])]]",[*x [(european[(?x)]  familiarwithlaws[(?x)])]],"british(james) & lawyer(james)
whig(james) & politician(james) & satinhouseofcommons(james)
all:x (british(x) :- european(x))
all:x (lawyer(x) :- familiarwithlaws(x))
x y (whig(x) & speakfrench(x)) & (~(x=y)) & (whig(y) & speakfrench(y))",x (european(x) & familiarwithlaws(x)),+B2(+j2)++L2(+j2)+W2(+j2)++P2(+j2)++S2(+j2)-(+B0-+E0)-(+L0-+F0)++(+W1++S1)+(-(+x1))+(+W1++S1),+(+E1++F1)
89,"Bobby Flynn is a singer-songwriter. 
Bobby Flynn finished 7th while competing on Australian Idol.
Australian Idol competitors are Australian citizens.
The Omega Three band made a nationwide tour in 2007.
Bobby Flynn is a member of The Omega Three band.
Bobby Flynn was born in Queensland.",Bobby Flynn flew to America in 2007.,U,"Singer(bobbyFlynn) ∧ SongWriter(bobbyFlynn)
FinishesIn(bobbyFlynn, number7) ∧ CompetesOnAustralianIdol(bobbyFlynn)
∀x (CompetesOnAustralianIdol(x) → AustralianCitizen(x))
NationWideTourIn(theOmegaThreeBand, year2007)
Member(bobbyFlynn, theOmegaThreeBand)
BornIn(bobbyFlynn, queensland)","FlewToIn(bobbyFlynn, america, year2007)",,,"singer(bobbyflynn) and songwriter(bobbyflynn)
finishesin(bobbyflynn, number7) and competesonaustralianidol(bobbyflynn)
forall x (competesonaustralianidol(x) implies australiancitizen(x))
nationwidetourin(theomegathreeband, year2007)
member(bobbyflynn, theomegathreeband)
bornin(bobbyflynn, queensland)","flewtoin(bobbyflynn, america, year2007)","singer(bobbyflynn) , songwriter(bobbyflynn)
finishesin(bobbyflynn, number7) , competesonaustralianidol(bobbyflynn)
forall (competesonaustralianidol(x) -: australiancitizen(x))
nationwidetourin(theomegathreeband, year2007)
member(bobbyflynn, theomegathreeband)
bornin(bobbyflynn, queensland)","flewtoin(bobbyflynn, america, year2007)","[singer[(bobbyflynn)]  songwriter[(bobbyflynn)]
finishesin[(bobbyflynn  number7)]  competesonaustralianidol[(bobbyflynn)]
@every *x [(competesonaustralianidol[(?x)]  australiancitizen[(?x)])]
nationwidetourin[(theomegathreeband  year2007)]
member[(bobbyflynn  theomegathreeband)]
bornin[(bobbyflynn  queensland)]]",[flewtoin[(bobbyflynn  america  year2007)]],"singer(bobbyflynn) & songwriter(bobbyflynn)
finishesin(bobbyflynn, number7) & competesonaustralianidol(bobbyflynn)
all:x (competesonaustralianidol(x) :- australiancitizen(x))
nationwidetourin(theomegathreeband, year2007)
member(bobbyflynn, theomegathreeband)
bornin(bobbyflynn, queensland)","flewtoin(bobbyflynn, america, year2007)",+S2(+b2)++S2(+b2)+F2++C2(+b2)-(+C0-+A0)+N2+M2+B2,+F2
67,"If an album is written by a rock band, then the genre of the album is rock.
If a band writes an album winning an award, then this band wins this award.
Trouble at the Henhouse is an album by The Tragically Hip.
The Tragically Hip is a Canadian rock band.
The song ""Butts Wigglin'"" is in Trouble at the Henhouse.
Trouble at the Henhouse won the Album of the Year award.
A song in Trouble at the Henhouse appeared in a film.","""Butts Wigglin'"" appeared in a film.",U,"∀x ∀y ∀z (AlbumByBand(x, y) ∧ RockBand(y, z) → Genre(x, rock))
∀x ∀y ∀z (AlbumByBand(x, y) ∧ AlbumAward(x, z) → RockBandAward(y, z))
AlbumByBand(trouble_at_the_Henhouse, the_Tragically_Hip)
RockBand(the_Tragically_Hip, canada)
SongInAlbum(butts_Wigglin, trouble_at_the_Henhouse)
AlbumAward(trouble_at_the_Henhouse, the_Album_of_the_Year)
∃x (SongInFilm(x) ∧ SongInAlbum(x, trouble_at_the_Henhouse))",SongInFilm(buttsWigglin),,,"forall x forall y forall z (albumbyband(x, y) and rockband(y, z) implies genre(x, rock))
forall x forall y forall z (albumbyband(x, y) and albumaward(x, z) implies rockbandaward(y, z))
albumbyband(trouble_at_the_henhouse, the_tragically_hip)
rockband(the_tragically_hip, canada)
songinalbum(butts_wigglin, trouble_at_the_henhouse)
albumaward(trouble_at_the_henhouse, the_album_of_the_year)
exists x (songinfilm(x) and songinalbum(x, trouble_at_the_henhouse))",songinfilm(buttswigglin),"forall forall forall (albumbyband(x, y) , rockband(y, z) -: genre(x, rock))
forall forall forall (albumbyband(x, y) , albumaward(x, z) -: rockbandaward(y, z))
albumbyband(trouble_at_the_henhouse, the_tragically_hip)
rockband(the_tragically_hip, canada)
songinalbum(butts_wigglin, trouble_at_the_henhouse)
albumaward(trouble_at_the_henhouse, the_album_of_the_year)
 (songinfilm(x) , songinalbum(x, trouble_at_the_henhouse))",songinfilm(buttswigglin),"[@every *x @every *y @every *z [(albumbyband[(?x  y)]  rockband[(?y  z)]  genre[(?x  rock)])]
@every *x @every *y @every *z [(albumbyband[(?x  y)]  albumaward[(?x  z)]  rockbandaward[(?y  z)])]
albumbyband[(trouble_at_the_henhouse  the_tragically_hip)]
rockband[(the_tragically_hip  canada)]
songinalbum[(butts_wigglin  trouble_at_the_henhouse)]
albumaward[(trouble_at_the_henhouse  the_album_of_the_year)]
*x [(songinfilm[(?x)]  songinalbum[(?x  trouble_at_the_henhouse)])]]",[songinfilm[(buttswigglin)]],"all:x all:y all:z (albumbyband(x, y) & rockband(y, z) :- genre(x, rock))
all:x all:y all:z (albumbyband(x, y) & albumaward(x, z) :- rockbandaward(y, z))
albumbyband(trouble_at_the_henhouse, the_tragically_hip)
rockband(the_tragically_hip, canada)
songinalbum(butts_wigglin, trouble_at_the_henhouse)
albumaward(trouble_at_the_henhouse, the_album_of_the_year)
x (songinfilm(x) & songinalbum(x, trouble_at_the_henhouse))",songinfilm(buttswigglin),---(+A0++R0-+G0)---(+A0++A0-+R0)+A2+R2+S2+A2+(+S1++S1),+S2(+b2)
80,"New Vessel Press is a publishing house specializing in translating foreign literature into English.
All of New Vessel Press's published books are in English.
Neapolitan Chronicles is a book published by New Vessel Press.
Neapolitan Chronicles was translated from Italian.
Palace of Flies is a book published by New Vessel Press.",Neapolitan Chronicles is an English book.,T,"PublishingHouse(newVesselPress) ∧ SpecializesInTranslatingIntoEnglish(newVesselPress, foreignLiterature)
∀x ((Book(x) ∧ PublishedBy(x, newVesselPress)) → In(x, english))
Book(neapolitanChronicles) ∧ PublishedBy(neapolitanChronicles, newVesselPress)
TranslatedFrom(neapolitanChronicles, italian)
Book(palaceOfFlies) ∧ PublishedBy(palaceOfFlies, newVesselPress)","Book(neapolitanChronicles) ∧ In(neapolitanChronicles, english)",,,"publishinghouse(newvesselpress) and specializesintranslatingintoenglish(newvesselpress, foreignliterature)
forall x ((book(x) and publishedby(x, newvesselpress)) implies in(x, english))
book(neapolitanchronicles) and publishedby(neapolitanchronicles, newvesselpress)
translatedfrom(neapolitanchronicles, italian)
book(palaceofflies) and publishedby(palaceofflies, newvesselpress)","book(neapolitanchronicles) and in(neapolitanchronicles, english)","publishinghouse(newvesselpress) , specializesintranslatingintoenglish(newvesselpress, foreignliterature)
forall ((book(x) , publishedby(x, newvesselpress)) -: in(x, english))
book(neapolitanchronicles) , publishedby(neapolitanchronicles, newvesselpress)
translatedfrom(neapolitanchronicles, italian)
book(palaceofflies) , publishedby(palaceofflies, newvesselpress)","book(neapolitanchronicles) , in(neapolitanchronicles, english)","[publishinghouse[(newvesselpress)]  specializesintranslatingintoenglish[(newvesselpress  foreignliterature)]
@every *x [([(book[(?x)]  publishedby[(?x  newvesselpress)])]  in[(?x  english)])]
book[(neapolitanchronicles)]  publishedby[(neapolitanchronicles  newvesselpress)]
translatedfrom[(neapolitanchronicles  italian)]
book[(palaceofflies)]  publishedby[(palaceofflies  newvesselpress)]]",[book[(neapolitanchronicles)]  in[(neapolitanchronicles  english)]],"publishinghouse(newvesselpress) & specializesintranslatingintoenglish(newvesselpress, foreignliterature)
all:x ((book(x) & publishedby(x, newvesselpress)) :- in(x, english))
book(neapolitanchronicles) & publishedby(neapolitanchronicles, newvesselpress)
translatedfrom(neapolitanchronicles, italian)
book(palaceofflies) & publishedby(palaceofflies, newvesselpress)","book(neapolitanchronicles) & in(neapolitanchronicles, english)",+P2(+n2)++S2-((+B0++P0)-+I0)+B2(+n2)++P2+T2+B2(+p2)++P2,+B2(+n2)++I2
68,"Lana Wilson directed After Tiller, The Departure, and Miss Americana.
If a film is directed by a person, the person is a filmmaker.
After Tiller is a documentary.
The documentary is a type of film.
Lana Wilson is from Kirkland.
Kirkland is a US city.
If a person is from a city in a country, the person is from the country.
After Tiller is nominated for the Independent Spirit Award for Best Documentary.",Lana Wilson is a US filmmaker.,T,"DirectedBy(afterTiller, lanaWilson) ∧ DirectedBy(theDeparture, lanaWilson) ∧ DirectedBy(missAmericana, lanaWilson)
∀x ∀y (DirectedBy(x, y) → Filmmaker(y))
Documentary(afterTiller)
∀x (Documentary(x) → Film(x))
From(lanaWilson, kirkland)
In(kirkland, unitedStates)
∀x ∀y ∀z ((From(x, y) ∧ In(y, z)) → From(x, z))
Nomination(afterTiller, theIndependentSpiritAwardForBestDocumentary)","From(lanaWilson, unitedStates) ∧ Filmmaker(lanaWilson)",,,"directedby(aftertiller, lanawilson) and directedby(thedeparture, lanawilson) and directedby(missamericana, lanawilson)
forall x forall y (directedby(x, y) implies filmmaker(y))
documentary(aftertiller)
forall x (documentary(x) implies film(x))
from(lanawilson, kirkland)
in(kirkland, unitedstates)
forall x forall y forall z ((from(x, y) and in(y, z)) implies from(x, z))
nomination(aftertiller, theindependentspiritawardforbestdocumentary)","from(lanawilson, unitedstates) and filmmaker(lanawilson)","directedby(aftertiller, lanawilson) , directedby(thedeparture, lanawilson) , directedby(missamericana, lanawilson)
forall forall (directedby(x, y) -: filmmaker(y))
documentary(aftertiller)
forall (documentary(x) -: film(x))
from(lanawilson, kirkland)
in(kirkland, unitedstates)
forall forall forall ((from(x, y) , in(y, z)) -: from(x, z))
nomination(aftertiller, theindependentspiritawardforbestdocumentary)","from(lanawilson, unitedstates) , filmmaker(lanawilson)","[directedby[(aftertiller  lanawilson)]  directedby[(thedeparture  lanawilson)]  directedby[(missamericana  lanawilson)]
@every *x @every *y [(directedby[(?x  y)]  filmmaker[(?y)])]
documentary[(aftertiller)]
@every *x [(documentary[(?x)]  film[(?x)])]
from[(lanawilson  kirkland)]
in[(kirkland  unitedstates)]
@every *x @every *y @every *z [([(from[(?x  y)]  in[(?y  z)])]  from[(?x  z)])]
nomination[(aftertiller  theindependentspiritawardforbestdocumentary)]]",[from[(lanawilson  unitedstates)]  filmmaker[(lanawilson)]],"directedby(aftertiller, lanawilson) & directedby(thedeparture, lanawilson) & directedby(missamericana, lanawilson)
all:x all:y (directedby(x, y) :- filmmaker(y))
documentary(aftertiller)
all:x (documentary(x) :- film(x))
from(lanawilson, kirkland)
in(kirkland, unitedstates)
all:x all:y all:z ((from(x, y) & in(y, z)) :- from(x, z))
nomination(aftertiller, theindependentspiritawardforbestdocumentary)","from(lanawilson, unitedstates) & filmmaker(lanawilson)",+D2++D2++D2--(+D0-+F0)+D2(+a2)-(+D0-+F0)+F2+I2---((+F0++I0)-+F0)+N2,+F2++F2(+l2)
28,"Jason Kramer is an American music supervisor.
Some American radio personalities are also music supervisors. 
Anyone who hosts a show on a public radio station is a radio personality.
Joe Rogan is a radio personality.
Jason Kramer hosted a show on a public radio station.",Jason Kramer is a music supervisor.,T,"MusicSupervisor(jasonKramer) ∧ American(jasonKramer)
∃x ∃y (American(x) ∧ MusicSupervisor(x) ∧ RadioPersonality(x) ∧ (¬(x=y)) ∧ American(y) ∧ MusicSupervisor(y) ∧ RadioPersonality(y))
∀x ∀y((HostShowOn(x, y) ∧ PublicRadioStation(x)) → RadioPersonality(x))
RadioPersonality(joeRogan)
∃x(HostShowOn(jasonKramer, x) ∧ PublicRadioStation(x))",MusicSupervisor(jasonKramer),,,"musicsupervisor(jasonkramer) and american(jasonkramer)
exists x exists y (american(x) and musicsupervisor(x) and radiopersonality(x) and (not (x=y)) and american(y) and musicsupervisor(y) and radiopersonality(y))
forall x forall y((hostshowon(x, y) and publicradiostation(x)) implies radiopersonality(x))
radiopersonality(joerogan)
exists x(hostshowon(jasonkramer, x) and publicradiostation(x))",musicsupervisor(jasonkramer),"musicsupervisor(jasonkramer) , american(jasonkramer)
  (american(x) , musicsupervisor(x) , radiopersonality(x) , (not(x=y)) , american(y) , musicsupervisor(y) , radiopersonality(y))
forall forall((hostshowon(x, y) , publicradiostation(x)) -: radiopersonality(x))
radiopersonality(joerogan)
(hostshowon(jasonkramer, x) , publicradiostation(x))",musicsupervisor(jasonkramer),"[musicsupervisor[(jasonkramer)]  american[(jasonkramer)]
*x *y [(american[(?x)]  musicsupervisor[(?x)]  radiopersonality[(?x)]  [(~[(?x=y)])]  american[(?y)]  musicsupervisor[(?y)]  radiopersonality[(?y)])]
@every *x @every *y[([(hostshowon[(?x  y)]  publicradiostation[(?x)])]  radiopersonality[(?x)])]
radiopersonality[(joerogan)]
*x[(hostshowon[(jasonkramer  x)]  publicradiostation[(?x)])]]",[musicsupervisor[(jasonkramer)]],"musicsupervisor(jasonkramer) & american(jasonkramer)
x y (american(x) & musicsupervisor(x) & radiopersonality(x) & (~(x=y)) & american(y) & musicsupervisor(y) & radiopersonality(y))
all:x all:y((hostshowon(x, y) & publicradiostation(x)) :- radiopersonality(x))
radiopersonality(joerogan)
x(hostshowon(jasonkramer, x) & publicradiostation(x))",musicsupervisor(jasonkramer),+M2(+j2)++A2(+j2)++(+A1++M1++R1+(-(+x1))++A1++M1++R1)--((+H0++P0)-+R0)+R2(+j2)+(+H1++P1),+M2(+j2)
38,"The Metropolitan Museum of Art is a museum in NYC.
Whitney Museum of American Art is a museum in NYC.
The Museum of Modern Art (MoMA) is a museum in NYC. 
The Metropolitan Museum of Art includes Byzantine and Islamic Art. 
Whitney Museum of American Art includes American art.",A museum in NYC includes Byzantine and Islamic Art.,T,"Museum(metropolitanMuseumOfArt) ∧ In(metropolitanMuseumOfArt, nYC)
Museum(whitneyMuseumOfAmericanArt) ∧ In(metropolitanMuseumOfArt, nYC)
Museum(museumOfModernArt) ∧ In(museumOfModernArt, nYC)
Include(metropolitanMuseumOfArt, byzantineArt) ∧ Include(metropolitanMuseumOfArt, islamicArt)
Include(whitneyMuseumOfAmericanArt, americanArt)","∃x (Museum(x) ∧ In(x, nYC) ∧ Include(x, byzantineArt) ∧ Include(x, islamicArt))",,,"museum(metropolitanmuseumofart) and in(metropolitanmuseumofart, nyc)
museum(whitneymuseumofamericanart) and in(metropolitanmuseumofart, nyc)
museum(museumofmodernart) and in(museumofmodernart, nyc)
include(metropolitanmuseumofart, byzantineart) and include(metropolitanmuseumofart, islamicart)
include(whitneymuseumofamericanart, americanart)","exists x (museum(x) and in(x, nyc) and include(x, byzantineart) and include(x, islamicart))","museum(metropolitanmuseumofart) , in(metropolitanmuseumofart, nyc)
museum(whitneymuseumofamericanart) , in(metropolitanmuseumofart, nyc)
museum(museumofmodernart) , in(museumofmodernart, nyc)
include(metropolitanmuseumofart, byzantineart) , include(metropolitanmuseumofart, islamicart)
include(whitneymuseumofamericanart, americanart)"," (museum(x) , in(x, nyc) , include(x, byzantineart) , include(x, islamicart))","[museum[(metropolitanmuseumofart)]  in[(metropolitanmuseumofart  nyc)]
museum[(whitneymuseumofamericanart)]  in[(metropolitanmuseumofart  nyc)]
museum[(museumofmodernart)]  in[(museumofmodernart  nyc)]
include[(metropolitanmuseumofart  byzantineart)]  include[(metropolitanmuseumofart  islamicart)]
include[(whitneymuseumofamericanart  americanart)]]",[*x [(museum[(?x)]  in[(?x  nyc)]  include[(?x  byzantineart)]  include[(?x  islamicart)])]],"museum(metropolitanmuseumofart) & in(metropolitanmuseumofart, nyc)
museum(whitneymuseumofamericanart) & in(metropolitanmuseumofart, nyc)
museum(museumofmodernart) & in(museumofmodernart, nyc)
include(metropolitanmuseumofart, byzantineart) & include(metropolitanmuseumofart, islamicart)
include(whitneymuseumofamericanart, americanart)","x (museum(x) & in(x, nyc) & include(x, byzantineart) & include(x, islamicart))",+M2(+m2)++I2+M2(+w2)++I2+M2(+m2)++I2+I2++I2+I2,+(+M1++I1++I1++I1)
52,"The Lumina APV is produced by Chevrolet. 
The Astro is a van produced by Chevrolet. 
Vehicles produced by Chevrolet in this batch are either cars or vans.",The Astro is a car.,F,"ProducedBy(luminaAPV, chevrolet)
ProducedBy(astro, chevrolet) ∧ Van(astro)
∀x (Vehicle(x) ∧ ProducedBy(x, chevrolet) ∧ InThisBatch(x) → (Car(x) ⊕ Van(x)))",Car(astro),,,"producedby(luminaapv, chevrolet)
producedby(astro, chevrolet) and van(astro)
forall x (vehicle(x) and producedby(x, chevrolet) and inthisbatch(x) implies (car(x) xor van(x)))",car(astro),"producedby(luminaapv, chevrolet)
producedby(astro, chevrolet) , van(astro)
forall (vehicle(x) , producedby(x, chevrolet) , inthisbatch(x) -: (car(x) ^ van(x)))",car(astro),"[producedby[(luminaapv  chevrolet)]
producedby[(astro  chevrolet)]  van[(astro)]
@every *x [(vehicle[(?x)]  producedby[(?x  chevrolet)]  inthisbatch[(?x)]  [(car[(?x)]  van[(?x)])])]]",[car[(astro)]],"producedby(luminaapv, chevrolet)
producedby(astro, chevrolet) & van(astro)
all:x (vehicle(x) & producedby(x, chevrolet) & inthisbatch(x) :- (car(x) ^ van(x)))",car(astro),+P2+P2++V2(+a2)-(+V0++P0++I0-(+C0-+V0)),+C2(+a2)
14,"The USS Salem is a heavy cruiser built for the United States Navy.
The last heavy cruiser to enter service was the USS Salem.
The USS Salem is a museum ship.
Museum ships are open to the public.
The USS Salem served in the Atlantic and Mediterranean.",The USS Salem was not the last heavy cruiser to enter service.,F,"HeavyCruiser(usssalem) ∧ BuiltFor(usssalem, unitedstatesnavy)
LastHeavyCruiserToEnterService(usssalem)
MuseumShip(usssalem)
∀x (MuseumShip(x) → OpenToPublic(x))
ServedIn(usssalem, atlantic) ∧ ServedIn(usssalem, mediterranean)",¬LastHeavyCruiserToEnterService(usssalem),,,"heavycruiser(usssalem) and builtfor(usssalem, unitedstatesnavy)
lastheavycruisertoenterservice(usssalem)
museumship(usssalem)
forall x (museumship(x) implies opentopublic(x))
servedin(usssalem, atlantic) and servedin(usssalem, mediterranean)",not lastheavycruisertoenterservice(usssalem),"heavycruiser(usssalem) , builtfor(usssalem, unitedstatesnavy)
lastheavycruisertoenterservice(usssalem)
museumship(usssalem)
forall (museumship(x) -: opentopublic(x))
servedin(usssalem, atlantic) , servedin(usssalem, mediterranean)",notlastheavycruisertoenterservice(usssalem),"[heavycruiser[(usssalem)]  builtfor[(usssalem  unitedstatesnavy)]
lastheavycruisertoenterservice[(usssalem)]
museumship[(usssalem)]
@every *x [(museumship[(?x)]  opentopublic[(?x)])]
servedin[(usssalem  atlantic)]  servedin[(usssalem  mediterranean)]]",~[lastheavycruisertoenterservice[(usssalem)]],"heavycruiser(usssalem) & builtfor(usssalem, unitedstatesnavy)
lastheavycruisertoenterservice(usssalem)
museumship(usssalem)
all:x (museumship(x) :- opentopublic(x))
servedin(usssalem, atlantic) & servedin(usssalem, mediterranean)",~lastheavycruisertoenterservice(usssalem),+H2(+u2)++B2+L2(+u2)+M2(+u2)-(+M0-+O0)+S2++S2,-+L2(+u2)
76,"Asa Hoffmann was born in New York City.
Asa Hoffman lives in Manhattan.
Asa Hoffman is a chess player.
Some chess players are grandmasters.
People born and living in New York City are New Yorkers.
People living in Manhattan live in New York City.",Asa Hoffmann does not live in New York.,F,"BornIn(asaHoffmann, newYorkCity)
LiveIn(asaHoffmann, manhattan)
ChessPlayer(asaHoffmann)
∃x ∃y (ChessPlayer(x) ∧ GrandMaster(x) ∧ (¬(x=y)) ∧ ChessPlayer(y) ∧ GrandMaster(y))
∀x ((BornIn(x, newYorkCity) ∧ LiveIn(x, newYorkCity)) → NewYorker(x))
∀x (LiveIn(x, manhattan) → LiveIn(x, newYorkCity))","¬LiveIn(asaHoffmann, newYorkCity)",,,"bornin(asahoffmann, newyorkcity)
livein(asahoffmann, manhattan)
chessplayer(asahoffmann)
exists x exists y (chessplayer(x) and grandmaster(x) and (not (x=y)) and chessplayer(y) and grandmaster(y))
forall x ((bornin(x, newyorkcity) and livein(x, newyorkcity)) implies newyorker(x))
forall x (livein(x, manhattan) implies livein(x, newyorkcity))","not livein(asahoffmann, newyorkcity)","bornin(asahoffmann, newyorkcity)
livein(asahoffmann, manhattan)
chessplayer(asahoffmann)
  (chessplayer(x) , grandmaster(x) , (not(x=y)) , chessplayer(y) , grandmaster(y))
forall ((bornin(x, newyorkcity) , livein(x, newyorkcity)) -: newyorker(x))
forall (livein(x, manhattan) -: livein(x, newyorkcity))","notlivein(asahoffmann, newyorkcity)","[bornin[(asahoffmann  newyorkcity)]
livein[(asahoffmann  manhattan)]
chessplayer[(asahoffmann)]
*x *y [(chessplayer[(?x)]  grandmaster[(?x)]  [(~[(?x=y)])]  chessplayer[(?y)]  grandmaster[(?y)])]
@every *x [([(bornin[(?x  newyorkcity)]  livein[(?x  newyorkcity)])]  newyorker[(?x)])]
@every *x [(livein[(?x  manhattan)]  livein[(?x  newyorkcity)])]]",~[livein[(asahoffmann  newyorkcity)]],"bornin(asahoffmann, newyorkcity)
livein(asahoffmann, manhattan)
chessplayer(asahoffmann)
x y (chessplayer(x) & grandmaster(x) & (~(x=y)) & chessplayer(y) & grandmaster(y))
all:x ((bornin(x, newyorkcity) & livein(x, newyorkcity)) :- newyorker(x))
all:x (livein(x, manhattan) :- livein(x, newyorkcity))","~livein(asahoffmann, newyorkcity)",+B2+L2+C2(+a2)++(+C1++G1+(-(+x1))++C1++G1)-((+B0++L0)-+N0)-(+L0-+L0),-+L2
18,"Miroslav Fiedler was a Czech mathematician.
Miroslav Fiedler is known for his contributions to linear algebra and graph theory.
Miroslav Fiedler is honored by the Fiedler eigenvalue.
Fiedler eigenvalue is the second smallest eigenvalue of the graph Laplacian.",A Czech mathematician is known for his contributions to linear algebra and graph theory.,T,"Czech(miroslavFiedler) ∧ Mathematician(miroslavFiedler)
KnownFor(miroslavFiedler, contributionsToLinearAlgebraAndGraphTheory)
HonoredBy(miroslavFiedler, fiedlerEigenvalue)
TheSecondSmallestEigenvalueOf(fiedlerEigenvalue, theGraphLaplacian)","∃x (Czech(x) ∧ Mathematician(x) ∧ KnownFor(x, contributionsToLinearAlgebraAndGraphTheory))",,,"czech(miroslavfiedler) and mathematician(miroslavfiedler)
knownfor(miroslavfiedler, contributionstolinearalgebraandgraphtheory)
honoredby(miroslavfiedler, fiedlereigenvalue)
thesecondsmallesteigenvalueof(fiedlereigenvalue, thegraphlaplacian)","exists x (czech(x) and mathematician(x) and knownfor(x, contributionstolinearalgebraandgraphtheory))","czech(miroslavfiedler) , mathematician(miroslavfiedler)
knownfor(miroslavfiedler, contributionstolinearalgebraandgraphtheory)
honoredby(miroslavfiedler, fiedlereigenvalue)
thesecondsmallesteigenvalueof(fiedlereigenvalue, thegraphlaplacian)"," (czech(x) , mathematician(x) , knownfor(x, contributionstolinearalgebraandgraphtheory))","[czech[(miroslavfiedler)]  mathematician[(miroslavfiedler)]
knownfor[(miroslavfiedler  contributionstolinearalgebraandgraphtheory)]
honoredby[(miroslavfiedler  fiedlereigenvalue)]
thesecondsmallesteigenvalueof[(fiedlereigenvalue  thegraphlaplacian)]]",[*x [(czech[(?x)]  mathematician[(?x)]  knownfor[(?x  contributionstolinearalgebraandgraphtheory)])]],"czech(miroslavfiedler) & mathematician(miroslavfiedler)
knownfor(miroslavfiedler, contributionstolinearalgebraandgraphtheory)
honoredby(miroslavfiedler, fiedlereigenvalue)
thesecondsmallesteigenvalueof(fiedlereigenvalue, thegraphlaplacian)","x (czech(x) & mathematician(x) & knownfor(x, contributionstolinearalgebraandgraphtheory))",+C2(+m2)++M2(+m2)+K2+H2+T2,+(+C1++M1++K1)
51,"The summer Olympic games is a sporting event. 
The last summer Olympic games was in Tokyo.
The United States won the most medals in Tokyo. ",The last summer Olympic games were not in Tokyo.,F,"SportingEvent(olympics)
LastSummerOlympics(tokyo)
MostMedals(unitedStates, tokyo)",¬LastSummerOlympics(tokyo),,,"sportingevent(olympics)
lastsummerolympics(tokyo)
mostmedals(unitedstates, tokyo)",not lastsummerolympics(tokyo),"sportingevent(olympics)
lastsummerolympics(tokyo)
mostmedals(unitedstates, tokyo)",notlastsummerolympics(tokyo),"[sportingevent[(olympics)]
lastsummerolympics[(tokyo)]
mostmedals[(unitedstates  tokyo)]]",~[lastsummerolympics[(tokyo)]],"sportingevent(olympics)
lastsummerolympics(tokyo)
mostmedals(unitedstates, tokyo)",~lastsummerolympics(tokyo),+S2(+o2)+L2(+t2)+M2,-+L2(+t2)
1,"Mary has the flu.
If someone has the flu, then they have influenza.
Susan doesn't have influenza.",Either Mary or Susan has influenza.,T,"Has(mary, flu)
∀x (Has(x, flu) → Has(x, influenza))
¬Has(susan, influenza)","Has(mary, influenza) ⊕ Has(susan, influenza)",,,"has(mary, flu)
forall x (has(x, flu) implies has(x, influenza))
not has(susan, influenza)","has(mary, influenza) xor has(susan, influenza)","has(mary, flu)
forall (has(x, flu) -: has(x, influenza))
nothas(susan, influenza)","has(mary, influenza) ^ has(susan, influenza)","[has[(mary  flu)]
@every *x [(has[(?x  flu)]  has[(?x  influenza)])]
~has[(susan  influenza)]]",[has[(mary  influenza)]  has[(susan  influenza)]],"has(mary, flu)
all:x (has(x, flu) :- has(x, influenza))
~has(susan, influenza)","has(mary, influenza) ^ has(susan, influenza)",+H2-(+H0-+H0)-+H2,+H2-+H2
70,"Michael O'Donnell is a British physician, journalist, author, and broadcaster.
One of the word-setters of My Word! was Michael O'Donnell.
The magazine World Medicine was edited by Michael O'Donnell.
Michael O'Donnell was born in Yorkshire as the son of a general practitioner.",There is a son of a general practitioner that is not an author.,U,"British(michael) ∧ Physician(michael) ∧ Journalist(michael) ∧ Author(michael) ∧ Broadcaster(michael)
WordSetter(michael)
Magazine(worldMedicine) ∧ EditedBy(worldMedicine, michael)
BornIn(michael, yorkshire) ∧ ∃x(SonOf(michael, x) ∧ GeneralPractitioner(x))","∃x ∃y (Son(x, y) ∧ GeneralPractitioner(y) ∧ ¬Author(x))",,,"british(michael) and physician(michael) and journalist(michael) and author(michael) and broadcaster(michael)
wordsetter(michael)
magazine(worldmedicine) and editedby(worldmedicine, michael)
bornin(michael, yorkshire) and exists x(sonof(michael, x) and generalpractitioner(x))","exists x exists y (son(x, y) and generalpractitioner(y) and not author(x))","british(michael) , physician(michael) , journalist(michael) , author(michael) , broadcaster(michael)
wordsetter(michael)
magazine(worldmedicine) , editedby(worldmedicine, michael)
bornin(michael, yorkshire) , (sonof(michael, x) , generalpractitioner(x))","  (son(x, y) , generalpractitioner(y) , notauthor(x))","[british[(michael)]  physician[(michael)]  journalist[(michael)]  author[(michael)]  broadcaster[(michael)]
wordsetter[(michael)]
magazine[(worldmedicine)]  editedby[(worldmedicine  michael)]
bornin[(michael  yorkshire)]  *x[(sonof[(michael  x)]  generalpractitioner[(?x)])]]",[*x *y [(son[(?x  y)]  generalpractitioner[(?y)]  ~author[(?x)])]],"british(michael) & physician(michael) & journalist(michael) & author(michael) & broadcaster(michael)
wordsetter(michael)
magazine(worldmedicine) & editedby(worldmedicine, michael)
bornin(michael, yorkshire) & x(sonof(michael, x) & generalpractitioner(x))","x y (son(x, y) & generalpractitioner(y) & ~author(x))",+B2(+m2)++P2(+m2)++J2(+m2)++A2(+m2)++B2(+m2)+W2(+m2)+M2(+w2)++E2+B2++(+S1++G1),++(+S1++G1+-+A1)
0,"There are six types of wild turkeys: Eastern wild turkey, Osceola wild turkey, Gould’s wild turkey, Merriam’s wild turkey, Rio Grande wild turkey, and Ocellated wild turkey.
Tom is not an Eastern wild turkey.
Tom is not an Osceola wild turkey.
Tom is not a Gould's wild turkey.
Tom is neither a Merriam's wild turkey nor a Rio Grande wild turkey.
Tom is a wild turkey.",Joey is a wild turkey.,U,"∀x (WildTurkey(x) → (EasternWildTurkey(x) ∨ OsceolaWildTurkey(x) ∨ GouldsWildTurkey(x) ∨ MerriamsWildTurkey(x) ∨ RiograndeWildTurkey(x) ∨ OcellatedWildTurkey(x)))
¬(EasternWildTurkey(tom))
¬(OsceolaWildTurkey(tom))
¬(GouldsWildTurkey(tom))
¬(MerriamsWildTurkey(tom) ∨ RiograndeWildTurkey(tom))
WildTurkey(tom)",WildTurkey(joey),"extra brackets?
Gould's or Goulds?
Merriam's or Merriams?",,"forall x (wildturkey(x) implies (easternwildturkey(x) or osceolawildturkey(x) or gouldswildturkey(x) or merriamswildturkey(x) or riograndewildturkey(x) or ocellatedwildturkey(x)))
not (easternwildturkey(tom))
not (osceolawildturkey(tom))
not (gouldswildturkey(tom))
not (merriamswildturkey(tom) or riograndewildturkey(tom))
wildturkey(tom)",wildturkey(joey),"forall (wildturkey(x) -: (easternwildturkey(x) | osceolawildturkey(x) | gouldswildturkey(x) | merriamswildturkey(x) | riograndewildturkey(x) | ocellatedwildturkey(x)))
not(easternwildturkey(tom))
not(osceolawildturkey(tom))
not(gouldswildturkey(tom))
not(merriamswildturkey(tom) | riograndewildturkey(tom))
wildturkey(tom)",wildturkey(joey),"[@every *x [(wildturkey[(?x)]  [(easternwildturkey[(?x)]  osceolawildturkey[(?x)]  gouldswildturkey[(?x)]  merriamswildturkey[(?x)]  riograndewildturkey[(?x)]  ocellatedwildturkey[(?x)])])]
~[(easternwildturkey[(tom)])]
~[(osceolawildturkey[(tom)])]
~[(gouldswildturkey[(tom)])]
~[(merriamswildturkey[(tom)]  riograndewildturkey[(tom)])]
wildturkey[(tom)]]",[wildturkey[(joey)]],"all:x (wildturkey(x) :- (easternwildturkey(x) | osceolawildturkey(x) | gouldswildturkey(x) | merriamswildturkey(x) | riograndewildturkey(x) | ocellatedwildturkey(x)))
~(easternwildturkey(tom))
~(osceolawildturkey(tom))
~(gouldswildturkey(tom))
~(merriamswildturkey(tom) | riograndewildturkey(tom))
wildturkey(tom)",wildturkey(joey),-(+W0-(+E0-+O0-+G0-+M0-+R0-+O0))-(+E0(+t0))-(+O0(+t0))-(+G0(+t0))-(+M0(+t0)-+R0(+t0))+W2(+t2),+W2(+j2)
60,"All buildings in New Haven are not high.
All buildings managed by Yale Housing are located in New Haven. 
All buildings in Manhattans are high. 
All buildings owned by Bloomberg are located in Manhattans. 
All buildings with the Bloomberg logo are owned by Bloomberg. 
Tower A is managed by Yale Housing.
Tower B is with the Bloomberg logo.",Tower B is not located in Manhattans.,F,"∀x (In(x, newHaven) → ¬High(x))
∀x (YaleHousing(x) → In(x, newHaven))
∀x (In(x, manhattan) → High(x))
∀x (Bloomberg(x) → In(x, manhattan))
∀x (BloombergLogo(x) → Bloomberg(x))
YaleHousing(tower-a)
BloombergLogo(tower-b)","¬In(tower-b, manhattan)",,,"forall x (in(x, newhaven) implies not high(x))
forall x (yalehousing(x) implies in(x, newhaven))
forall x (in(x, manhattan) implies high(x))
forall x (bloomberg(x) implies in(x, manhattan))
forall x (bloomberglogo(x) implies bloomberg(x))
yalehousing(tower-a)
bloomberglogo(tower-b)","not in(tower-b, manhattan)","forall (in(x, newhaven) -: nothigh(x))
forall (yalehousing(x) -: in(x, newhaven))
forall (in(x, manhattan) -: high(x))
forall (bloomberg(x) -: in(x, manhattan))
forall (bloomberglogo(x) -: bloomberg(x))
yalehousing(tower-a)
bloomberglogo(tower-b)","notin(tower-b, manhattan)","[@every *x [(in[(?x  newhaven)]  ~high[(?x)])]
@every *x [(yalehousing[(?x)]  in[(?x  newhaven)])]
@every *x [(in[(?x  manhattan)]  high[(?x)])]
@every *x [(bloomberg[(?x)]  in[(?x  manhattan)])]
@every *x [(bloomberglogo[(?x)]  bloomberg[(?x)])]
yalehousing[(tower-a)]
bloomberglogo[(tower-b)]]",~[in[(tower-b  manhattan)]],"all:x (in(x, newhaven) :- ~high(x))
all:x (yalehousing(x) :- in(x, newhaven))
all:x (in(x, manhattan) :- high(x))
all:x (bloomberg(x) :- in(x, manhattan))
all:x (bloomberglogo(x) :- bloomberg(x))
yalehousing(tower-a)
bloomberglogo(tower-b)","~in(tower-b, manhattan)",-(+I0--+H0)-(+Y0-+I0)-(+I0-+H0)-(+B0-+I0)-(+B0-+B0)+Y2(+t2)+B2(+t2),-+I2
97,"Deborah Wallace is a Scottish-born actress, playwright, and producer.
Psyche is a play based on the life of James Miranda Barry.
Homesick, Psyche and The Void are plays by Deborah Wallace.
Deborah Wallace co-produced Gasland.",Gasland is a play.,U,"BornIn(deborahWallace, scotland) ∧ Actress(deborahWallace) ∧ Playwright(deborahWallace) ∧ Producer(deborahWallace)
Play(psyche) ∧ BasedOn(psyche, lifeOfJamesMirandaBarry)
Play(homesick) ∧ WrittenBy(homesick, deborahWallace) ∧ Play(psyche) ∧ WrittenBy(psyche, deborahWallace) ∧ Play(theVoid) ∧ WrittenBy(theVoid, deborahWallace)
CoProduce(deborahWallace, gasland)",Play(gasland),,,"bornin(deborahwallace, scotland) and actress(deborahwallace) and playwright(deborahwallace) and producer(deborahwallace)
play(psyche) and basedon(psyche, lifeofjamesmirandabarry)
play(homesick) and writtenby(homesick, deborahwallace) and play(psyche) and writtenby(psyche, deborahwallace) and play(thevoid) and writtenby(thevoid, deborahwallace)
coproduce(deborahwallace, gasland)",play(gasland),"bornin(deborahwallace, scotland) , actress(deborahwallace) , playwright(deborahwallace) , producer(deborahwallace)
play(psyche) , basedon(psyche, lifeofjamesmirandabarry)
play(homesick) , writtenby(homesick, deborahwallace) , play(psyche) , writtenby(psyche, deborahwallace) , play(thevoid) , writtenby(thevoid, deborahwallace)
coproduce(deborahwallace, gasland)",play(gasland),"[bornin[(deborahwallace  scotland)]  actress[(deborahwallace)]  playwright[(deborahwallace)]  producer[(deborahwallace)]
play[(psyche)]  basedon[(psyche  lifeofjamesmirandabarry)]
play[(homesick)]  writtenby[(homesick  deborahwallace)]  play[(psyche)]  writtenby[(psyche  deborahwallace)]  play[(thevoid)]  writtenby[(thevoid  deborahwallace)]
coproduce[(deborahwallace  gasland)]]",[play[(gasland)]],"bornin(deborahwallace, scotland) & actress(deborahwallace) & playwright(deborahwallace) & producer(deborahwallace)
play(psyche) & basedon(psyche, lifeofjamesmirandabarry)
play(homesick) & writtenby(homesick, deborahwallace) & play(psyche) & writtenby(psyche, deborahwallace) & play(thevoid) & writtenby(thevoid, deborahwallace)
coproduce(deborahwallace, gasland)",play(gasland),+B2++A2(+d2)++P2(+d2)++P2(+d2)+P2(+p2)++B2+P2(+h2)++W2++P2(+p2)++W2++P2(+t2)++W2+C2,+P2(+g2)
91,"Virginia Lee is an Australian rower.
Virginia Lee competed in both sweep oared and sculling events.
Sydney is Virginia Lee's home city.
New South Wales was represented by Virginia Lee.",No Australian has represented New South Wales.,F,"Australian(virginiaLee) ∧ Rower(virginiaLee)
CompetesIn(virginiaLee, sweepOaredEvents) ∧ CompetesIn(virginiaLee, scullingEvents)
City(sydney) ∧ HomeCity(sydney, virginiaLee)
Represents(virginiaLee, newSouthWales)","∀x (Australian(x) → ¬Represented(x, newSouthWales))",,,"australian(virginialee) and rower(virginialee)
competesin(virginialee, sweepoaredevents) and competesin(virginialee, scullingevents)
city(sydney) and homecity(sydney, virginialee)
represents(virginialee, newsouthwales)","forall x (australian(x) implies not represented(x, newsouthwales))","australian(virginialee) , rower(virginialee)
competesin(virginialee, sweepoaredevents) , competesin(virginialee, scullingevents)
city(sydney) , homecity(sydney, virginialee)
represents(virginialee, newsouthwales)","forall (australian(x) -: notrepresented(x, newsouthwales))","[australian[(virginialee)]  rower[(virginialee)]
competesin[(virginialee  sweepoaredevents)]  competesin[(virginialee  scullingevents)]
city[(sydney)]  homecity[(sydney  virginialee)]
represents[(virginialee  newsouthwales)]]",[@every *x [(australian[(?x)]  ~represented[(?x  newsouthwales)])]],"australian(virginialee) & rower(virginialee)
competesin(virginialee, sweepoaredevents) & competesin(virginialee, scullingevents)
city(sydney) & homecity(sydney, virginialee)
represents(virginialee, newsouthwales)","all:x (australian(x) :- ~represented(x, newsouthwales))",+A2(+v2)++R2(+v2)+C2++C2+C2(+s2)++H2+R2,-(+A0--+R0)
15,"Elephantopus is a genus of perennial plants in the daisy family.
Elephantopus is widespread over much of Africa, southern Asia, Australia, and the Americas.
Several species of Elephantopus are native to the southeastern United States.
Elephantopus scaber is a traditional medicine.",Elephantopus is found in Australia and Southern Asia.,T,"∀x (Elephantopus(x) → (Genus(x, perennialplants) ∧ BelongTo(x, daisyfamily)))
∃x ∃y ∃z(Elephantopus(x) ∧ In(x,africa) ∧ (¬(x=y)) ∧ Elephantopus(y) ∧ In(y, southernasia) ∧ (¬(x=z)) ∧ (¬(y=z)) ∧ Elephantopus(z) ∧ In(z, australia))
∃x ∃y (Elephantopus(x) ∧ NativeTo(x, southeasternunitedstates) ∧ (¬(x=y)) ∧ Elephantopus(y) ∧ NativeTo(y, southeasternunitedstates))
∀x (ElephantopusScaber(x) → TraditionalMedicine(x))","∃x∃y(Elephantopus(x) ∧ In(x,africa) ∧ Elephantopus(y) ∧ In(y,africa))",,,"forall x (elephantopus(x) implies (genus(x, perennialplants) and belongto(x, daisyfamily)))
exists x exists y exists z(elephantopus(x) and in(x,africa) and (not (x=y)) and elephantopus(y) and in(y, southernasia) and (not (x=z)) and (not (y=z)) and elephantopus(z) and in(z, australia))
exists x exists y (elephantopus(x) and nativeto(x, southeasternunitedstates) and (not (x=y)) and elephantopus(y) and nativeto(y, southeasternunitedstates))
forall x (elephantopusscaber(x) implies traditionalmedicine(x))","exists xexists y(elephantopus(x) and in(x,africa) and elephantopus(y) and in(y,africa))","forall (elephantopus(x) -: (genus(x, perennialplants) , belongto(x, daisyfamily)))
  (elephantopus(x) , in(x,africa) , (not(x=y)) , elephantopus(y) , in(y, southernasia) , (not(x=z)) , (not(y=z)) , elephantopus(z) , in(z, australia))
  (elephantopus(x) , nativeto(x, southeasternunitedstates) , (not(x=y)) , elephantopus(y) , nativeto(y, southeasternunitedstates))
forall (elephantopusscaber(x) -: traditionalmedicine(x))","(elephantopus(x) , in(x,africa) , elephantopus(y) , in(y,africa))","[@every *x [(elephantopus[(?x)]  [(genus[(?x  perennialplants)]  belongto[(?x  daisyfamily)])])]
*x *y *z[(elephantopus[(?x)]  in[(?x africa)]  [(~[(?x=y)])]  elephantopus[(?y)]  in[(?y  southernasia)]  [(~[(?x=z)])]  [(~[(?y=z)])]  elephantopus[(?z)]  in[(?z  australia)])]
*x *y [(elephantopus[(?x)]  nativeto[(?x  southeasternunitedstates)]  [(~[(?x=y)])]  elephantopus[(?y)]  nativeto[(?y  southeasternunitedstates)])]
@every *x [(elephantopusscaber[(?x)]  traditionalmedicine[(?x)])]]",[*x*y[(elephantopus[(?x)]  in[(?x africa)]  elephantopus[(?y)]  in[(?y africa)])]],"all:x (elephantopus(x) :- (genus(x, perennialplants) & belongto(x, daisyfamily)))
x y z(elephantopus(x) & in(x,africa) & (~(x=y)) & elephantopus(y) & in(y, southernasia) & (~(x=z)) & (~(y=z)) & elephantopus(z) & in(z, australia))
x y (elephantopus(x) & nativeto(x, southeasternunitedstates) & (~(x=y)) & elephantopus(y) & nativeto(y, southeasternunitedstates))
all:x (elephantopusscaber(x) :- traditionalmedicine(x))","xy(elephantopus(x) & in(x,africa) & elephantopus(y) & in(y,africa))",-(+E0-(+G0++B0))+++(+E1++I1+(-(+x1))++E1++I1+(-(+x1))+(-(+y1))++E1++I1)++(+E1++N1+(-(+x1))++E1++N1)-(+E0-+T0),++(+E1++I1++E1++I1)
5,"Peter Parker is either a superhero or a civilian.
The Hulk is a destroyer.
The Hulk wakes up when he is angry.
If the Hulk wakes up, then he will break a bridge.
Thor is a god.
Thor will break a bridge when he is happy.
A god is not a destroyer.
Peter Parker wears a uniform when he is a superhero.
Peter Parker is not a civilian if a destroyer is breaking a bridge.
If Thor is happy, the Hulk is angry.","If Thor is not happy, then no bridge will be broken.",U,"Superhero(peterParker) ⊕ Civilian(peterParker)
Destroyer(theHulk)
Angry(theHulk) → WakesUp(theHulk)
WakesUp(theHulk) → Breaks(theHulk, bridge)
God(thor)
Happy(thor) → Breaks(thor, bridge)
∀x (God(x) → ¬Destroyer(x))
Superhero(peter) → Wears(peter, uniform)
∀x ((Destroyer(x) ∧ Breaks(x,bridge)) → ¬Civilian(peter))
Happy(thor) → Angry(theHulk)","¬Happy(thor) → ¬Breaks(thor, bridge)",,,"superhero(peterparker) xor civilian(peterparker)
destroyer(thehulk)
angry(thehulk) implies wakesup(thehulk)
wakesup(thehulk) implies breaks(thehulk, bridge)
god(thor)
happy(thor) implies breaks(thor, bridge)
forall x (god(x) implies not destroyer(x))
superhero(peter) implies wears(peter, uniform)
forall x ((destroyer(x) and breaks(x,bridge)) implies not civilian(peter))
happy(thor) implies angry(thehulk)","not happy(thor) implies not breaks(thor, bridge)","superhero(peterparker) ^ civilian(peterparker)
destroyer(thehulk)
angry(thehulk) -: wakesup(thehulk)
wakesup(thehulk) -: breaks(thehulk, bridge)
god(thor)
happy(thor) -: breaks(thor, bridge)
forall (god(x) -: notdestroyer(x))
superhero(peter) -: wears(peter, uniform)
forall ((destroyer(x) , breaks(x,bridge)) -: notcivilian(peter))
happy(thor) -: angry(thehulk)","nothappy(thor) -: notbreaks(thor, bridge)","[superhero[(peterparker)]  civilian[(peterparker)]
destroyer[(thehulk)]
angry[(thehulk)]  wakesup[(thehulk)]
wakesup[(thehulk)]  breaks[(thehulk  bridge)]
god[(thor)]
happy[(thor)]  breaks[(thor  bridge)]
@every *x [(god[(?x)]  ~destroyer[(?x)])]
superhero[(peter)]  wears[(peter  uniform)]
@every *x [([(destroyer[(?x)]  breaks[(?x bridge)])]  ~civilian[(peter)])]
happy[(thor)]  angry[(thehulk)]]",~[happy[(thor)]  ~breaks[(thor  bridge)]],"superhero(peterparker) ^ civilian(peterparker)
destroyer(thehulk)
angry(thehulk) :- wakesup(thehulk)
wakesup(thehulk) :- breaks(thehulk, bridge)
god(thor)
happy(thor) :- breaks(thor, bridge)
all:x (god(x) :- ~destroyer(x))
superhero(peter) :- wears(peter, uniform)
all:x ((destroyer(x) & breaks(x,bridge)) :- ~civilian(peter))
happy(thor) :- angry(thehulk)","~happy(thor) :- ~breaks(thor, bridge)",+S2(+p2)-+C2(+p2)+D2(+t2)+A2(+t2)-+W2(+t2)+W2(+t2)-+B2+G2(+t2)+H2(+t2)-+B2-(+G0--+D0)+S2(+p2)-+W2-((+D0++B0)--+C0(+p0))+H2(+t2)-+A2(+t2),-+H2(+t2)--+B2
87,"Daveed Diggs is an actor and film producer.
Daveed Diggs played two roles in the musical Hamilton on Broadway.
One of the actors from Hamilton won the best actor award.
The actor playing Thomas Jefferson won the best actor award.
Daveed Diggs played Thomas Jefferson.
Musicals on Broadway are not films.",Daveed Diggs won the best actor award.,T,"Actor(daveedDiggs) ∧ FilmProducer(daveedDiggs)
∃x ∃y(PlaysIn(daveedDiggs, x, hamilton) ∧ (¬(x=y)) ∧ PlaysIn(daveedDiggs, y, hamilton)) ∧ OnBroadway(hamilton) ∧ Musical(hamilton)
∃x ∃y(Actor(x) ∧ PlaysIn(x, y, hamilton) ∧ Wins(x, bestActorAward))
∃x (Actor(x) ∧ PlaysIn(x, thomasJefferson, hamilton) ∧ Wins(x, bestActorAward))
Plays(daveedDiggs, thomasJefferson)
∀x ((Musical(x) ∧ OnBroadway(x)) → ¬Film(x))","Wins(daveedDiggs, bestActorAward)",,,"actor(daveeddiggs) and filmproducer(daveeddiggs)
exists x exists y(playsin(daveeddiggs, x, hamilton) and (not (x=y)) and playsin(daveeddiggs, y, hamilton)) and onbroadway(hamilton) and musical(hamilton)
exists x exists y(actor(x) and playsin(x, y, hamilton) and wins(x, bestactoraward))
exists x (actor(x) and playsin(x, thomasjefferson, hamilton) and wins(x, bestactoraward))
plays(daveeddiggs, thomasjefferson)
forall x ((musical(x) and onbroadway(x)) implies not film(x))","wins(daveeddiggs, bestactoraward)","actor(daveeddiggs) , filmproducer(daveeddiggs)
 (playsin(daveeddiggs, x, hamilton) , (not(x=y)) , playsin(daveeddiggs, y, hamilton)) , onbroadway(hamilton) , musical(hamilton)
 (actor(x) , playsin(x, y, hamilton) , wins(x, bestactoraward))
 (actor(x) , playsin(x, thomasjefferson, hamilton) , wins(x, bestactoraward))
plays(daveeddiggs, thomasjefferson)
forall ((musical(x) , onbroadway(x)) -: notfilm(x))","wins(daveeddiggs, bestactoraward)","[actor[(daveeddiggs)]  filmproducer[(daveeddiggs)]
*x *y[(playsin[(daveeddiggs  x  hamilton)]  [(~[(?x=y)])]  playsin[(daveeddiggs  y  hamilton)])]  onbroadway[(hamilton)]  musical[(hamilton)]
*x *y[(actor[(?x)]  playsin[(?x  y  hamilton)]  wins[(?x  bestactoraward)])]
*x [(actor[(?x)]  playsin[(?x  thomasjefferson  hamilton)]  wins[(?x  bestactoraward)])]
plays[(daveeddiggs  thomasjefferson)]
@every *x [([(musical[(?x)]  onbroadway[(?x)])]  ~film[(?x)])]]",[wins[(daveeddiggs  bestactoraward)]],"actor(daveeddiggs) & filmproducer(daveeddiggs)
x y(playsin(daveeddiggs, x, hamilton) & (~(x=y)) & playsin(daveeddiggs, y, hamilton)) & onbroadway(hamilton) & musical(hamilton)
x y(actor(x) & playsin(x, y, hamilton) & wins(x, bestactoraward))
x (actor(x) & playsin(x, thomasjefferson, hamilton) & wins(x, bestactoraward))
plays(daveeddiggs, thomasjefferson)
all:x ((musical(x) & onbroadway(x)) :- ~film(x))","wins(daveeddiggs, bestactoraward)",+A2(+d2)++F2(+d2)++(+P1+(-(+x1))++P1)++O1(+h1)++M1(+h1)++(+A1++P1++W1)+(+A1++P1++W1)+P2-((+M0++O0)--+F0),+W2
16,"Notable people with the given name include Dagfinn Aarskog, Dagfinn Bakke and Dagfinn Dahl.
Dagfinn Aarskog is a Norwegian physician.
Dagfinn Dahl is a Norwegian barrister.",Dagfinn is Dagfinn Aarskog's given name.,T,"
GivenName(nameDagfinn) ∧ Named(dagfinnAarskog, nameDagfinn) ∧ NotablePerson(dagfinnAarskog) ∧ Named(dagfinnBakke, nameDagfinn) ∧ NotablePerson(dagfinnBakke)  ∧ Named(dagfinnDahl, nameDagfinn) ∧ NotablePerson(dagfinnDahl)
Norwegian(dagfinnAarskog) ∧ Physician(dagfinnAarskog)
Norwegian(dagfinnDahl) ∧ Barrister(dagfinnDahl)","Named(dagfinnAarskog, nameDagfinn)",,,"
givenname(namedagfinn) and named(dagfinnaarskog, namedagfinn) and notableperson(dagfinnaarskog) and named(dagfinnbakke, namedagfinn) and notableperson(dagfinnbakke)  and named(dagfinndahl, namedagfinn) and notableperson(dagfinndahl)
norwegian(dagfinnaarskog) and physician(dagfinnaarskog)
norwegian(dagfinndahl) and barrister(dagfinndahl)","named(dagfinnaarskog, namedagfinn)","
givenname(namedagfinn) , named(dagfinnaarskog, namedagfinn) , notableperson(dagfinnaarskog) , named(dagfinnbakke, namedagfinn) , notableperson(dagfinnbakke)  , named(dagfinndahl, namedagfinn) , notableperson(dagfinndahl)
norwegian(dagfinnaarskog) , physician(dagfinnaarskog)
norwegian(dagfinndahl) , barrister(dagfinndahl)","named(dagfinnaarskog, namedagfinn)","[
givenname[(namedagfinn)]  named[(dagfinnaarskog  namedagfinn)]  notableperson[(dagfinnaarskog)]  named[(dagfinnbakke  namedagfinn)]  notableperson[(dagfinnbakke)]   named[(dagfinndahl  namedagfinn)]  notableperson[(dagfinndahl)]
norwegian[(dagfinnaarskog)]  physician[(dagfinnaarskog)]
norwegian[(dagfinndahl)]  barrister[(dagfinndahl)]]",[named[(dagfinnaarskog  namedagfinn)]],"
givenname(namedagfinn) & named(dagfinnaarskog, namedagfinn) & notableperson(dagfinnaarskog) & named(dagfinnbakke, namedagfinn) & notableperson(dagfinnbakke)  & named(dagfinndahl, namedagfinn) & notableperson(dagfinndahl)
norwegian(dagfinnaarskog) & physician(dagfinnaarskog)
norwegian(dagfinndahl) & barrister(dagfinndahl)","named(dagfinnaarskog, namedagfinn)",+G2(+n2)++N2++N2(+d2)++N2++N2(+d2)++N2++N2(+d2)+N2(+d2)++P2(+d2)+N2(+d2)++B2(+d2),+N2
83,"All vehicle registration plates in Istanbul begin with the number 34.
Plates that do not begin with the number 34 are not from Istanbul. 
Joe's vehicle registration plate is from Istanbul. 
Tom's license plate begins with the number 35. 
If a license plate begins with the number 35, then it does not begin with the number 34.",Tom's license plate is from Istanbul.,F,"∀x (VehicleRegistrationPlateIn(x, istanbul) → BeginWith(x, num34))
∀x (¬BeginWith(x, num34) → ¬FromIstanbul(x))
∃x (Owns(joe, x) ∧ VehicleRegistrationPlateIn(x, istanbul))
∃x (Owns(tom, x) ∧ BeginWith(x, num35))
∀x (BeginWith(x, num35) → ¬BeginWith(x, num34))","∃x (Owns(tom, x) ∧ VehicleRegistrationPlateIn(x, istanbul))",,,"forall x (vehicleregistrationplatein(x, istanbul) implies beginwith(x, num34))
forall x (not beginwith(x, num34) implies not fromistanbul(x))
exists x (owns(joe, x) and vehicleregistrationplatein(x, istanbul))
exists x (owns(tom, x) and beginwith(x, num35))
forall x (beginwith(x, num35) implies not beginwith(x, num34))","exists x (owns(tom, x) and vehicleregistrationplatein(x, istanbul))","forall (vehicleregistrationplatein(x, istanbul) -: beginwith(x, num34))
forall (notbeginwith(x, num34) -: notfromistanbul(x))
 (owns(joe, x) , vehicleregistrationplatein(x, istanbul))
 (owns(tom, x) , beginwith(x, num35))
forall (beginwith(x, num35) -: notbeginwith(x, num34))"," (owns(tom, x) , vehicleregistrationplatein(x, istanbul))","[@every *x [(vehicleregistrationplatein[(?x  istanbul)]  beginwith[(?x  num34)])]
@every *x [(~beginwith[(?x  num34)]  ~fromistanbul[(?x)])]
*x [(owns[(joe  x)]  vehicleregistrationplatein[(?x  istanbul)])]
*x [(owns[(tom  x)]  beginwith[(?x  num35)])]
@every *x [(beginwith[(?x  num35)]  ~beginwith[(?x  num34)])]]",[*x [(owns[(tom  x)]  vehicleregistrationplatein[(?x  istanbul)])]],"all:x (vehicleregistrationplatein(x, istanbul) :- beginwith(x, num34))
all:x (~beginwith(x, num34) :- ~fromistanbul(x))
x (owns(joe, x) & vehicleregistrationplatein(x, istanbul))
x (owns(tom, x) & beginwith(x, num35))
all:x (beginwith(x, num35) :- ~beginwith(x, num34))","x (owns(tom, x) & vehicleregistrationplatein(x, istanbul))",-(+V0-+B0)-(-+B0--+F0)+(+O1++V1)+(+O1++B1)-(+B0--+B0),+(+O1++V1)
31,"Naive cynicism was proposed by Justin Kruger and a colleague.
Thomas Gilovich is a colleague of Justin Kruger. 
Naive cynicism is a philosophy of mind.",Justin Kruger proposed a philosophy of mind.,T,"Proposed(justinKruger, naiveCynicism) ∧ ∃y (colleagueOfJustinKruger(y) ∧ Proposed(y, naiveCynicism))
Colleagues(thomasGilovich, justinKruger)
PhilosophyOfMind(naiveCynicism)","∃x (Proposed(justinKruger, x) ∧ PhilosophyOfMind(x))",,,"proposed(justinkruger, naivecynicism) and exists y (colleagueofjustinkruger(y) and proposed(y, naivecynicism))
colleagues(thomasgilovich, justinkruger)
philosophyofmind(naivecynicism)","exists x (proposed(justinkruger, x) and philosophyofmind(x))","proposed(justinkruger, naivecynicism) ,  (colleagueofjustinkruger(y) , proposed(y, naivecynicism))
colleagues(thomasgilovich, justinkruger)
philosophyofmind(naivecynicism)"," (proposed(justinkruger, x) , philosophyofmind(x))","[proposed[(justinkruger  naivecynicism)]  *y [(colleagueofjustinkruger[(?y)]  proposed[(?y  naivecynicism)])]
colleagues[(thomasgilovich  justinkruger)]
philosophyofmind[(naivecynicism)]]",[*x [(proposed[(justinkruger  x)]  philosophyofmind[(?x)])]],"proposed(justinkruger, naivecynicism) & y (colleagueofjustinkruger(y) & proposed(y, naivecynicism))
colleagues(thomasgilovich, justinkruger)
philosophyofmind(naivecynicism)","x (proposed(justinkruger, x) & philosophyofmind(x))",+P2++(+c1++P1)+C2+P2(+n2),+(+P1++P1)
37,"Heptalogyy is a compound literary or narrative work that is made up of seven distinct works.
The Harry Potter series consists of 7 distinct works.
The Chronicles of Narnia consists of 7 distinct works.",The Harry Potter series of books is Heptalogy.,T,"∀x (SevenDistinctWorks(x) → Heptalogy(x))
SevenDistinctWorks(harryPotter)
SevenDistinctWorks(chroniclesOfNarnia)",Heptalogy(harryPotter),,,"forall x (sevendistinctworks(x) implies heptalogy(x))
sevendistinctworks(harrypotter)
sevendistinctworks(chroniclesofnarnia)",heptalogy(harrypotter),"forall (sevendistinctworks(x) -: heptalogy(x))
sevendistinctworks(harrypotter)
sevendistinctworks(chroniclesofnarnia)",heptalogy(harrypotter),"[@every *x [(sevendistinctworks[(?x)]  heptalogy[(?x)])]
sevendistinctworks[(harrypotter)]
sevendistinctworks[(chroniclesofnarnia)]]",[heptalogy[(harrypotter)]],"all:x (sevendistinctworks(x) :- heptalogy(x))
sevendistinctworks(harrypotter)
sevendistinctworks(chroniclesofnarnia)",heptalogy(harrypotter),-(+S0-+H0)+S2(+h2)+S2(+c2),+H2(+h2)
56,"If a person is the leader of a country for life, that person has power.
Leaders of a country for life are either a king or a queen.
Queens are female.
Kings are male. 
Elizabeth is a queen.
Elizabeth is a leader of a country for life.",Elizabeth is a king.,F,"∀x (Leader(x) → HavePower(x))
∀x (Leader(x) → (King(x) ⊕ Queen(x)))
∀x (Queen(x) → Female(x))
∀x (King(x) → Male(x))
Queen(elizabeth)
Leader(elizabeth)",King(elizabeth),,,"forall x (leader(x) implies havepower(x))
forall x (leader(x) implies (king(x) xor queen(x)))
forall x (queen(x) implies female(x))
forall x (king(x) implies male(x))
queen(elizabeth)
leader(elizabeth)",king(elizabeth),"forall (leader(x) -: havepower(x))
forall (leader(x) -: (king(x) ^ queen(x)))
forall (queen(x) -: female(x))
forall (king(x) -: male(x))
queen(elizabeth)
leader(elizabeth)",king(elizabeth),"[@every *x [(leader[(?x)]  havepower[(?x)])]
@every *x [(leader[(?x)]  [(king[(?x)]  queen[(?x)])])]
@every *x [(queen[(?x)]  female[(?x)])]
@every *x [(king[(?x)]  male[(?x)])]
queen[(elizabeth)]
leader[(elizabeth)]]",[king[(elizabeth)]],"all:x (leader(x) :- havepower(x))
all:x (leader(x) :- (king(x) ^ queen(x)))
all:x (queen(x) :- female(x))
all:x (king(x) :- male(x))
queen(elizabeth)
leader(elizabeth)",king(elizabeth),-(+L0-+H0)-(+L0-(+K0-+Q0))-(+Q0-+F0)-(+K0-+M0)+Q2(+e2)+L2(+e2),+K2(+e2)
48,"Douglas Adams is an author who created the book collection called The Salmon of Doubt. 
The Salmon of Doubt is about life experiences and technology.
All authors are writers.
Writers create innovative ideas.
Some books that contain innovative ideas are about technology.",Douglas Adams is a writer.,T,"Author(douglasAdams) ∧ Authored(douglasAdams, theSalmonOfDoubt) ∧ Book(theSalmonOfDoubt)
About(theSalmonOfDoubt, lifeExperience) ∧ About(theSalmonOfDoubt, technology)
∀x (Author(x) → Writer(x))
∀x (Writer(x) → Create(x, innovativeIdea))
∃x ∃y (Contain(x, innovativeIdea) ∧ About(x, technology) ∧ (¬(x=y)) ∧ (Contain(y, innovativeIdea) ∧ About(y, technology)))",Writer(douglasAdams),,,"author(douglasadams) and authored(douglasadams, thesalmonofdoubt) and book(thesalmonofdoubt)
about(thesalmonofdoubt, lifeexperience) and about(thesalmonofdoubt, technology)
forall x (author(x) implies writer(x))
forall x (writer(x) implies create(x, innovativeidea))
exists x exists y (contain(x, innovativeidea) and about(x, technology) and (not (x=y)) and (contain(y, innovativeidea) and about(y, technology)))",writer(douglasadams),"author(douglasadams) , authored(douglasadams, thesalmonofdoubt) , book(thesalmonofdoubt)
about(thesalmonofdoubt, lifeexperience) , about(thesalmonofdoubt, technology)
forall (author(x) -: writer(x))
forall (writer(x) -: create(x, innovativeidea))
  (contain(x, innovativeidea) , about(x, technology) , (not(x=y)) , (contain(y, innovativeidea) , about(y, technology)))",writer(douglasadams),"[author[(douglasadams)]  authored[(douglasadams  thesalmonofdoubt)]  book[(thesalmonofdoubt)]
about[(thesalmonofdoubt  lifeexperience)]  about[(thesalmonofdoubt  technology)]
@every *x [(author[(?x)]  writer[(?x)])]
@every *x [(writer[(?x)]  create[(?x  innovativeidea)])]
*x *y [(contain[(?x  innovativeidea)]  about[(?x  technology)]  [(~[(?x=y)])]  [(contain[(?y  innovativeidea)]  about[(?y  technology)])])]]",[writer[(douglasadams)]],"author(douglasadams) & authored(douglasadams, thesalmonofdoubt) & book(thesalmonofdoubt)
about(thesalmonofdoubt, lifeexperience) & about(thesalmonofdoubt, technology)
all:x (author(x) :- writer(x))
all:x (writer(x) :- create(x, innovativeidea))
x y (contain(x, innovativeidea) & about(x, technology) & (~(x=y)) & (contain(y, innovativeidea) & about(y, technology)))",writer(douglasadams),+A2(+d2)++A2++B2(+t2)+A2++A2-(+A0-+W0)-(+W0-+C0)++(+C1++A1+(-(+x1))+(+C1++A1)),+W2(+d2)
84,"Luzon is an island in the Philippines.
In December 1999, an earthquake struck Luzon.
People died in the December 1999 earthquake in Luzon.","In 1999, there was at least one earthquake in the Philippines.",T,"Island(luzon) ∧ In(luzon, philippines)
∃x (Earthquake(x) ∧ StrikeInYr(x, year1999) ∧ StrikeInMo(x, december) ∧ StrikeInCity(x, luzon))
∃x (Earthquake(x) ∧ StrikeInYr(x, year1999) ∧ StrikeInMo(x, december) ∧ StrikeInCity(x, luzon) ∧ Deadly(x))","∃x ∃y (Earthquake(x) ∧ StrikeInYr(x, year1999) ∧ StrikeInMo(x, december) ∧ StrikeInCity(x, y) ∧ In(y, philippines))",,,"island(luzon) and in(luzon, philippines)
exists x (earthquake(x) and strikeinyr(x, year1999) and strikeinmo(x, december) and strikeincity(x, luzon))
exists x (earthquake(x) and strikeinyr(x, year1999) and strikeinmo(x, december) and strikeincity(x, luzon) and deadly(x))","exists x exists y (earthquake(x) and strikeinyr(x, year1999) and strikeinmo(x, december) and strikeincity(x, y) and in(y, philippines))","island(luzon) , in(luzon, philippines)
 (earthquake(x) , strikeinyr(x, year1999) , strikeinmo(x, december) , strikeincity(x, luzon))
 (earthquake(x) , strikeinyr(x, year1999) , strikeinmo(x, december) , strikeincity(x, luzon) , deadly(x))","  (earthquake(x) , strikeinyr(x, year1999) , strikeinmo(x, december) , strikeincity(x, y) , in(y, philippines))","[island[(luzon)]  in[(luzon  philippines)]
*x [(earthquake[(?x)]  strikeinyr[(?x  year1999)]  strikeinmo[(?x  december)]  strikeincity[(?x  luzon)])]
*x [(earthquake[(?x)]  strikeinyr[(?x  year1999)]  strikeinmo[(?x  december)]  strikeincity[(?x  luzon)]  deadly[(?x)])]]",[*x *y [(earthquake[(?x)]  strikeinyr[(?x  year1999)]  strikeinmo[(?x  december)]  strikeincity[(?x  y)]  in[(?y  philippines)])]],"island(luzon) & in(luzon, philippines)
x (earthquake(x) & strikeinyr(x, year1999) & strikeinmo(x, december) & strikeincity(x, luzon))
x (earthquake(x) & strikeinyr(x, year1999) & strikeinmo(x, december) & strikeincity(x, luzon) & deadly(x))","x y (earthquake(x) & strikeinyr(x, year1999) & strikeinmo(x, december) & strikeincity(x, y) & in(y, philippines))",+I2(+l2)++I2+(+E1++S1++S1++S1)+(+E1++S1++S1++S1++D1),++(+E1++S1++S1++S1++I1)
43,"Imagine Dragons are an American pop-rock band.
The lead singer of Imagine Dragons is Dan.
Dan is also a songwriter.
All lead singers are singers.
All singers are musicians.
Demons is one of the most popular singles of Imagine Dragons.
Some singles of Imagine Dragons have been on Billboard Hot 100.",Some rock band has a lead singer who is also a songwriter.,T,"American(imagineDragon) ∧ RockBand(imagineDragon)
LeadSinger(imagineDragon, dan)
SongWriter(dan)
∀x ∀y (LeadSinger(x, y) → Singer(y))
∀x (Singer(x) → Musician(x))
PopularSingle(imagineDragon, demons)
∃x ∃y (PopularSingle(imagineDragon, x) ∧ BillboardHot100(x)) ∧ (¬(x=y)) ∧ (PopularSingle(imagineDragon, y) ∧ BillboardHot100(y))","∃x ∃y (RockBand(x) ∧ LeadSinger(x, y) ∧ SongWriter(y))",,,"american(imaginedragon) and rockband(imaginedragon)
leadsinger(imaginedragon, dan)
songwriter(dan)
forall x forall y (leadsinger(x, y) implies singer(y))
forall x (singer(x) implies musician(x))
popularsingle(imaginedragon, demons)
exists x exists y (popularsingle(imaginedragon, x) and billboardhot100(x)) and (not (x=y)) and (popularsingle(imaginedragon, y) and billboardhot100(y))","exists x exists y (rockband(x) and leadsinger(x, y) and songwriter(y))","american(imaginedragon) , rockband(imaginedragon)
leadsinger(imaginedragon, dan)
songwriter(dan)
forall forall (leadsinger(x, y) -: singer(y))
forall (singer(x) -: musician(x))
popularsingle(imaginedragon, demons)
  (popularsingle(imaginedragon, x) , billboardhot100(x)) , (not(x=y)) , (popularsingle(imaginedragon, y) , billboardhot100(y))","  (rockband(x) , leadsinger(x, y) , songwriter(y))","[american[(imaginedragon)]  rockband[(imaginedragon)]
leadsinger[(imaginedragon  dan)]
songwriter[(dan)]
@every *x @every *y [(leadsinger[(?x  y)]  singer[(?y)])]
@every *x [(singer[(?x)]  musician[(?x)])]
popularsingle[(imaginedragon  demons)]
*x *y [(popularsingle[(imaginedragon  x)]  billboardhot100[(?x)])]  [(~[(?x=y)])]  [(popularsingle[(imaginedragon  y)]  billboardhot100[(?y)])]]",[*x *y [(rockband[(?x)]  leadsinger[(?x  y)]  songwriter[(?y)])]],"american(imaginedragon) & rockband(imaginedragon)
leadsinger(imaginedragon, dan)
songwriter(dan)
all:x all:y (leadsinger(x, y) :- singer(y))
all:x (singer(x) :- musician(x))
popularsingle(imaginedragon, demons)
x y (popularsingle(imaginedragon, x) & billboardhot100(x)) & (~(x=y)) & (popularsingle(imaginedragon, y) & billboardhot100(y))","x y (rockband(x) & leadsinger(x, y) & songwriter(y))",+A2(+i2)++R2(+i2)+L2+S2(+d2)--(+L0-+S0)-(+S0-+M0)+P2++(+P1++B1)+(-(+x1))+(+P1++B1),++(+R1++L1++S1)
19,"Thomas Barber was an English professional footballer.
Thomas Barber played in the Football League for Aston Villa.
Thomas Barber played as a halfback and inside left.
Thomas Barber scored the winning goal in the 1913 FA Cup Final.",An English professional footballer scored the winning goal in the 1913 FA Cup Final.,T,"English(thomasBarber) ∧ ProfessionalFootballer(thomasBarber)
PlayedFor(thomasBarber, astonVilla) ∧ PlayedIn(astonVilla,theFootballLeague)
PlayedAs(thomasBarber, halfBack) ∧ PlayedAs(thomasBarber, insideLeft)
ScoredTheWinningGoalIn(thomasBarber, facupfinal1913)","∃x (English(x) ∧ ProfessionalFootballer(x) ∧ ScoredTheWinningGoalIn(x, facupfinal1913))",,,"english(thomasbarber) and professionalfootballer(thomasbarber)
playedfor(thomasbarber, astonvilla) and playedin(astonvilla,thefootballleague)
playedas(thomasbarber, halfback) and playedas(thomasbarber, insideleft)
scoredthewinninggoalin(thomasbarber, facupfinal1913)","exists x (english(x) and professionalfootballer(x) and scoredthewinninggoalin(x, facupfinal1913))","english(thomasbarber) , professionalfootballer(thomasbarber)
playedfor(thomasbarber, astonvilla) , playedin(astonvilla,thefootballleague)
playedas(thomasbarber, halfback) , playedas(thomasbarber, insideleft)
scoredthewinninggoalin(thomasbarber, facupfinal1913)"," (english(x) , professionalfootballer(x) , scoredthewinninggoalin(x, facupfinal1913))","[english[(thomasbarber)]  professionalfootballer[(thomasbarber)]
playedfor[(thomasbarber  astonvilla)]  playedin[(astonvilla thefootballleague)]
playedas[(thomasbarber  halfback)]  playedas[(thomasbarber  insideleft)]
scoredthewinninggoalin[(thomasbarber  facupfinal1913)]]",[*x [(english[(?x)]  professionalfootballer[(?x)]  scoredthewinninggoalin[(?x  facupfinal1913)])]],"english(thomasbarber) & professionalfootballer(thomasbarber)
playedfor(thomasbarber, astonvilla) & playedin(astonvilla,thefootballleague)
playedas(thomasbarber, halfback) & playedas(thomasbarber, insideleft)
scoredthewinninggoalin(thomasbarber, facupfinal1913)","x (english(x) & professionalfootballer(x) & scoredthewinninggoalin(x, facupfinal1913))",+E2(+t2)++P2(+t2)+P2++P2+P2++P2+S2,+(+E1++P1++S1)
5,"Peter Parker is either a superhero or a civilian.
The Hulk is a destroyer.
The Hulk wakes up when he is angry.
If the Hulk wakes up, then he will break a bridge.
Thor is a god.
Thor will break a bridge when he is happy.
A god is not a destroyer.
Peter Parker wears a uniform when he is a superhero.
Peter Parker is not a civilian if a destroyer is breaking a bridge.
If Thor is happy, the Hulk is angry.","If the Hulk does not wake up, then Thor is not happy.",T,"Superhero(peterParker) ⊕ Civilian(peterParker)
Destroyer(theHulk)
Angry(theHulk) → WakesUp(theHulk)
WakesUp(theHulk) → Breaks(theHulk, bridge)
God(thor)
Happy(thor) → Breaks(thor, bridge)
∀x (God(x) → ¬Destroyer(x))
Superhero(peter) → Wears(peter, uniform)
∀x ((Destroyer(x) ∧ Breaks(x,bridge)) → ¬Civilian(peter))
Happy(thor) → Angry(theHulk)",¬WakesUp(theHulk) → ¬Happy(thor),,,"superhero(peterparker) xor civilian(peterparker)
destroyer(thehulk)
angry(thehulk) implies wakesup(thehulk)
wakesup(thehulk) implies breaks(thehulk, bridge)
god(thor)
happy(thor) implies breaks(thor, bridge)
forall x (god(x) implies not destroyer(x))
superhero(peter) implies wears(peter, uniform)
forall x ((destroyer(x) and breaks(x,bridge)) implies not civilian(peter))
happy(thor) implies angry(thehulk)",not wakesup(thehulk) implies not happy(thor),"superhero(peterparker) ^ civilian(peterparker)
destroyer(thehulk)
angry(thehulk) -: wakesup(thehulk)
wakesup(thehulk) -: breaks(thehulk, bridge)
god(thor)
happy(thor) -: breaks(thor, bridge)
forall (god(x) -: notdestroyer(x))
superhero(peter) -: wears(peter, uniform)
forall ((destroyer(x) , breaks(x,bridge)) -: notcivilian(peter))
happy(thor) -: angry(thehulk)",notwakesup(thehulk) -: nothappy(thor),"[superhero[(peterparker)]  civilian[(peterparker)]
destroyer[(thehulk)]
angry[(thehulk)]  wakesup[(thehulk)]
wakesup[(thehulk)]  breaks[(thehulk  bridge)]
god[(thor)]
happy[(thor)]  breaks[(thor  bridge)]
@every *x [(god[(?x)]  ~destroyer[(?x)])]
superhero[(peter)]  wears[(peter  uniform)]
@every *x [([(destroyer[(?x)]  breaks[(?x bridge)])]  ~civilian[(peter)])]
happy[(thor)]  angry[(thehulk)]]",~[wakesup[(thehulk)]  ~happy[(thor)]],"superhero(peterparker) ^ civilian(peterparker)
destroyer(thehulk)
angry(thehulk) :- wakesup(thehulk)
wakesup(thehulk) :- breaks(thehulk, bridge)
god(thor)
happy(thor) :- breaks(thor, bridge)
all:x (god(x) :- ~destroyer(x))
superhero(peter) :- wears(peter, uniform)
all:x ((destroyer(x) & breaks(x,bridge)) :- ~civilian(peter))
happy(thor) :- angry(thehulk)",~wakesup(thehulk) :- ~happy(thor),+S2(+p2)-+C2(+p2)+D2(+t2)+A2(+t2)-+W2(+t2)+W2(+t2)-+B2+G2(+t2)+H2(+t2)-+B2-(+G0--+D0)+S2(+p2)-+W2-((+D0++B0)--+C0(+p0))+H2(+t2)-+A2(+t2),-+W2(+t2)--+H2(+t2)
19,"Thomas Barber was an English professional footballer.
Thomas Barber played in the Football League for Aston Villa.
Thomas Barber played as a halfback and inside left.
Thomas Barber scored the winning goal in the 1913 FA Cup Final.",Thomas Barber played in the Football League for Bolton Wanderers,U,"English(thomasBarber) ∧ ProfessionalFootballer(thomasBarber)
PlayedFor(thomasBarber, astonVilla) ∧ PlayedIn(astonVilla,theFootballLeague)
PlayedAs(thomasBarber, halfBack) ∧ PlayedAs(thomasBarber, insideLeft)
ScoredTheWinningGoalIn(thomasBarber, facupfinal1913)","PlayedFor(thomasBarber, boltonWanderers) ∧ PlayedIn(boltonWanderers,theFootballLeague)",,,"english(thomasbarber) and professionalfootballer(thomasbarber)
playedfor(thomasbarber, astonvilla) and playedin(astonvilla,thefootballleague)
playedas(thomasbarber, halfback) and playedas(thomasbarber, insideleft)
scoredthewinninggoalin(thomasbarber, facupfinal1913)","playedfor(thomasbarber, boltonwanderers) and playedin(boltonwanderers,thefootballleague)","english(thomasbarber) , professionalfootballer(thomasbarber)
playedfor(thomasbarber, astonvilla) , playedin(astonvilla,thefootballleague)
playedas(thomasbarber, halfback) , playedas(thomasbarber, insideleft)
scoredthewinninggoalin(thomasbarber, facupfinal1913)","playedfor(thomasbarber, boltonwanderers) , playedin(boltonwanderers,thefootballleague)","[english[(thomasbarber)]  professionalfootballer[(thomasbarber)]
playedfor[(thomasbarber  astonvilla)]  playedin[(astonvilla thefootballleague)]
playedas[(thomasbarber  halfback)]  playedas[(thomasbarber  insideleft)]
scoredthewinninggoalin[(thomasbarber  facupfinal1913)]]",[playedfor[(thomasbarber  boltonwanderers)]  playedin[(boltonwanderers thefootballleague)]],"english(thomasbarber) & professionalfootballer(thomasbarber)
playedfor(thomasbarber, astonvilla) & playedin(astonvilla,thefootballleague)
playedas(thomasbarber, halfback) & playedas(thomasbarber, insideleft)
scoredthewinninggoalin(thomasbarber, facupfinal1913)","playedfor(thomasbarber, boltonwanderers) & playedin(boltonwanderers,thefootballleague)",+E2(+t2)++P2(+t2)+P2++P2+P2++P2+S2,+P2++P2
34,"Rafa Nadal was born in Mallorca.
Rafa Nadal is a professional tennis player.
Nadal's win ratio is high.
All players in the Big 3 are professionals who have a high win ratio.",Nadal is in the Big 3.,U,"BornIn(rafaNadal, mallorca)
ProfessionalTennisPlayer(rafaNadal)
HighWinRatio(rafaNadal)
∀x ((ProfessionalTennisPlayer(x) ∧ InBig3(x)) → HighWinRatio(x))",InBig3(rafaNadal),,,"bornin(rafanadal, mallorca)
professionaltennisplayer(rafanadal)
highwinratio(rafanadal)
forall x ((professionaltennisplayer(x) and inbig3(x)) implies highwinratio(x))",inbig3(rafanadal),"bornin(rafanadal, mallorca)
professionaltennisplayer(rafanadal)
highwinratio(rafanadal)
forall ((professionaltennisplayer(x) , inbig3(x)) -: highwinratio(x))",inbig3(rafanadal),"[bornin[(rafanadal  mallorca)]
professionaltennisplayer[(rafanadal)]
highwinratio[(rafanadal)]
@every *x [([(professionaltennisplayer[(?x)]  inbig3[(?x)])]  highwinratio[(?x)])]]",[inbig3[(rafanadal)]],"bornin(rafanadal, mallorca)
professionaltennisplayer(rafanadal)
highwinratio(rafanadal)
all:x ((professionaltennisplayer(x) & inbig3(x)) :- highwinratio(x))",inbig3(rafanadal),+B2+P2(+r2)+H2(+r2)-((+P0++I0)-+H0),+I2(+r2)
56,"If a person is the leader of a country for life, that person has power.
Leaders of a country for life are either a king or a queen.
Queens are female.
Kings are male. 
Elizabeth is a queen.
Elizabeth is a leader of a country for life.",Elizabeth is a leader of a country for life.,T,"∀x (Leader(x) → HavePower(x))
∀x (Leader(x) → (King(x) ⊕ Queen(x)))
∀x (Queen(x) → Female(x))
∀x (King(x) → Male(x))
Queen(elizabeth)
Leader(elizabeth)",Leader(elizabeth),,,"forall x (leader(x) implies havepower(x))
forall x (leader(x) implies (king(x) xor queen(x)))
forall x (queen(x) implies female(x))
forall x (king(x) implies male(x))
queen(elizabeth)
leader(elizabeth)",leader(elizabeth),"forall (leader(x) -: havepower(x))
forall (leader(x) -: (king(x) ^ queen(x)))
forall (queen(x) -: female(x))
forall (king(x) -: male(x))
queen(elizabeth)
leader(elizabeth)",leader(elizabeth),"[@every *x [(leader[(?x)]  havepower[(?x)])]
@every *x [(leader[(?x)]  [(king[(?x)]  queen[(?x)])])]
@every *x [(queen[(?x)]  female[(?x)])]
@every *x [(king[(?x)]  male[(?x)])]
queen[(elizabeth)]
leader[(elizabeth)]]",[leader[(elizabeth)]],"all:x (leader(x) :- havepower(x))
all:x (leader(x) :- (king(x) ^ queen(x)))
all:x (queen(x) :- female(x))
all:x (king(x) :- male(x))
queen(elizabeth)
leader(elizabeth)",leader(elizabeth),-(+L0-+H0)-(+L0-(+K0-+Q0))-(+Q0-+F0)-(+K0-+M0)+Q2(+e2)+L2(+e2),+L2(+e2)
47,"A controlled substance is a drug.
There exist both harmful and beneficial controlled substances.
If a child is exposed to a controlled substance, they are in chemical endangerment.
Chemical Endangerment is harmful. 
The Controlled Substances Act was an act passed in 1971.
Some Acts prevent harmful things.",A child in chemical endangerment is in harm.,T,"∀x (ControlledSubstances(x) → Drugs(x))
∃x ∃y (ControlledSubstances(x) ∧ ControlledSubstances(y) ∧ (¬(x=y)) ∧ Beneficial(x) ∧ Harmful(y))
∀x ∀y ((Child(x) ∧ ControlledSubstances(y) ∧ ExposedTo(x, y)) → InChemicalEndangerment(x))
∀x (InChemicalEndangerment(x) → Harmful(x))
PassedIn(controlledSubstancesAct, yr1971) ∧ Act(controlledSubstancesAct)
∃x ∃y(Act(x) ∧ PreventsHarm(x) ∧ (¬(x=y)) ∧ Act(y) ∧ PreventsHarm(y))",∀x ((Child(x) ∧ InChemicalEndangerment(x)) → Harmful(x)),,,"forall x (controlledsubstances(x) implies drugs(x))
exists x exists y (controlledsubstances(x) and controlledsubstances(y) and (not (x=y)) and beneficial(x) and harmful(y))
forall x forall y ((child(x) and controlledsubstances(y) and exposedto(x, y)) implies inchemicalendangerment(x))
forall x (inchemicalendangerment(x) implies harmful(x))
passedin(controlledsubstancesact, yr1971) and act(controlledsubstancesact)
exists x exists y(act(x) and preventsharm(x) and (not (x=y)) and act(y) and preventsharm(y))",forall x ((child(x) and inchemicalendangerment(x)) implies harmful(x)),"forall (controlledsubstances(x) -: drugs(x))
  (controlledsubstances(x) , controlledsubstances(y) , (not(x=y)) , beneficial(x) , harmful(y))
forall forall ((child(x) , controlledsubstances(y) , exposedto(x, y)) -: inchemicalendangerment(x))
forall (inchemicalendangerment(x) -: harmful(x))
passedin(controlledsubstancesact, yr1971) , act(controlledsubstancesact)
 (act(x) , preventsharm(x) , (not(x=y)) , act(y) , preventsharm(y))","forall ((child(x) , inchemicalendangerment(x)) -: harmful(x))","[@every *x [(controlledsubstances[(?x)]  drugs[(?x)])]
*x *y [(controlledsubstances[(?x)]  controlledsubstances[(?y)]  [(~[(?x=y)])]  beneficial[(?x)]  harmful[(?y)])]
@every *x @every *y [([(child[(?x)]  controlledsubstances[(?y)]  exposedto[(?x  y)])]  inchemicalendangerment[(?x)])]
@every *x [(inchemicalendangerment[(?x)]  harmful[(?x)])]
passedin[(controlledsubstancesact  yr1971)]  act[(controlledsubstancesact)]
*x *y[(act[(?x)]  preventsharm[(?x)]  [(~[(?x=y)])]  act[(?y)]  preventsharm[(?y)])]]",[@every *x [([(child[(?x)]  inchemicalendangerment[(?x)])]  harmful[(?x)])]],"all:x (controlledsubstances(x) :- drugs(x))
x y (controlledsubstances(x) & controlledsubstances(y) & (~(x=y)) & beneficial(x) & harmful(y))
all:x all:y ((child(x) & controlledsubstances(y) & exposedto(x, y)) :- inchemicalendangerment(x))
all:x (inchemicalendangerment(x) :- harmful(x))
passedin(controlledsubstancesact, yr1971) & act(controlledsubstancesact)
x y(act(x) & preventsharm(x) & (~(x=y)) & act(y) & preventsharm(y))",all:x ((child(x) & inchemicalendangerment(x)) :- harmful(x)),-(+C0-+D0)++(+C1++C1+(-(+x1))++B1++H1)--((+C0++C0++E0)-+I0)-(+I0-+H0)+P2++A2(+c2)++(+A1++P1+(-(+x1))++A1++P1),-((+C0++I0)-+H0)
45,"SR 287 is in Alabama.
Alabama is in the United States.
US 31 intersects with SR 287.
CR 47 intersects with SR 287.
If place A is located in place B and place B is located in place C, then place A is located in place C.",CR 47 is not in Alabama.,U,"In(sR287, alabama)
In(alabama, unitedStates)
Intersect(uS31, sR287)
Intersect(cR47, sR287)
∀x ∀y ∀z ((In(x, y) ∧ In(y, z)) → In(x, z))","¬In(cR47, alabama)",,,"in(sr287, alabama)
in(alabama, unitedstates)
intersect(us31, sr287)
intersect(cr47, sr287)
forall x forall y forall z ((in(x, y) and in(y, z)) implies in(x, z))","not in(cr47, alabama)","in(sr287, alabama)
in(alabama, unitedstates)
intersect(us31, sr287)
intersect(cr47, sr287)
forall forall forall ((in(x, y) , in(y, z)) -: in(x, z))","notin(cr47, alabama)","[in[(sr287  alabama)]
in[(alabama  unitedstates)]
intersect[(us31  sr287)]
intersect[(cr47  sr287)]
@every *x @every *y @every *z [([(in[(?x  y)]  in[(?y  z)])]  in[(?x  z)])]]",~[in[(cr47  alabama)]],"in(sr287, alabama)
in(alabama, unitedstates)
intersect(us31, sr287)
intersect(cr47, sr287)
all:x all:y all:z ((in(x, y) & in(y, z)) :- in(x, z))","~in(cr47, alabama)",+I2+I2+I2+I2---((+I0++I0)-+I0),-+I2
44,"Andrew Wilson is a British historian and political scientist.
Andrew Wilson specializes in all countries in Eastern Europe.
Poland is in Eastern Europe.
Andrew Wilson is born in Britain.
Britain is not in Eastern Europe.",Andrew Wilson specializes in Britain.,U,"British(andrewWilson) ∧ Historian(andrewWilson) ∧ PoliticalScientist(andrewWilson)
∀x (LocatedIn(x, easternEurope)→ SpecializeIn(andrewWilson, x))
LocatedIn(poland, easternEurope)
BornIn(andrewWilson, britain)
¬LocatedIn(britain, easternEurope)","SpecializeIn(andrewWilson, britain)",,,"british(andrewwilson) and historian(andrewwilson) and politicalscientist(andrewwilson)
forall x (locatedin(x, easterneurope)implies specializein(andrewwilson, x))
locatedin(poland, easterneurope)
bornin(andrewwilson, britain)
not locatedin(britain, easterneurope)","specializein(andrewwilson, britain)","british(andrewwilson) , historian(andrewwilson) , politicalscientist(andrewwilson)
forall (locatedin(x, easterneurope)-: specializein(andrewwilson, x))
locatedin(poland, easterneurope)
bornin(andrewwilson, britain)
notlocatedin(britain, easterneurope)","specializein(andrewwilson, britain)","[british[(andrewwilson)]  historian[(andrewwilson)]  politicalscientist[(andrewwilson)]
@every *x [(locatedin[(?x  easterneurope)] specializein[(andrewwilson  x)])]
locatedin[(poland  easterneurope)]
bornin[(andrewwilson  britain)]
~locatedin[(britain  easterneurope)]]",[specializein[(andrewwilson  britain)]],"british(andrewwilson) & historian(andrewwilson) & politicalscientist(andrewwilson)
all:x (locatedin(x, easterneurope):- specializein(andrewwilson, x))
locatedin(poland, easterneurope)
bornin(andrewwilson, britain)
~locatedin(britain, easterneurope)","specializein(andrewwilson, britain)",+B2(+a2)++H2(+a2)++P2(+a2)-(+L0-+S0)+L2+B2-+L2,+S2
50,"If a building has a top cover, that building has a roof.  
Roofs protect people and block sunlight.
Some roofs are built out of concrete.
Some roofs are built out of seagrass.
Concrete is stronger than seagrass.",Concrete roofs do not block out sunlight.,F,"∀x (TopCover(x) → (∃y(Roof(y)))
∀x (Roof(x) → (Protect(x) ∧ BlockSunlight(x)))
∃x ∃y  (Roof(x) ∧ Concrete(x)) ∧ (¬(x=y) ∧ Roof(y) ∧ Concrete(y))
∃x ∃y  (Roof(x) ∧ Seagrass(x)) ∧ (¬(x=y) ∧ Roof(y) ∧ Seagrass(y))
∀x ∀y ((Concrete(x) ∧ Seagrass(y)) → Stronger(x, y))",∀x ((Roof(x) ∧ Concrete(x)) → (¬BlockSunlight(x))),,,"forall x (topcover(x) implies (exists y(roof(y)))
forall x (roof(x) implies (protect(x) and blocksunlight(x)))
exists x exists y  (roof(x) and concrete(x)) and (not (x=y) and roof(y) and concrete(y))
exists x exists y  (roof(x) and seagrass(x)) and (not (x=y) and roof(y) and seagrass(y))
forall x forall y ((concrete(x) and seagrass(y)) implies stronger(x, y))",forall x ((roof(x) and concrete(x)) implies (not blocksunlight(x))),"forall (topcover(x) -: ((roof(y)))
forall (roof(x) -: (protect(x) , blocksunlight(x)))
   (roof(x) , concrete(x)) , (not(x=y) , roof(y) , concrete(y))
   (roof(x) , seagrass(x)) , (not(x=y) , roof(y) , seagrass(y))
forall forall ((concrete(x) , seagrass(y)) -: stronger(x, y))","forall ((roof(x) , concrete(x)) -: (notblocksunlight(x)))","[@every *x [(topcover[(?x)]  [(*y[(roof[(?y)])])]
@every *x [(roof[(?x)]  [(protect[(?x)]  blocksunlight[(?x)])])]
*x *y  [(roof[(?x)]  concrete[(?x)])]  [(~[(?x=y)]  roof[(?y)]  concrete[(?y)])]
*x *y  [(roof[(?x)]  seagrass[(?x)])]  [(~[(?x=y)]  roof[(?y)]  seagrass[(?y)])]
@every *x @every *y [([(concrete[(?x)]  seagrass[(?y)])]  stronger[(?x  y)])]]",[@every *x [([(roof[(?x)]  concrete[(?x)])]  [(~blocksunlight[(?x)])])]],"all:x (topcover(x) :- (y(roof(y)))
all:x (roof(x) :- (protect(x) & blocksunlight(x)))
x y  (roof(x) & concrete(x)) & (~(x=y) & roof(y) & concrete(y))
x y  (roof(x) & seagrass(x)) & (~(x=y) & roof(y) & seagrass(y))
all:x all:y ((concrete(x) & seagrass(y)) :- stronger(x, y))",all:x ((roof(x) & concrete(x)) :- (~blocksunlight(x))),-(+T0-(+(+R1))-(+R0-(+P0++B0))++(+R1++C1)+(-(+x1)++R1++C1)++(+R1++S1)+(-(+x1)++R1++S1)--((+C0++S0)-+S0),-((+R0++C0)-(-+B0))
32,"Hugh Vanstone is one of the world's leading lighting designers. 
Hugh Vanstone is from the UK.
Hugh Vanstone has lit more than 160 productions.
Hugh Vanstone attended a school where he is from. ",Hugh Vanstone is one of the world's leading lighting designers and is from the UK.,T,"WorldLeadingLightingDesigner(hughVanstone)
From(hughVanstone, unitedKingdom)
∃x(GreaterThan(x, num160) ∧ LitProductions(hughVanstone,x))
∃x(Hometown(hughVanstone,x) ∧ AttendedSchoolIn(hughVanstone,x))","WorldLeadingLightingDesigner(hughVanstone) ∧ From(hughVanstone, unitedKingdom)",,,"worldleadinglightingdesigner(hughvanstone)
from(hughvanstone, unitedkingdom)
exists x(greaterthan(x, num160) and litproductions(hughvanstone,x))
exists x(hometown(hughvanstone,x) and attendedschoolin(hughvanstone,x))","worldleadinglightingdesigner(hughvanstone) and from(hughvanstone, unitedkingdom)","worldleadinglightingdesigner(hughvanstone)
from(hughvanstone, unitedkingdom)
(greaterthan(x, num160) , litproductions(hughvanstone,))
(hometown(hughvanstone,) , attendedschoolin(hughvanstone,))","worldleadinglightingdesigner(hughvanstone) , from(hughvanstone, unitedkingdom)","[worldleadinglightingdesigner[(hughvanstone)]
from[(hughvanstone  unitedkingdom)]
*x[(greaterthan[(?x  num160)]  litproductions[(hughvanstone ?x)])]
*x[(hometown[(hughvanstone ?x)]  attendedschoolin[(hughvanstone ?x)])]]",[worldleadinglightingdesigner[(hughvanstone)]  from[(hughvanstone  unitedkingdom)]],"worldleadinglightingdesigner(hughvanstone)
from(hughvanstone, unitedkingdom)
x(greaterthan(x, num160) & litproductions(hughvanstone,x))
x(hometown(hughvanstone,x) & attendedschoolin(hughvanstone,x))","worldleadinglightingdesigner(hughvanstone) & from(hughvanstone, unitedkingdom)",+W2(+h2)+F2+(+G1++L1)+(+H1++A1),+W2(+h2)++F2
92,"Adventures of Rusty is a drama film and children's film.
Columbia Pictures produced Adventures of Rusty.
Tintin was produced by Paramount.
Tintin is an adventure film.",Columbia pictures produced some adventure film.,U,"DramaFilm(adventuresOfRusty) ∧ ChildrensFilm(adventuresOfRusty)
Produces(columbiaPictures, adventuresOfRusty)
Produces(paramount, tintin)
AdventureFilm(tintin)","∃x (AdventureFilm(x) ∧ Produces(columbiaPictures, x))",,,"dramafilm(adventuresofrusty) and childrensfilm(adventuresofrusty)
produces(columbiapictures, adventuresofrusty)
produces(paramount, tintin)
adventurefilm(tintin)","exists x (adventurefilm(x) and produces(columbiapictures, x))","dramafilm(adventuresofrusty) , childrensfilm(adventuresofrusty)
produces(columbiapictures, adventuresofrusty)
produces(paramount, tintin)
adventurefilm(tintin)"," (adventurefilm(x) , produces(columbiapictures, x))","[dramafilm[(adventuresofrusty)]  childrensfilm[(adventuresofrusty)]
produces[(columbiapictures  adventuresofrusty)]
produces[(paramount  tintin)]
adventurefilm[(tintin)]]",[*x [(adventurefilm[(?x)]  produces[(columbiapictures  x)])]],"dramafilm(adventuresofrusty) & childrensfilm(adventuresofrusty)
produces(columbiapictures, adventuresofrusty)
produces(paramount, tintin)
adventurefilm(tintin)","x (adventurefilm(x) & produces(columbiapictures, x))",+D2(+a2)++C2(+a2)+P2+P2+A2(+t2),+(+A1++P1)
9,"The taiga vole is a large vole found in northwestern North America. 
Cats like playing with all voles.
The taiga vole lives in the boreal taiga zone.
The boreal taiga zone in North America is a cold place to live in.",Cats like playing with taiga vole.,T,"Vole(taigaVole) ∧ LiveIn(taigaVole, northAmerica)
LikePlayingWith(cat, taigaVole)
LiveIn(taigaVole, borealTaigaZone)
∀x ((LiveIn(x, northAmerica) ∧ LiveIn(x, borealTaigaZone)) → LiveIn(x, coldPlace))","LikePlayingWith(cat, taigaVole)",,,"vole(taigavole) and livein(taigavole, northamerica)
likeplayingwith(cat, taigavole)
livein(taigavole, borealtaigazone)
forall x ((livein(x, northamerica) and livein(x, borealtaigazone)) implies livein(x, coldplace))","likeplayingwith(cat, taigavole)","vole(taigavole) , livein(taigavole, northamerica)
likeplayingwith(cat, taigavole)
livein(taigavole, borealtaigazone)
forall ((livein(x, northamerica) , livein(x, borealtaigazone)) -: livein(x, coldplace))","likeplayingwith(cat, taigavole)","[vole[(taigavole)]  livein[(taigavole  northamerica)]
likeplayingwith[(cat  taigavole)]
livein[(taigavole  borealtaigazone)]
@every *x [([(livein[(?x  northamerica)]  livein[(?x  borealtaigazone)])]  livein[(?x  coldplace)])]]",[likeplayingwith[(cat  taigavole)]],"vole(taigavole) & livein(taigavole, northamerica)
likeplayingwith(cat, taigavole)
livein(taigavole, borealtaigazone)
all:x ((livein(x, northamerica) & livein(x, borealtaigazone)) :- livein(x, coldplace))","likeplayingwith(cat, taigavole)",+V2(+t2)++L2+L2+L2-((+L0++L0)-+L0),+L2
74,"Camp Davern is a traditional summer camp for boys and girls.
Camp Davern was established in the year 1946.
Camp Davern was operated by the YMCA until the year 2015.
Camp Davern is an old summer camp.",One of Ontario's oldest summer camps is a traditional summer camp for boys and girls.,T,"TraditionalSummerCamp(campDavern) ∧ ForBoysAndGirls(campDavern)
EstablishedIn(campDavern, year1946)
OperatedUntil(yMCA, campDavern, year2015)
Old(campDavern)",∃x (Old(x) ∧ TraditionalSummerCamp(x) ∧ ForBoysAndGirls(x)),,,"traditionalsummercamp(campdavern) and forboysandgirls(campdavern)
establishedin(campdavern, year1946)
operateduntil(ymca, campdavern, year2015)
old(campdavern)",exists x (old(x) and traditionalsummercamp(x) and forboysandgirls(x)),"traditionalsummercamp(campdavern) , forboysandgirls(campdavern)
establishedin(campdavern, year1946)
operateduntil(ymca, campdavern, year2015)
old(campdavern)"," (old(x) , traditionalsummercamp(x) , forboysandgirls(x))","[traditionalsummercamp[(campdavern)]  forboysandgirls[(campdavern)]
establishedin[(campdavern  year1946)]
operateduntil[(ymca  campdavern  year2015)]
old[(campdavern)]]",[*x [(old[(?x)]  traditionalsummercamp[(?x)]  forboysandgirls[(?x)])]],"traditionalsummercamp(campdavern) & forboysandgirls(campdavern)
establishedin(campdavern, year1946)
operateduntil(ymca, campdavern, year2015)
old(campdavern)",x (old(x) & traditionalsummercamp(x) & forboysandgirls(x)),+T2(+c2)++F2(+c2)+E2+O2+O2(+c2),+(+O1++T1++F1)
68,"Lana Wilson directed After Tiller, The Departure, and Miss Americana.
If a film is directed by a person, the person is a filmmaker.
After Tiller is a documentary.
The documentary is a type of film.
Lana Wilson is from Kirkland.
Kirkland is a US city.
If a person is from a city in a country, the person is from the country.
After Tiller is nominated for the Independent Spirit Award for Best Documentary.",Lana Wilson has won the Independent Spirit Award.,U,"DirectedBy(afterTiller, lanaWilson) ∧ DirectedBy(theDeparture, lanaWilson) ∧ DirectedBy(missAmericana, lanaWilson)
∀x ∀y (DirectedBy(x, y) → Filmmaker(y))
Documentary(afterTiller)
∀x (Documentary(x) → Film(x))
From(lanaWilson, kirkland)
In(kirkland, unitedStates)
∀x ∀y ∀z ((From(x, y) ∧ In(y, z)) → From(x, z))
Nomination(afterTiller, theIndependentSpiritAwardForBestDocumentary)","FilmmakerAward(lanaWilson, theIndependentSpiritAwardForBestDocumentary)",,,"directedby(aftertiller, lanawilson) and directedby(thedeparture, lanawilson) and directedby(missamericana, lanawilson)
forall x forall y (directedby(x, y) implies filmmaker(y))
documentary(aftertiller)
forall x (documentary(x) implies film(x))
from(lanawilson, kirkland)
in(kirkland, unitedstates)
forall x forall y forall z ((from(x, y) and in(y, z)) implies from(x, z))
nomination(aftertiller, theindependentspiritawardforbestdocumentary)","filmmakeraward(lanawilson, theindependentspiritawardforbestdocumentary)","directedby(aftertiller, lanawilson) , directedby(thedeparture, lanawilson) , directedby(missamericana, lanawilson)
forall forall (directedby(x, y) -: filmmaker(y))
documentary(aftertiller)
forall (documentary(x) -: film(x))
from(lanawilson, kirkland)
in(kirkland, unitedstates)
forall forall forall ((from(x, y) , in(y, z)) -: from(x, z))
nomination(aftertiller, theindependentspiritawardforbestdocumentary)","filmmakeraward(lanawilson, theindependentspiritawardforbestdocumentary)","[directedby[(aftertiller  lanawilson)]  directedby[(thedeparture  lanawilson)]  directedby[(missamericana  lanawilson)]
@every *x @every *y [(directedby[(?x  y)]  filmmaker[(?y)])]
documentary[(aftertiller)]
@every *x [(documentary[(?x)]  film[(?x)])]
from[(lanawilson  kirkland)]
in[(kirkland  unitedstates)]
@every *x @every *y @every *z [([(from[(?x  y)]  in[(?y  z)])]  from[(?x  z)])]
nomination[(aftertiller  theindependentspiritawardforbestdocumentary)]]",[filmmakeraward[(lanawilson  theindependentspiritawardforbestdocumentary)]],"directedby(aftertiller, lanawilson) & directedby(thedeparture, lanawilson) & directedby(missamericana, lanawilson)
all:x all:y (directedby(x, y) :- filmmaker(y))
documentary(aftertiller)
all:x (documentary(x) :- film(x))
from(lanawilson, kirkland)
in(kirkland, unitedstates)
all:x all:y all:z ((from(x, y) & in(y, z)) :- from(x, z))
nomination(aftertiller, theindependentspiritawardforbestdocumentary)","filmmakeraward(lanawilson, theindependentspiritawardforbestdocumentary)",+D2++D2++D2--(+D0-+F0)+D2(+a2)-(+D0-+F0)+F2+I2---((+F0++I0)-+F0)+N2,+F2
82,"Lawton Park is a neighborhood in Seattle. 
All citizens of Lawton Park use the zip code 98199. 
Tom is a citizen of Lawton Park.
Daniel uses the zip code 98199. ",Tom uses the zip code 98199.,T,"NeighbourhoodIn(lawtonPark, seattle)
∀x (Residentof(x, lawtonPark) → UseZipCode(x, num98199))
ResidentOf(tom, lawtonPark)
UseZipCode(daniel, num98199)","UseZipCode(tom, num98199)",,,"neighbourhoodin(lawtonpark, seattle)
forall x (residentof(x, lawtonpark) implies usezipcode(x, num98199))
residentof(tom, lawtonpark)
usezipcode(daniel, num98199)","usezipcode(tom, num98199)","neighbourhoodin(lawtonpark, seattle)
forall (residentof(x, lawtonpark) -: usezipcode(x, num98199))
residentof(tom, lawtonpark)
usezipcode(daniel, num98199)","usezipcode(tom, num98199)","[neighbourhoodin[(lawtonpark  seattle)]
@every *x [(residentof[(?x  lawtonpark)]  usezipcode[(?x  num98199)])]
residentof[(tom  lawtonpark)]
usezipcode[(daniel  num98199)]]",[usezipcode[(tom  num98199)]],"neighbourhoodin(lawtonpark, seattle)
all:x (residentof(x, lawtonpark) :- usezipcode(x, num98199))
residentof(tom, lawtonpark)
usezipcode(daniel, num98199)","usezipcode(tom, num98199)",+N2-(+R0-+U0)+R2+U2,+U2
85,"Diethylcarbamazine is a medication discovered in the year 1947.
Diethylcarbamazine can be used to treat river blindness.
The only preferred treatment for river blindness is ivermectin.
Diethylcarbamazine is not ivermectin.",Diethylcarbamazine is used in the treatment of filariasis.,U,"Medication(diethylcarbamazine) ∧ DiscoversIn(diethylcarbamazine, yr1947)
Treats(diethylcarbamazine, riverBlindness)
PreferredTreatmentFor(riverBlindness, ivermectin)
¬(Is(diethylcarbamazine, ivermectin))","Treats(diethylcarbamazine, filariasis)",,,"medication(diethylcarbamazine) and discoversin(diethylcarbamazine, yr1947)
treats(diethylcarbamazine, riverblindness)
preferredtreatmentfor(riverblindness, ivermectin)
not (is(diethylcarbamazine, ivermectin))","treats(diethylcarbamazine, filariasis)","medication(diethylcarbamazine) , discoversin(diethylcarbamazine, yr1947)
treats(diethylcarbamazine, riverblindness)
preferredtreatmentfor(riverblindness, ivermectin)
not(is(diethylcarbamazine, ivermectin))","treats(diethylcarbamazine, filariasis)","[medication[(diethylcarbamazine)]  discoversin[(diethylcarbamazine  yr1947)]
treats[(diethylcarbamazine  riverblindness)]
preferredtreatmentfor[(riverblindness  ivermectin)]
~[(is[(diethylcarbamazine  ivermectin)])]]",[treats[(diethylcarbamazine  filariasis)]],"medication(diethylcarbamazine) & discoversin(diethylcarbamazine, yr1947)
treats(diethylcarbamazine, riverblindness)
preferredtreatmentfor(riverblindness, ivermectin)
~(is(diethylcarbamazine, ivermectin))","treats(diethylcarbamazine, filariasis)",+M2(+d2)++D2+T2+P2-(+I2),+T2
15,"Elephantopus is a genus of perennial plants in the daisy family.
Elephantopus is widespread over much of Africa, southern Asia, Australia, and the Americas.
Several species of Elephantopus are native to the southeastern United States.
Elephantopus scaber is a traditional medicine.",No Elephantopus is native to the southeastern United States.,F,"∀x (Elephantopus(x) → (Genus(x, perennialplants) ∧ BelongTo(x, daisyfamily)))
∃x ∃y ∃z(Elephantopus(x) ∧ In(x,africa) ∧ (¬(x=y)) ∧ Elephantopus(y) ∧ In(y, southernasia) ∧ (¬(x=z)) ∧ (¬(y=z)) ∧ Elephantopus(z) ∧ In(z, australia))
∃x ∃y (Elephantopus(x) ∧ NativeTo(x, southeasternunitedstates) ∧ (¬(x=y)) ∧ Elephantopus(y) ∧ NativeTo(y, southeasternunitedstates))
∀x (ElephantopusScaber(x) → TraditionalMedicine(x))","∀x (Elephantopus(x) → ¬NativeTo(x, southeasternunitedstates))",,,"forall x (elephantopus(x) implies (genus(x, perennialplants) and belongto(x, daisyfamily)))
exists x exists y exists z(elephantopus(x) and in(x,africa) and (not (x=y)) and elephantopus(y) and in(y, southernasia) and (not (x=z)) and (not (y=z)) and elephantopus(z) and in(z, australia))
exists x exists y (elephantopus(x) and nativeto(x, southeasternunitedstates) and (not (x=y)) and elephantopus(y) and nativeto(y, southeasternunitedstates))
forall x (elephantopusscaber(x) implies traditionalmedicine(x))","forall x (elephantopus(x) implies not nativeto(x, southeasternunitedstates))","forall (elephantopus(x) -: (genus(x, perennialplants) , belongto(x, daisyfamily)))
  (elephantopus(x) , in(x,africa) , (not(x=y)) , elephantopus(y) , in(y, southernasia) , (not(x=z)) , (not(y=z)) , elephantopus(z) , in(z, australia))
  (elephantopus(x) , nativeto(x, southeasternunitedstates) , (not(x=y)) , elephantopus(y) , nativeto(y, southeasternunitedstates))
forall (elephantopusscaber(x) -: traditionalmedicine(x))","forall (elephantopus(x) -: notnativeto(x, southeasternunitedstates))","[@every *x [(elephantopus[(?x)]  [(genus[(?x  perennialplants)]  belongto[(?x  daisyfamily)])])]
*x *y *z[(elephantopus[(?x)]  in[(?x africa)]  [(~[(?x=y)])]  elephantopus[(?y)]  in[(?y  southernasia)]  [(~[(?x=z)])]  [(~[(?y=z)])]  elephantopus[(?z)]  in[(?z  australia)])]
*x *y [(elephantopus[(?x)]  nativeto[(?x  southeasternunitedstates)]  [(~[(?x=y)])]  elephantopus[(?y)]  nativeto[(?y  southeasternunitedstates)])]
@every *x [(elephantopusscaber[(?x)]  traditionalmedicine[(?x)])]]",[@every *x [(elephantopus[(?x)]  ~nativeto[(?x  southeasternunitedstates)])]],"all:x (elephantopus(x) :- (genus(x, perennialplants) & belongto(x, daisyfamily)))
x y z(elephantopus(x) & in(x,africa) & (~(x=y)) & elephantopus(y) & in(y, southernasia) & (~(x=z)) & (~(y=z)) & elephantopus(z) & in(z, australia))
x y (elephantopus(x) & nativeto(x, southeasternunitedstates) & (~(x=y)) & elephantopus(y) & nativeto(y, southeasternunitedstates))
all:x (elephantopusscaber(x) :- traditionalmedicine(x))","all:x (elephantopus(x) :- ~nativeto(x, southeasternunitedstates))",-(+E0-(+G0++B0))+++(+E1++I1+(-(+x1))++E1++I1+(-(+x1))+(-(+y1))++E1++I1)++(+E1++N1+(-(+x1))++E1++N1)-(+E0-+T0),-(+E0--+N0)
77,"Jan Jelinek makes glitch and minimal techno music.
Anyone making glitch, minimal techno, or microhouse is an electronic musician.
Jan Jelinek publishes music through the Faitiche label.
Any musician releasing music through a label is a signed musician.",Jan Jelinek is German.,U,"Make(janJelinek, glitch) ∧ Make(janJelinek, minimalTechno)
∀x ((Make(x, glitch) ∨ Make(x, minimalTechno) ∨ Make(x, microHouse)) → ElectronicMusician(x))
PublishThroughLabel(janJelinek, faitiche)
∀x ((∃y(PublishThroughLabel(x, y))) → SignedMusician(x))",German(janJelinek),,,"make(janjelinek, glitch) and make(janjelinek, minimaltechno)
forall x ((make(x, glitch) or make(x, minimaltechno) or make(x, microhouse)) implies electronicmusician(x))
publishthroughlabel(janjelinek, faitiche)
forall x ((exists y(publishthroughlabel(x, y))) implies signedmusician(x))",german(janjelinek),"make(janjelinek, glitch) , make(janjelinek, minimaltechno)
forall ((make(x, glitch) | make(x, minimaltechno) | make(x, microhouse)) -: electronicmusician(x))
publishthroughlabel(janjelinek, faitiche)
forall (((publishthroughlabel(x, y))) -: signedmusician(x))",german(janjelinek),"[make[(janjelinek  glitch)]  make[(janjelinek  minimaltechno)]
@every *x [([(make[(?x  glitch)]  make[(?x  minimaltechno)]  make[(?x  microhouse)])]  electronicmusician[(?x)])]
publishthroughlabel[(janjelinek  faitiche)]
@every *x [([(*y[(publishthroughlabel[(?x  y)])])]  signedmusician[(?x)])]]",[german[(janjelinek)]],"make(janjelinek, glitch) & make(janjelinek, minimaltechno)
all:x ((make(x, glitch) | make(x, minimaltechno) | make(x, microhouse)) :- electronicmusician(x))
publishthroughlabel(janjelinek, faitiche)
all:x ((y(publishthroughlabel(x, y))) :- signedmusician(x))",german(janjelinek),+M2++M2-((+M0-+M0-+M0)-+E0)+P2-((+(+P1))-+S1),+G2(+j2)
22,"If a customer subscribes to AMC A-List, then he/she can watch 3 movies every week without any additional fees. 
Some customers go to cinemas every week. 
Customers who prefer TV series will not watch TV series in cinemas.
James watches TV series in cinemas. 
James subscribes to AMC A-List.
Peter prefers TV series.",Peter will not watch TV series in cinemas.,T,"∀x (SubscribedTo(x, aMCAList) → EligibleForThreeFreeMovies(x))
∃x (CinemaEveryWeek(x))
∀x (Prefer(x, tVSeries) → ¬WatchTVIn(x, cinemas))
WatchTVIn(james, cinemas)
SubscribedTo(james, aMCAList)
Prefer(peter, tVSeries)","¬WatchTVIn(peter, cinemas)",,,"forall x (subscribedto(x, amcalist) implies eligibleforthreefreemovies(x))
exists x (cinemaeveryweek(x))
forall x (prefer(x, tvseries) implies not watchtvin(x, cinemas))
watchtvin(james, cinemas)
subscribedto(james, amcalist)
prefer(peter, tvseries)","not watchtvin(peter, cinemas)","forall (subscribedto(x, amcalist) -: eligibleforthreefreemovies(x))
 (cinemaeveryweek(x))
forall (prefer(x, tvseries) -: notwatchtvin(x, cinemas))
watchtvin(james, cinemas)
subscribedto(james, amcalist)
prefer(peter, tvseries)","notwatchtvin(peter, cinemas)","[@every *x [(subscribedto[(?x  amcalist)]  eligibleforthreefreemovies[(?x)])]
*x [(cinemaeveryweek[(?x)])]
@every *x [(prefer[(?x  tvseries)]  ~watchtvin[(?x  cinemas)])]
watchtvin[(james  cinemas)]
subscribedto[(james  amcalist)]
prefer[(peter  tvseries)]]",~[watchtvin[(peter  cinemas)]],"all:x (subscribedto(x, amcalist) :- eligibleforthreefreemovies(x))
x (cinemaeveryweek(x))
all:x (prefer(x, tvseries) :- ~watchtvin(x, cinemas))
watchtvin(james, cinemas)
subscribedto(james, amcalist)
prefer(peter, tvseries)","~watchtvin(peter, cinemas)",-(+S0-+E0)+(+C1)-(+P0--+W0)+W2+S2+P2,-+W2
70,"Michael O'Donnell is a British physician, journalist, author, and broadcaster.
One of the word-setters of My Word! was Michael O'Donnell.
The magazine World Medicine was edited by Michael O'Donnell.
Michael O'Donnell was born in Yorkshire as the son of a general practitioner.",There are no journalists that were born in Yorkshire.,F,"British(michael) ∧ Physician(michael) ∧ Journalist(michael) ∧ Author(michael) ∧ Broadcaster(michael)
WordSetter(michael)
Magazine(worldMedicine) ∧ EditedBy(worldMedicine, michael)
BornIn(michael, yorkshire) ∧ ∃x(SonOf(michael, x) ∧ GeneralPractitioner(x))","∀x (Journalist(x) → ¬BornIn(x, yorkshire))",,,"british(michael) and physician(michael) and journalist(michael) and author(michael) and broadcaster(michael)
wordsetter(michael)
magazine(worldmedicine) and editedby(worldmedicine, michael)
bornin(michael, yorkshire) and exists x(sonof(michael, x) and generalpractitioner(x))","forall x (journalist(x) implies not bornin(x, yorkshire))","british(michael) , physician(michael) , journalist(michael) , author(michael) , broadcaster(michael)
wordsetter(michael)
magazine(worldmedicine) , editedby(worldmedicine, michael)
bornin(michael, yorkshire) , (sonof(michael, x) , generalpractitioner(x))","forall (journalist(x) -: notbornin(x, yorkshire))","[british[(michael)]  physician[(michael)]  journalist[(michael)]  author[(michael)]  broadcaster[(michael)]
wordsetter[(michael)]
magazine[(worldmedicine)]  editedby[(worldmedicine  michael)]
bornin[(michael  yorkshire)]  *x[(sonof[(michael  x)]  generalpractitioner[(?x)])]]",[@every *x [(journalist[(?x)]  ~bornin[(?x  yorkshire)])]],"british(michael) & physician(michael) & journalist(michael) & author(michael) & broadcaster(michael)
wordsetter(michael)
magazine(worldmedicine) & editedby(worldmedicine, michael)
bornin(michael, yorkshire) & x(sonof(michael, x) & generalpractitioner(x))","all:x (journalist(x) :- ~bornin(x, yorkshire))",+B2(+m2)++P2(+m2)++J2(+m2)++A2(+m2)++B2(+m2)+W2(+m2)+M2(+w2)++E2+B2++(+S1++G1),-(+J0--+B0)
67,"If an album is written by a rock band, then the genre of the album is rock.
If a band writes an album winning an award, then this band wins this award.
Trouble at the Henhouse is an album by The Tragically Hip.
The Tragically Hip is a Canadian rock band.
The song ""Butts Wigglin'"" is in Trouble at the Henhouse.
Trouble at the Henhouse won the Album of the Year award.
A song in Trouble at the Henhouse appeared in a film.",The genre of Trouble at the Henhouse is rock.,T,"∀x ∀y ∀z (AlbumByBand(x, y) ∧ RockBand(y, z) → Genre(x, rock))
∀x ∀y ∀z (AlbumByBand(x, y) ∧ AlbumAward(x, z) → RockBandAward(y, z))
AlbumByBand(trouble_at_the_Henhouse, the_Tragically_Hip)
RockBand(the_Tragically_Hip, canada)
SongInAlbum(butts_Wigglin, trouble_at_the_Henhouse)
AlbumAward(trouble_at_the_Henhouse, the_Album_of_the_Year)
∃x (SongInFilm(x) ∧ SongInAlbum(x, trouble_at_the_Henhouse))","Genre(troubleAtTheHenhouse, rock)",,,"forall x forall y forall z (albumbyband(x, y) and rockband(y, z) implies genre(x, rock))
forall x forall y forall z (albumbyband(x, y) and albumaward(x, z) implies rockbandaward(y, z))
albumbyband(trouble_at_the_henhouse, the_tragically_hip)
rockband(the_tragically_hip, canada)
songinalbum(butts_wigglin, trouble_at_the_henhouse)
albumaward(trouble_at_the_henhouse, the_album_of_the_year)
exists x (songinfilm(x) and songinalbum(x, trouble_at_the_henhouse))","genre(troubleatthehenhouse, rock)","forall forall forall (albumbyband(x, y) , rockband(y, z) -: genre(x, rock))
forall forall forall (albumbyband(x, y) , albumaward(x, z) -: rockbandaward(y, z))
albumbyband(trouble_at_the_henhouse, the_tragically_hip)
rockband(the_tragically_hip, canada)
songinalbum(butts_wigglin, trouble_at_the_henhouse)
albumaward(trouble_at_the_henhouse, the_album_of_the_year)
 (songinfilm(x) , songinalbum(x, trouble_at_the_henhouse))","genre(troubleatthehenhouse, rock)","[@every *x @every *y @every *z [(albumbyband[(?x  y)]  rockband[(?y  z)]  genre[(?x  rock)])]
@every *x @every *y @every *z [(albumbyband[(?x  y)]  albumaward[(?x  z)]  rockbandaward[(?y  z)])]
albumbyband[(trouble_at_the_henhouse  the_tragically_hip)]
rockband[(the_tragically_hip  canada)]
songinalbum[(butts_wigglin  trouble_at_the_henhouse)]
albumaward[(trouble_at_the_henhouse  the_album_of_the_year)]
*x [(songinfilm[(?x)]  songinalbum[(?x  trouble_at_the_henhouse)])]]",[genre[(troubleatthehenhouse  rock)]],"all:x all:y all:z (albumbyband(x, y) & rockband(y, z) :- genre(x, rock))
all:x all:y all:z (albumbyband(x, y) & albumaward(x, z) :- rockbandaward(y, z))
albumbyband(trouble_at_the_henhouse, the_tragically_hip)
rockband(the_tragically_hip, canada)
songinalbum(butts_wigglin, trouble_at_the_henhouse)
albumaward(trouble_at_the_henhouse, the_album_of_the_year)
x (songinfilm(x) & songinalbum(x, trouble_at_the_henhouse))","genre(troubleatthehenhouse, rock)",---(+A0++R0-+G0)---(+A0++A0-+R0)+A2+R2+S2+A2+(+S1++S1),+G2
3,"Fort Ticonderoga is the current name for Fort Carillon.
Pierre de Rigaud de Vaudreuil built Fort Carillon.
Fort Carillon was located in New France.
New France is not in Europe.",Fort Carillon was located in Europe.,U,"RenamedAs(fortCarillon, fortTiconderoga)
Built(pierredeRigauddeVaudreuil, fortCarillon)
LocatedIn(fortCarillon, newFrance)
¬LocatedIn(newFrance, europe)","LocatedIn(fortCarillon, europe)",,,"renamedas(fortcarillon, fortticonderoga)
built(pierrederigauddevaudreuil, fortcarillon)
locatedin(fortcarillon, newfrance)
not locatedin(newfrance, europe)","locatedin(fortcarillon, europe)","renamedas(fortcarillon, fortticonderoga)
built(pierrederigauddevaudreuil, fortcarillon)
locatedin(fortcarillon, newfrance)
notlocatedin(newfrance, europe)","locatedin(fortcarillon, europe)","[renamedas[(fortcarillon  fortticonderoga)]
built[(pierrederigauddevaudreuil  fortcarillon)]
locatedin[(fortcarillon  newfrance)]
~locatedin[(newfrance  europe)]]",[locatedin[(fortcarillon  europe)]],"renamedas(fortcarillon, fortticonderoga)
built(pierrederigauddevaudreuil, fortcarillon)
locatedin(fortcarillon, newfrance)
~locatedin(newfrance, europe)","locatedin(fortcarillon, europe)",+R2+B2+L2-+L2,+L2
96,"Diamond Mine is a professional wrestling stable formed in WWE.
Roderick Strong leads Diamond Mine.
Diamond Mine includes the Creed Brothers and Ivy Nile.
Imperium has a feud with Diamond Mine.",Imperium doesn't have a feud with a professional wrestling stable that includes Ivy Nile.,F,"ProfessionalWrestlingStable(diamondMine) ∧ In(diamondMine, wWE)
Leads(roderickStrong, diamondMine)
Includes(diamondMine, creedBrothers) ∧ Includes(diamondMine, ivyNile)
Feuds(imperium, diamondMine)","∀x ((ProfessionalWrestlingStable(x) ∧ Includes(x, ivynile)) → ¬Feuds(imperium, x))",,,"professionalwrestlingstable(diamondmine) and in(diamondmine, wwe)
leads(roderickstrong, diamondmine)
includes(diamondmine, creedbrothers) and includes(diamondmine, ivynile)
feuds(imperium, diamondmine)","forall x ((professionalwrestlingstable(x) and includes(x, ivynile)) implies not feuds(imperium, x))","professionalwrestlingstable(diamondmine) , in(diamondmine, wwe)
leads(roderickstrong, diamondmine)
includes(diamondmine, creedbrothers) , includes(diamondmine, ivynile)
feuds(imperium, diamondmine)","forall ((professionalwrestlingstable(x) , includes(x, ivynile)) -: notfeuds(imperium, x))","[professionalwrestlingstable[(diamondmine)]  in[(diamondmine  wwe)]
leads[(roderickstrong  diamondmine)]
includes[(diamondmine  creedbrothers)]  includes[(diamondmine  ivynile)]
feuds[(imperium  diamondmine)]]",[@every *x [([(professionalwrestlingstable[(?x)]  includes[(?x  ivynile)])]  ~feuds[(imperium  x)])]],"professionalwrestlingstable(diamondmine) & in(diamondmine, wwe)
leads(roderickstrong, diamondmine)
includes(diamondmine, creedbrothers) & includes(diamondmine, ivynile)
feuds(imperium, diamondmine)","all:x ((professionalwrestlingstable(x) & includes(x, ivynile)) :- ~feuds(imperium, x))",+P2(+d2)++I2+L2+I2++I2+F2,-((+P0++I0)--+F0)
57,"All pets are animals.
Pets can be either a dog or a cat.
If a person has a pet, they care for that pet. 
Dogs and cats can be naughty. 
Pets who are naughty are not liked as much. 
Charlie has a naughty pet dog named Leo. ",Dogs are not always naughty.,F,"∀x (Pet(x) → Animal(x))
∀x (Pet(x) → (Dog(x) ⊕ Cat(x)))
∀x ∀y ((Pet(y) ∧ OwnedBy(x,y)) → Cares(x, y))
∃x ∃y (Cat(x) ∧ Naughty(x) ∧ (¬(x=y)) ∧ Dog(y) ∧ Naughty(y))
∀x ∀y ((Pet(x) ∧ Naughty(x) ∧ OwnedBy(x,y)) → ¬Liked(x, y))
OwnedBy(leo, charlie) ∧ Pet(leo) ∧ Dog(leo) ∧ Naughty(leo)",∀x (Dog(x) → ¬Naughty(x)),,,"forall x (pet(x) implies animal(x))
forall x (pet(x) implies (dog(x) xor cat(x)))
forall x forall y ((pet(y) and ownedby(x,y)) implies cares(x, y))
exists x exists y (cat(x) and naughty(x) and (not (x=y)) and dog(y) and naughty(y))
forall x forall y ((pet(x) and naughty(x) and ownedby(x,y)) implies not liked(x, y))
ownedby(leo, charlie) and pet(leo) and dog(leo) and naughty(leo)",forall x (dog(x) implies not naughty(x)),"forall (pet(x) -: animal(x))
forall (pet(x) -: (dog(x) ^ cat(x)))
forall forall ((pet(y) , ownedby(x,)) -: cares(x, y))
  (cat(x) , naughty(x) , (not(x=y)) , dog(y) , naughty(y))
forall forall ((pet(x) , naughty(x) , ownedby(x,)) -: notliked(x, y))
ownedby(leo, charlie) , pet(leo) , dog(leo) , naughty(leo)",forall (dog(x) -: notnaughty(x)),"[@every *x [(pet[(?x)]  animal[(?x)])]
@every *x [(pet[(?x)]  [(dog[(?x)]  cat[(?x)])])]
@every *x @every *y [([(pet[(?y)]  ownedby[(?x ?y)])]  cares[(?x  y)])]
*x *y [(cat[(?x)]  naughty[(?x)]  [(~[(?x=y)])]  dog[(?y)]  naughty[(?y)])]
@every *x @every *y [([(pet[(?x)]  naughty[(?x)]  ownedby[(?x ?y)])]  ~liked[(?x  y)])]
ownedby[(leo  charlie)]  pet[(leo)]  dog[(leo)]  naughty[(leo)]]",[@every *x [(dog[(?x)]  ~naughty[(?x)])]],"all:x (pet(x) :- animal(x))
all:x (pet(x) :- (dog(x) ^ cat(x)))
all:x all:y ((pet(y) & ownedby(x,y)) :- cares(x, y))
x y (cat(x) & naughty(x) & (~(x=y)) & dog(y) & naughty(y))
all:x all:y ((pet(x) & naughty(x) & ownedby(x,y)) :- ~liked(x, y))
ownedby(leo, charlie) & pet(leo) & dog(leo) & naughty(leo)",all:x (dog(x) :- ~naughty(x)),-(+P0-+A0)-(+P0-(+D0-+C0))--((+P0++O0)-+C0)++(+C1++N1+(-(+x1))++D1++N1)--((+P0++N0++O0)--+L0)+O2++P2(+l2)++D2(+l2)++N2(+l2),-(+D0--+N0)
23,"All books written by Cixin Liu have sold more than 1 million copies. 
Some books that have won the Hugo Award were written by Cixin Liu.
All books about the future are forward-looking.
The book Three-Body Problem has sold more than 1 million copies.
The Three-Body Problem is about the future.",The Three-Body Problem was written by Cixin Liu.,U,"∀x ((Book(x) ∧ WrittenBy(x, cixinLiu)) → ∃y(MoreThan(y, oneMillion) ∧ Sold(x,y)))
∃x (Won(x, hugoAward) ∧ Book(x) ∧ WrittenBy(x, cixinLiu))
∀x ((Book(x) ∧ AboutFuture(x)) → FowardLooking(x))
Book(threeBodyProblem) ∧ ∃y(MoreThan(y, oneMillion) ∧ Sold(threeBodyProblem,y))
AboutFuture(threeBodyProblem)","WrittenBy(threeBodyProblem, cixinLiu)",,,"forall x ((book(x) and writtenby(x, cixinliu)) implies exists y(morethan(y, onemillion) and sold(x,y)))
exists x (won(x, hugoaward) and book(x) and writtenby(x, cixinliu))
forall x ((book(x) and aboutfuture(x)) implies fowardlooking(x))
book(threebodyproblem) and exists y(morethan(y, onemillion) and sold(threebodyproblem,y))
aboutfuture(threebodyproblem)","writtenby(threebodyproblem, cixinliu)","forall ((book(x) , writtenby(x, cixinliu)) -: (morethan(y, onemillion) , sold(x,)))
 (won(x, hugoaward) , book(x) , writtenby(x, cixinliu))
forall ((book(x) , aboutfuture(x)) -: fowardlooking(x))
book(threebodyproblem) , (morethan(y, onemillion) , sold(threebodyproblem,))
aboutfuture(threebodyproblem)","writtenby(threebodyproblem, cixinliu)","[@every *x [([(book[(?x)]  writtenby[(?x  cixinliu)])]  *y[(morethan[(?y  onemillion)]  sold[(?x ?y)])])]
*x [(won[(?x  hugoaward)]  book[(?x)]  writtenby[(?x  cixinliu)])]
@every *x [([(book[(?x)]  aboutfuture[(?x)])]  fowardlooking[(?x)])]
book[(threebodyproblem)]  *y[(morethan[(?y  onemillion)]  sold[(threebodyproblem ?y)])]
aboutfuture[(threebodyproblem)]]",[writtenby[(threebodyproblem  cixinliu)]],"all:x ((book(x) & writtenby(x, cixinliu)) :- y(morethan(y, onemillion) & sold(x,y)))
x (won(x, hugoaward) & book(x) & writtenby(x, cixinliu))
all:x ((book(x) & aboutfuture(x)) :- fowardlooking(x))
book(threebodyproblem) & y(morethan(y, onemillion) & sold(threebodyproblem,y))
aboutfuture(threebodyproblem)","writtenby(threebodyproblem, cixinliu)",-((+B0++W0)-+(+M1++S1))+(+W1++B1++W1)-((+B0++A0)-+F0)+B2(+t2)++(+M1++S1)+A2(+t2),+W2
30,"EndGame is a movie released in 2006.
EndGame was set in Washington.
EndGame was filmed outside of Washington.
Some movies are filmed in New York.
Andy Chang directed EndGame.
Andy Chang is from Hong Kong.",EndGame was filmed in New York.,U,"Movie(endGame) ∧ Released(endGame, yr2006)
SetIn(endGame, washington)
¬(FilmedIn(endGame, washington))
∃x∃y(FilmedIn(x, newYork) ∧ (¬(x=y)) ∧ FilmedIn(y, newYork))
Directed(andyChang, endGame)
From(andyChang, hongKong)","FilmedIn(endGame, newYork)",,,"movie(endgame) and released(endgame, yr2006)
setin(endgame, washington)
not (filmedin(endgame, washington))
exists xexists y(filmedin(x, newyork) and (not (x=y)) and filmedin(y, newyork))
directed(andychang, endgame)
from(andychang, hongkong)","filmedin(endgame, newyork)","movie(endgame) , released(endgame, yr2006)
setin(endgame, washington)
not(filmedin(endgame, washington))
(filmedin(x, newyork) , (not(x=y)) , filmedin(y, newyork))
directed(andychang, endgame)
from(andychang, hongkong)","filmedin(endgame, newyork)","[movie[(endgame)]  released[(endgame  yr2006)]
setin[(endgame  washington)]
~[(filmedin[(endgame  washington)])]
*x*y[(filmedin[(?x  newyork)]  [(~[(?x=y)])]  filmedin[(?y  newyork)])]
directed[(andychang  endgame)]
from[(andychang  hongkong)]]",[filmedin[(endgame  newyork)]],"movie(endgame) & released(endgame, yr2006)
setin(endgame, washington)
~(filmedin(endgame, washington))
xy(filmedin(x, newyork) & (~(x=y)) & filmedin(y, newyork))
directed(andychang, endgame)
from(andychang, hongkong)","filmedin(endgame, newyork)",+M2(+e2)++R2+S2-(+F2)++(+F1+(-(+x1))++F1)+D2+F2,+F2
91,"Virginia Lee is an Australian rower.
Virginia Lee competed in both sweep oared and sculling events.
Sydney is Virginia Lee's home city.
New South Wales was represented by Virginia Lee.",Sydney is not the home city to any rower.,F,"Australian(virginiaLee) ∧ Rower(virginiaLee)
CompetesIn(virginiaLee, sweepOaredEvents) ∧ CompetesIn(virginiaLee, scullingEvents)
City(sydney) ∧ HomeCity(sydney, virginiaLee)
Represents(virginiaLee, newSouthWales)","∀x (Rower(x) → ¬HomeCity(sydney, x))",,,"australian(virginialee) and rower(virginialee)
competesin(virginialee, sweepoaredevents) and competesin(virginialee, scullingevents)
city(sydney) and homecity(sydney, virginialee)
represents(virginialee, newsouthwales)","forall x (rower(x) implies not homecity(sydney, x))","australian(virginialee) , rower(virginialee)
competesin(virginialee, sweepoaredevents) , competesin(virginialee, scullingevents)
city(sydney) , homecity(sydney, virginialee)
represents(virginialee, newsouthwales)","forall (rower(x) -: nothomecity(sydney, x))","[australian[(virginialee)]  rower[(virginialee)]
competesin[(virginialee  sweepoaredevents)]  competesin[(virginialee  scullingevents)]
city[(sydney)]  homecity[(sydney  virginialee)]
represents[(virginialee  newsouthwales)]]",[@every *x [(rower[(?x)]  ~homecity[(sydney  x)])]],"australian(virginialee) & rower(virginialee)
competesin(virginialee, sweepoaredevents) & competesin(virginialee, scullingevents)
city(sydney) & homecity(sydney, virginialee)
represents(virginialee, newsouthwales)","all:x (rower(x) :- ~homecity(sydney, x))",+A2(+v2)++R2(+v2)+C2++C2+C2(+s2)++H2+R2,-(+R0--+H0)
9,"The taiga vole is a large vole found in northwestern North America. 
Cats like playing with all voles.
The taiga vole lives in the boreal taiga zone.
The boreal taiga zone in North America is a cold place to live in.",Taiga vole's living place is not cold.,F,"Vole(taigaVole) ∧ LiveIn(taigaVole, northAmerica)
LikePlayingWith(cat, taigaVole)
LiveIn(taigaVole, borealTaigaZone)
∀x ((LiveIn(x, northAmerica) ∧ LiveIn(x, borealTaigaZone)) → LiveIn(x, coldPlace))","¬LiveIn(taigaVole, coldPlace)",,,"vole(taigavole) and livein(taigavole, northamerica)
likeplayingwith(cat, taigavole)
livein(taigavole, borealtaigazone)
forall x ((livein(x, northamerica) and livein(x, borealtaigazone)) implies livein(x, coldplace))","not livein(taigavole, coldplace)","vole(taigavole) , livein(taigavole, northamerica)
likeplayingwith(cat, taigavole)
livein(taigavole, borealtaigazone)
forall ((livein(x, northamerica) , livein(x, borealtaigazone)) -: livein(x, coldplace))","notlivein(taigavole, coldplace)","[vole[(taigavole)]  livein[(taigavole  northamerica)]
likeplayingwith[(cat  taigavole)]
livein[(taigavole  borealtaigazone)]
@every *x [([(livein[(?x  northamerica)]  livein[(?x  borealtaigazone)])]  livein[(?x  coldplace)])]]",~[livein[(taigavole  coldplace)]],"vole(taigavole) & livein(taigavole, northamerica)
likeplayingwith(cat, taigavole)
livein(taigavole, borealtaigazone)
all:x ((livein(x, northamerica) & livein(x, borealtaigazone)) :- livein(x, coldplace))","~livein(taigavole, coldplace)",+V2(+t2)++L2+L2+L2-((+L0++L0)-+L0),-+L2
35,"An Olympian is a person who trains for an Olympic sport and goes to the Olympics.
Carlos Reyes trains for an Olympic sport.
Carlos Reyes went to the Olympics.
Carlos Reyes is a welterweight.
Heavy weights are not welterweights.",Carlos Reyes won an Olympic medal.,U,"∀x ((DoesOlympicSport(x) ∧ GoesToOlympicGames(x)) → Olympian(x))
DoesOlympicSport(carlosReyes)
GoesToOlympicGames(carlosReyes)
WelterWeight(carlosReyes)
∀x (WelterWeight(x) → ¬ HeavyWeight(x))",WonOlympicMedal(carlosReyes),,,"forall x ((doesolympicsport(x) and goestoolympicgames(x)) implies olympian(x))
doesolympicsport(carlosreyes)
goestoolympicgames(carlosreyes)
welterweight(carlosreyes)
forall x (welterweight(x) implies not  heavyweight(x))",wonolympicmedal(carlosreyes),"forall ((doesolympicsport(x) , goestoolympicgames(x)) -: olympian(x))
doesolympicsport(carlosreyes)
goestoolympicgames(carlosreyes)
welterweight(carlosreyes)
forall (welterweight(x) -: not heavyweight(x))",wonolympicmedal(carlosreyes),"[@every *x [([(doesolympicsport[(?x)]  goestoolympicgames[(?x)])]  olympian[(?x)])]
doesolympicsport[(carlosreyes)]
goestoolympicgames[(carlosreyes)]
welterweight[(carlosreyes)]
@every *x [(welterweight[(?x)]  ~ heavyweight[(?x)])]]",[wonolympicmedal[(carlosreyes)]],"all:x ((doesolympicsport(x) & goestoolympicgames(x)) :- olympian(x))
doesolympicsport(carlosreyes)
goestoolympicgames(carlosreyes)
welterweight(carlosreyes)
all:x (welterweight(x) :- ~ heavyweight(x))",wonolympicmedal(carlosreyes),-((+D0++G0)-+O0)+D2(+c2)+G2(+c2)+W2(+c2)-(+W0--+H0),+W2(+c2)
96,"Diamond Mine is a professional wrestling stable formed in WWE.
Roderick Strong leads Diamond Mine.
Diamond Mine includes the Creed Brothers and Ivy Nile.
Imperium has a feud with Diamond Mine.",Roderick Strong leads the Creed Brothers.,U,"ProfessionalWrestlingStable(diamondMine) ∧ In(diamondMine, wWE)
Leads(roderickStrong, diamondMine)
Includes(diamondMine, creedBrothers) ∧ Includes(diamondMine, ivyNile)
Feuds(imperium, diamondMine)","Leads(roderickstrong, creedbrothers)",,,"professionalwrestlingstable(diamondmine) and in(diamondmine, wwe)
leads(roderickstrong, diamondmine)
includes(diamondmine, creedbrothers) and includes(diamondmine, ivynile)
feuds(imperium, diamondmine)","leads(roderickstrong, creedbrothers)","professionalwrestlingstable(diamondmine) , in(diamondmine, wwe)
leads(roderickstrong, diamondmine)
includes(diamondmine, creedbrothers) , includes(diamondmine, ivynile)
feuds(imperium, diamondmine)","leads(roderickstrong, creedbrothers)","[professionalwrestlingstable[(diamondmine)]  in[(diamondmine  wwe)]
leads[(roderickstrong  diamondmine)]
includes[(diamondmine  creedbrothers)]  includes[(diamondmine  ivynile)]
feuds[(imperium  diamondmine)]]",[leads[(roderickstrong  creedbrothers)]],"professionalwrestlingstable(diamondmine) & in(diamondmine, wwe)
leads(roderickstrong, diamondmine)
includes(diamondmine, creedbrothers) & includes(diamondmine, ivynile)
feuds(imperium, diamondmine)","leads(roderickstrong, creedbrothers)",+P2(+d2)++I2+L2+I2++I2+F2,+L2
45,"SR 287 is in Alabama.
Alabama is in the United States.
US 31 intersects with SR 287.
CR 47 intersects with SR 287.
If place A is located in place B and place B is located in place C, then place A is located in place C.",US 31 is in Alabama.,U,"In(sR287, alabama)
In(alabama, unitedStates)
Intersect(uS31, sR287)
Intersect(cR47, sR287)
∀x ∀y ∀z ((In(x, y) ∧ In(y, z)) → In(x, z))","In(uS31, alabama)",,,"in(sr287, alabama)
in(alabama, unitedstates)
intersect(us31, sr287)
intersect(cr47, sr287)
forall x forall y forall z ((in(x, y) and in(y, z)) implies in(x, z))","in(us31, alabama)","in(sr287, alabama)
in(alabama, unitedstates)
intersect(us31, sr287)
intersect(cr47, sr287)
forall forall forall ((in(x, y) , in(y, z)) -: in(x, z))","in(us31, alabama)","[in[(sr287  alabama)]
in[(alabama  unitedstates)]
intersect[(us31  sr287)]
intersect[(cr47  sr287)]
@every *x @every *y @every *z [([(in[(?x  y)]  in[(?y  z)])]  in[(?x  z)])]]",[in[(us31  alabama)]],"in(sr287, alabama)
in(alabama, unitedstates)
intersect(us31, sr287)
intersect(cr47, sr287)
all:x all:y all:z ((in(x, y) & in(y, z)) :- in(x, z))","in(us31, alabama)",+I2+I2+I2+I2---((+I0++I0)-+I0),+I2
52,"The Lumina APV is produced by Chevrolet. 
The Astro is a van produced by Chevrolet. 
Vehicles produced by Chevrolet in this batch are either cars or vans.",The Astro is a van.,T,"ProducedBy(luminaAPV, chevrolet)
ProducedBy(astro, chevrolet) ∧ Van(astro)
∀x (Vehicle(x) ∧ ProducedBy(x, chevrolet) ∧ InThisBatch(x) → (Car(x) ⊕ Van(x)))",Van(astro),,,"producedby(luminaapv, chevrolet)
producedby(astro, chevrolet) and van(astro)
forall x (vehicle(x) and producedby(x, chevrolet) and inthisbatch(x) implies (car(x) xor van(x)))",van(astro),"producedby(luminaapv, chevrolet)
producedby(astro, chevrolet) , van(astro)
forall (vehicle(x) , producedby(x, chevrolet) , inthisbatch(x) -: (car(x) ^ van(x)))",van(astro),"[producedby[(luminaapv  chevrolet)]
producedby[(astro  chevrolet)]  van[(astro)]
@every *x [(vehicle[(?x)]  producedby[(?x  chevrolet)]  inthisbatch[(?x)]  [(car[(?x)]  van[(?x)])])]]",[van[(astro)]],"producedby(luminaapv, chevrolet)
producedby(astro, chevrolet) & van(astro)
all:x (vehicle(x) & producedby(x, chevrolet) & inthisbatch(x) :- (car(x) ^ van(x)))",van(astro),+P2+P2++V2(+a2)-(+V0++P0++I0-(+C0-+V0)),+V2(+a2)
34,"Rafa Nadal was born in Mallorca.
Rafa Nadal is a professional tennis player.
Nadal's win ratio is high.
All players in the Big 3 are professionals who have a high win ratio.",Nadal was not born in Mallorca.,F,"BornIn(rafaNadal, mallorca)
ProfessionalTennisPlayer(rafaNadal)
HighWinRatio(rafaNadal)
∀x ((ProfessionalTennisPlayer(x) ∧ InBig3(x)) → HighWinRatio(x))","¬BornIn(rafaNadal, mallorca)",,,"bornin(rafanadal, mallorca)
professionaltennisplayer(rafanadal)
highwinratio(rafanadal)
forall x ((professionaltennisplayer(x) and inbig3(x)) implies highwinratio(x))","not bornin(rafanadal, mallorca)","bornin(rafanadal, mallorca)
professionaltennisplayer(rafanadal)
highwinratio(rafanadal)
forall ((professionaltennisplayer(x) , inbig3(x)) -: highwinratio(x))","notbornin(rafanadal, mallorca)","[bornin[(rafanadal  mallorca)]
professionaltennisplayer[(rafanadal)]
highwinratio[(rafanadal)]
@every *x [([(professionaltennisplayer[(?x)]  inbig3[(?x)])]  highwinratio[(?x)])]]",~[bornin[(rafanadal  mallorca)]],"bornin(rafanadal, mallorca)
professionaltennisplayer(rafanadal)
highwinratio(rafanadal)
all:x ((professionaltennisplayer(x) & inbig3(x)) :- highwinratio(x))","~bornin(rafanadal, mallorca)",+B2+P2(+r2)+H2(+r2)-((+P0++I0)-+H0),-+B2
61,"No coffee sold in Walmart is from France. 
All coffee favored by local residents is from Columbia. 
All coffee with high prices is favored by Jack. 
Civet Coffee is coffee that's not from Columbia.
Jamaica Blue is expensive coffee.
Expensive coffee has a high price.",Jamaica Blue is from Columbia.,T,"∀x ((Coffee(x) ∧ SoldIn(x, walmart)) → ¬From(x, france))
∀x ((Coffee(x) ∧ FavoredBy(x, localResidents)) → From(x, colombia))
∀x ((Coffee(x) ∧ HighPrice(x)) → FavoredByLocalResidents(x))
Coffee(civetCoffee) ∧ ¬From(colombia)
Expensive(jamaicaBlue) ∧ Coffee(jamaicaBlue)
∀x ((Expensive(x) ∧ Coffee(x)) → HighPrice(x))","From(jamaicaBlue, colombia)",,,"forall x ((coffee(x) and soldin(x, walmart)) implies not from(x, france))
forall x ((coffee(x) and favoredby(x, localresidents)) implies from(x, colombia))
forall x ((coffee(x) and highprice(x)) implies favoredbylocalresidents(x))
coffee(civetcoffee) and not from(colombia)
expensive(jamaicablue) and coffee(jamaicablue)
forall x ((expensive(x) and coffee(x)) implies highprice(x))","from(jamaicablue, colombia)","forall ((coffee(x) , soldin(x, walmart)) -: notfrom(x, france))
forall ((coffee(x) , favoredby(x, localresidents)) -: from(x, colombia))
forall ((coffee(x) , highprice(x)) -: favoredbylocalresidents(x))
coffee(civetcoffee) , notfrom(colombia)
expensive(jamaicablue) , coffee(jamaicablue)
forall ((expensive(x) , coffee(x)) -: highprice(x))","from(jamaicablue, colombia)","[@every *x [([(coffee[(?x)]  soldin[(?x  walmart)])]  ~from[(?x  france)])]
@every *x [([(coffee[(?x)]  favoredby[(?x  localresidents)])]  from[(?x  colombia)])]
@every *x [([(coffee[(?x)]  highprice[(?x)])]  favoredbylocalresidents[(?x)])]
coffee[(civetcoffee)]  ~from[(colombia)]
expensive[(jamaicablue)]  coffee[(jamaicablue)]
@every *x [([(expensive[(?x)]  coffee[(?x)])]  highprice[(?x)])]]",[from[(jamaicablue  colombia)]],"all:x ((coffee(x) & soldin(x, walmart)) :- ~from(x, france))
all:x ((coffee(x) & favoredby(x, localresidents)) :- from(x, colombia))
all:x ((coffee(x) & highprice(x)) :- favoredbylocalresidents(x))
coffee(civetcoffee) & ~from(colombia)
expensive(jamaicablue) & coffee(jamaicablue)
all:x ((expensive(x) & coffee(x)) :- highprice(x))","from(jamaicablue, colombia)",-((+C0++S0)--+F0)-((+C0++F0)-+F0)-((+C0++H0)-+F0)+C2(+c2)+-+F2(+c2)+E2(+j2)++C2(+j2)-((+E0++C0)-+H0),+F2
42,"James Cocks was a British lawyer.
James Cocks was a Whig politician who sat in the House of Commons.
A British is a European.
Any lawyer is familiar with laws.
Some Whigs speak French.",James Cocks speaks French.,U,"British(james) ∧ Lawyer(james)
Whig(james) ∧ Politician(james) ∧ SatInHouseOfCommons(james)
∀x (British(x) → European(x))
∀x (Lawyer(x) → FamiliarWithLaws(x))
∃x ∃y (Whig(x) ∧ SpeakFrench(x)) ∧ (¬(x=y)) ∧ (Whig(y) ∧ SpeakFrench(y))",SpeakFrench(james),,,"british(james) and lawyer(james)
whig(james) and politician(james) and satinhouseofcommons(james)
forall x (british(x) implies european(x))
forall x (lawyer(x) implies familiarwithlaws(x))
exists x exists y (whig(x) and speakfrench(x)) and (not (x=y)) and (whig(y) and speakfrench(y))",speakfrench(james),"british(james) , lawyer(james)
whig(james) , politician(james) , satinhouseofcommons(james)
forall (british(x) -: european(x))
forall (lawyer(x) -: familiarwithlaws(x))
  (whig(x) , speakfrench(x)) , (not(x=y)) , (whig(y) , speakfrench(y))",speakfrench(james),"[british[(james)]  lawyer[(james)]
whig[(james)]  politician[(james)]  satinhouseofcommons[(james)]
@every *x [(british[(?x)]  european[(?x)])]
@every *x [(lawyer[(?x)]  familiarwithlaws[(?x)])]
*x *y [(whig[(?x)]  speakfrench[(?x)])]  [(~[(?x=y)])]  [(whig[(?y)]  speakfrench[(?y)])]]",[speakfrench[(james)]],"british(james) & lawyer(james)
whig(james) & politician(james) & satinhouseofcommons(james)
all:x (british(x) :- european(x))
all:x (lawyer(x) :- familiarwithlaws(x))
x y (whig(x) & speakfrench(x)) & (~(x=y)) & (whig(y) & speakfrench(y))",speakfrench(james),+B2(+j2)++L2(+j2)+W2(+j2)++P2(+j2)++S2(+j2)-(+B0-+E0)-(+L0-+F0)++(+W1++S1)+(-(+x1))+(+W1++S1),+S2(+j2)
74,"Camp Davern is a traditional summer camp for boys and girls.
Camp Davern was established in the year 1946.
Camp Davern was operated by the YMCA until the year 2015.
Camp Davern is an old summer camp.",Camp Davern was established in 1989.,U,"TraditionalSummerCamp(campDavern) ∧ ForBoysAndGirls(campDavern)
EstablishedIn(campDavern, year1946)
OperatedUntil(yMCA, campDavern, year2015)
Old(campDavern)","EstablishedIn(campdavern, year1989)",,,"traditionalsummercamp(campdavern) and forboysandgirls(campdavern)
establishedin(campdavern, year1946)
operateduntil(ymca, campdavern, year2015)
old(campdavern)","establishedin(campdavern, year1989)","traditionalsummercamp(campdavern) , forboysandgirls(campdavern)
establishedin(campdavern, year1946)
operateduntil(ymca, campdavern, year2015)
old(campdavern)","establishedin(campdavern, year1989)","[traditionalsummercamp[(campdavern)]  forboysandgirls[(campdavern)]
establishedin[(campdavern  year1946)]
operateduntil[(ymca  campdavern  year2015)]
old[(campdavern)]]",[establishedin[(campdavern  year1989)]],"traditionalsummercamp(campdavern) & forboysandgirls(campdavern)
establishedin(campdavern, year1946)
operateduntil(ymca, campdavern, year2015)
old(campdavern)","establishedin(campdavern, year1989)",+T2(+c2)++F2(+c2)+E2+O2+O2(+c2),+E2
21,"The Golden State Warriors are a team from San Francisco.
The Golden State Warriors won the NBA finals.
All teams attending the NBA finals have won many games.
Boston Celtics are a team that lost the NBA finals.
If a team wins the NBA finals, then they will have more income.
If a team wins or loses at the NBA finals, then they are attending the finals.",The Golden State Warriors will have more income from gate receipts.,T,"Team(goldenStateWarriors) ∧ From(goldenStateWarriors, sanFrancisco)
Won(goldenStateWarriors, nbaFinals)
∀x ((Team(x) ∧ Attending(x, nbaFinals)) → WonManyGames(x))
Team(bostonCeltics) ∧ Lost(bostonCeltics, nbaFinals)
∀x ((Team(x) ∧ Won(x, nbaFinals)) → MoreIncome(x))
∀x ((Won(x, nbaFinals) ∨ Lost(x, nbaFinals)) → Attending(x, nbaFinals))",MoreIncome(goldenStateWarriors),,,"team(goldenstatewarriors) and from(goldenstatewarriors, sanfrancisco)
won(goldenstatewarriors, nbafinals)
forall x ((team(x) and attending(x, nbafinals)) implies wonmanygames(x))
team(bostonceltics) and lost(bostonceltics, nbafinals)
forall x ((team(x) and won(x, nbafinals)) implies moreincome(x))
forall x ((won(x, nbafinals) or lost(x, nbafinals)) implies attending(x, nbafinals))",moreincome(goldenstatewarriors),"team(goldenstatewarriors) , from(goldenstatewarriors, sanfrancisco)
won(goldenstatewarriors, nbafinals)
forall ((team(x) , attending(x, nbafinals)) -: wonmanygames(x))
team(bostonceltics) , lost(bostonceltics, nbafinals)
forall ((team(x) , won(x, nbafinals)) -: moreincome(x))
forall ((won(x, nbafinals) | lost(x, nbafinals)) -: attending(x, nbafinals))",moreincome(goldenstatewarriors),"[team[(goldenstatewarriors)]  from[(goldenstatewarriors  sanfrancisco)]
won[(goldenstatewarriors  nbafinals)]
@every *x [([(team[(?x)]  attending[(?x  nbafinals)])]  wonmanygames[(?x)])]
team[(bostonceltics)]  lost[(bostonceltics  nbafinals)]
@every *x [([(team[(?x)]  won[(?x  nbafinals)])]  moreincome[(?x)])]
@every *x [([(won[(?x  nbafinals)]  lost[(?x  nbafinals)])]  attending[(?x  nbafinals)])]]",[moreincome[(goldenstatewarriors)]],"team(goldenstatewarriors) & from(goldenstatewarriors, sanfrancisco)
won(goldenstatewarriors, nbafinals)
all:x ((team(x) & attending(x, nbafinals)) :- wonmanygames(x))
team(bostonceltics) & lost(bostonceltics, nbafinals)
all:x ((team(x) & won(x, nbafinals)) :- moreincome(x))
all:x ((won(x, nbafinals) | lost(x, nbafinals)) :- attending(x, nbafinals))",moreincome(goldenstatewarriors),+T2(+g2)++F2+W2-((+T0++A0)-+W0)+T2(+b2)++L2-((+T0++W0)-+M0)-((+W0-+L0)-+A0),+M2(+g2)
75,"Robert Zimmer was a philosopher born in Germany.
Robert Zimmer is an essayist.
Robert Zimmer was born in 1953.
Every essayist is a writer.",Robert Zimmer is German.,U,"BornIn(robertZimmer, germany) ∧ Philosopher(robertZimmer)
Essayist(robertZimmer)
BornIn(robertZimmer, yr1953)
∀x (Essayist(x) → Writer(x))","BornIn(robertZimmer, germany)",,,"bornin(robertzimmer, germany) and philosopher(robertzimmer)
essayist(robertzimmer)
bornin(robertzimmer, yr1953)
forall x (essayist(x) implies writer(x))","bornin(robertzimmer, germany)","bornin(robertzimmer, germany) , philosopher(robertzimmer)
essayist(robertzimmer)
bornin(robertzimmer, yr1953)
forall (essayist(x) -: writer(x))","bornin(robertzimmer, germany)","[bornin[(robertzimmer  germany)]  philosopher[(robertzimmer)]
essayist[(robertzimmer)]
bornin[(robertzimmer  yr1953)]
@every *x [(essayist[(?x)]  writer[(?x)])]]",[bornin[(robertzimmer  germany)]],"bornin(robertzimmer, germany) & philosopher(robertzimmer)
essayist(robertzimmer)
bornin(robertzimmer, yr1953)
all:x (essayist(x) :- writer(x))","bornin(robertzimmer, germany)",+B2++P2(+r2)+E2(+r2)+B2-(+E0-+W0),+B2
22,"If a customer subscribes to AMC A-List, then he/she can watch 3 movies every week without any additional fees. 
Some customers go to cinemas every week. 
Customers who prefer TV series will not watch TV series in cinemas.
James watches TV series in cinemas. 
James subscribes to AMC A-List.
Peter prefers TV series.",James goes to cinemas every week.,U,"∀x (SubscribedTo(x, aMCAList) → EligibleForThreeFreeMovies(x))
∃x (CinemaEveryWeek(x))
∀x (Prefer(x, tVSeries) → ¬WatchTVIn(x, cinemas))
WatchTVIn(james, cinemas)
SubscribedTo(james, aMCAList)
Prefer(peter, tVSeries)",CinemaEveryWeek(james),,,"forall x (subscribedto(x, amcalist) implies eligibleforthreefreemovies(x))
exists x (cinemaeveryweek(x))
forall x (prefer(x, tvseries) implies not watchtvin(x, cinemas))
watchtvin(james, cinemas)
subscribedto(james, amcalist)
prefer(peter, tvseries)",cinemaeveryweek(james),"forall (subscribedto(x, amcalist) -: eligibleforthreefreemovies(x))
 (cinemaeveryweek(x))
forall (prefer(x, tvseries) -: notwatchtvin(x, cinemas))
watchtvin(james, cinemas)
subscribedto(james, amcalist)
prefer(peter, tvseries)",cinemaeveryweek(james),"[@every *x [(subscribedto[(?x  amcalist)]  eligibleforthreefreemovies[(?x)])]
*x [(cinemaeveryweek[(?x)])]
@every *x [(prefer[(?x  tvseries)]  ~watchtvin[(?x  cinemas)])]
watchtvin[(james  cinemas)]
subscribedto[(james  amcalist)]
prefer[(peter  tvseries)]]",[cinemaeveryweek[(james)]],"all:x (subscribedto(x, amcalist) :- eligibleforthreefreemovies(x))
x (cinemaeveryweek(x))
all:x (prefer(x, tvseries) :- ~watchtvin(x, cinemas))
watchtvin(james, cinemas)
subscribedto(james, amcalist)
prefer(peter, tvseries)",cinemaeveryweek(james),-(+S0-+E0)+(+C1)-(+P0--+W0)+W2+S2+P2,+C2(+j2)
95,"DI Ray is a police procedural television series.
DI Ray was created and written by Maya Sondhi.
DI Ray was produced by Jed Mercurio.
Maya Sondhi and Jed Mercurio are both British.",Some Brit produced a television series.,T,"TelevisionSeries(dIRay) ∧ PoliceProcedural(dIRay)
Creates(maya, dIRay) ∧ Writes(maya, dIRay)
Produces(jed, dIRay)
British(maya) ∧ British(jed)","∃x ∃y(British(x) ∧ TelevisionSeries(y) ∧ Produces(x, y))",,,"televisionseries(diray) and policeprocedural(diray)
creates(maya, diray) and writes(maya, diray)
produces(jed, diray)
british(maya) and british(jed)","exists x exists y(british(x) and televisionseries(y) and produces(x, y))","televisionseries(diray) , policeprocedural(diray)
creates(maya, diray) , writes(maya, diray)
produces(jed, diray)
british(maya) , british(jed)"," (british(x) , televisionseries(y) , produces(x, y))","[televisionseries[(diray)]  policeprocedural[(diray)]
creates[(maya  diray)]  writes[(maya  diray)]
produces[(jed  diray)]
british[(maya)]  british[(jed)]]",[*x *y[(british[(?x)]  televisionseries[(?y)]  produces[(?x  y)])]],"televisionseries(diray) & policeprocedural(diray)
creates(maya, diray) & writes(maya, diray)
produces(jed, diray)
british(maya) & british(jed)","x y(british(x) & televisionseries(y) & produces(x, y))",+T2(+d2)++P2(+d2)+C2++W2+P2+B2(+m2)++B2(+j2),++(+B1++T1++P1)
55,"A businessperson is someone who has ownership over part of a company. 
People who own a company make money from it. 
A businessperson can be either a businessman or a businesswoman. 
Many businesspersons are extroverted.
Businesspersons can handle money well.
Bob is a businessman who has ownership over Microsoft.",Bob is extroverted.,U,"∀x (BusinessPerson(x) → ∃y(Company(y) ∧ Ownership(x, y)))
∀x ∀y (Ownership(x, y) → MakeMoney(x, y))
∀x (BusinessPerson(x) → (BusinessMan(x) ⊕ BusinessWoman(x)))
∃x (BusinessPerson(x) ∧ Extrovert(x))
∀x (BusinessPerson(x) → HandleMoney(x))
BusinessPerson(bob) ∧ Ownership(bob, microsoft)",Extrovert(bob),,,"forall x (businessperson(x) implies exists y(company(y) and ownership(x, y)))
forall x forall y (ownership(x, y) implies makemoney(x, y))
forall x (businessperson(x) implies (businessman(x) xor businesswoman(x)))
exists x (businessperson(x) and extrovert(x))
forall x (businessperson(x) implies handlemoney(x))
businessperson(bob) and ownership(bob, microsoft)",extrovert(bob),"forall (businessperson(x) -: (company(y) , ownership(x, y)))
forall forall (ownership(x, y) -: makemoney(x, y))
forall (businessperson(x) -: (businessman(x) ^ businesswoman(x)))
 (businessperson(x) , extrovert(x))
forall (businessperson(x) -: handlemoney(x))
businessperson(bob) , ownership(bob, microsoft)",extrovert(bob),"[@every *x [(businessperson[(?x)]  *y[(company[(?y)]  ownership[(?x  y)])])]
@every *x @every *y [(ownership[(?x  y)]  makemoney[(?x  y)])]
@every *x [(businessperson[(?x)]  [(businessman[(?x)]  businesswoman[(?x)])])]
*x [(businessperson[(?x)]  extrovert[(?x)])]
@every *x [(businessperson[(?x)]  handlemoney[(?x)])]
businessperson[(bob)]  ownership[(bob  microsoft)]]",[extrovert[(bob)]],"all:x (businessperson(x) :- y(company(y) & ownership(x, y)))
all:x all:y (ownership(x, y) :- makemoney(x, y))
all:x (businessperson(x) :- (businessman(x) ^ businesswoman(x)))
x (businessperson(x) & extrovert(x))
all:x (businessperson(x) :- handlemoney(x))
businessperson(bob) & ownership(bob, microsoft)",extrovert(bob),-(+B0-+(+C1++O1))--(+O0-+M0)-(+B0-(+B0-+B0))+(+B1++E1)-(+B0-+H0)+B2(+b2)++O2,+E2(+b2)
86,"If a legislator is found guilty of stealing government funds, they will be suspended from office.
Tiffany T. Alston was a legislator in Maryland's House of Delegates from 2011 to 2013.
Tiffany T. Alston was found guilty of stealing government funds in 2012.",Tiffany T. Alston went to prison for stealing government funds.,U,"∀x ((Legislator(x) ∧ StealsFunds(x)) → Suspended(x))
Legislator(tiffanyTAlston)
StealsFunds(tiffanyTAlston) ∧ StealsFundsInYr(tiffanyTAlston, yr2012)",Prison(tiffanyTAlston),,,"forall x ((legislator(x) and stealsfunds(x)) implies suspended(x))
legislator(tiffanytalston)
stealsfunds(tiffanytalston) and stealsfundsinyr(tiffanytalston, yr2012)",prison(tiffanytalston),"forall ((legislator(x) , stealsfunds(x)) -: suspended(x))
legislator(tiffanytalston)
stealsfunds(tiffanytalston) , stealsfundsinyr(tiffanytalston, yr2012)",prison(tiffanytalston),"[@every *x [([(legislator[(?x)]  stealsfunds[(?x)])]  suspended[(?x)])]
legislator[(tiffanytalston)]
stealsfunds[(tiffanytalston)]  stealsfundsinyr[(tiffanytalston  yr2012)]]",[prison[(tiffanytalston)]],"all:x ((legislator(x) & stealsfunds(x)) :- suspended(x))
legislator(tiffanytalston)
stealsfunds(tiffanytalston) & stealsfundsinyr(tiffanytalston, yr2012)",prison(tiffanytalston),-((+L0++S0)-+S0)+L2(+t2)+S2(+t2)++S2,+P2(+t2)
97,"Deborah Wallace is a Scottish-born actress, playwright, and producer.
Psyche is a play based on the life of James Miranda Barry.
Homesick, Psyche and The Void are plays by Deborah Wallace.
Deborah Wallace co-produced Gasland.",Gasland was coproduced by the same person Homesick was from.,T,"BornIn(deborahWallace, scotland) ∧ Actress(deborahWallace) ∧ Playwright(deborahWallace) ∧ Producer(deborahWallace)
Play(psyche) ∧ BasedOn(psyche, lifeOfJamesMirandaBarry)
Play(homesick) ∧ WrittenBy(homesick, deborahWallace) ∧ Play(psyche) ∧ WrittenBy(psyche, deborahWallace) ∧ Play(theVoid) ∧ WrittenBy(theVoid, deborahWallace)
CoProduce(deborahWallace, gasland)","∃x (CoProduces(x, gasland) ∧ WrittenBy(homesick, x))",,,"bornin(deborahwallace, scotland) and actress(deborahwallace) and playwright(deborahwallace) and producer(deborahwallace)
play(psyche) and basedon(psyche, lifeofjamesmirandabarry)
play(homesick) and writtenby(homesick, deborahwallace) and play(psyche) and writtenby(psyche, deborahwallace) and play(thevoid) and writtenby(thevoid, deborahwallace)
coproduce(deborahwallace, gasland)","exists x (coproduces(x, gasland) and writtenby(homesick, x))","bornin(deborahwallace, scotland) , actress(deborahwallace) , playwright(deborahwallace) , producer(deborahwallace)
play(psyche) , basedon(psyche, lifeofjamesmirandabarry)
play(homesick) , writtenby(homesick, deborahwallace) , play(psyche) , writtenby(psyche, deborahwallace) , play(thevoid) , writtenby(thevoid, deborahwallace)
coproduce(deborahwallace, gasland)"," (coproduces(x, gasland) , writtenby(homesick, x))","[bornin[(deborahwallace  scotland)]  actress[(deborahwallace)]  playwright[(deborahwallace)]  producer[(deborahwallace)]
play[(psyche)]  basedon[(psyche  lifeofjamesmirandabarry)]
play[(homesick)]  writtenby[(homesick  deborahwallace)]  play[(psyche)]  writtenby[(psyche  deborahwallace)]  play[(thevoid)]  writtenby[(thevoid  deborahwallace)]
coproduce[(deborahwallace  gasland)]]",[*x [(coproduces[(?x  gasland)]  writtenby[(homesick  x)])]],"bornin(deborahwallace, scotland) & actress(deborahwallace) & playwright(deborahwallace) & producer(deborahwallace)
play(psyche) & basedon(psyche, lifeofjamesmirandabarry)
play(homesick) & writtenby(homesick, deborahwallace) & play(psyche) & writtenby(psyche, deborahwallace) & play(thevoid) & writtenby(thevoid, deborahwallace)
coproduce(deborahwallace, gasland)","x (coproduces(x, gasland) & writtenby(homesick, x))",+B2++A2(+d2)++P2(+d2)++P2(+d2)+P2(+p2)++B2+P2(+h2)++W2++P2(+p2)++W2++P2(+t2)++W2+C2,+(+C1++W1)
53,"Pasifika New Zealanders are a pan-ethnic group of New Zealanders. 
Asian New Zealanders are a pan-ethnic group of New Zealanders. 
Pasifika New Zealanders are not Asian New Zealanders.
Pasifika New Zealanders speak Samoan. 
Joe is a Pasifika New Zealander. 
Amy speaks Samoan. ",Amy is an Pasifika New Zealander.,U,"∀x (PasifikaNewZealanders(x) → NewZealanders(x)) ∧ ∃y∃z (PasifikaNewZealanders(y) ∧ PasifikaNewZealanders(z) ∧ DifferentEthnicGroups(y,z))
∀x (AsianNewZealanders(x) → NewZealanders(x)) ∧ ∃y∃z (AsianNewZealanders(y) ∧ AsianNewZealanders(z) ∧ DifferentEthnicGroups(y,z))
∀x (PasifikaNewZealanders(x) → ¬AsianNewZealanders(x))
∀x (PasifikaNewZealanders(x) → SpeakSamoan(x))
PasifikaNewZealanders(joe)
SpeakSamoan(amy)",PasifikaNewZealanders(amy),,,"forall x (pasifikanewzealanders(x) implies newzealanders(x)) and exists yexists z (pasifikanewzealanders(y) and pasifikanewzealanders(z) and differentethnicgroups(y,z))
forall x (asiannewzealanders(x) implies newzealanders(x)) and exists yexists z (asiannewzealanders(y) and asiannewzealanders(z) and differentethnicgroups(y,z))
forall x (pasifikanewzealanders(x) implies not asiannewzealanders(x))
forall x (pasifikanewzealanders(x) implies speaksamoan(x))
pasifikanewzealanders(joe)
speaksamoan(amy)",pasifikanewzealanders(amy),"forall (pasifikanewzealanders(x) -: newzealanders(x)) ,  (pasifikanewzealanders(y) , pasifikanewzealanders(z) , differentethnicgroups(y,))
forall (asiannewzealanders(x) -: newzealanders(x)) ,  (asiannewzealanders(y) , asiannewzealanders(z) , differentethnicgroups(y,))
forall (pasifikanewzealanders(x) -: notasiannewzealanders(x))
forall (pasifikanewzealanders(x) -: speaksamoan(x))
pasifikanewzealanders(joe)
speaksamoan(amy)",pasifikanewzealanders(amy),"[@every *x [(pasifikanewzealanders[(?x)]  newzealanders[(?x)])]  *y*z [(pasifikanewzealanders[(?y)]  pasifikanewzealanders[(?z)]  differentethnicgroups[(?y ?z)])]
@every *x [(asiannewzealanders[(?x)]  newzealanders[(?x)])]  *y*z [(asiannewzealanders[(?y)]  asiannewzealanders[(?z)]  differentethnicgroups[(?y ?z)])]
@every *x [(pasifikanewzealanders[(?x)]  ~asiannewzealanders[(?x)])]
@every *x [(pasifikanewzealanders[(?x)]  speaksamoan[(?x)])]
pasifikanewzealanders[(joe)]
speaksamoan[(amy)]]",[pasifikanewzealanders[(amy)]],"all:x (pasifikanewzealanders(x) :- newzealanders(x)) & yz (pasifikanewzealanders(y) & pasifikanewzealanders(z) & differentethnicgroups(y,z))
all:x (asiannewzealanders(x) :- newzealanders(x)) & yz (asiannewzealanders(y) & asiannewzealanders(z) & differentethnicgroups(y,z))
all:x (pasifikanewzealanders(x) :- ~asiannewzealanders(x))
all:x (pasifikanewzealanders(x) :- speaksamoan(x))
pasifikanewzealanders(joe)
speaksamoan(amy)",pasifikanewzealanders(amy),-(+P0-+N0)+++(+P1++P1++D1)-(+A0-+N0)+++(+A1++A1++D1)-(+P0--+A0)-(+P0-+S0)+P2(+j2)+S2(+a2),+P2(+a2)
10,"Thick as Thieves is a young adult fantasy novel written by Megan Whalen Turner.
Thick as Thieves was published by Greenwillow Books.
If a book was published by a company, then the author of that book worked with the company that published the book.
The fictional Mede Empire is where Thick as Thieves is set.
The Mede Empire plots to swallow up some nearby countries.
Attolia and Sounis are countries near the Mede Empire.
Thick as Thieves was sold both as a hardcover and an e-book.",The Mede Empire plans to swallow up Attolia.,U,"YoungAdultFantasy(thickAsTheives) ∧ Novel(thickAsTheives) ∧ WrittenBy(thickAsTheives, meganWhalenTurner)
PublishedBy(thickAsTheives, greenWillowBooks)
∀x ∀y ∀z ((WrittenBy(x, y) ∧ PublishedBy(x, z)) → WorkedWith(y, z))
Fictional(medeEmpire) ∧ SetIn(thickAsTheives, medeEmpire)
∃x ∃y ((Country(x) ∧ Near(x, medeEmpire) ∧ PlotsToSwallowUp(medeEmpire, x)) ∧ (¬(x=y) ∧ Near(y, medeEmpire) ∧ PlotsToSwallowUp(medeEmpire, y)))
Country(attolia) ∧ Near(attolia, medeEmpire) ∧ Country(sounis) ∧ Near(sounis, medeEmpire)
SoldAs(thickAsTheives, hardCover) ∧ SoldAs(thickAsTheives, softCover)","PlotsToSwallowUp(medeEmpire, attolia)",,,"youngadultfantasy(thickastheives) and novel(thickastheives) and writtenby(thickastheives, meganwhalenturner)
publishedby(thickastheives, greenwillowbooks)
forall x forall y forall z ((writtenby(x, y) and publishedby(x, z)) implies workedwith(y, z))
fictional(medeempire) and setin(thickastheives, medeempire)
exists x exists y ((country(x) and near(x, medeempire) and plotstoswallowup(medeempire, x)) and (not (x=y) and near(y, medeempire) and plotstoswallowup(medeempire, y)))
country(attolia) and near(attolia, medeempire) and country(sounis) and near(sounis, medeempire)
soldas(thickastheives, hardcover) and soldas(thickastheives, softcover)","plotstoswallowup(medeempire, attolia)","youngadultfantasy(thickastheives) , novel(thickastheives) , writtenby(thickastheives, meganwhalenturner)
publishedby(thickastheives, greenwillowbooks)
forall forall forall ((writtenby(x, y) , publishedby(x, z)) -: workedwith(y, z))
fictional(medeempire) , setin(thickastheives, medeempire)
  ((country(x) , near(x, medeempire) , plotstoswallowup(medeempire, x)) , (not(x=y) , near(y, medeempire) , plotstoswallowup(medeempire, y)))
country(attolia) , near(attolia, medeempire) , country(sounis) , near(sounis, medeempire)
soldas(thickastheives, hardcover) , soldas(thickastheives, softcover)","plotstoswallowup(medeempire, attolia)","[youngadultfantasy[(thickastheives)]  novel[(thickastheives)]  writtenby[(thickastheives  meganwhalenturner)]
publishedby[(thickastheives  greenwillowbooks)]
@every *x @every *y @every *z [([(writtenby[(?x  y)]  publishedby[(?x  z)])]  workedwith[(?y  z)])]
fictional[(medeempire)]  setin[(thickastheives  medeempire)]
*x *y [([(country[(?x)]  near[(?x  medeempire)]  plotstoswallowup[(medeempire  x)])]  [(~[(?x=y)]  near[(?y  medeempire)]  plotstoswallowup[(medeempire  y)])])]
country[(attolia)]  near[(attolia  medeempire)]  country[(sounis)]  near[(sounis  medeempire)]
soldas[(thickastheives  hardcover)]  soldas[(thickastheives  softcover)]]",[plotstoswallowup[(medeempire  attolia)]],"youngadultfantasy(thickastheives) & novel(thickastheives) & writtenby(thickastheives, meganwhalenturner)
publishedby(thickastheives, greenwillowbooks)
all:x all:y all:z ((writtenby(x, y) & publishedby(x, z)) :- workedwith(y, z))
fictional(medeempire) & setin(thickastheives, medeempire)
x y ((country(x) & near(x, medeempire) & plotstoswallowup(medeempire, x)) & (~(x=y) & near(y, medeempire) & plotstoswallowup(medeempire, y)))
country(attolia) & near(attolia, medeempire) & country(sounis) & near(sounis, medeempire)
soldas(thickastheives, hardcover) & soldas(thickastheives, softcover)","plotstoswallowup(medeempire, attolia)",+Y2(+t2)++N2(+t2)++W2+P2---((+W0++P0)-+W0)+F2(+m2)++S2++((+C1++N1++P1)+(-(+x1)++N1++P1))+C2(+a2)++N2++C2(+s2)++N2+S2++S2,+P2
79,"Robert Lewandowski is a striker.
Strikers are soccer players.
Robert Lewandowski left Bayern Munchen.
If a player leaves a team they no longer play for that team.",Robert Lewandowski plays for Bayern Munchen.,F,"Striker(robertLewandowski)
∀x (Striker(x) → SoccerPlayer(x))
Left(robertLewandowski, bayernMunchen)
∀x ∀y (Left(x, y) → ¬PlaysFor(x, y))","PlaysFor(robertLewandowski, bayernMunchen)",,,"striker(robertlewandowski)
forall x (striker(x) implies soccerplayer(x))
left(robertlewandowski, bayernmunchen)
forall x forall y (left(x, y) implies not playsfor(x, y))","playsfor(robertlewandowski, bayernmunchen)","striker(robertlewandowski)
forall (striker(x) -: soccerplayer(x))
left(robertlewandowski, bayernmunchen)
forall forall (left(x, y) -: notplaysfor(x, y))","playsfor(robertlewandowski, bayernmunchen)","[striker[(robertlewandowski)]
@every *x [(striker[(?x)]  soccerplayer[(?x)])]
left[(robertlewandowski  bayernmunchen)]
@every *x @every *y [(left[(?x  y)]  ~playsfor[(?x  y)])]]",[playsfor[(robertlewandowski  bayernmunchen)]],"striker(robertlewandowski)
all:x (striker(x) :- soccerplayer(x))
left(robertlewandowski, bayernmunchen)
all:x all:y (left(x, y) :- ~playsfor(x, y))","playsfor(robertlewandowski, bayernmunchen)",+S2(+r2)-(+S0-+S0)+L2--(+L0--+P0),+P2
47,"A controlled substance is a drug.
There exist both harmful and beneficial controlled substances.
If a child is exposed to a controlled substance, they are in chemical endangerment.
Chemical Endangerment is harmful. 
The Controlled Substances Act was an act passed in 1971.
Some Acts prevent harmful things.",Some drugs are beneficial.,T,"∀x (ControlledSubstances(x) → Drugs(x))
∃x ∃y (ControlledSubstances(x) ∧ ControlledSubstances(y) ∧ (¬(x=y)) ∧ Beneficial(x) ∧ Harmful(y))
∀x ∀y ((Child(x) ∧ ControlledSubstances(y) ∧ ExposedTo(x, y)) → InChemicalEndangerment(x))
∀x (InChemicalEndangerment(x) → Harmful(x))
PassedIn(controlledSubstancesAct, yr1971) ∧ Act(controlledSubstancesAct)
∃x ∃y(Act(x) ∧ PreventsHarm(x) ∧ (¬(x=y)) ∧ Act(y) ∧ PreventsHarm(y))",∃x ∃y(Drugs(x) ∧ Beneficial(x) ∧ (¬(x=y)) ∧ Drugs(y) ∧ Beneficial(y)),,,"forall x (controlledsubstances(x) implies drugs(x))
exists x exists y (controlledsubstances(x) and controlledsubstances(y) and (not (x=y)) and beneficial(x) and harmful(y))
forall x forall y ((child(x) and controlledsubstances(y) and exposedto(x, y)) implies inchemicalendangerment(x))
forall x (inchemicalendangerment(x) implies harmful(x))
passedin(controlledsubstancesact, yr1971) and act(controlledsubstancesact)
exists x exists y(act(x) and preventsharm(x) and (not (x=y)) and act(y) and preventsharm(y))",exists x exists y(drugs(x) and beneficial(x) and (not (x=y)) and drugs(y) and beneficial(y)),"forall (controlledsubstances(x) -: drugs(x))
  (controlledsubstances(x) , controlledsubstances(y) , (not(x=y)) , beneficial(x) , harmful(y))
forall forall ((child(x) , controlledsubstances(y) , exposedto(x, y)) -: inchemicalendangerment(x))
forall (inchemicalendangerment(x) -: harmful(x))
passedin(controlledsubstancesact, yr1971) , act(controlledsubstancesact)
 (act(x) , preventsharm(x) , (not(x=y)) , act(y) , preventsharm(y))"," (drugs(x) , beneficial(x) , (not(x=y)) , drugs(y) , beneficial(y))","[@every *x [(controlledsubstances[(?x)]  drugs[(?x)])]
*x *y [(controlledsubstances[(?x)]  controlledsubstances[(?y)]  [(~[(?x=y)])]  beneficial[(?x)]  harmful[(?y)])]
@every *x @every *y [([(child[(?x)]  controlledsubstances[(?y)]  exposedto[(?x  y)])]  inchemicalendangerment[(?x)])]
@every *x [(inchemicalendangerment[(?x)]  harmful[(?x)])]
passedin[(controlledsubstancesact  yr1971)]  act[(controlledsubstancesact)]
*x *y[(act[(?x)]  preventsharm[(?x)]  [(~[(?x=y)])]  act[(?y)]  preventsharm[(?y)])]]",[*x *y[(drugs[(?x)]  beneficial[(?x)]  [(~[(?x=y)])]  drugs[(?y)]  beneficial[(?y)])]],"all:x (controlledsubstances(x) :- drugs(x))
x y (controlledsubstances(x) & controlledsubstances(y) & (~(x=y)) & beneficial(x) & harmful(y))
all:x all:y ((child(x) & controlledsubstances(y) & exposedto(x, y)) :- inchemicalendangerment(x))
all:x (inchemicalendangerment(x) :- harmful(x))
passedin(controlledsubstancesact, yr1971) & act(controlledsubstancesact)
x y(act(x) & preventsharm(x) & (~(x=y)) & act(y) & preventsharm(y))",x y(drugs(x) & beneficial(x) & (~(x=y)) & drugs(y) & beneficial(y)),-(+C0-+D0)++(+C1++C1+(-(+x1))++B1++H1)--((+C0++C0++E0)-+I0)-(+I0-+H0)+P2++A2(+c2)++(+A1++P1+(-(+x1))++A1++P1),++(+D1++B1+(-(+x1))++D1++B1)
54,"A roundel is a rounded artillery fortification.
A roundel is not higher than adjacent walls. 
Cannons can be deployed on artillery fortifications. 
Roundels are the oldest artillery fortifications.
Battery towers are artillery fortifications.",Battery towers are higher than adjacent walls.,U,"∀x (Roundel(x) → (Rounded(x) ∧ ArtilleryFortification(x)))
∀x ∀y ((Roundel(x) ∧ AdjacentWalls(x,y)) → ¬Higher(x, y))
∀x (ArtilleryFortification(x) → DeployCannons(x))
∀x ∀y ((Roundel(x) ∧ ArtilleryFortification(y)) → Older(x, y))
∀x (BatteryTower(x) → ArtilleryFortification(x))","∀x ∀y ((BatteryTower(x) ∧ AdjacentWall(x,y)) → Higher(x, y))",,,"forall x (roundel(x) implies (rounded(x) and artilleryfortification(x)))
forall x forall y ((roundel(x) and adjacentwalls(x,y)) implies not higher(x, y))
forall x (artilleryfortification(x) implies deploycannons(x))
forall x forall y ((roundel(x) and artilleryfortification(y)) implies older(x, y))
forall x (batterytower(x) implies artilleryfortification(x))","forall x forall y ((batterytower(x) and adjacentwall(x,y)) implies higher(x, y))","forall (roundel(x) -: (rounded(x) , artilleryfortification(x)))
forall forall ((roundel(x) , adjacentwalls(x,)) -: nothigher(x, y))
forall (artilleryfortification(x) -: deploycannons(x))
forall forall ((roundel(x) , artilleryfortification(y)) -: older(x, y))
forall (batterytower(x) -: artilleryfortification(x))","forall forall ((batterytower(x) , adjacentwall(x,)) -: higher(x, y))","[@every *x [(roundel[(?x)]  [(rounded[(?x)]  artilleryfortification[(?x)])])]
@every *x @every *y [([(roundel[(?x)]  adjacentwalls[(?x ?y)])]  ~higher[(?x  y)])]
@every *x [(artilleryfortification[(?x)]  deploycannons[(?x)])]
@every *x @every *y [([(roundel[(?x)]  artilleryfortification[(?y)])]  older[(?x  y)])]
@every *x [(batterytower[(?x)]  artilleryfortification[(?x)])]]",[@every *x @every *y [([(batterytower[(?x)]  adjacentwall[(?x ?y)])]  higher[(?x  y)])]],"all:x (roundel(x) :- (rounded(x) & artilleryfortification(x)))
all:x all:y ((roundel(x) & adjacentwalls(x,y)) :- ~higher(x, y))
all:x (artilleryfortification(x) :- deploycannons(x))
all:x all:y ((roundel(x) & artilleryfortification(y)) :- older(x, y))
all:x (batterytower(x) :- artilleryfortification(x))","all:x all:y ((batterytower(x) & adjacentwall(x,y)) :- higher(x, y))",-(+R0-(+R0++A0))--((+R0++A0)--+H0)-(+A0-+D0)--((+R0++A0)-+O0)-(+B0-+A0),--((+B0++A0)-+H0)
11,"Walter Folger Brown was an American politician and lawyer who served as the postmaster general.
Walter Folger Brown graduated from Harvard University with a Bachelor of Arts.
While they were both in Toledo, Walter Folger Brown's father practiced law with Walter Folger Brown.
Katherin Hafer married Walter Folger Brown.",Walter Folger Brown graduated with a Bachelor of Arts.,T,"AmericanPolitician(walterBrown) ∧ Lawyer(walterBrown) ∧ ServedAs(walterBrown, postMasterGeneral)
Graduated(walterBrown, harvard) ∧ GraduatedWith(walterBrown, bachelorsOfArt)
∃t(In(walterBrown, toledo, t) ∧ In(walterBrownFather, toledo, t) ∧ PracticedLawTogether(walterBrown, walterBrownFather, t))
Married(katherinHafer, walterBrown)","GraduatedWith(walterBrown, bachelorsOfArt)",,,"americanpolitician(walterbrown) and lawyer(walterbrown) and servedas(walterbrown, postmastergeneral)
graduated(walterbrown, harvard) and graduatedwith(walterbrown, bachelorsofart)
exists t(in(walterbrown, toledo, t) and in(walterbrownfather, toledo, t) and practicedlawtogether(walterbrown, walterbrownfather, t))
married(katherinhafer, walterbrown)","graduatedwith(walterbrown, bachelorsofart)","americanpolitician(walterbrown) , lawyer(walterbrown) , servedas(walterbrown, postmastergeneral)
graduated(walterbrown, harvard) , graduatedwith(walterbrown, bachelorsofart)
(in(walterbrown, toledo, t) , in(walterbrownfather, toledo, t) , practicedlawtogether(walterbrown, walterbrownfather, t))
married(katherinhafer, walterbrown)","graduatedwith(walterbrown, bachelorsofart)","[americanpolitician[(walterbrown)]  lawyer[(walterbrown)]  servedas[(walterbrown  postmastergeneral)]
graduated[(walterbrown  harvard)]  graduatedwith[(walterbrown  bachelorsofart)]
*t[(in[(walterbrown  toledo  t)]  in[(walterbrownfather  toledo  t)]  practicedlawtogether[(walterbrown  walterbrownfather  t)])]
married[(katherinhafer  walterbrown)]]",[graduatedwith[(walterbrown  bachelorsofart)]],"americanpolitician(walterbrown) & lawyer(walterbrown) & servedas(walterbrown, postmastergeneral)
graduated(walterbrown, harvard) & graduatedwith(walterbrown, bachelorsofart)
t(in(walterbrown, toledo, t) & in(walterbrownfather, toledo, t) & practicedlawtogether(walterbrown, walterbrownfather, t))
married(katherinhafer, walterbrown)","graduatedwith(walterbrown, bachelorsofart)",+A2(+w2)++L2(+w2)++S2+G2++G2+(+I1++I1++P1)+M2,+G2
58,"Books contain tons of knowledge.
When a person reads a book, that person gains knowledge. 
If a person gains knowledge, they become smarter.
Harry read the book “Walden” by Henry Thoreau.",Harry is smarter than before.,T,"∀x (Book(x) → Contains(x, knowledge))
∀x ∀y (ReadBook(x, y) → Gains(x, knowledge))
∀x (Gains(x, knowledge) → Smarter(x))
ReadBook(harry, walden) ∧ Book(walden)",Smarter(harry),,,"forall x (book(x) implies contains(x, knowledge))
forall x forall y (readbook(x, y) implies gains(x, knowledge))
forall x (gains(x, knowledge) implies smarter(x))
readbook(harry, walden) and book(walden)",smarter(harry),"forall (book(x) -: contains(x, knowledge))
forall forall (readbook(x, y) -: gains(x, knowledge))
forall (gains(x, knowledge) -: smarter(x))
readbook(harry, walden) , book(walden)",smarter(harry),"[@every *x [(book[(?x)]  contains[(?x  knowledge)])]
@every *x @every *y [(readbook[(?x  y)]  gains[(?x  knowledge)])]
@every *x [(gains[(?x  knowledge)]  smarter[(?x)])]
readbook[(harry  walden)]  book[(walden)]]",[smarter[(harry)]],"all:x (book(x) :- contains(x, knowledge))
all:x all:y (readbook(x, y) :- gains(x, knowledge))
all:x (gains(x, knowledge) :- smarter(x))
readbook(harry, walden) & book(walden)",smarter(harry),-(+B0-+C0)--(+R0-+G0)-(+G0-+S0)+R2++B2(+w2),+S2(+h2)
53,"Pasifika New Zealanders are a pan-ethnic group of New Zealanders. 
Asian New Zealanders are a pan-ethnic group of New Zealanders. 
Pasifika New Zealanders are not Asian New Zealanders.
Pasifika New Zealanders speak Samoan. 
Joe is a Pasifika New Zealander. 
Amy speaks Samoan. ",Joe speaks Samoan.,T,"∀x (PasifikaNewZealanders(x) → NewZealanders(x)) ∧ ∃y∃z (PasifikaNewZealanders(y) ∧ PasifikaNewZealanders(z) ∧ DifferentEthnicGroups(y,z))
∀x (AsianNewZealanders(x) → NewZealanders(x)) ∧ ∃y∃z (AsianNewZealanders(y) ∧ AsianNewZealanders(z) ∧ DifferentEthnicGroups(y,z))
∀x (PasifikaNewZealanders(x) → ¬AsianNewZealanders(x))
∀x (PasifikaNewZealanders(x) → SpeakSamoan(x))
PasifikaNewZealanders(joe)
SpeakSamoan(amy)",SpeakSamoan(joe),,,"forall x (pasifikanewzealanders(x) implies newzealanders(x)) and exists yexists z (pasifikanewzealanders(y) and pasifikanewzealanders(z) and differentethnicgroups(y,z))
forall x (asiannewzealanders(x) implies newzealanders(x)) and exists yexists z (asiannewzealanders(y) and asiannewzealanders(z) and differentethnicgroups(y,z))
forall x (pasifikanewzealanders(x) implies not asiannewzealanders(x))
forall x (pasifikanewzealanders(x) implies speaksamoan(x))
pasifikanewzealanders(joe)
speaksamoan(amy)",speaksamoan(joe),"forall (pasifikanewzealanders(x) -: newzealanders(x)) ,  (pasifikanewzealanders(y) , pasifikanewzealanders(z) , differentethnicgroups(y,))
forall (asiannewzealanders(x) -: newzealanders(x)) ,  (asiannewzealanders(y) , asiannewzealanders(z) , differentethnicgroups(y,))
forall (pasifikanewzealanders(x) -: notasiannewzealanders(x))
forall (pasifikanewzealanders(x) -: speaksamoan(x))
pasifikanewzealanders(joe)
speaksamoan(amy)",speaksamoan(joe),"[@every *x [(pasifikanewzealanders[(?x)]  newzealanders[(?x)])]  *y*z [(pasifikanewzealanders[(?y)]  pasifikanewzealanders[(?z)]  differentethnicgroups[(?y ?z)])]
@every *x [(asiannewzealanders[(?x)]  newzealanders[(?x)])]  *y*z [(asiannewzealanders[(?y)]  asiannewzealanders[(?z)]  differentethnicgroups[(?y ?z)])]
@every *x [(pasifikanewzealanders[(?x)]  ~asiannewzealanders[(?x)])]
@every *x [(pasifikanewzealanders[(?x)]  speaksamoan[(?x)])]
pasifikanewzealanders[(joe)]
speaksamoan[(amy)]]",[speaksamoan[(joe)]],"all:x (pasifikanewzealanders(x) :- newzealanders(x)) & yz (pasifikanewzealanders(y) & pasifikanewzealanders(z) & differentethnicgroups(y,z))
all:x (asiannewzealanders(x) :- newzealanders(x)) & yz (asiannewzealanders(y) & asiannewzealanders(z) & differentethnicgroups(y,z))
all:x (pasifikanewzealanders(x) :- ~asiannewzealanders(x))
all:x (pasifikanewzealanders(x) :- speaksamoan(x))
pasifikanewzealanders(joe)
speaksamoan(amy)",speaksamoan(joe),-(+P0-+N0)+++(+P1++P1++D1)-(+A0-+N0)+++(+A1++A1++D1)-(+P0--+A0)-(+P0-+S0)+P2(+j2)+S2(+a2),+S2(+j2)
73,"Ambiortus is a prehistoric bird genus.
Ambiortus Dementjevi is the only known species of Ambiortus.
Mongolia was where Ambiortus Dementjevi lived.
Yevgeny Kurochkin was the discoverer of Ambiortus.",All species of Ambiortus live in Mongolia.,T,"Prehistoric(ambiortus) ∧ BirdGenus(ambiortus)
∀x(KnownSpeciesOf(x, ambiortus) → IsSpecies(x, ambiortusDementjevi))
LiveIn(ambiortusDementjevi, mongolia)
Discover(yevgenykurochkin, ambiortus)","∀x (SpeciesOf(x, ambiortus) → LiveIn(x, mongolia))",,,"prehistoric(ambiortus) and birdgenus(ambiortus)
forall x(knownspeciesof(x, ambiortus) implies isspecies(x, ambiortusdementjevi))
livein(ambiortusdementjevi, mongolia)
discover(yevgenykurochkin, ambiortus)","forall x (speciesof(x, ambiortus) implies livein(x, mongolia))","prehistoric(ambiortus) , birdgenus(ambiortus)
forall(knownspeciesof(x, ambiortus) -: isspecies(x, ambiortusdementjevi))
livein(ambiortusdementjevi, mongolia)
discover(yevgenykurochkin, ambiortus)","forall (speciesof(x, ambiortus) -: livein(x, mongolia))","[prehistoric[(ambiortus)]  birdgenus[(ambiortus)]
@every *x[(knownspeciesof[(?x  ambiortus)]  isspecies[(?x  ambiortusdementjevi)])]
livein[(ambiortusdementjevi  mongolia)]
discover[(yevgenykurochkin  ambiortus)]]",[@every *x [(speciesof[(?x  ambiortus)]  livein[(?x  mongolia)])]],"prehistoric(ambiortus) & birdgenus(ambiortus)
all:x(knownspeciesof(x, ambiortus) :- isspecies(x, ambiortusdementjevi))
livein(ambiortusdementjevi, mongolia)
discover(yevgenykurochkin, ambiortus)","all:x (speciesof(x, ambiortus) :- livein(x, mongolia))",+P2(+a2)++B2(+a2)-(+K0-+I0)+L2+D2,-(+S0-+L0)
98,"Maggie Friedman is an American screenwriter and producer.
Maggie Friedman was the showrunner and executive producer of the lifetime television series Witches of East End.
Witches of East End is a fantasy-drama series.
Maggie Friedman produced and developed Eastwick.
Eastwick is a series by ABC.",Maggie Friedman developed Witches of East End.,U,"American(maggieFriedman) ∧ Screenwriter(maggieFriedman) ∧ Producer(maggieFriedman)
ShowRunnerOf(maggieFriedman, witchesOfEastEnd) ∧ ExecutiveProducerOf(maggieFriedman, witchesOfEastEnd) ∧ LifetimeTelevisionSeries(maggieFriedman)
FantasyDrama(witchesOfEastEnd) ∧ Series(witchesOfEastEnd)
Produces(maggieFriedman, eastwick) ∧ Develops(maggieFriedman, eastwick)
Series(eastwick) ∧ AiredOn(eastwick, aBC)","Develops(maggieFriedman, witchesOfEastEnd)",,,"american(maggiefriedman) and screenwriter(maggiefriedman) and producer(maggiefriedman)
showrunnerof(maggiefriedman, witchesofeastend) and executiveproducerof(maggiefriedman, witchesofeastend) and lifetimetelevisionseries(maggiefriedman)
fantasydrama(witchesofeastend) and series(witchesofeastend)
produces(maggiefriedman, eastwick) and develops(maggiefriedman, eastwick)
series(eastwick) and airedon(eastwick, abc)","develops(maggiefriedman, witchesofeastend)","american(maggiefriedman) , screenwriter(maggiefriedman) , producer(maggiefriedman)
showrunnerof(maggiefriedman, witchesofeastend) , executiveproducerof(maggiefriedman, witchesofeastend) , lifetimetelevisionseries(maggiefriedman)
fantasydrama(witchesofeastend) , series(witchesofeastend)
produces(maggiefriedman, eastwick) , develops(maggiefriedman, eastwick)
series(eastwick) , airedon(eastwick, abc)","develops(maggiefriedman, witchesofeastend)","[american[(maggiefriedman)]  screenwriter[(maggiefriedman)]  producer[(maggiefriedman)]
showrunnerof[(maggiefriedman  witchesofeastend)]  executiveproducerof[(maggiefriedman  witchesofeastend)]  lifetimetelevisionseries[(maggiefriedman)]
fantasydrama[(witchesofeastend)]  series[(witchesofeastend)]
produces[(maggiefriedman  eastwick)]  develops[(maggiefriedman  eastwick)]
series[(eastwick)]  airedon[(eastwick  abc)]]",[develops[(maggiefriedman  witchesofeastend)]],"american(maggiefriedman) & screenwriter(maggiefriedman) & producer(maggiefriedman)
showrunnerof(maggiefriedman, witchesofeastend) & executiveproducerof(maggiefriedman, witchesofeastend) & lifetimetelevisionseries(maggiefriedman)
fantasydrama(witchesofeastend) & series(witchesofeastend)
produces(maggiefriedman, eastwick) & develops(maggiefriedman, eastwick)
series(eastwick) & airedon(eastwick, abc)","develops(maggiefriedman, witchesofeastend)",+A2(+m2)++S2(+m2)++P2(+m2)+S2++E2++L2(+m2)+F2(+w2)++S2(+w2)+P2++D2+S2(+e2)++A2,+D2
