id,syllogism,validity,plausibility,fol,clif,cgif,clingo,tflplus,minifol2,sef
1230d4f7-42c5-4131-bbf3-5fe5387c93ea,"There are no tables that are chairs. All zebras are, without exception, chairs. It is therefore suggested that some zebras are tables.",False,False,"∃x (NoTableThat(x) ∧ Chair(x))
 ∀x (Zebra(x) → WithoutExceptionChair(x))
 ∀x (It(x) → Thing(x))
 ∀x (SuggestedThatSomeZebra(x) → Table(x))
","exists x (notablethat(x) and chair(x))
 forall x (zebra(x) implies withoutexceptionchair(x))
 forall x (it(x) implies thing(x))
 forall x (suggestedthatsomezebra(x) implies table(x))
","[*x [(notablethat[(?x)]  chair[(?x)])]
 @every *x [(zebra[(?x)]  withoutexceptionchair[(?x)])]
 @every *x [(it[(?x)]  thing[(?x)])]
 @every *x [(suggestedthatsomezebra[(?x)]  table[(?x)])]
]"," (notablethat(x) , chair(x))
 forall (zebra(x) -: withoutexceptionchair(x))
 forall (it(x) -: thing(x))
 forall (suggestedthatsomezebra(x) -: table(x))
",+(+N1++C1)-(+Z0-+W0)-(+I0-+T0)-(+S0-+T0),"x (notablethat(x) & chair(x))
 all:x (zebra(x) :- withoutexceptionchair(x))
 all:x (it(x) :- thing(x))
 all:x (suggestedthatsomezebra(x) :- table(x))
",categorical
22,"Every armor serves as a protective covering. All protective coverings are considered coverings. Therefore, every armor is a type of covering.",True,True,"∀x (ArmorServeAsAProtectiveCovering(x))
 ∀x (ProtectiveCovering(x) → ConsideredCovering(x))
 ∀x (EveryArmor(x) → TypeOfCovering(x))
","forall x (armorserveasaprotectivecovering(x))
 forall x (protectivecovering(x) implies consideredcovering(x))
 forall x (everyarmor(x) implies typeofcovering(x))
","[@every *x [(armorserveasaprotectivecovering[(?x)])]
 @every *x [(protectivecovering[(?x)]  consideredcovering[(?x)])]
 @every *x [(everyarmor[(?x)]  typeofcovering[(?x)])]
]","forall (armorserveasaprotectivecovering(x))
 forall (protectivecovering(x) -: consideredcovering(x))
 forall (everyarmor(x) -: typeofcovering(x))
",-(+A0)-(+P0-+C0)-(+E0-+T0),"all:x (armorserveasaprotectivecovering(x))
 all:x (protectivecovering(x) :- consideredcovering(x))
 all:x (everyarmor(x) :- typeofcovering(x))
",categorical
52c7696c-f9c1-4611-9300-db39de41cf50,"Some penguins are birds. Every bird is an animal. As such, it is necessarily true that some animals are penguins.",True,True,"∃x (Penguin(x) ∧ Bird(x))
 ∀x (Bird(x) → Animal(x))
 ∀x (AsSuchIt(x) → NecessarilyTrueThatSomeAnimalPenguin(x))
","exists x (penguin(x) and bird(x))
 forall x (bird(x) implies animal(x))
 forall x (assuchit(x) implies necessarilytruethatsomeanimalpenguin(x))
","[*x [(penguin[(?x)]  bird[(?x)])]
 @every *x [(bird[(?x)]  animal[(?x)])]
 @every *x [(assuchit[(?x)]  necessarilytruethatsomeanimalpenguin[(?x)])]
]"," (penguin(x) , bird(x))
 forall (bird(x) -: animal(x))
 forall (assuchit(x) -: necessarilytruethatsomeanimalpenguin(x))
",+(+P1++B1)-(+B0-+A0)-(+A0-+N0),"x (penguin(x) & bird(x))
 all:x (bird(x) :- animal(x))
 all:x (assuchit(x) :- necessarilytruethatsomeanimalpenguin(x))
",categorical
9b9b24ec-59d6-43ca-8165-0ae4d688cda0,"Every dog is a canine. Some canines are terriers. Consequently, every single terrier is a dog.",False,True,"∀x (Dog(x) → Canine(x))
 ∃x (Canine(x) ∧ Terrier(x))
 ∀x (EverySingleTerrier(x) → Dog(x))
","forall x (dog(x) implies canine(x))
 exists x (canine(x) and terrier(x))
 forall x (everysingleterrier(x) implies dog(x))
","[@every *x [(dog[(?x)]  canine[(?x)])]
 *x [(canine[(?x)]  terrier[(?x)])]
 @every *x [(everysingleterrier[(?x)]  dog[(?x)])]
]","forall (dog(x) -: canine(x))
  (canine(x) , terrier(x))
 forall (everysingleterrier(x) -: dog(x))
",-(+D0-+C0)+(+C1++T1)-(+E0-+D0),"all:x (dog(x) :- canine(x))
 x (canine(x) & terrier(x))
 all:x (everysingleterrier(x) :- dog(x))
",categorical
091c270b-32c3-44b5-ac07-f147bfe049fd,There are no trees that are also animals. Every single tree is a plant. It is the case that some plants fail to be animals.,True,True,"∃x (NoTreeThat(x) ∧ AlsoAnimal(x))
 ∀x (SingleTree(x) → Plant(x))
 ∀x (It(x) → CaseThatSomePlantFailToBeAnimal(x))
","exists x (notreethat(x) and alsoanimal(x))
 forall x (singletree(x) implies plant(x))
 forall x (it(x) implies casethatsomeplantfailtobeanimal(x))
","[*x [(notreethat[(?x)]  alsoanimal[(?x)])]
 @every *x [(singletree[(?x)]  plant[(?x)])]
 @every *x [(it[(?x)]  casethatsomeplantfailtobeanimal[(?x)])]
]"," (notreethat(x) , alsoanimal(x))
 forall (singletree(x) -: plant(x))
 forall (it(x) -: casethatsomeplantfailtobeanimal(x))
",+(+N1++A1)-(+S0-+P0)-(+I0-+C0),"x (notreethat(x) & alsoanimal(x))
 all:x (singletree(x) :- plant(x))
 all:x (it(x) :- casethatsomeplantfailtobeanimal(x))
",categorical
8158cb68-1891-4050-93f6-d7776e724658,Every single creature that is a canine is a mammal. A portion of canines are dogs. It is therefore the case that some dogs are mammals.,True,True,"∀x (SingleCreatureThat(x) → CanineAMammal(x))
 ∃x (Canine(x) ∧ Dog(x))
 ∀x (It(x) → Thing(x))
 ∀x (CaseThatSomeDog(x) → Mammal(x))
","forall x (singlecreaturethat(x) implies canineamammal(x))
 exists x (canine(x) and dog(x))
 forall x (it(x) implies thing(x))
 forall x (casethatsomedog(x) implies mammal(x))
","[@every *x [(singlecreaturethat[(?x)]  canineamammal[(?x)])]
 *x [(canine[(?x)]  dog[(?x)])]
 @every *x [(it[(?x)]  thing[(?x)])]
 @every *x [(casethatsomedog[(?x)]  mammal[(?x)])]
]","forall (singlecreaturethat(x) -: canineamammal(x))
  (canine(x) , dog(x))
 forall (it(x) -: thing(x))
 forall (casethatsomedog(x) -: mammal(x))
",-(+S0-+C0)+(+C1++D1)-(+I0-+T0)-(+C0-+M0),"all:x (singlecreaturethat(x) :- canineamammal(x))
 x (canine(x) & dog(x))
 all:x (it(x) :- thing(x))
 all:x (casethatsomedog(x) :- mammal(x))
",categorical
7e33d84f-4a3e-4ec4-a5ad-df409ed4bbd7,Every single bird is an animal. There are no animals that are minerals. This proves that some minerals are not birds.,True,True,"∀x (SingleBird(x) → Animal(x))
 ∃x (NoAnimalThat(x) ∧ Mineral(x))
 ∀x (ThiProveThatSomeMineral(x) → NotBird(x))
","forall x (singlebird(x) implies animal(x))
 exists x (noanimalthat(x) and mineral(x))
 forall x (thiprovethatsomemineral(x) implies notbird(x))
","[@every *x [(singlebird[(?x)]  animal[(?x)])]
 *x [(noanimalthat[(?x)]  mineral[(?x)])]
 @every *x [(thiprovethatsomemineral[(?x)]  notbird[(?x)])]
]","forall (singlebird(x) -: animal(x))
  (noanimalthat(x) , mineral(x))
 forall (thiprovethatsomemineral(x) -: notbird(x))
",-(+S0-+A0)+(+N1++M1)-(+T0-+N0),"all:x (singlebird(x) :- animal(x))
 x (noanimalthat(x) & mineral(x))
 all:x (thiprovethatsomemineral(x) :- notbird(x))
",categorical
38,No individual belonging to the species of zebra can be an astronaut. All zebras are classified as equines. It logically follows that certain members of the equine family are not astronauts.,True,True,"∀x (Individual(x) → ¬BelongingToTheSpecieOfZebraCanBeAnAstronaut(x))
 ∀x (Zebra(x) → ClassifiedAsEquine(x))
 ∃x (MemberOfTheEquineFamily(x) ∧ NotAstronaut(x))
","forall x (individual(x) implies not belongingtothespecieofzebracanbeanastronaut(x))
 forall x (zebra(x) implies classifiedasequine(x))
 exists x (memberoftheequinefamily(x) and notastronaut(x))
","[@every *x [(individual[(?x)]  ~belongingtothespecieofzebracanbeanastronaut[(?x)])]
 @every *x [(zebra[(?x)]  classifiedasequine[(?x)])]
 *x [(memberoftheequinefamily[(?x)]  notastronaut[(?x)])]
]","forall (individual(x) -: notbelongingtothespecieofzebracanbeanastronaut(x))
 forall (zebra(x) -: classifiedasequine(x))
  (memberoftheequinefamily(x) , notastronaut(x))
",-(+I0--+B0)-(+Z0-+C0)+(+M1++N1),"all:x (individual(x) :- ~belongingtothespecieofzebracanbeanastronaut(x))
 all:x (zebra(x) :- classifiedasequine(x))
 x (memberoftheequinefamily(x) & notastronaut(x))
",categorical
e79947da-dcf7-459b-8d64-417bd24ace94,Not a single motorized vehicle is a bicycle. It is also true that no motorized vehicle is a car. It follows that no car is a bicycle.,False,True,"∀x (Motorized(x) → ¬VehicleABicycle(x))
 ∀x (It(x) → AlsoTrueThatNoMotorizedVehicleACar(x))
 ∀x (Car(x) → ¬Bicycle(x))
","forall x (motorized(x) implies not vehicleabicycle(x))
 forall x (it(x) implies alsotruethatnomotorizedvehicleacar(x))
 forall x (car(x) implies not bicycle(x))
","[@every *x [(motorized[(?x)]  ~vehicleabicycle[(?x)])]
 @every *x [(it[(?x)]  alsotruethatnomotorizedvehicleacar[(?x)])]
 @every *x [(car[(?x)]  ~bicycle[(?x)])]
]","forall (motorized(x) -: notvehicleabicycle(x))
 forall (it(x) -: alsotruethatnomotorizedvehicleacar(x))
 forall (car(x) -: notbicycle(x))
",-(+M0--+V0)-(+I0-+A0)-(+C0--+B0),"all:x (motorized(x) :- ~vehicleabicycle(x))
 all:x (it(x) :- alsotruethatnomotorizedvehicleacar(x))
 all:x (car(x) :- ~bicycle(x))
",categorical
3385a56c-c169-4cea-ab4b-5a48ed4980d1,"There exist some birds that are fish. A number of sharks are fish. It follows, then, that some sharks are birds.",False,False,"∃x (BirdThat(x) ∧ Fish(x))
 ∃x (Shark(x) ∧ Fish(x))
 ∀x (ThenThatSomeShark(x) → Bird(x))
","exists x (birdthat(x) and fish(x))
 exists x (shark(x) and fish(x))
 forall x (thenthatsomeshark(x) implies bird(x))
","[*x [(birdthat[(?x)]  fish[(?x)])]
 *x [(shark[(?x)]  fish[(?x)])]
 @every *x [(thenthatsomeshark[(?x)]  bird[(?x)])]
]"," (birdthat(x) , fish(x))
  (shark(x) , fish(x))
 forall (thenthatsomeshark(x) -: bird(x))
",+(+B1++F1)+(+S1++F1)-(+T0-+B0),"x (birdthat(x) & fish(x))
 x (shark(x) & fish(x))
 all:x (thenthatsomeshark(x) :- bird(x))
",categorical
f2deff13-a6a2-47f0-8835-89a093ad2c5d,Animals and tables have no overlap whatsoever. A portion of tables are birds. Some of the things that are birds are not animals.,True,False,"∀x (AnimalAndTable(x) → NoOverlapWhatsoever(x))
 ∃x (Table(x) ∧ Bird(x))
 ∃x (OfTheThingThat(x) ∧ BirdNotAnimal(x))
","forall x (animalandtable(x) implies nooverlapwhatsoever(x))
 exists x (table(x) and bird(x))
 exists x (ofthethingthat(x) and birdnotanimal(x))
","[@every *x [(animalandtable[(?x)]  nooverlapwhatsoever[(?x)])]
 *x [(table[(?x)]  bird[(?x)])]
 *x [(ofthethingthat[(?x)]  birdnotanimal[(?x)])]
]","forall (animalandtable(x) -: nooverlapwhatsoever(x))
  (table(x) , bird(x))
  (ofthethingthat(x) , birdnotanimal(x))
",-(+A0-+N0)+(+T1++B1)+(+O1++B1),"all:x (animalandtable(x) :- nooverlapwhatsoever(x))
 x (table(x) & bird(x))
 x (ofthethingthat(x) & birdnotanimal(x))
",categorical
bd43b96a-b4cd-4380-af60-6f6052586580,Every single rhino is a mammal. Every single lion is a mammal. It is the case that some lions are not rhinos.,False,True,"∀x (SingleRhino(x) → Mammal(x))
 ∀x (SingleLion(x) → Mammal(x))
 ∀x (It(x) → CaseThatSomeLionNotRhino(x))
","forall x (singlerhino(x) implies mammal(x))
 forall x (singlelion(x) implies mammal(x))
 forall x (it(x) implies casethatsomelionnotrhino(x))
","[@every *x [(singlerhino[(?x)]  mammal[(?x)])]
 @every *x [(singlelion[(?x)]  mammal[(?x)])]
 @every *x [(it[(?x)]  casethatsomelionnotrhino[(?x)])]
]","forall (singlerhino(x) -: mammal(x))
 forall (singlelion(x) -: mammal(x))
 forall (it(x) -: casethatsomelionnotrhino(x))
",-(+S0-+M0)-(+S0-+M0)-(+I0-+C0),"all:x (singlerhino(x) :- mammal(x))
 all:x (singlelion(x) :- mammal(x))
 all:x (it(x) :- casethatsomelionnotrhino(x))
",categorical
eb04a408-b062-4c93-ba18-ffc28e0e8e4d,Not a single liquid is a solid. There are no gases which are also liquids. It follows that some gases are solids.,False,False,"∀x (Liquid(x) → ¬Solid(x))
 ∃x (NoGaseWhich(x) ∧ AlsoLiquid(x))
 ∃x (Gase(x) ∧ Solid(x))
","forall x (liquid(x) implies not solid(x))
 exists x (nogasewhich(x) and alsoliquid(x))
 exists x (gase(x) and solid(x))
","[@every *x [(liquid[(?x)]  ~solid[(?x)])]
 *x [(nogasewhich[(?x)]  alsoliquid[(?x)])]
 *x [(gase[(?x)]  solid[(?x)])]
]","forall (liquid(x) -: notsolid(x))
  (nogasewhich(x) , alsoliquid(x))
  (gase(x) , solid(x))
",-(+L0--+S0)+(+N1++A1)+(+G1++S1),"all:x (liquid(x) :- ~solid(x))
 x (nogasewhich(x) & alsoliquid(x))
 x (gase(x) & solid(x))
",categorical
53,No sounds are vibrations. Some containers are not vibrations. Some containers are sounds.,False,False,"∀x (Sound(x) → ¬Vibration(x))
 ∃x (Container(x) ∧ NotVibration(x))
 ∃x (Container(x) ∧ Sound(x))
","forall x (sound(x) implies not vibration(x))
 exists x (container(x) and notvibration(x))
 exists x (container(x) and sound(x))
","[@every *x [(sound[(?x)]  ~vibration[(?x)])]
 *x [(container[(?x)]  notvibration[(?x)])]
 *x [(container[(?x)]  sound[(?x)])]
]","forall (sound(x) -: notvibration(x))
  (container(x) , notvibration(x))
  (container(x) , sound(x))
",-(+S0--+V0)+(+C1++N1)+(+C1++S1),"all:x (sound(x) :- ~vibration(x))
 x (container(x) & notvibration(x))
 x (container(x) & sound(x))
",categorical
3ecdc552-39d1-4b9b-8255-dda2990d7197,There are no cars which are airplanes. Some of the things that are vehicles are cars. It must be true that some airplanes are not vehicles.,False,False,"∃x (NoCarWhich(x) ∧ Airplane(x))
 ∃x (OfTheThingThat(x) ∧ VehicleCar(x))
 ∀x (ItMustBeTrueThatSomeAirplane(x) → NotVehicle(x))
","exists x (nocarwhich(x) and airplane(x))
 exists x (ofthethingthat(x) and vehiclecar(x))
 forall x (itmustbetruethatsomeairplane(x) implies notvehicle(x))
","[*x [(nocarwhich[(?x)]  airplane[(?x)])]
 *x [(ofthethingthat[(?x)]  vehiclecar[(?x)])]
 @every *x [(itmustbetruethatsomeairplane[(?x)]  notvehicle[(?x)])]
]"," (nocarwhich(x) , airplane(x))
  (ofthethingthat(x) , vehiclecar(x))
 forall (itmustbetruethatsomeairplane(x) -: notvehicle(x))
",+(+N1++A1)+(+O1++V1)-(+I0-+N0),"x (nocarwhich(x) & airplane(x))
 x (ofthethingthat(x) & vehiclecar(x))
 all:x (itmustbetruethatsomeairplane(x) :- notvehicle(x))
",categorical
64499fcd-3761-46d4-8fd9-3c15d4cf5405,There are no tables that are living things. It is not true that any plant is a table. It is the case that some plants are tables.,False,False,"∃x (NoTableThat(x) ∧ LivingThing(x))
 ∀x (It(x) → NotTrueThatAnyPlantATable(x))
 ∀x (It(x) → CaseThatSomePlantTable(x))
","exists x (notablethat(x) and livingthing(x))
 forall x (it(x) implies nottruethatanyplantatable(x))
 forall x (it(x) implies casethatsomeplanttable(x))
","[*x [(notablethat[(?x)]  livingthing[(?x)])]
 @every *x [(it[(?x)]  nottruethatanyplantatable[(?x)])]
 @every *x [(it[(?x)]  casethatsomeplanttable[(?x)])]
]"," (notablethat(x) , livingthing(x))
 forall (it(x) -: nottruethatanyplantatable(x))
 forall (it(x) -: casethatsomeplanttable(x))
",+(+N1++L1)-(+I0-+N0)-(+I0-+C0),"x (notablethat(x) & livingthing(x))
 all:x (it(x) :- nottruethatanyplantatable(x))
 all:x (it(x) :- casethatsomeplanttable(x))
",categorical
f98919ca-cc46-4be8-b485-2a8085bb3303,There are some robots that are teenagers. Every teenager is a human. It follows from this that every single human is a robot.,False,False,"∃x (RobotThat(x) ∧ Teenager(x))
 ∀x (Teenager(x) → Human(x))
 ∀x (FromThiThatEverySingleHuman(x) → Robot(x))
","exists x (robotthat(x) and teenager(x))
 forall x (teenager(x) implies human(x))
 forall x (fromthithateverysinglehuman(x) implies robot(x))
","[*x [(robotthat[(?x)]  teenager[(?x)])]
 @every *x [(teenager[(?x)]  human[(?x)])]
 @every *x [(fromthithateverysinglehuman[(?x)]  robot[(?x)])]
]"," (robotthat(x) , teenager(x))
 forall (teenager(x) -: human(x))
 forall (fromthithateverysinglehuman(x) -: robot(x))
",+(+R1++T1)-(+T0-+H0)-(+F0-+R0),"x (robotthat(x) & teenager(x))
 all:x (teenager(x) :- human(x))
 all:x (fromthithateverysinglehuman(x) :- robot(x))
",categorical
e1f1def4-57f6-41e8-8e37-11c23329583c,There are some buildings that are not skyscrapers. All buildings are considered structures. It is therefore true that some structures are not skyscrapers.,True,True,"∃x (BuildingThat(x) ∧ NotSkyscraper(x))
 ∀x (Building(x) → ConsideredStructure(x))
 ∀x (It(x) → Thing(x))
 ∀x (TrueThatSomeStructure(x) → NotSkyscraper(x))
","exists x (buildingthat(x) and notskyscraper(x))
 forall x (building(x) implies consideredstructure(x))
 forall x (it(x) implies thing(x))
 forall x (truethatsomestructure(x) implies notskyscraper(x))
","[*x [(buildingthat[(?x)]  notskyscraper[(?x)])]
 @every *x [(building[(?x)]  consideredstructure[(?x)])]
 @every *x [(it[(?x)]  thing[(?x)])]
 @every *x [(truethatsomestructure[(?x)]  notskyscraper[(?x)])]
]"," (buildingthat(x) , notskyscraper(x))
 forall (building(x) -: consideredstructure(x))
 forall (it(x) -: thing(x))
 forall (truethatsomestructure(x) -: notskyscraper(x))
",+(+B1++N1)-(+B0-+C0)-(+I0-+T0)-(+T0-+N0),"x (buildingthat(x) & notskyscraper(x))
 all:x (building(x) :- consideredstructure(x))
 all:x (it(x) :- thing(x))
 all:x (truethatsomestructure(x) :- notskyscraper(x))
",categorical
9c6100d8-e495-4a1e-b797-a45b2e68b4d0,"There are some scientists who are engineers. It is a known fact that some scientists are also doctors. From this, it is suggested that some doctors are engineers.",False,True,"∃x (ScientistWho(x) ∧ Engineer(x))
 ∀x (It(x) → KnownFactThatSomeScientistAlsoDoctor(x))
 ∀x (FromThiIt(x) → SuggestedThatSomeDoctorEngineer(x))
","exists x (scientistwho(x) and engineer(x))
 forall x (it(x) implies knownfactthatsomescientistalsodoctor(x))
 forall x (fromthiit(x) implies suggestedthatsomedoctorengineer(x))
","[*x [(scientistwho[(?x)]  engineer[(?x)])]
 @every *x [(it[(?x)]  knownfactthatsomescientistalsodoctor[(?x)])]
 @every *x [(fromthiit[(?x)]  suggestedthatsomedoctorengineer[(?x)])]
]"," (scientistwho(x) , engineer(x))
 forall (it(x) -: knownfactthatsomescientistalsodoctor(x))
 forall (fromthiit(x) -: suggestedthatsomedoctorengineer(x))
",+(+S1++E1)-(+I0-+K0)-(+F0-+S0),"x (scientistwho(x) & engineer(x))
 all:x (it(x) :- knownfactthatsomescientistalsodoctor(x))
 all:x (fromthiit(x) :- suggestedthatsomedoctorengineer(x))
",categorical
febb0646-5f5b-4cee-bc66-a3444c562560,There is no person who is both a musician and a non-artistic person. It is known that some human beings are among the non-artistic people. The consequence is that there exist human beings who are not musicians.,True,True,"∀x (There(x) → NoPersonWhoBothAMusicianAndANonartisticPerson(x))
 ∀x (It(x) → KnownThatSomeHumanBeingAmongTheNonartisticPeople(x))
 ∀x (Consequence(x) → ThatThereExistHumanBeingWhoNotMusician(x))
","forall x (there(x) implies nopersonwhobothamusicianandanonartisticperson(x))
 forall x (it(x) implies knownthatsomehumanbeingamongthenonartisticpeople(x))
 forall x (consequence(x) implies thatthereexisthumanbeingwhonotmusician(x))
","[@every *x [(there[(?x)]  nopersonwhobothamusicianandanonartisticperson[(?x)])]
 @every *x [(it[(?x)]  knownthatsomehumanbeingamongthenonartisticpeople[(?x)])]
 @every *x [(consequence[(?x)]  thatthereexisthumanbeingwhonotmusician[(?x)])]
]","forall (there(x) -: nopersonwhobothamusicianandanonartisticperson(x))
 forall (it(x) -: knownthatsomehumanbeingamongthenonartisticpeople(x))
 forall (consequence(x) -: thatthereexisthumanbeingwhonotmusician(x))
",-(+T0-+N0)-(+I0-+K0)-(+C0-+T0),"all:x (there(x) :- nopersonwhobothamusicianandanonartisticperson(x))
 all:x (it(x) :- knownthatsomehumanbeingamongthenonartisticpeople(x))
 all:x (consequence(x) :- thatthereexisthumanbeingwhonotmusician(x))
",categorical
50d3b41d-0d2b-49ec-8d6e-1c012d831aab,There exist some things which are trees that are not pines. Everything that is a tree is a plant. It logically follows that there are some plants that are not pines.,True,True,"∃x (ThingWhich(x) ∧ TreeThatNotPine(x))
 ∀x (EverythingThat(x) → TreeAPlant(x))
 ∃x (PlantThat(x) ∧ NotPine(x))
","exists x (thingwhich(x) and treethatnotpine(x))
 forall x (everythingthat(x) implies treeaplant(x))
 exists x (plantthat(x) and notpine(x))
","[*x [(thingwhich[(?x)]  treethatnotpine[(?x)])]
 @every *x [(everythingthat[(?x)]  treeaplant[(?x)])]
 *x [(plantthat[(?x)]  notpine[(?x)])]
]"," (thingwhich(x) , treethatnotpine(x))
 forall (everythingthat(x) -: treeaplant(x))
  (plantthat(x) , notpine(x))
",+(+T1++T1)-(+E0-+T0)+(+P1++N1),"x (thingwhich(x) & treethatnotpine(x))
 all:x (everythingthat(x) :- treeaplant(x))
 x (plantthat(x) & notpine(x))
",categorical
90896290-4510-43fe-98a6-4a75e7d31150,"The group of continents and the group of countries are mutually exclusive. Canada is not a continent. Therefore, Canada is a country.",False,True,"∀x (GroupOfContinentAndTheGroupOfCountrie(x) → MutuallyExclusive(x))
 ∀x (Canada(x) → NotAContinent(x))
 ∀x (Canada(x) → Country(x))
","forall x (groupofcontinentandthegroupofcountrie(x) implies mutuallyexclusive(x))
 forall x (canada(x) implies notacontinent(x))
 forall x (canada(x) implies country(x))
","[@every *x [(groupofcontinentandthegroupofcountrie[(?x)]  mutuallyexclusive[(?x)])]
 @every *x [(canada[(?x)]  notacontinent[(?x)])]
 @every *x [(canada[(?x)]  country[(?x)])]
]","forall (groupofcontinentandthegroupofcountrie(x) -: mutuallyexclusive(x))
 forall (canada(x) -: notacontinent(x))
 forall (canada(x) -: country(x))
",-(+G0-+M0)-(+C0-+N0)-(+C0-+C0),"all:x (groupofcontinentandthegroupofcountrie(x) :- mutuallyexclusive(x))
 all:x (canada(x) :- notacontinent(x))
 all:x (canada(x) :- country(x))
",categorical
9b4a33d2-4024-4900-9a9f-13f66f1f6b84,"Every single hammer is a tool. Nothing that is a wrench is a tool. Therefore, it must be the case that every wrench is a hammer.",False,False,"∀x (SingleHammer(x) → Tool(x))
 ∀x (NothingThat(x) → WrenchATool(x))
 ∀x (ItMustBeTheCaseThatEveryWrench(x) → Hammer(x))
","forall x (singlehammer(x) implies tool(x))
 forall x (nothingthat(x) implies wrenchatool(x))
 forall x (itmustbethecasethateverywrench(x) implies hammer(x))
","[@every *x [(singlehammer[(?x)]  tool[(?x)])]
 @every *x [(nothingthat[(?x)]  wrenchatool[(?x)])]
 @every *x [(itmustbethecasethateverywrench[(?x)]  hammer[(?x)])]
]","forall (singlehammer(x) -: tool(x))
 forall (nothingthat(x) -: wrenchatool(x))
 forall (itmustbethecasethateverywrench(x) -: hammer(x))
",-(+S0-+T0)-(+N0-+W0)-(+I0-+H0),"all:x (singlehammer(x) :- tool(x))
 all:x (nothingthat(x) :- wrenchatool(x))
 all:x (itmustbethecasethateverywrench(x) :- hammer(x))
",categorical
42e1d763-31f6-4725-a17f-6fdcb0088fde,"Every item that is a shirt is an article of clothing. Every single t-shirt is a type of shirt. Consequently, every t-shirt is clothing.",True,True,"∀x (ItemThat(x) → ShirtAnArticleOfClothing(x))
 ∀x (SingleTshirt(x) → TypeOfShirt(x))
 ∀x (EveryTshirt(x) → Clothing(x))
","forall x (itemthat(x) implies shirtanarticleofclothing(x))
 forall x (singletshirt(x) implies typeofshirt(x))
 forall x (everytshirt(x) implies clothing(x))
","[@every *x [(itemthat[(?x)]  shirtanarticleofclothing[(?x)])]
 @every *x [(singletshirt[(?x)]  typeofshirt[(?x)])]
 @every *x [(everytshirt[(?x)]  clothing[(?x)])]
]","forall (itemthat(x) -: shirtanarticleofclothing(x))
 forall (singletshirt(x) -: typeofshirt(x))
 forall (everytshirt(x) -: clothing(x))
",-(+I0-+S0)-(+S0-+T0)-(+E0-+C0),"all:x (itemthat(x) :- shirtanarticleofclothing(x))
 all:x (singletshirt(x) :- typeofshirt(x))
 all:x (everytshirt(x) :- clothing(x))
",hypothetical
4c424337-e384-43c6-a130-fcc14a34f3fb,"Everything that is a cloud is also a reptile. Everything that is a cloud is also a fish. Hence, some fish are reptiles.",True,False,"∀x (EverythingThat(x) → CloudAlsoAReptile(x))
 ∀x (EverythingThat(x) → CloudAlsoAFish(x))
 ∀x (HenceSomeFish(x) → Reptile(x))
","forall x (everythingthat(x) implies cloudalsoareptile(x))
 forall x (everythingthat(x) implies cloudalsoafish(x))
 forall x (hencesomefish(x) implies reptile(x))
","[@every *x [(everythingthat[(?x)]  cloudalsoareptile[(?x)])]
 @every *x [(everythingthat[(?x)]  cloudalsoafish[(?x)])]
 @every *x [(hencesomefish[(?x)]  reptile[(?x)])]
]","forall (everythingthat(x) -: cloudalsoareptile(x))
 forall (everythingthat(x) -: cloudalsoafish(x))
 forall (hencesomefish(x) -: reptile(x))
",-(+E0-+C0)-(+E0-+C0)-(+H0-+R0),"all:x (everythingthat(x) :- cloudalsoareptile(x))
 all:x (everythingthat(x) :- cloudalsoafish(x))
 all:x (hencesomefish(x) :- reptile(x))
",categorical
e1d73587-80f8-4605-8498-0ef21fec3ba9,Every single person who is a biologist is a scientist. All people who are physicists are scientists. This leads to the conclusion that all physicists are biologists.,False,False,"∀x (SinglePersonWho(x) → BiologistAScientist(x))
 ∀x (PeopleWho(x) → PhysicistScientist(x))
 ∀x (ThiLeadToTheConclusionThatAllPhysicist(x) → Biologist(x))
","forall x (singlepersonwho(x) implies biologistascientist(x))
 forall x (peoplewho(x) implies physicistscientist(x))
 forall x (thileadtotheconclusionthatallphysicist(x) implies biologist(x))
","[@every *x [(singlepersonwho[(?x)]  biologistascientist[(?x)])]
 @every *x [(peoplewho[(?x)]  physicistscientist[(?x)])]
 @every *x [(thileadtotheconclusionthatallphysicist[(?x)]  biologist[(?x)])]
]","forall (singlepersonwho(x) -: biologistascientist(x))
 forall (peoplewho(x) -: physicistscientist(x))
 forall (thileadtotheconclusionthatallphysicist(x) -: biologist(x))
",-(+S0-+B0)-(+P0-+P0)-(+T0-+B0),"all:x (singlepersonwho(x) :- biologistascientist(x))
 all:x (peoplewho(x) :- physicistscientist(x))
 all:x (thileadtotheconclusionthatallphysicist(x) :- biologist(x))
",categorical
71,No rug is considered a floor covering. All facilities known as factories are floor coverings. It logically follows that certain rugs are not factories.,True,False,"∀x (Rug(x) → ¬ConsideredAFloorCovering(x))
 ∀x (FacilitieKnownAsFactorie(x) → FloorCovering(x))
 ∃x (Rug(x) ∧ NotFactorie(x))
","forall x (rug(x) implies not consideredafloorcovering(x))
 forall x (facilitieknownasfactorie(x) implies floorcovering(x))
 exists x (rug(x) and notfactorie(x))
","[@every *x [(rug[(?x)]  ~consideredafloorcovering[(?x)])]
 @every *x [(facilitieknownasfactorie[(?x)]  floorcovering[(?x)])]
 *x [(rug[(?x)]  notfactorie[(?x)])]
]","forall (rug(x) -: notconsideredafloorcovering(x))
 forall (facilitieknownasfactorie(x) -: floorcovering(x))
  (rug(x) , notfactorie(x))
",-(+R0--+C0)-(+F0-+F0)+(+R1++N1),"all:x (rug(x) :- ~consideredafloorcovering(x))
 all:x (facilitieknownasfactorie(x) :- floorcovering(x))
 x (rug(x) & notfactorie(x))
",categorical
8078870d-5ee2-4765-a771-bd795e0a10cf,There are no paintings that are also works of literature. Every single novel is a work of literature. The implication is that there exist some novels which are not paintings.,True,True,"∃x (NoPaintingThat(x) ∧ AlsoWorkOfLiterature(x))
 ∀x (SingleNovel(x) → WorkOfLiterature(x))
 ∀x (Implication(x) → ThatThereExistSomeNovelWhichNotPainting(x))
","exists x (nopaintingthat(x) and alsoworkofliterature(x))
 forall x (singlenovel(x) implies workofliterature(x))
 forall x (implication(x) implies thatthereexistsomenovelwhichnotpainting(x))
","[*x [(nopaintingthat[(?x)]  alsoworkofliterature[(?x)])]
 @every *x [(singlenovel[(?x)]  workofliterature[(?x)])]
 @every *x [(implication[(?x)]  thatthereexistsomenovelwhichnotpainting[(?x)])]
]"," (nopaintingthat(x) , alsoworkofliterature(x))
 forall (singlenovel(x) -: workofliterature(x))
 forall (implication(x) -: thatthereexistsomenovelwhichnotpainting(x))
",+(+N1++A1)-(+S0-+W0)-(+I0-+T0),"x (nopaintingthat(x) & alsoworkofliterature(x))
 all:x (singlenovel(x) :- workofliterature(x))
 all:x (implication(x) :- thatthereexistsomenovelwhichnotpainting(x))
",categorical
abe7856c-6d01-4804-8925-024dc21d11d9,"There are no animals that are living creatures. Every single mammal is a living creature. Consequently, there exist some mammals which are not animals.",True,False,"∃x (NoAnimalThat(x) ∧ LivingCreature(x))
 ∀x (SingleMammal(x) → LivingCreature(x))
 ∀x (ThereExistSomeMammalWhich(x) → NotAnimal(x))
","exists x (noanimalthat(x) and livingcreature(x))
 forall x (singlemammal(x) implies livingcreature(x))
 forall x (thereexistsomemammalwhich(x) implies notanimal(x))
","[*x [(noanimalthat[(?x)]  livingcreature[(?x)])]
 @every *x [(singlemammal[(?x)]  livingcreature[(?x)])]
 @every *x [(thereexistsomemammalwhich[(?x)]  notanimal[(?x)])]
]"," (noanimalthat(x) , livingcreature(x))
 forall (singlemammal(x) -: livingcreature(x))
 forall (thereexistsomemammalwhich(x) -: notanimal(x))
",+(+N1++L1)-(+S0-+L0)-(+T0-+N0),"x (noanimalthat(x) & livingcreature(x))
 all:x (singlemammal(x) :- livingcreature(x))
 all:x (thereexistsomemammalwhich(x) :- notanimal(x))
",categorical
b849ab87-08a8-4ad7-9535-633e79d73ca5,"A celestial body is never a piece of furniture. Each of the planets is, in fact, a celestial body. For this reason, no planet is an item of furniture.",True,True,"∀x (CelestialBody(x) → NeverAPieceOfFurniture(x))
 ∀x (OfThePlanet(x) → InFactACelestialBody(x))
 ∀x (ForThiReasonNoPlanet(x) → ItemOfFurniture(x))
","forall x (celestialbody(x) implies neverapieceoffurniture(x))
 forall x (oftheplanet(x) implies infactacelestialbody(x))
 forall x (forthireasonnoplanet(x) implies itemoffurniture(x))
","[@every *x [(celestialbody[(?x)]  neverapieceoffurniture[(?x)])]
 @every *x [(oftheplanet[(?x)]  infactacelestialbody[(?x)])]
 @every *x [(forthireasonnoplanet[(?x)]  itemoffurniture[(?x)])]
]","forall (celestialbody(x) -: neverapieceoffurniture(x))
 forall (oftheplanet(x) -: infactacelestialbody(x))
 forall (forthireasonnoplanet(x) -: itemoffurniture(x))
",-(+C0-+N0)-(+O0-+I0)-(+F0-+I0),"all:x (celestialbody(x) :- neverapieceoffurniture(x))
 all:x (oftheplanet(x) :- infactacelestialbody(x))
 all:x (forthireasonnoplanet(x) :- itemoffurniture(x))
",categorical
eb34cdc4-fa19-4ddc-8cd2-6c8f13f1e7a5,"Anything that is a scientist is a person who studies. Anything that is a scientist is a professional. Consequently, some professionals are people who study.",True,True,"∀x (AnythingThat(x) → ScientistAPersonWhoStudie(x))
 ∀x (AnythingThat(x) → ScientistAProfessional(x))
 ∀x (SomeProfessional(x) → PeopleWhoStudy(x))
","forall x (anythingthat(x) implies scientistapersonwhostudie(x))
 forall x (anythingthat(x) implies scientistaprofessional(x))
 forall x (someprofessional(x) implies peoplewhostudy(x))
","[@every *x [(anythingthat[(?x)]  scientistapersonwhostudie[(?x)])]
 @every *x [(anythingthat[(?x)]  scientistaprofessional[(?x)])]
 @every *x [(someprofessional[(?x)]  peoplewhostudy[(?x)])]
]","forall (anythingthat(x) -: scientistapersonwhostudie(x))
 forall (anythingthat(x) -: scientistaprofessional(x))
 forall (someprofessional(x) -: peoplewhostudy(x))
",-(+A0-+S0)-(+A0-+S0)-(+S0-+P0),"all:x (anythingthat(x) :- scientistapersonwhostudie(x))
 all:x (anythingthat(x) :- scientistaprofessional(x))
 all:x (someprofessional(x) :- peoplewhostudy(x))
",categorical
cb4e2e4c-9882-43d9-8109-e4f96bbd15c1,Animals are entirely separate from creatures with beaks and feathers. Every single animal that is a bird is a creature with a beak and feathers. Birds cannot be considered animals.,True,False,"∀x (Animal(x) → EntirelySeparateFromCreatureWithBeakAndFeather(x))
 ∀x (SingleAnimalThat(x) → BirdACreatureWithABeakAndFeather(x))
 ∀x (BirdCannotBeConsideredAnimal(x))
","forall x (animal(x) implies entirelyseparatefromcreaturewithbeakandfeather(x))
 forall x (singleanimalthat(x) implies birdacreaturewithabeakandfeather(x))
 forall x (birdcannotbeconsideredanimal(x))
","[@every *x [(animal[(?x)]  entirelyseparatefromcreaturewithbeakandfeather[(?x)])]
 @every *x [(singleanimalthat[(?x)]  birdacreaturewithabeakandfeather[(?x)])]
 @every *x [(birdcannotbeconsideredanimal[(?x)])]
]","forall (animal(x) -: entirelyseparatefromcreaturewithbeakandfeather(x))
 forall (singleanimalthat(x) -: birdacreaturewithabeakandfeather(x))
 forall (birdcannotbeconsideredanimal(x))
",-(+A0-+E0)-(+S0-+B0)-(+B0),"all:x (animal(x) :- entirelyseparatefromcreaturewithbeakandfeather(x))
 all:x (singleanimalthat(x) :- birdacreaturewithabeakandfeather(x))
 all:x (birdcannotbeconsideredanimal(x))
",categorical
4157f15c-b21e-4946-84cb-19be0df5f51f,Every flying object is a creature with wings. Any and all elephants are also creatures with wings. This implies that all elephants are flying objects.,False,False,"∀x (FlyingObject(x) → CreatureWithWing(x))
 ∀x (AndAllElephant(x) → AlsoCreatureWithWing(x))
 ∀x (ThiImplieThatAllElephant(x) → FlyingObject(x))
","forall x (flyingobject(x) implies creaturewithwing(x))
 forall x (andallelephant(x) implies alsocreaturewithwing(x))
 forall x (thiimpliethatallelephant(x) implies flyingobject(x))
","[@every *x [(flyingobject[(?x)]  creaturewithwing[(?x)])]
 @every *x [(andallelephant[(?x)]  alsocreaturewithwing[(?x)])]
 @every *x [(thiimpliethatallelephant[(?x)]  flyingobject[(?x)])]
]","forall (flyingobject(x) -: creaturewithwing(x))
 forall (andallelephant(x) -: alsocreaturewithwing(x))
 forall (thiimpliethatallelephant(x) -: flyingobject(x))
",-(+F0-+C0)-(+A0-+A0)-(+T0-+F0),"all:x (flyingobject(x) :- creaturewithwing(x))
 all:x (andallelephant(x) :- alsocreaturewithwing(x))
 all:x (thiimpliethatallelephant(x) :- flyingobject(x))
",categorical
fc9ba5ef-3933-4ed5-a40a-d70c483eee95,Anything that is a car has an engine. It is the case that no bicycle is a car. No bicycle has an engine.,False,True,"∀x (AnythingThat(x) → CarHasAnEngine(x))
 ∀x (It(x) → CaseThatNoBicycleACar(x))
 ∀x (Bicycle(x) → ¬HasAnEngine(x))
","forall x (anythingthat(x) implies carhasanengine(x))
 forall x (it(x) implies casethatnobicycleacar(x))
 forall x (bicycle(x) implies not hasanengine(x))
","[@every *x [(anythingthat[(?x)]  carhasanengine[(?x)])]
 @every *x [(it[(?x)]  casethatnobicycleacar[(?x)])]
 @every *x [(bicycle[(?x)]  ~hasanengine[(?x)])]
]","forall (anythingthat(x) -: carhasanengine(x))
 forall (it(x) -: casethatnobicycleacar(x))
 forall (bicycle(x) -: nothasanengine(x))
",-(+A0-+C0)-(+I0-+C0)-(+B0--+H0),"all:x (anythingthat(x) :- carhasanengine(x))
 all:x (it(x) :- casethatnobicycleacar(x))
 all:x (bicycle(x) :- ~hasanengine(x))
",categorical
df7bae54-40d1-4be5-b827-b4da77465505,It is true that no numbers are waves. No sounds are numbers. It follows that no sounds are waves.,False,False,"∀x (Number(x) → ¬WaveNoSoundNumberItFollowThatNoSoundWave(x))
","forall x (number(x) implies not wavenosoundnumberitfollowthatnosoundwave(x))
","[@every *x [(number[(?x)]  ~wavenosoundnumberitfollowthatnosoundwave[(?x)])]
]","forall (number(x) -: notwavenosoundnumberitfollowthatnosoundwave(x))
",-(+N0--+W0),"all:x (number(x) :- ~wavenosoundnumberitfollowthatnosoundwave(x))
",categorical
95541976-ff89-4549-8a3d-298ceea07086,There exist some felines that are also pets. There are pets which are mammals. The result of this is that some mammals are not felines.,False,True,"∃x (FelineThat(x) ∧ AlsoPet(x))
 ∃x (PetWhich(x) ∧ Mammal(x))
 ∀x (ResultOfThi(x) → ThatSomeMammalNotFeline(x))
","exists x (felinethat(x) and alsopet(x))
 exists x (petwhich(x) and mammal(x))
 forall x (resultofthi(x) implies thatsomemammalnotfeline(x))
","[*x [(felinethat[(?x)]  alsopet[(?x)])]
 *x [(petwhich[(?x)]  mammal[(?x)])]
 @every *x [(resultofthi[(?x)]  thatsomemammalnotfeline[(?x)])]
]"," (felinethat(x) , alsopet(x))
  (petwhich(x) , mammal(x))
 forall (resultofthi(x) -: thatsomemammalnotfeline(x))
",+(+F1++A1)+(+P1++M1)-(+R0-+T0),"x (felinethat(x) & alsopet(x))
 x (petwhich(x) & mammal(x))
 all:x (resultofthi(x) :- thatsomemammalnotfeline(x))
",categorical
4a0e2133-b509-468a-8d8c-93362fc9cc82,Every single tree is a thing that is alive. Anything that is a plant is alive. At least one plant is a tree.,False,True,"∀x (SingleTree(x) → ThingThatAlive(x))
 ∀x (AnythingThat(x) → PlantAlive(x))
 ∀x (AtLeastOnePlant(x) → Tree(x))
","forall x (singletree(x) implies thingthatalive(x))
 forall x (anythingthat(x) implies plantalive(x))
 forall x (atleastoneplant(x) implies tree(x))
","[@every *x [(singletree[(?x)]  thingthatalive[(?x)])]
 @every *x [(anythingthat[(?x)]  plantalive[(?x)])]
 @every *x [(atleastoneplant[(?x)]  tree[(?x)])]
]","forall (singletree(x) -: thingthatalive(x))
 forall (anythingthat(x) -: plantalive(x))
 forall (atleastoneplant(x) -: tree(x))
",-(+S0-+T0)-(+A0-+P0)-(+A0-+T0),"all:x (singletree(x) :- thingthatalive(x))
 all:x (anythingthat(x) :- plantalive(x))
 all:x (atleastoneplant(x) :- tree(x))
",categorical
b3396042-e3fe-4bcb-9cc3-0281c8e0a856,"All things that are tigers are felines. All tigers are mammals. Therefore, some animals that are mammals are not felines.",False,True,"∀x (ThingThat(x) → TigerFeline(x))
 ∀x (Tiger(x) → Mammal(x))
 ∀x (SomeAnimalThat(x) → MammalNotFeline(x))
","forall x (thingthat(x) implies tigerfeline(x))
 forall x (tiger(x) implies mammal(x))
 forall x (someanimalthat(x) implies mammalnotfeline(x))
","[@every *x [(thingthat[(?x)]  tigerfeline[(?x)])]
 @every *x [(tiger[(?x)]  mammal[(?x)])]
 @every *x [(someanimalthat[(?x)]  mammalnotfeline[(?x)])]
]","forall (thingthat(x) -: tigerfeline(x))
 forall (tiger(x) -: mammal(x))
 forall (someanimalthat(x) -: mammalnotfeline(x))
",-(+T0-+T0)-(+T0-+M0)-(+S0-+M0),"all:x (thingthat(x) :- tigerfeline(x))
 all:x (tiger(x) :- mammal(x))
 all:x (someanimalthat(x) :- mammalnotfeline(x))
",categorical
d55b879b-3633-419a-8b27-6a4704f0d118,"It is true that there are some individuals who are musicians who are not pianists. Every musician is an artist. From these two facts, one can conclude that some artists are not pianists.",True,True,"∃x (IndividualWho(x) ∧ MusicianWhoNotPianistEveryMusicianAnArtistFromTheseTwoFactOneCanConcludeThatSomeArtistNotPianist(x))
","exists x (individualwho(x) and musicianwhonotpianisteverymusiciananartistfromthesetwofactonecanconcludethatsomeartistnotpianist(x))
","[*x [(individualwho[(?x)]  musicianwhonotpianisteverymusiciananartistfromthesetwofactonecanconcludethatsomeartistnotpianist[(?x)])]
]"," (individualwho(x) , musicianwhonotpianisteverymusiciananartistfromthesetwofactonecanconcludethatsomeartistnotpianist(x))
",+(+I1++M1),"x (individualwho(x) & musicianwhonotpianisteverymusiciananartistfromthesetwofactonecanconcludethatsomeartistnotpianist(x))
",categorical
0e536e76-40a1-4af6-b344-b2e04598d3bc,Every novel is a work of fiction. No work of fiction is a news article. It is thus the case that no news article is a novel.,True,True,"∀x (Novel(x) → WorkOfFiction(x))
 ∀x (Work(x) → ¬OfFictionANewArticle(x))
 ∀x (It(x) → Thing(x))
 ∀x (CaseThatNoNewArticle(x) → Novel(x))
","forall x (novel(x) implies workoffiction(x))
 forall x (work(x) implies not offictionanewarticle(x))
 forall x (it(x) implies thing(x))
 forall x (casethatnonewarticle(x) implies novel(x))
","[@every *x [(novel[(?x)]  workoffiction[(?x)])]
 @every *x [(work[(?x)]  ~offictionanewarticle[(?x)])]
 @every *x [(it[(?x)]  thing[(?x)])]
 @every *x [(casethatnonewarticle[(?x)]  novel[(?x)])]
]","forall (novel(x) -: workoffiction(x))
 forall (work(x) -: notoffictionanewarticle(x))
 forall (it(x) -: thing(x))
 forall (casethatnonewarticle(x) -: novel(x))
",-(+N0-+W0)-(+W0--+O0)-(+I0-+T0)-(+C0-+N0),"all:x (novel(x) :- workoffiction(x))
 all:x (work(x) :- ~offictionanewarticle(x))
 all:x (it(x) :- thing(x))
 all:x (casethatnonewarticle(x) :- novel(x))
",categorical
f6b85a4a-31b9-4180-b404-3890742180a2,"There is no square that is a circle. Some of the shapes are squares. Therefore, it is the case that some shapes are circles.",False,True,"∀x (There(x) → NoSquareThatACircle(x))
 ∃x (OfTheShape(x) ∧ Square(x))
 ∀x (It(x) → CaseThatSomeShapeCircle(x))
","forall x (there(x) implies nosquarethatacircle(x))
 exists x (oftheshape(x) and square(x))
 forall x (it(x) implies casethatsomeshapecircle(x))
","[@every *x [(there[(?x)]  nosquarethatacircle[(?x)])]
 *x [(oftheshape[(?x)]  square[(?x)])]
 @every *x [(it[(?x)]  casethatsomeshapecircle[(?x)])]
]","forall (there(x) -: nosquarethatacircle(x))
  (oftheshape(x) , square(x))
 forall (it(x) -: casethatsomeshapecircle(x))
",-(+T0-+N0)+(+O1++S1)-(+I0-+C0),"all:x (there(x) :- nosquarethatacircle(x))
 x (oftheshape(x) & square(x))
 all:x (it(x) :- casethatsomeshapecircle(x))
",categorical
ff2717d7-987b-4b07-b9a8-a228207e5ffa,The set of stars and the set of celestial bodies that orbit other celestial bodies are mutually exclusive. Nothing that is a planet is a celestial body that orbits another celestial body. The entire group of planets consists of stars.,False,False,"∀x (SetOfStarAndTheSetOfCelestialBodieThatOrbitOtherCelestialBodie(x) → MutuallyExclusive(x))
 ∀x (NothingThat(x) → PlanetACelestialBodyThatOrbitAnotherCelestialBody(x))
 ∀x (EntireGroupOfPlanetCon(x) → TsOfStar(x))
","forall x (setofstarandthesetofcelestialbodiethatorbitothercelestialbodie(x) implies mutuallyexclusive(x))
 forall x (nothingthat(x) implies planetacelestialbodythatorbitanothercelestialbody(x))
 forall x (entiregroupofplanetcon(x) implies tsofstar(x))
","[@every *x [(setofstarandthesetofcelestialbodiethatorbitothercelestialbodie[(?x)]  mutuallyexclusive[(?x)])]
 @every *x [(nothingthat[(?x)]  planetacelestialbodythatorbitanothercelestialbody[(?x)])]
 @every *x [(entiregroupofplanetcon[(?x)]  tsofstar[(?x)])]
]","forall (setofstarandthesetofcelestialbodiethatorbitothercelestialbodie(x) -: mutuallyexclusive(x))
 forall (nothingthat(x) -: planetacelestialbodythatorbitanothercelestialbody(x))
 forall (entiregroupofplanetcon(x) -: tsofstar(x))
",-(+S0-+M0)-(+N0-+P0)-(+E0-+T0),"all:x (setofstarandthesetofcelestialbodiethatorbitothercelestialbodie(x) :- mutuallyexclusive(x))
 all:x (nothingthat(x) :- planetacelestialbodythatorbitanothercelestialbody(x))
 all:x (entiregroupofplanetcon(x) :- tsofstar(x))
",categorical
f2b6985a-8b9d-47a2-8707-5e50b8348639,"There is not a single tree that is a shrub. It is known that some oaks are trees. Consequently, some oaks are not shrubs.",True,True,"∀x (There(x) → NotASingleTreeThatAShrub(x))
 ∀x (It(x) → KnownThatSomeOakTree(x))
 ∀x (SomeOak(x) → NotShrub(x))
","forall x (there(x) implies notasingletreethatashrub(x))
 forall x (it(x) implies knownthatsomeoaktree(x))
 forall x (someoak(x) implies notshrub(x))
","[@every *x [(there[(?x)]  notasingletreethatashrub[(?x)])]
 @every *x [(it[(?x)]  knownthatsomeoaktree[(?x)])]
 @every *x [(someoak[(?x)]  notshrub[(?x)])]
]","forall (there(x) -: notasingletreethatashrub(x))
 forall (it(x) -: knownthatsomeoaktree(x))
 forall (someoak(x) -: notshrub(x))
",-(+T0-+N0)-(+I0-+K0)-(+S0-+N0),"all:x (there(x) :- notasingletreethatashrub(x))
 all:x (it(x) :- knownthatsomeoaktree(x))
 all:x (someoak(x) :- notshrub(x))
",categorical
41,A subset of storage units includes anchoring devices. Every single biological tissue functions as a storage unit. Certain anchoring devices consist of biological tissues.,False,False,"∀x (SubsetOfStorageUnit(x) → SAnchoringDevice(x))
 ∀x (SingleBiologicalT(x) → SueFunctionAsAStorageUnit(x))
 ∃x (AnchoringDevice(x) ∧ BiologicalTissue(x))
","forall x (subsetofstorageunit(x) implies sanchoringdevice(x))
 forall x (singlebiologicalt(x) implies suefunctionasastorageunit(x))
 exists x (anchoringdevice(x) and biologicaltissue(x))
","[@every *x [(subsetofstorageunit[(?x)]  sanchoringdevice[(?x)])]
 @every *x [(singlebiologicalt[(?x)]  suefunctionasastorageunit[(?x)])]
 *x [(anchoringdevice[(?x)]  biologicaltissue[(?x)])]
]","forall (subsetofstorageunit(x) -: sanchoringdevice(x))
 forall (singlebiologicalt(x) -: suefunctionasastorageunit(x))
  (anchoringdevice(x) , biologicaltissue(x))
",-(+S0-+S0)-(+S0-+S0)+(+A1++B1),"all:x (subsetofstorageunit(x) :- sanchoringdevice(x))
 all:x (singlebiologicalt(x) :- suefunctionasastorageunit(x))
 x (anchoringdevice(x) & biologicaltissue(x))
",hypothetical
cc8ddde6-b7cf-408c-a0a0-92e200117c30,Nothing that is a car is a motorcycle. A few things called vehicles are identified as being cars. This proves that some vehicles are not motorcycles.,True,True,"∀x (NothingThat(x) → CarAMotorcycle(x))
 ∀x (FewThingCalledVehicle(x) → IdentifiedAsBeingCar(x))
 ∀x (ThiProveThatSomeVehicle(x) → NotMotorcycle(x))
","forall x (nothingthat(x) implies caramotorcycle(x))
 forall x (fewthingcalledvehicle(x) implies identifiedasbeingcar(x))
 forall x (thiprovethatsomevehicle(x) implies notmotorcycle(x))
","[@every *x [(nothingthat[(?x)]  caramotorcycle[(?x)])]
 @every *x [(fewthingcalledvehicle[(?x)]  identifiedasbeingcar[(?x)])]
 @every *x [(thiprovethatsomevehicle[(?x)]  notmotorcycle[(?x)])]
]","forall (nothingthat(x) -: caramotorcycle(x))
 forall (fewthingcalledvehicle(x) -: identifiedasbeingcar(x))
 forall (thiprovethatsomevehicle(x) -: notmotorcycle(x))
",-(+N0-+C0)-(+F0-+I0)-(+T0-+N0),"all:x (nothingthat(x) :- caramotorcycle(x))
 all:x (fewthingcalledvehicle(x) :- identifiedasbeingcar(x))
 all:x (thiprovethatsomevehicle(x) :- notmotorcycle(x))
",categorical
d93e9241-f9bc-43f7-b482-b395b21e086b,"It is true that no birds are fish. It is also true that no fish are plants. Therefore, no plants are birds.",False,False,"∀x (Bird(x) → ¬FishItAlsoTrueThatNoFishPlantThereforeNoPlantBird(x))
","forall x (bird(x) implies not fishitalsotruethatnofishplantthereforenoplantbird(x))
","[@every *x [(bird[(?x)]  ~fishitalsotruethatnofishplantthereforenoplantbird[(?x)])]
]","forall (bird(x) -: notfishitalsotruethatnofishplantthereforenoplantbird(x))
",-(+B0--+F0),"all:x (bird(x) :- ~fishitalsotruethatnofishplantthereforenoplantbird(x))
",categorical
d8954215-16e1-4b1a-ab2f-bb98b633712d,"There are some ideas that are made of cheese. Every single idea is an emotion. Consequently, some emotions are made of cheese.",True,False,"∃x (IdeaThat(x) ∧ MadeOfCheese(x))
 ∀x (SingleIdea(x) → Emotion(x))
 ∀x (SomeEmotion(x) → MadeOfCheese(x))
","exists x (ideathat(x) and madeofcheese(x))
 forall x (singleidea(x) implies emotion(x))
 forall x (someemotion(x) implies madeofcheese(x))
","[*x [(ideathat[(?x)]  madeofcheese[(?x)])]
 @every *x [(singleidea[(?x)]  emotion[(?x)])]
 @every *x [(someemotion[(?x)]  madeofcheese[(?x)])]
]"," (ideathat(x) , madeofcheese(x))
 forall (singleidea(x) -: emotion(x))
 forall (someemotion(x) -: madeofcheese(x))
",+(+I1++M1)-(+S0-+E0)-(+S0-+M0),"x (ideathat(x) & madeofcheese(x))
 all:x (singleidea(x) :- emotion(x))
 all:x (someemotion(x) :- madeofcheese(x))
",categorical
c0f8e211-64fb-4b10-8a12-14d0def3f5b9,"Every single liquid is wet. It is known that no sand is a liquid. Consequently, there are no things made of sand which are wet.",False,False,"∀x (SingleLiquid(x) → Wet(x))
 ∀x (It(x) → KnownThatNoSandALiquid(x))
 ∀x (There(x) → NoThingMadeOfSandWhichWet(x))
","forall x (singleliquid(x) implies wet(x))
 forall x (it(x) implies knownthatnosandaliquid(x))
 forall x (there(x) implies nothingmadeofsandwhichwet(x))
","[@every *x [(singleliquid[(?x)]  wet[(?x)])]
 @every *x [(it[(?x)]  knownthatnosandaliquid[(?x)])]
 @every *x [(there[(?x)]  nothingmadeofsandwhichwet[(?x)])]
]","forall (singleliquid(x) -: wet(x))
 forall (it(x) -: knownthatnosandaliquid(x))
 forall (there(x) -: nothingmadeofsandwhichwet(x))
",-(+S0-+W0)-(+I0-+K0)-(+T0-+N0),"all:x (singleliquid(x) :- wet(x))
 all:x (it(x) :- knownthatnosandaliquid(x))
 all:x (there(x) :- nothingmadeofsandwhichwet(x))
",categorical
8cd07a48-a1a5-408d-97ab-6827a4176f99,"Nothing that is a canine is a cat. A certain number of dogs are canines. Thus, some dogs are cats.",False,False,"∀x (NothingThat(x) → CanineACat(x))
 ∃x (Dog(x) ∧ Canine(x))
 ∀x (SomeDog(x) → Cat(x))
","forall x (nothingthat(x) implies canineacat(x))
 exists x (dog(x) and canine(x))
 forall x (somedog(x) implies cat(x))
","[@every *x [(nothingthat[(?x)]  canineacat[(?x)])]
 *x [(dog[(?x)]  canine[(?x)])]
 @every *x [(somedog[(?x)]  cat[(?x)])]
]","forall (nothingthat(x) -: canineacat(x))
  (dog(x) , canine(x))
 forall (somedog(x) -: cat(x))
",-(+N0-+C0)+(+D1++C1)-(+S0-+C0),"all:x (nothingthat(x) :- canineacat(x))
 x (dog(x) & canine(x))
 all:x (somedog(x) :- cat(x))
",categorical
4a6f96f2-f3fb-414b-88b2-ec007c595e9b,"No car is a boat. Some vehicles are not cars. Therefore, all vehicles are boats.",False,False,"∀x (Car(x) → ¬Boat(x))
 ∃x (Vehicle(x) ∧ NotCar(x))
 ∀x (AllVehicle(x) → Boat(x))
","forall x (car(x) implies not boat(x))
 exists x (vehicle(x) and notcar(x))
 forall x (allvehicle(x) implies boat(x))
","[@every *x [(car[(?x)]  ~boat[(?x)])]
 *x [(vehicle[(?x)]  notcar[(?x)])]
 @every *x [(allvehicle[(?x)]  boat[(?x)])]
]","forall (car(x) -: notboat(x))
  (vehicle(x) , notcar(x))
 forall (allvehicle(x) -: boat(x))
",-(+C0--+B0)+(+V1++N1)-(+A0-+B0),"all:x (car(x) :- ~boat(x))
 x (vehicle(x) & notcar(x))
 all:x (allvehicle(x) :- boat(x))
",categorical
75,"Every amphibian is a physician. No physician works as a medical practitioner. Consequently, no amphibian performs medical procedures.",True,False,"∀x (Amphibian(x) → Physician(x))
 ∀x (Physician(x) → ¬WorkAsAMedicalPractitioner(x))
 ∀x (NoAmphibianPerformMedicalProcedure(x))
","forall x (amphibian(x) implies physician(x))
 forall x (physician(x) implies not workasamedicalpractitioner(x))
 forall x (noamphibianperformmedicalprocedure(x))
","[@every *x [(amphibian[(?x)]  physician[(?x)])]
 @every *x [(physician[(?x)]  ~workasamedicalpractitioner[(?x)])]
 @every *x [(noamphibianperformmedicalprocedure[(?x)])]
]","forall (amphibian(x) -: physician(x))
 forall (physician(x) -: notworkasamedicalpractitioner(x))
 forall (noamphibianperformmedicalprocedure(x))
",-(+A0-+P0)-(+P0--+W0)-(+N0),"all:x (amphibian(x) :- physician(x))
 all:x (physician(x) :- ~workasamedicalpractitioner(x))
 all:x (noamphibianperformmedicalprocedure(x))
",categorical
6174dafb-949c-4bfa-8056-f3ba35a3a47f,Nothing that is a liquid is H2O. All water is H2O. It can be deduced that some water is not liquid.,True,False,"∀x (NothingThat(x) → LiquidH2o(x))
 ∀x (Water(x) → H2o(x))
 ∀x (ItCanBeDeducedThatSomeWater(x) → NotLiquid(x))
","forall x (nothingthat(x) implies liquidh2o(x))
 forall x (water(x) implies h2o(x))
 forall x (itcanbededucedthatsomewater(x) implies notliquid(x))
","[@every *x [(nothingthat[(?x)]  liquidh2o[(?x)])]
 @every *x [(water[(?x)]  h2o[(?x)])]
 @every *x [(itcanbededucedthatsomewater[(?x)]  notliquid[(?x)])]
]","forall (nothingthat(x) -: liquidh2o(x))
 forall (water(x) -: h2o(x))
 forall (itcanbededucedthatsomewater(x) -: notliquid(x))
",-(+N0-+L0)-(+W0-+H0)-(+I0-+N0),"all:x (nothingthat(x) :- liquidh2o(x))
 all:x (water(x) :- h2o(x))
 all:x (itcanbededucedthatsomewater(x) :- notliquid(x))
",categorical
cc170ddf-ad97-48d0-aa6f-ec21373c1c9c,"There are no things which are animals that are plants. Everything that is a tree is a plant. Consequently, there exist some trees which are not animals.",True,True,"∃x (NoThingWhich(x) ∧ AnimalThatPlant(x))
 ∀x (EverythingThat(x) → TreeAPlant(x))
 ∀x (ThereExistSomeTreeWhich(x) → NotAnimal(x))
","exists x (nothingwhich(x) and animalthatplant(x))
 forall x (everythingthat(x) implies treeaplant(x))
 forall x (thereexistsometreewhich(x) implies notanimal(x))
","[*x [(nothingwhich[(?x)]  animalthatplant[(?x)])]
 @every *x [(everythingthat[(?x)]  treeaplant[(?x)])]
 @every *x [(thereexistsometreewhich[(?x)]  notanimal[(?x)])]
]"," (nothingwhich(x) , animalthatplant(x))
 forall (everythingthat(x) -: treeaplant(x))
 forall (thereexistsometreewhich(x) -: notanimal(x))
",+(+N1++A1)-(+E0-+T0)-(+T0-+N0),"x (nothingwhich(x) & animalthatplant(x))
 all:x (everythingthat(x) :- treeaplant(x))
 all:x (thereexistsometreewhich(x) :- notanimal(x))
",categorical
31792188-56c1-4948-89de-1b72940f1e44,Every car is a vehicle. Nothing that is a building can be considered a vehicle. There are some buildings that do not fit the description of a car.,True,True,"∀x (Car(x) → Vehicle(x))
 ∀x (NothingThat(x) → BuildingCanBeConsideredAVehicle(x))
 ∀x (There(x) → BuildingThatDoNotFitTheDescriptionOfACar(x))
","forall x (car(x) implies vehicle(x))
 forall x (nothingthat(x) implies buildingcanbeconsideredavehicle(x))
 forall x (there(x) implies buildingthatdonotfitthedescriptionofacar(x))
","[@every *x [(car[(?x)]  vehicle[(?x)])]
 @every *x [(nothingthat[(?x)]  buildingcanbeconsideredavehicle[(?x)])]
 @every *x [(there[(?x)]  buildingthatdonotfitthedescriptionofacar[(?x)])]
]","forall (car(x) -: vehicle(x))
 forall (nothingthat(x) -: buildingcanbeconsideredavehicle(x))
 forall (there(x) -: buildingthatdonotfitthedescriptionofacar(x))
",-(+C0-+V0)-(+N0-+B0)-(+T0-+B0),"all:x (car(x) :- vehicle(x))
 all:x (nothingthat(x) :- buildingcanbeconsideredavehicle(x))
 all:x (there(x) :- buildingthatdonotfitthedescriptionofacar(x))
",categorical
67c048fb-e79b-4267-b6cc-5605a1b92810,"Every single book is a planet. Every single book is furniture. Therefore, there are pieces of furniture that are planets.",True,False,"∀x (SingleBook(x) → Planet(x))
 ∀x (SingleBook(x) → Furniture(x))
 ∀x (There(x) → PieceOfFurnitureThatPlanet(x))
","forall x (singlebook(x) implies planet(x))
 forall x (singlebook(x) implies furniture(x))
 forall x (there(x) implies pieceoffurniturethatplanet(x))
","[@every *x [(singlebook[(?x)]  planet[(?x)])]
 @every *x [(singlebook[(?x)]  furniture[(?x)])]
 @every *x [(there[(?x)]  pieceoffurniturethatplanet[(?x)])]
]","forall (singlebook(x) -: planet(x))
 forall (singlebook(x) -: furniture(x))
 forall (there(x) -: pieceoffurniturethatplanet(x))
",-(+S0-+P0)-(+S0-+F0)-(+T0-+P0),"all:x (singlebook(x) :- planet(x))
 all:x (singlebook(x) :- furniture(x))
 all:x (there(x) :- pieceoffurniturethatplanet(x))
",hypothetical
535b8c6e-ffc6-43f1-8660-73b8877862cd,"Every single dog is a mammal. There are no dogs that are fish. Therefore, there are no fish that are mammals.",False,True,"∀x (SingleDog(x) → Mammal(x))
 ∃x (NoDogThat(x) ∧ Fish(x))
 ∀x (There(x) → NoFishThatMammal(x))
","forall x (singledog(x) implies mammal(x))
 exists x (nodogthat(x) and fish(x))
 forall x (there(x) implies nofishthatmammal(x))
","[@every *x [(singledog[(?x)]  mammal[(?x)])]
 *x [(nodogthat[(?x)]  fish[(?x)])]
 @every *x [(there[(?x)]  nofishthatmammal[(?x)])]
]","forall (singledog(x) -: mammal(x))
  (nodogthat(x) , fish(x))
 forall (there(x) -: nofishthatmammal(x))
",-(+S0-+M0)+(+N1++F1)-(+T0-+N0),"all:x (singledog(x) :- mammal(x))
 x (nodogthat(x) & fish(x))
 all:x (there(x) :- nofishthatmammal(x))
",categorical
d391cce1-9ad3-4ef0-8549-6f19e2d96d90,"It is the case that every single book weighs a ton. A portion of novels are books. Consequently, some novels weigh a ton.",True,False,"∀x (It(x) → CaseThatEverySingleBookWeighATon(x))
 ∃x (Novel(x) ∧ Book(x))
 ∀x (SomeNovelWeighATon(x))
","forall x (it(x) implies casethateverysinglebookweighaton(x))
 exists x (novel(x) and book(x))
 forall x (somenovelweighaton(x))
","[@every *x [(it[(?x)]  casethateverysinglebookweighaton[(?x)])]
 *x [(novel[(?x)]  book[(?x)])]
 @every *x [(somenovelweighaton[(?x)])]
]","forall (it(x) -: casethateverysinglebookweighaton(x))
  (novel(x) , book(x))
 forall (somenovelweighaton(x))
",-(+I0-+C0)+(+N1++B1)-(+S0),"all:x (it(x) :- casethateverysinglebookweighaton(x))
 x (novel(x) & book(x))
 all:x (somenovelweighaton(x))
",categorical
dd900a56-5956-4be4-aacd-69f465bf602f,Not a single man is a woman. It is also true that no adult is a man. It follows that no adult is a woman.,False,False,"∀x (Man(x) → ¬Woman(x))
 ∀x (It(x) → AlsoTrueThatNoAdultAMan(x))
 ∀x (Adult(x) → ¬Woman(x))
","forall x (man(x) implies not woman(x))
 forall x (it(x) implies alsotruethatnoadultaman(x))
 forall x (adult(x) implies not woman(x))
","[@every *x [(man[(?x)]  ~woman[(?x)])]
 @every *x [(it[(?x)]  alsotruethatnoadultaman[(?x)])]
 @every *x [(adult[(?x)]  ~woman[(?x)])]
]","forall (man(x) -: notwoman(x))
 forall (it(x) -: alsotruethatnoadultaman(x))
 forall (adult(x) -: notwoman(x))
",-(+M0--+W0)-(+I0-+A0)-(+A0--+W0),"all:x (man(x) :- ~woman(x))
 all:x (it(x) :- alsotruethatnoadultaman(x))
 all:x (adult(x) :- ~woman(x))
",categorical
349c7b91-ee3d-4f96-af31-4d00249e65cc,"It is the case that no cats are dogs. It is also true that no birds are cats. Thus, it can be concluded that some birds are dogs.",False,True,"∀x (It(x) → CaseThatNoCatDog(x))
 ∀x (It(x) → AlsoTrueThatNoBirdCat(x))
 ∀x (ItCanBeConcludedThatSomeBird(x) → Dog(x))
","forall x (it(x) implies casethatnocatdog(x))
 forall x (it(x) implies alsotruethatnobirdcat(x))
 forall x (itcanbeconcludedthatsomebird(x) implies dog(x))
","[@every *x [(it[(?x)]  casethatnocatdog[(?x)])]
 @every *x [(it[(?x)]  alsotruethatnobirdcat[(?x)])]
 @every *x [(itcanbeconcludedthatsomebird[(?x)]  dog[(?x)])]
]","forall (it(x) -: casethatnocatdog(x))
 forall (it(x) -: alsotruethatnobirdcat(x))
 forall (itcanbeconcludedthatsomebird(x) -: dog(x))
",-(+I0-+C0)-(+I0-+A0)-(+I0-+D0),"all:x (it(x) :- casethatnocatdog(x))
 all:x (it(x) :- alsotruethatnobirdcat(x))
 all:x (itcanbeconcludedthatsomebird(x) :- dog(x))
",categorical
b4236af0-41a4-4acf-8f97-493fe6280b37,Anything that is a square is a shape that is round. Every single triangle is a square. This means that all triangles are round.,True,False,"∀x (AnythingThat(x) → SquareAShapeThatRound(x))
 ∀x (SingleTriangle(x) → Square(x))
 ∀x (ThiMeanThatAllTriangle(x) → Round(x))
","forall x (anythingthat(x) implies squareashapethatround(x))
 forall x (singletriangle(x) implies square(x))
 forall x (thimeanthatalltriangle(x) implies round(x))
","[@every *x [(anythingthat[(?x)]  squareashapethatround[(?x)])]
 @every *x [(singletriangle[(?x)]  square[(?x)])]
 @every *x [(thimeanthatalltriangle[(?x)]  round[(?x)])]
]","forall (anythingthat(x) -: squareashapethatround(x))
 forall (singletriangle(x) -: square(x))
 forall (thimeanthatalltriangle(x) -: round(x))
",-(+A0-+S0)-(+S0-+S0)-(+T0-+R0),"all:x (anythingthat(x) :- squareashapethatround(x))
 all:x (singletriangle(x) :- square(x))
 all:x (thimeanthatalltriangle(x) :- round(x))
",categorical
98252dfa-fc4f-4882-b126-5929bce03dad,There is not a single item that is a car and also a truck. A subset of vehicles consists of trucks. It can be deduced that some vehicles are not cars.,True,True,"∀x (There(x) → NotASingleItemThatACarAndAlsoATruck(x))
 ∃x (Vehicle(x) ∧ Truck(x))
 ∀x (ItCanBeDeducedThatSomeVehicle(x) → NotCar(x))
","forall x (there(x) implies notasingleitemthatacarandalsoatruck(x))
 exists x (vehicle(x) and truck(x))
 forall x (itcanbededucedthatsomevehicle(x) implies notcar(x))
","[@every *x [(there[(?x)]  notasingleitemthatacarandalsoatruck[(?x)])]
 *x [(vehicle[(?x)]  truck[(?x)])]
 @every *x [(itcanbededucedthatsomevehicle[(?x)]  notcar[(?x)])]
]","forall (there(x) -: notasingleitemthatacarandalsoatruck(x))
  (vehicle(x) , truck(x))
 forall (itcanbededucedthatsomevehicle(x) -: notcar(x))
",-(+T0-+N0)+(+V1++T1)-(+I0-+N0),"all:x (there(x) :- notasingleitemthatacarandalsoatruck(x))
 x (vehicle(x) & truck(x))
 all:x (itcanbededucedthatsomevehicle(x) :- notcar(x))
",categorical
af093ce5-5c2e-4190-8421-5cbf7e6fef3d,Any fruit is a food. It is the case that no apple is a food. This means that no apple is a fruit.,True,False,"∀x (Fruit(x) → Food(x))
 ∀x (It(x) → CaseThatNoAppleAFood(x))
 ∀x (ThiMeanThatNoApple(x) → Fruit(x))
","forall x (fruit(x) implies food(x))
 forall x (it(x) implies casethatnoappleafood(x))
 forall x (thimeanthatnoapple(x) implies fruit(x))
","[@every *x [(fruit[(?x)]  food[(?x)])]
 @every *x [(it[(?x)]  casethatnoappleafood[(?x)])]
 @every *x [(thimeanthatnoapple[(?x)]  fruit[(?x)])]
]","forall (fruit(x) -: food(x))
 forall (it(x) -: casethatnoappleafood(x))
 forall (thimeanthatnoapple(x) -: fruit(x))
",-(+F0-+F0)-(+I0-+C0)-(+T0-+F0),"all:x (fruit(x) :- food(x))
 all:x (it(x) :- casethatnoappleafood(x))
 all:x (thimeanthatnoapple(x) :- fruit(x))
",categorical
9f443de1-8727-4b33-9dcc-20936c3cdb7e,It is not true that any ocean is a continent. Every single thing that is an ocean named Pacific is an ocean. This means some oceans named Pacific are not continents.,True,True,"∀x (It(x) → NotTrueThatAnyOceanAContinent(x))
 ∀x (SingleThingThat(x) → OceanNamedPacificAnOcean(x))
 ∀x (ThiMeanSomeOceanNamedPacific(x) → NotContinent(x))
","forall x (it(x) implies nottruethatanyoceanacontinent(x))
 forall x (singlethingthat(x) implies oceannamedpacificanocean(x))
 forall x (thimeansomeoceannamedpacific(x) implies notcontinent(x))
","[@every *x [(it[(?x)]  nottruethatanyoceanacontinent[(?x)])]
 @every *x [(singlethingthat[(?x)]  oceannamedpacificanocean[(?x)])]
 @every *x [(thimeansomeoceannamedpacific[(?x)]  notcontinent[(?x)])]
]","forall (it(x) -: nottruethatanyoceanacontinent(x))
 forall (singlethingthat(x) -: oceannamedpacificanocean(x))
 forall (thimeansomeoceannamedpacific(x) -: notcontinent(x))
",-(+I0-+N0)-(+S0-+O0)-(+T0-+N0),"all:x (it(x) :- nottruethatanyoceanacontinent(x))
 all:x (singlethingthat(x) :- oceannamedpacificanocean(x))
 all:x (thimeansomeoceannamedpacific(x) :- notcontinent(x))
",categorical
c81d6f35-5656-4c9e-8e8c-bd50cbc341e5,There are no plants that can be called trees. It is also true that every plant is a type of vegetable. This has led to the conclusion that every vegetable is a tree.,False,False,"∀x (There(x) → NoPlantThatCanBeCalledTree(x))
 ∀x (It(x) → AlsoTrueThatEveryPlantATypeOfVegetable(x))
 ∀x (ThiHasLedToTheConclusionThatEveryVegetable(x) → Tree(x))
","forall x (there(x) implies noplantthatcanbecalledtree(x))
 forall x (it(x) implies alsotruethateveryplantatypeofvegetable(x))
 forall x (thihasledtotheconclusionthateveryvegetable(x) implies tree(x))
","[@every *x [(there[(?x)]  noplantthatcanbecalledtree[(?x)])]
 @every *x [(it[(?x)]  alsotruethateveryplantatypeofvegetable[(?x)])]
 @every *x [(thihasledtotheconclusionthateveryvegetable[(?x)]  tree[(?x)])]
]","forall (there(x) -: noplantthatcanbecalledtree(x))
 forall (it(x) -: alsotruethateveryplantatypeofvegetable(x))
 forall (thihasledtotheconclusionthateveryvegetable(x) -: tree(x))
",-(+T0-+N0)-(+I0-+A0)-(+T0-+T0),"all:x (there(x) :- noplantthatcanbecalledtree(x))
 all:x (it(x) :- alsotruethateveryplantatypeofvegetable(x))
 all:x (thihasledtotheconclusionthateveryvegetable(x) :- tree(x))
",categorical
1fcd8f80-1760-4051-9181-025b909589cf,There are no fish that are mammals. No cats are considered fish. Some felines are not mammals.,False,True,"∃x (NoFishThat(x) ∧ Mammal(x))
 ∀x (Cat(x) → ¬ConsideredFish(x))
 ∃x (Feline(x) ∧ NotMammal(x))
","exists x (nofishthat(x) and mammal(x))
 forall x (cat(x) implies not consideredfish(x))
 exists x (feline(x) and notmammal(x))
","[*x [(nofishthat[(?x)]  mammal[(?x)])]
 @every *x [(cat[(?x)]  ~consideredfish[(?x)])]
 *x [(feline[(?x)]  notmammal[(?x)])]
]"," (nofishthat(x) , mammal(x))
 forall (cat(x) -: notconsideredfish(x))
  (feline(x) , notmammal(x))
",+(+N1++M1)-(+C0--+C0)+(+F1++N1),"x (nofishthat(x) & mammal(x))
 all:x (cat(x) :- ~consideredfish(x))
 x (feline(x) & notmammal(x))
",categorical
5663e778-8153-48c2-83b3-c559449cfb13,Nothing that is a robot is an organic being. Every single person who is a human is an organic being. It follows from this that there are a number of humans who are not robots.,True,True,"∀x (NothingThat(x) → RobotAnOrganicBeing(x))
 ∀x (SinglePersonWho(x) → HumanAnOrganicBeing(x))
 ∀x (FromThiThatThere(x) → NumberOfHumanWhoNotRobot(x))
","forall x (nothingthat(x) implies robotanorganicbeing(x))
 forall x (singlepersonwho(x) implies humananorganicbeing(x))
 forall x (fromthithatthere(x) implies numberofhumanwhonotrobot(x))
","[@every *x [(nothingthat[(?x)]  robotanorganicbeing[(?x)])]
 @every *x [(singlepersonwho[(?x)]  humananorganicbeing[(?x)])]
 @every *x [(fromthithatthere[(?x)]  numberofhumanwhonotrobot[(?x)])]
]","forall (nothingthat(x) -: robotanorganicbeing(x))
 forall (singlepersonwho(x) -: humananorganicbeing(x))
 forall (fromthithatthere(x) -: numberofhumanwhonotrobot(x))
",-(+N0-+R0)-(+S0-+H0)-(+F0-+N0),"all:x (nothingthat(x) :- robotanorganicbeing(x))
 all:x (singlepersonwho(x) :- humananorganicbeing(x))
 all:x (fromthithatthere(x) :- numberofhumanwhonotrobot(x))
",categorical
67,No mammals are rocks. All birds are rocks. Some birds are not mammals.,True,False,"∀x (Mammal(x) → ¬Rock(x))
 ∀x (Bird(x) → Rock(x))
 ∃x (Bird(x) ∧ NotMammal(x))
","forall x (mammal(x) implies not rock(x))
 forall x (bird(x) implies rock(x))
 exists x (bird(x) and notmammal(x))
","[@every *x [(mammal[(?x)]  ~rock[(?x)])]
 @every *x [(bird[(?x)]  rock[(?x)])]
 *x [(bird[(?x)]  notmammal[(?x)])]
]","forall (mammal(x) -: notrock(x))
 forall (bird(x) -: rock(x))
  (bird(x) , notmammal(x))
",-(+M0--+R0)-(+B0-+R0)+(+B1++N1),"all:x (mammal(x) :- ~rock(x))
 all:x (bird(x) :- rock(x))
 x (bird(x) & notmammal(x))
",categorical
21dd3f2c-d1a1-409f-9307-3f8a54ab5417,There is no worm that is an insect. Every worm is a bird. This leads to the conclusion that all birds are insects.,False,False,"∀x (There(x) → NoWormThatAnInsect(x))
 ∀x (Worm(x) → Bird(x))
 ∀x (ThiLeadToTheConclusionThatAllBird(x) → Insect(x))
","forall x (there(x) implies nowormthataninsect(x))
 forall x (worm(x) implies bird(x))
 forall x (thileadtotheconclusionthatallbird(x) implies insect(x))
","[@every *x [(there[(?x)]  nowormthataninsect[(?x)])]
 @every *x [(worm[(?x)]  bird[(?x)])]
 @every *x [(thileadtotheconclusionthatallbird[(?x)]  insect[(?x)])]
]","forall (there(x) -: nowormthataninsect(x))
 forall (worm(x) -: bird(x))
 forall (thileadtotheconclusionthatallbird(x) -: insect(x))
",-(+T0-+N0)-(+W0-+B0)-(+T0-+I0),"all:x (there(x) :- nowormthataninsect(x))
 all:x (worm(x) :- bird(x))
 all:x (thileadtotheconclusionthatallbird(x) :- insect(x))
",categorical
3576315f-5476-4468-8a99-94e2afb295f1,Anything that is a spoon is a form of cutlery. No cutlery items are books. This logically entails that some books are not spoons.,True,True,"∀x (AnythingThat(x) → SpoonAFormOfCutlery(x))
 ∀x (Cutlery(x) → ¬ItemBook(x))
 ∀x (ThiLogicallyEntailThatSomeBook(x) → NotSpoon(x))
","forall x (anythingthat(x) implies spoonaformofcutlery(x))
 forall x (cutlery(x) implies not itembook(x))
 forall x (thilogicallyentailthatsomebook(x) implies notspoon(x))
","[@every *x [(anythingthat[(?x)]  spoonaformofcutlery[(?x)])]
 @every *x [(cutlery[(?x)]  ~itembook[(?x)])]
 @every *x [(thilogicallyentailthatsomebook[(?x)]  notspoon[(?x)])]
]","forall (anythingthat(x) -: spoonaformofcutlery(x))
 forall (cutlery(x) -: notitembook(x))
 forall (thilogicallyentailthatsomebook(x) -: notspoon(x))
",-(+A0-+S0)-(+C0--+I0)-(+T0-+N0),"all:x (anythingthat(x) :- spoonaformofcutlery(x))
 all:x (cutlery(x) :- ~itembook(x))
 all:x (thilogicallyentailthatsomebook(x) :- notspoon(x))
",categorical
0453793d-3578-490a-a79c-35984eba5964,Any item that is a phone is a plant. There isn't a single plant that is an electronic device. This proves that no electronic device is a phone.,True,False,"∀x (ItemThat(x) → PhoneAPlant(x))
 ∀x (ThereIsntASinglePlantThat(x) → ElectronicDevice(x))
 ∀x (ThiProveThatNoElectronicDevice(x) → Phone(x))
","forall x (itemthat(x) implies phoneaplant(x))
 forall x (thereisntasingleplantthat(x) implies electronicdevice(x))
 forall x (thiprovethatnoelectronicdevice(x) implies phone(x))
","[@every *x [(itemthat[(?x)]  phoneaplant[(?x)])]
 @every *x [(thereisntasingleplantthat[(?x)]  electronicdevice[(?x)])]
 @every *x [(thiprovethatnoelectronicdevice[(?x)]  phone[(?x)])]
]","forall (itemthat(x) -: phoneaplant(x))
 forall (thereisntasingleplantthat(x) -: electronicdevice(x))
 forall (thiprovethatnoelectronicdevice(x) -: phone(x))
",-(+I0-+P0)-(+T0-+E0)-(+T0-+P0),"all:x (itemthat(x) :- phoneaplant(x))
 all:x (thereisntasingleplantthat(x) :- electronicdevice(x))
 all:x (thiprovethatnoelectronicdevice(x) :- phone(x))
",categorical
96d7a4e1-391c-4286-a7ca-7fbf1576366e,"There exist some mammals that have fur. There are some reptiles which have fur. Consequently, a number of reptiles are mammals.",False,False,"∀x (ThereEx(x) → TSomeMammalThatHaveFur(x))
 ∀x (There(x) → ReptileWhichHaveFur(x))
 ∀x (ANumberOfReptile(x) → Mammal(x))
","forall x (thereex(x) implies tsomemammalthathavefur(x))
 forall x (there(x) implies reptilewhichhavefur(x))
 forall x (anumberofreptile(x) implies mammal(x))
","[@every *x [(thereex[(?x)]  tsomemammalthathavefur[(?x)])]
 @every *x [(there[(?x)]  reptilewhichhavefur[(?x)])]
 @every *x [(anumberofreptile[(?x)]  mammal[(?x)])]
]","forall (thereex(x) -: tsomemammalthathavefur(x))
 forall (there(x) -: reptilewhichhavefur(x))
 forall (anumberofreptile(x) -: mammal(x))
",-(+T0-+T0)-(+T0-+R0)-(+A0-+M0),"all:x (thereex(x) :- tsomemammalthathavefur(x))
 all:x (there(x) :- reptilewhichhavefur(x))
 all:x (anumberofreptile(x) :- mammal(x))
",categorical
286eaae9-9661-46d3-9bce-ad2ccd9ec762,Anything that is a bird is a flying creature. Every single thing that is a bat is a flying creature. This means that every single bat is a bird.,False,False,"∀x (AnythingThat(x) → BirdAFlyingCreature(x))
 ∀x (SingleThingThat(x) → BatAFlyingCreature(x))
 ∀x (ThiMeanThatEverySingleBat(x) → Bird(x))
","forall x (anythingthat(x) implies birdaflyingcreature(x))
 forall x (singlethingthat(x) implies bataflyingcreature(x))
 forall x (thimeanthateverysinglebat(x) implies bird(x))
","[@every *x [(anythingthat[(?x)]  birdaflyingcreature[(?x)])]
 @every *x [(singlethingthat[(?x)]  bataflyingcreature[(?x)])]
 @every *x [(thimeanthateverysinglebat[(?x)]  bird[(?x)])]
]","forall (anythingthat(x) -: birdaflyingcreature(x))
 forall (singlethingthat(x) -: bataflyingcreature(x))
 forall (thimeanthateverysinglebat(x) -: bird(x))
",-(+A0-+B0)-(+S0-+B0)-(+T0-+B0),"all:x (anythingthat(x) :- birdaflyingcreature(x))
 all:x (singlethingthat(x) :- bataflyingcreature(x))
 all:x (thimeanthateverysinglebat(x) :- bird(x))
",categorical
2ae9a652-1291-412b-b435-33983a7f6313,"It is not true that any dog is a cat. A certain number of golden retrievers are found to be dogs. Thus, some golden retrievers are not cats.",True,True,"∀x (It(x) → NotTrueThatAnyDogACat(x))
 ∃x (GoldenRetriever(x) ∧ FoundToBeDog(x))
 ∀x (SomeGoldenRetriever(x) → NotCat(x))
","forall x (it(x) implies nottruethatanydogacat(x))
 exists x (goldenretriever(x) and foundtobedog(x))
 forall x (somegoldenretriever(x) implies notcat(x))
","[@every *x [(it[(?x)]  nottruethatanydogacat[(?x)])]
 *x [(goldenretriever[(?x)]  foundtobedog[(?x)])]
 @every *x [(somegoldenretriever[(?x)]  notcat[(?x)])]
]","forall (it(x) -: nottruethatanydogacat(x))
  (goldenretriever(x) , foundtobedog(x))
 forall (somegoldenretriever(x) -: notcat(x))
",-(+I0-+N0)+(+G1++F1)-(+S0-+N0),"all:x (it(x) :- nottruethatanydogacat(x))
 x (goldenretriever(x) & foundtobedog(x))
 all:x (somegoldenretriever(x) :- notcat(x))
",categorical
14973340-3381-49f3-9dcd-3805c7a419bc,It is true that every single book is invisible. Anything that is invisible is also poisonous. This means that a few poisonous things are books.,True,False,"∀x (SingleBook(x) → InvisibleAnythingThatInvisibleAlsoPoisonouThiMeanThatAFewPoisonouThingBook(x))
","forall x (singlebook(x) implies invisibleanythingthatinvisiblealsopoisonouthimeanthatafewpoisonouthingbook(x))
","[@every *x [(singlebook[(?x)]  invisibleanythingthatinvisiblealsopoisonouthimeanthatafewpoisonouthingbook[(?x)])]
]","forall (singlebook(x) -: invisibleanythingthatinvisiblealsopoisonouthimeanthatafewpoisonouthingbook(x))
",-(+S0-+I0),"all:x (singlebook(x) :- invisibleanythingthatinvisiblealsopoisonouthimeanthatafewpoisonouthingbook(x))
",categorical
69678d2f-3489-4408-9179-f342e58e4fc1,Every car is a vehicle. At least one motorized vehicle is not a vehicle. There is at least one motorized vehicle that is not a car.,False,False,"∀x (Car(x) → Vehicle(x))
 ∀x (AtLeastOneMotorizedVehicle(x) → NotAVehicle(x))
 ∀x (There(x) → AtLeastOneMotorizedVehicleThatNotACar(x))
","forall x (car(x) implies vehicle(x))
 forall x (atleastonemotorizedvehicle(x) implies notavehicle(x))
 forall x (there(x) implies atleastonemotorizedvehiclethatnotacar(x))
","[@every *x [(car[(?x)]  vehicle[(?x)])]
 @every *x [(atleastonemotorizedvehicle[(?x)]  notavehicle[(?x)])]
 @every *x [(there[(?x)]  atleastonemotorizedvehiclethatnotacar[(?x)])]
]","forall (car(x) -: vehicle(x))
 forall (atleastonemotorizedvehicle(x) -: notavehicle(x))
 forall (there(x) -: atleastonemotorizedvehiclethatnotacar(x))
",-(+C0-+V0)-(+A0-+N0)-(+T0-+A0),"all:x (car(x) :- vehicle(x))
 all:x (atleastonemotorizedvehicle(x) :- notavehicle(x))
 all:x (there(x) :- atleastonemotorizedvehiclethatnotacar(x))
",categorical
f2a9e4e1-a969-436f-877c-bb605fb7c62e,"It is not the case that every huma is a man. Every single man is a human. From this, it follows that some humans are living beings.",False,True,"∀x (It(x) → NotTheCaseThatEveryHumaAMan(x))
 ∀x (SingleMan(x) → Human(x))
 ∀x (FromTh(x) → Thing(x))
 ∃x (Human(x) ∧ LivingBeing(x))
","forall x (it(x) implies notthecasethateveryhumaaman(x))
 forall x (singleman(x) implies human(x))
 forall x (fromth(x) implies thing(x))
 exists x (human(x) and livingbeing(x))
","[@every *x [(it[(?x)]  notthecasethateveryhumaaman[(?x)])]
 @every *x [(singleman[(?x)]  human[(?x)])]
 @every *x [(fromth[(?x)]  thing[(?x)])]
 *x [(human[(?x)]  livingbeing[(?x)])]
]","forall (it(x) -: notthecasethateveryhumaaman(x))
 forall (singleman(x) -: human(x))
 forall (fromth(x) -: thing(x))
  (human(x) , livingbeing(x))
",-(+I0-+N0)-(+S0-+H0)-(+F0-+T0)+(+H1++L1),"all:x (it(x) :- notthecasethateveryhumaaman(x))
 all:x (singleman(x) :- human(x))
 all:x (fromth(x) :- thing(x))
 x (human(x) & livingbeing(x))
",categorical
371da820-c909-468d-a7d8-333db7019688,"It is the case that no two-wheeled item is a vehicle. A certain number of bicycles can be found among two-wheeled items. Therefore, a number of bicycles do not belong to the category of vehicles.",True,False,"∀x (It(x) → CaseThatNoTwowheeledItemAVehicle(x))
 ∀x (CertainNumberOfBicycleCanBeFoundAmongTwowheeledItem(x))
 ∀x (ANumberOfBicycleDoNot(x) → CategoryOfVehicle(x))
","forall x (it(x) implies casethatnotwowheeleditemavehicle(x))
 forall x (certainnumberofbicyclecanbefoundamongtwowheeleditem(x))
 forall x (anumberofbicycledonot(x) implies categoryofvehicle(x))
","[@every *x [(it[(?x)]  casethatnotwowheeleditemavehicle[(?x)])]
 @every *x [(certainnumberofbicyclecanbefoundamongtwowheeleditem[(?x)])]
 @every *x [(anumberofbicycledonot[(?x)]  categoryofvehicle[(?x)])]
]","forall (it(x) -: casethatnotwowheeleditemavehicle(x))
 forall (certainnumberofbicyclecanbefoundamongtwowheeleditem(x))
 forall (anumberofbicycledonot(x) -: categoryofvehicle(x))
",-(+I0-+C0)-(+C0)-(+A0-+C0),"all:x (it(x) :- casethatnotwowheeleditemavehicle(x))
 all:x (certainnumberofbicyclecanbefoundamongtwowheeleditem(x))
 all:x (anumberofbicycledonot(x) :- categoryofvehicle(x))
",categorical
342ddbb4-d0f4-41d5-9fe8-b9cfa5414ee9,"Every single human is an alien. Every single human is a reptile. Therefore, there are reptiles that are aliens.",True,False,"∀x (SingleHuman(x) → Alien(x))
 ∀x (SingleHuman(x) → Reptile(x))
 ∀x (There(x) → ReptileThatAlien(x))
","forall x (singlehuman(x) implies alien(x))
 forall x (singlehuman(x) implies reptile(x))
 forall x (there(x) implies reptilethatalien(x))
","[@every *x [(singlehuman[(?x)]  alien[(?x)])]
 @every *x [(singlehuman[(?x)]  reptile[(?x)])]
 @every *x [(there[(?x)]  reptilethatalien[(?x)])]
]","forall (singlehuman(x) -: alien(x))
 forall (singlehuman(x) -: reptile(x))
 forall (there(x) -: reptilethatalien(x))
",-(+S0-+A0)-(+S0-+R0)-(+T0-+R0),"all:x (singlehuman(x) :- alien(x))
 all:x (singlehuman(x) :- reptile(x))
 all:x (there(x) :- reptilethatalien(x))
",hypothetical
7e1a1cc2-c813-4e34-9278-b6ed795138ac,Anything that is a spider is a mammal. All spiders are insects. This means that a few insects are mammals.,False,False,"∀x (AnythingThat(x) → SpiderAMammal(x))
 ∀x (Spider(x) → Insect(x))
 ∀x (ThiMeanThatAFewInsect(x) → Mammal(x))
","forall x (anythingthat(x) implies spideramammal(x))
 forall x (spider(x) implies insect(x))
 forall x (thimeanthatafewinsect(x) implies mammal(x))
","[@every *x [(anythingthat[(?x)]  spideramammal[(?x)])]
 @every *x [(spider[(?x)]  insect[(?x)])]
 @every *x [(thimeanthatafewinsect[(?x)]  mammal[(?x)])]
]","forall (anythingthat(x) -: spideramammal(x))
 forall (spider(x) -: insect(x))
 forall (thimeanthatafewinsect(x) -: mammal(x))
",-(+A0-+S0)-(+S0-+I0)-(+T0-+M0),"all:x (anythingthat(x) :- spideramammal(x))
 all:x (spider(x) :- insect(x))
 all:x (thimeanthatafewinsect(x) :- mammal(x))
",categorical
08408587-3887-4246-9d6f-7a4492ad48c7,"Anyone who is a rose is red. Some flowers are not red. From this, all flowers are roses.",False,False,"∀x (AnyoneWho(x) → RoseRed(x))
 ∃x (Flower(x) ∧ NotRed(x))
 ∀x (FromThiAllFlower(x) → Rose(x))
","forall x (anyonewho(x) implies rosered(x))
 exists x (flower(x) and notred(x))
 forall x (fromthiallflower(x) implies rose(x))
","[@every *x [(anyonewho[(?x)]  rosered[(?x)])]
 *x [(flower[(?x)]  notred[(?x)])]
 @every *x [(fromthiallflower[(?x)]  rose[(?x)])]
]","forall (anyonewho(x) -: rosered(x))
  (flower(x) , notred(x))
 forall (fromthiallflower(x) -: rose(x))
",-(+A0-+R0)+(+F1++N1)-(+F0-+R0),"all:x (anyonewho(x) :- rosered(x))
 x (flower(x) & notred(x))
 all:x (fromthiallflower(x) :- rose(x))
",categorical
dc619e1d-03de-41c4-9639-d01e174c5284,"Each bird is a vertebrate. Each bird is an animal that has wings. So, some animals with wings must be vertebrates.",True,True,"∀x (Bird(x) → Vertebrate(x))
 ∀x (Bird(x) → AnimalThatHasWing(x))
 ∀x (SoSomeAnimalWithWingMustBeVertebrate(x))
","forall x (bird(x) implies vertebrate(x))
 forall x (bird(x) implies animalthathaswing(x))
 forall x (sosomeanimalwithwingmustbevertebrate(x))
","[@every *x [(bird[(?x)]  vertebrate[(?x)])]
 @every *x [(bird[(?x)]  animalthathaswing[(?x)])]
 @every *x [(sosomeanimalwithwingmustbevertebrate[(?x)])]
]","forall (bird(x) -: vertebrate(x))
 forall (bird(x) -: animalthathaswing(x))
 forall (sosomeanimalwithwingmustbevertebrate(x))
",-(+B0-+V0)-(+B0-+A0)-(+S0),"all:x (bird(x) :- vertebrate(x))
 all:x (bird(x) :- animalthathaswing(x))
 all:x (sosomeanimalwithwingmustbevertebrate(x))
",categorical
6fd2b434-4215-415b-9e9b-5cf25fdc219f,Anything that is an insect has six legs. Every single spider is an insect. There are no spiders that do not have six legs.,False,False,"∀x (AnythingThat(x) → InsectHasSixLeg(x))
 ∀x (SingleSpider(x) → Insect(x))
 ∀x (There(x) → NoSpiderThatDoNotHaveSixLeg(x))
","forall x (anythingthat(x) implies insecthassixleg(x))
 forall x (singlespider(x) implies insect(x))
 forall x (there(x) implies nospiderthatdonothavesixleg(x))
","[@every *x [(anythingthat[(?x)]  insecthassixleg[(?x)])]
 @every *x [(singlespider[(?x)]  insect[(?x)])]
 @every *x [(there[(?x)]  nospiderthatdonothavesixleg[(?x)])]
]","forall (anythingthat(x) -: insecthassixleg(x))
 forall (singlespider(x) -: insect(x))
 forall (there(x) -: nospiderthatdonothavesixleg(x))
",-(+A0-+I0)-(+S0-+I0)-(+T0-+N0),"all:x (anythingthat(x) :- insecthassixleg(x))
 all:x (singlespider(x) :- insect(x))
 all:x (there(x) :- nospiderthatdonothavesixleg(x))
",categorical
496112d9-7a6c-4572-9956-21b646a5d0d7,Not one single insect is a six-legged arthropod. Every single item that is a bug is a six-legged arthropod. It follows from this that a portion of bugs are not insects.,True,False,"∀x (NotOneSingleInsect(x) → SixleggedArthropod(x))
 ∀x (SingleItemThat(x) → BugASixleggedArthropod(x))
 ∀x (FromThiThatAPortionOfBug(x) → NotInsect(x))
","forall x (notonesingleinsect(x) implies sixleggedarthropod(x))
 forall x (singleitemthat(x) implies bugasixleggedarthropod(x))
 forall x (fromthithataportionofbug(x) implies notinsect(x))
","[@every *x [(notonesingleinsect[(?x)]  sixleggedarthropod[(?x)])]
 @every *x [(singleitemthat[(?x)]  bugasixleggedarthropod[(?x)])]
 @every *x [(fromthithataportionofbug[(?x)]  notinsect[(?x)])]
]","forall (notonesingleinsect(x) -: sixleggedarthropod(x))
 forall (singleitemthat(x) -: bugasixleggedarthropod(x))
 forall (fromthithataportionofbug(x) -: notinsect(x))
",-(+N0-+S0)-(+S0-+B0)-(+F0-+N0),"all:x (notonesingleinsect(x) :- sixleggedarthropod(x))
 all:x (singleitemthat(x) :- bugasixleggedarthropod(x))
 all:x (fromthithataportionofbug(x) :- notinsect(x))
",categorical
3b9c1d10-9d37-4030-a1e0-7a0734ef18c3,"Anything that is a robot is a thing made of water. Every single thing made of water is a planet. From these statements, it can be concluded that some planets are robots.",True,False,"∀x (AnythingThat(x) → RobotAThingMadeOfWater(x))
 ∀x (SingleThingMadeOfWater(x) → Planet(x))
 ∀x (FromTheseStatementItCanBeConcludedThatSomePlanet(x) → Robot(x))
","forall x (anythingthat(x) implies robotathingmadeofwater(x))
 forall x (singlethingmadeofwater(x) implies planet(x))
 forall x (fromthesestatementitcanbeconcludedthatsomeplanet(x) implies robot(x))
","[@every *x [(anythingthat[(?x)]  robotathingmadeofwater[(?x)])]
 @every *x [(singlethingmadeofwater[(?x)]  planet[(?x)])]
 @every *x [(fromthesestatementitcanbeconcludedthatsomeplanet[(?x)]  robot[(?x)])]
]","forall (anythingthat(x) -: robotathingmadeofwater(x))
 forall (singlethingmadeofwater(x) -: planet(x))
 forall (fromthesestatementitcanbeconcludedthatsomeplanet(x) -: robot(x))
",-(+A0-+R0)-(+S0-+P0)-(+F0-+R0),"all:x (anythingthat(x) :- robotathingmadeofwater(x))
 all:x (singlethingmadeofwater(x) :- planet(x))
 all:x (fromthesestatementitcanbeconcludedthatsomeplanet(x) :- robot(x))
",categorical
cf153c16-caa8-4381-ba89-271ab817b327,A smartphone is a tool. Everything that is a tool is a robot. This is why every robot is a smartphone.,False,False,"∀x (Smartphone(x) → Tool(x))
 ∀x (EverythingThat(x) → ToolARobot(x))
 ∀x (Thi(x) → WhyEveryRobotASmartphone(x))
","forall x (smartphone(x) implies tool(x))
 forall x (everythingthat(x) implies toolarobot(x))
 forall x (thi(x) implies whyeveryrobotasmartphone(x))
","[@every *x [(smartphone[(?x)]  tool[(?x)])]
 @every *x [(everythingthat[(?x)]  toolarobot[(?x)])]
 @every *x [(thi[(?x)]  whyeveryrobotasmartphone[(?x)])]
]","forall (smartphone(x) -: tool(x))
 forall (everythingthat(x) -: toolarobot(x))
 forall (thi(x) -: whyeveryrobotasmartphone(x))
",-(+S0-+T0)-(+E0-+T0)-(+T0-+W0),"all:x (smartphone(x) :- tool(x))
 all:x (everythingthat(x) :- toolarobot(x))
 all:x (thi(x) :- whyeveryrobotasmartphone(x))
",hypothetical
1638fd0c-b370-4d7a-8036-97f0468e886d,"There are no shirts that are also pants. It is true that no jacket is a pair of pants. Therefore, we can conclude that a few jackets are shirts.",False,True,"∃x (NoShirtThat(x) ∧ AlsoPant(x))
 ∀x (Jacket(x) → ¬PairOfPantThereforeWeCanConcludeThatAFewJacketShirt(x))
","exists x (noshirtthat(x) and alsopant(x))
 forall x (jacket(x) implies not pairofpantthereforewecanconcludethatafewjacketshirt(x))
","[*x [(noshirtthat[(?x)]  alsopant[(?x)])]
 @every *x [(jacket[(?x)]  ~pairofpantthereforewecanconcludethatafewjacketshirt[(?x)])]
]"," (noshirtthat(x) , alsopant(x))
 forall (jacket(x) -: notpairofpantthereforewecanconcludethatafewjacketshirt(x))
",+(+N1++A1)-(+J0--+P0),"x (noshirtthat(x) & alsopant(x))
 all:x (jacket(x) :- ~pairofpantthereforewecanconcludethatafewjacketshirt(x))
",categorical
dc5e8a17-f9ee-4f1c-a6e1-e55e3893609d,All things which are ghosts are scientific facts. All things which are ghosts are mythical beings. It follows that some mythical beings are scientific facts.,True,False,"∀x (ThingWhich(x) → GhostScientificFact(x))
 ∀x (ThingWhich(x) → GhostMythicalBeing(x))
 ∃x (MythicalBeing(x) ∧ ScientificFact(x))
","forall x (thingwhich(x) implies ghostscientificfact(x))
 forall x (thingwhich(x) implies ghostmythicalbeing(x))
 exists x (mythicalbeing(x) and scientificfact(x))
","[@every *x [(thingwhich[(?x)]  ghostscientificfact[(?x)])]
 @every *x [(thingwhich[(?x)]  ghostmythicalbeing[(?x)])]
 *x [(mythicalbeing[(?x)]  scientificfact[(?x)])]
]","forall (thingwhich(x) -: ghostscientificfact(x))
 forall (thingwhich(x) -: ghostmythicalbeing(x))
  (mythicalbeing(x) , scientificfact(x))
",-(+T0-+G0)-(+T0-+G0)+(+M1++S1),"all:x (thingwhich(x) :- ghostscientificfact(x))
 all:x (thingwhich(x) :- ghostmythicalbeing(x))
 x (mythicalbeing(x) & scientificfact(x))
",categorical
715d4b07-8fea-458e-9a03-b127a0a18ea5,There isn't a single car that is a two-wheeled vehicle. Everything that is a bicycle is a two-wheeled vehicle. This proves that some bicycles are not cars.,True,True,"∀x (ThereIsntASingleCarThat(x) → TwowheeledVehicle(x))
 ∀x (EverythingThat(x) → BicycleATwowheeledVehicle(x))
 ∀x (ThiProveThatSomeBicycle(x) → NotCar(x))
","forall x (thereisntasinglecarthat(x) implies twowheeledvehicle(x))
 forall x (everythingthat(x) implies bicycleatwowheeledvehicle(x))
 forall x (thiprovethatsomebicycle(x) implies notcar(x))
","[@every *x [(thereisntasinglecarthat[(?x)]  twowheeledvehicle[(?x)])]
 @every *x [(everythingthat[(?x)]  bicycleatwowheeledvehicle[(?x)])]
 @every *x [(thiprovethatsomebicycle[(?x)]  notcar[(?x)])]
]","forall (thereisntasinglecarthat(x) -: twowheeledvehicle(x))
 forall (everythingthat(x) -: bicycleatwowheeledvehicle(x))
 forall (thiprovethatsomebicycle(x) -: notcar(x))
",-(+T0-+T0)-(+E0-+B0)-(+T0-+N0),"all:x (thereisntasinglecarthat(x) :- twowheeledvehicle(x))
 all:x (everythingthat(x) :- bicycleatwowheeledvehicle(x))
 all:x (thiprovethatsomebicycle(x) :- notcar(x))
",categorical
09a2e249-2d06-47db-a7cb-d6da64814054,"There are no vegetables that are fruit. It is the case that no fruit is a potato. Therefore, some potatoes are not vegetables.",False,True,"∃x (NoVegetableThat(x) ∧ Fruit(x))
 ∀x (It(x) → CaseThatNoFruitAPotato(x))
 ∀x (SomePotatoe(x) → NotVegetable(x))
","exists x (novegetablethat(x) and fruit(x))
 forall x (it(x) implies casethatnofruitapotato(x))
 forall x (somepotatoe(x) implies notvegetable(x))
","[*x [(novegetablethat[(?x)]  fruit[(?x)])]
 @every *x [(it[(?x)]  casethatnofruitapotato[(?x)])]
 @every *x [(somepotatoe[(?x)]  notvegetable[(?x)])]
]"," (novegetablethat(x) , fruit(x))
 forall (it(x) -: casethatnofruitapotato(x))
 forall (somepotatoe(x) -: notvegetable(x))
",+(+N1++F1)-(+I0-+C0)-(+S0-+N0),"x (novegetablethat(x) & fruit(x))
 all:x (it(x) :- casethatnofruitapotato(x))
 all:x (somepotatoe(x) :- notvegetable(x))
",categorical
982c7ee4-d97d-4ff7-927b-351beb3c89e9,All things which are oceans are computers. All things which are oceans are made of silk. It follows that some things made of silk are computers.,True,False,"∀x (ThingWhich(x) → OceanComputer(x))
 ∀x (ThingWhich(x) → OceanMadeOfSilk(x))
 ∃x (ThingMadeOfSilk(x) ∧ Computer(x))
","forall x (thingwhich(x) implies oceancomputer(x))
 forall x (thingwhich(x) implies oceanmadeofsilk(x))
 exists x (thingmadeofsilk(x) and computer(x))
","[@every *x [(thingwhich[(?x)]  oceancomputer[(?x)])]
 @every *x [(thingwhich[(?x)]  oceanmadeofsilk[(?x)])]
 *x [(thingmadeofsilk[(?x)]  computer[(?x)])]
]","forall (thingwhich(x) -: oceancomputer(x))
 forall (thingwhich(x) -: oceanmadeofsilk(x))
  (thingmadeofsilk(x) , computer(x))
",-(+T0-+O0)-(+T0-+O0)+(+T1++C1),"all:x (thingwhich(x) :- oceancomputer(x))
 all:x (thingwhich(x) :- oceanmadeofsilk(x))
 x (thingmadeofsilk(x) & computer(x))
",categorical
4780354b-3991-4ce8-9981-23d4f3030141,"There are no stones that are alive. There are no trees that are stones. Therefore, no trees are alive.",False,False,"∃x (NoStoneThat(x) ∧ Alive(x))
 ∃x (NoTreeThat(x) ∧ Stone(x))
 ∀x (NoTree(x) → Alive(x))
","exists x (nostonethat(x) and alive(x))
 exists x (notreethat(x) and stone(x))
 forall x (notree(x) implies alive(x))
","[*x [(nostonethat[(?x)]  alive[(?x)])]
 *x [(notreethat[(?x)]  stone[(?x)])]
 @every *x [(notree[(?x)]  alive[(?x)])]
]"," (nostonethat(x) , alive(x))
  (notreethat(x) , stone(x))
 forall (notree(x) -: alive(x))
",+(+N1++A1)+(+N1++S1)-(+N0-+A0),"x (nostonethat(x) & alive(x))
 x (notreethat(x) & stone(x))
 all:x (notree(x) :- alive(x))
",categorical
cd8078e7-ae64-45ec-bd51-3c3b06dcd739,"Every single car is an emotion. Every single car is a musical instrument. Therefore, there are musical instruments that are emotions.",True,False,"∀x (SingleCar(x) → Emotion(x))
 ∀x (SingleCar(x) → MusicalInstrument(x))
 ∀x (There(x) → MusicalInstrumentThatEmotion(x))
","forall x (singlecar(x) implies emotion(x))
 forall x (singlecar(x) implies musicalinstrument(x))
 forall x (there(x) implies musicalinstrumentthatemotion(x))
","[@every *x [(singlecar[(?x)]  emotion[(?x)])]
 @every *x [(singlecar[(?x)]  musicalinstrument[(?x)])]
 @every *x [(there[(?x)]  musicalinstrumentthatemotion[(?x)])]
]","forall (singlecar(x) -: emotion(x))
 forall (singlecar(x) -: musicalinstrument(x))
 forall (there(x) -: musicalinstrumentthatemotion(x))
",-(+S0-+E0)-(+S0-+M0)-(+T0-+M0),"all:x (singlecar(x) :- emotion(x))
 all:x (singlecar(x) :- musicalinstrument(x))
 all:x (there(x) :- musicalinstrumentthatemotion(x))
",hypothetical
50,"Among the group of hammers, some individuals are also marksmen. All individuals who are marksmen belong to the category of ladles. It logically follows that every object classified as a ladle must also be a hammer.",False,False,"∃x (HammerSomeIndividual(x) ∧ AlsoMarksmen(x))
 ∀x (IndividualWho(x) → MarksmenLadle(x))
 ∀x (ObjectClassifiedAsALadleMustAlsoBeAHammer(x))
","exists x (hammersomeindividual(x) and alsomarksmen(x))
 forall x (individualwho(x) implies marksmenladle(x))
 forall x (objectclassifiedasaladlemustalsobeahammer(x))
","[*x [(hammersomeindividual[(?x)]  alsomarksmen[(?x)])]
 @every *x [(individualwho[(?x)]  marksmenladle[(?x)])]
 @every *x [(objectclassifiedasaladlemustalsobeahammer[(?x)])]
]"," (hammersomeindividual(x) , alsomarksmen(x))
 forall (individualwho(x) -: marksmenladle(x))
 forall (objectclassifiedasaladlemustalsobeahammer(x))
",+(+H1++A1)-(+I0-+M0)-(+O0),"x (hammersomeindividual(x) & alsomarksmen(x))
 all:x (individualwho(x) :- marksmenladle(x))
 all:x (objectclassifiedasaladlemustalsobeahammer(x))
",categorical
95d56d9f-c7ed-4537-b582-7076beccbd92,There is no celestial body that is a thing in the sky. All planets are things in the sky. The implication is that a number of planets are not celestial bodies.,True,False,"∀x (There(x) → NoCelestialBodyThatAThingInTheSky(x))
 ∀x (Planet(x) → ThingInTheSky(x))
 ∀x (Implication(x) → ThatANumberOfPlanetNotCelestialBodie(x))
","forall x (there(x) implies nocelestialbodythatathinginthesky(x))
 forall x (planet(x) implies thinginthesky(x))
 forall x (implication(x) implies thatanumberofplanetnotcelestialbodie(x))
","[@every *x [(there[(?x)]  nocelestialbodythatathinginthesky[(?x)])]
 @every *x [(planet[(?x)]  thinginthesky[(?x)])]
 @every *x [(implication[(?x)]  thatanumberofplanetnotcelestialbodie[(?x)])]
]","forall (there(x) -: nocelestialbodythatathinginthesky(x))
 forall (planet(x) -: thinginthesky(x))
 forall (implication(x) -: thatanumberofplanetnotcelestialbodie(x))
",-(+T0-+N0)-(+P0-+T0)-(+I0-+T0),"all:x (there(x) :- nocelestialbodythatathinginthesky(x))
 all:x (planet(x) :- thinginthesky(x))
 all:x (implication(x) :- thatanumberofplanetnotcelestialbodie(x))
",categorical
96b67dc0-7b49-45dd-9435-5e34c73a408d,Nothing that is a vehicle is able to fly. Each and every airplane is a vehicle. It is therefore a fact that no airplane is able to fly.,True,False,"∀x (NothingThat(x) → VehicleAbleToFly(x))
 ∀x (Airplane(x) → Vehicle(x))
 ∀x (It(x) → Thing(x))
 ∀x (FactThatNoAirplane(x) → AbleToFly(x))
","forall x (nothingthat(x) implies vehicleabletofly(x))
 forall x (airplane(x) implies vehicle(x))
 forall x (it(x) implies thing(x))
 forall x (factthatnoairplane(x) implies abletofly(x))
","[@every *x [(nothingthat[(?x)]  vehicleabletofly[(?x)])]
 @every *x [(airplane[(?x)]  vehicle[(?x)])]
 @every *x [(it[(?x)]  thing[(?x)])]
 @every *x [(factthatnoairplane[(?x)]  abletofly[(?x)])]
]","forall (nothingthat(x) -: vehicleabletofly(x))
 forall (airplane(x) -: vehicle(x))
 forall (it(x) -: thing(x))
 forall (factthatnoairplane(x) -: abletofly(x))
",-(+N0-+V0)-(+A0-+V0)-(+I0-+T0)-(+F0-+A0),"all:x (nothingthat(x) :- vehicleabletofly(x))
 all:x (airplane(x) :- vehicle(x))
 all:x (it(x) :- thing(x))
 all:x (factthatnoairplane(x) :- abletofly(x))
",categorical
49,Not every engineer is a statue. There are some engineers who are not treasures. Every statue is considered a treasure.,False,False,"∀x (NotEveryEngineer(x) → Statue(x))
 ∃x (EngineerWho(x) ∧ NotTreasure(x))
 ∀x (Statue(x) → ConsideredATreasure(x))
","forall x (noteveryengineer(x) implies statue(x))
 exists x (engineerwho(x) and nottreasure(x))
 forall x (statue(x) implies consideredatreasure(x))
","[@every *x [(noteveryengineer[(?x)]  statue[(?x)])]
 *x [(engineerwho[(?x)]  nottreasure[(?x)])]
 @every *x [(statue[(?x)]  consideredatreasure[(?x)])]
]","forall (noteveryengineer(x) -: statue(x))
  (engineerwho(x) , nottreasure(x))
 forall (statue(x) -: consideredatreasure(x))
",-(+N0-+S0)+(+E1++N1)-(+S0-+C0),"all:x (noteveryengineer(x) :- statue(x))
 x (engineerwho(x) & nottreasure(x))
 all:x (statue(x) :- consideredatreasure(x))
",categorical
c2029414-d28e-4fbd-acc8-12f855acf46c,"Every fictional characters is a stone. There are fictional characters which are animals. Thus, a portion of animals are stones.",True,False,"∀x (FictionalCharacter(x) → Stone(x))
 ∃x (FictionalCharacterWhich(x) ∧ Animal(x))
 ∀x (APortionOfAnimal(x) → Stone(x))
","forall x (fictionalcharacter(x) implies stone(x))
 exists x (fictionalcharacterwhich(x) and animal(x))
 forall x (aportionofanimal(x) implies stone(x))
","[@every *x [(fictionalcharacter[(?x)]  stone[(?x)])]
 *x [(fictionalcharacterwhich[(?x)]  animal[(?x)])]
 @every *x [(aportionofanimal[(?x)]  stone[(?x)])]
]","forall (fictionalcharacter(x) -: stone(x))
  (fictionalcharacterwhich(x) , animal(x))
 forall (aportionofanimal(x) -: stone(x))
",-(+F0-+S0)+(+F1++A1)-(+A0-+S0),"all:x (fictionalcharacter(x) :- stone(x))
 x (fictionalcharacterwhich(x) & animal(x))
 all:x (aportionofanimal(x) :- stone(x))
",hypothetical
811914ca-d99d-4e96-b2b6-5d5400211a7f,Any creature that is an animal is a bird. There is not a single bird that is a reptile. This logically means that no reptile is an animal.,True,False,"∀x (CreatureThat(x) → AnimalABird(x))
 ∀x (There(x) → NotASingleBirdThatAReptile(x))
 ∀x (ThiLogicallyMeanThatNoReptile(x) → Animal(x))
","forall x (creaturethat(x) implies animalabird(x))
 forall x (there(x) implies notasinglebirdthatareptile(x))
 forall x (thilogicallymeanthatnoreptile(x) implies animal(x))
","[@every *x [(creaturethat[(?x)]  animalabird[(?x)])]
 @every *x [(there[(?x)]  notasinglebirdthatareptile[(?x)])]
 @every *x [(thilogicallymeanthatnoreptile[(?x)]  animal[(?x)])]
]","forall (creaturethat(x) -: animalabird(x))
 forall (there(x) -: notasinglebirdthatareptile(x))
 forall (thilogicallymeanthatnoreptile(x) -: animal(x))
",-(+C0-+A0)-(+T0-+N0)-(+T0-+A0),"all:x (creaturethat(x) :- animalabird(x))
 all:x (there(x) :- notasinglebirdthatareptile(x))
 all:x (thilogicallymeanthatnoreptile(x) :- animal(x))
",categorical
a3192ff9-b4bd-45f0-a28b-29874369e42a,Any person who is a man is a human. Every man is a bachelor. It follows that every bachelor is a human.,False,True,"∀x (PersonWho(x) → ManAHuman(x))
 ∀x (Man(x) → Bachelor(x))
 ∀x (Bachelor(x) → Human(x))
","forall x (personwho(x) implies manahuman(x))
 forall x (man(x) implies bachelor(x))
 forall x (bachelor(x) implies human(x))
","[@every *x [(personwho[(?x)]  manahuman[(?x)])]
 @every *x [(man[(?x)]  bachelor[(?x)])]
 @every *x [(bachelor[(?x)]  human[(?x)])]
]","forall (personwho(x) -: manahuman(x))
 forall (man(x) -: bachelor(x))
 forall (bachelor(x) -: human(x))
",-(+P0-+M0)-(+M0-+B0)-(+B0-+H0),"all:x (personwho(x) :- manahuman(x))
 all:x (man(x) :- bachelor(x))
 all:x (bachelor(x) :- human(x))
",categorical
66becbb7-c25e-4311-9351-8ae03584a7f6,There are no animals that are both fish and warm-blooded. The entire group of mammals consists of animals that are warm-blooded. Fish and mammals are mutually exclusive categories.,True,True,"∃x (NoAnimalThat(x) ∧ BothFishAndWarmblooded(x))
 ∀x (EntireGroupOfMammalConsistOfAnimalThat(x) → Warmblooded(x))
 ∀x (FishAndMammal(x) → MutuallyExclusiveCategorie(x))
","exists x (noanimalthat(x) and bothfishandwarmblooded(x))
 forall x (entiregroupofmammalconsistofanimalthat(x) implies warmblooded(x))
 forall x (fishandmammal(x) implies mutuallyexclusivecategorie(x))
","[*x [(noanimalthat[(?x)]  bothfishandwarmblooded[(?x)])]
 @every *x [(entiregroupofmammalconsistofanimalthat[(?x)]  warmblooded[(?x)])]
 @every *x [(fishandmammal[(?x)]  mutuallyexclusivecategorie[(?x)])]
]"," (noanimalthat(x) , bothfishandwarmblooded(x))
 forall (entiregroupofmammalconsistofanimalthat(x) -: warmblooded(x))
 forall (fishandmammal(x) -: mutuallyexclusivecategorie(x))
",+(+N1++B1)-(+E0-+W0)-(+F0-+M0),"x (noanimalthat(x) & bothfishandwarmblooded(x))
 all:x (entiregroupofmammalconsistofanimalthat(x) :- warmblooded(x))
 all:x (fishandmammal(x) :- mutuallyexclusivecategorie(x))
",categorical
bec15083-5e98-4b5b-87ff-39ccbd7c708c,"Every city is a location. Anything that is a location is a capital city. Therefore, every capital city is a city.",False,True,"∀x (City(x) → Location(x))
 ∀x (AnythingThat(x) → LocationACapitalCity(x))
 ∀x (EveryCapitalCity(x) → City(x))
","forall x (city(x) implies location(x))
 forall x (anythingthat(x) implies locationacapitalcity(x))
 forall x (everycapitalcity(x) implies city(x))
","[@every *x [(city[(?x)]  location[(?x)])]
 @every *x [(anythingthat[(?x)]  locationacapitalcity[(?x)])]
 @every *x [(everycapitalcity[(?x)]  city[(?x)])]
]","forall (city(x) -: location(x))
 forall (anythingthat(x) -: locationacapitalcity(x))
 forall (everycapitalcity(x) -: city(x))
",-(+C0-+L0)-(+A0-+L0)-(+E0-+C0),"all:x (city(x) :- location(x))
 all:x (anythingthat(x) :- locationacapitalcity(x))
 all:x (everycapitalcity(x) :- city(x))
",categorical
06d7f64b-e471-4c35-a81f-0217f4a84435,"It is true that everything that is a table is furniture. It is also true that all furniture are objects. Thus, it is concluded that all objects are tables.",False,False,"∀x (EverythingThat(x) → TableFurnitureItAlsoTrueThatAllFurnitureObjectThuItConcludedThatAllObjectTable(x))
","forall x (everythingthat(x) implies tablefurnitureitalsotruethatallfurnitureobjectthuitconcludedthatallobjecttable(x))
","[@every *x [(everythingthat[(?x)]  tablefurnitureitalsotruethatallfurnitureobjectthuitconcludedthatallobjecttable[(?x)])]
]","forall (everythingthat(x) -: tablefurnitureitalsotruethatallfurnitureobjectthuitconcludedthatallobjecttable(x))
",-(+E0-+T0),"all:x (everythingthat(x) :- tablefurnitureitalsotruethatallfurnitureobjectthuitconcludedthatallobjecttable(x))
",categorical
2390b1c3-032f-44a1-a8ad-6515fa87aaf5,"There are no dogs that are felines. It is also true that no cats are canines. Therefore, it is argued that there are no cats which are dogs.",False,True,"∃x (NoDogThat(x) ∧ Feline(x))
 ∀x (It(x) → AlsoTrueThatNoCatCanine(x))
 ∀x (It(x) → ArguedThatThereNoCatWhichDog(x))
","exists x (nodogthat(x) and feline(x))
 forall x (it(x) implies alsotruethatnocatcanine(x))
 forall x (it(x) implies arguedthattherenocatwhichdog(x))
","[*x [(nodogthat[(?x)]  feline[(?x)])]
 @every *x [(it[(?x)]  alsotruethatnocatcanine[(?x)])]
 @every *x [(it[(?x)]  arguedthattherenocatwhichdog[(?x)])]
]"," (nodogthat(x) , feline(x))
 forall (it(x) -: alsotruethatnocatcanine(x))
 forall (it(x) -: arguedthattherenocatwhichdog(x))
",+(+N1++F1)-(+I0-+A0)-(+I0-+A0),"x (nodogthat(x) & feline(x))
 all:x (it(x) :- alsotruethatnocatcanine(x))
 all:x (it(x) :- arguedthattherenocatwhichdog(x))
",categorical
92375de2-c1c8-4b7c-abc6-793165b6b3ea,"It is true that any dog is an animal. All pets are animals too. Therefore, some pets are not dogs.",False,True,"∀x (Dog(x) → AnimalAllPetAnimalTooThereforeSomePetNotDog(x))
","forall x (dog(x) implies animalallpetanimaltoothereforesomepetnotdog(x))
","[@every *x [(dog[(?x)]  animalallpetanimaltoothereforesomepetnotdog[(?x)])]
]","forall (dog(x) -: animalallpetanimaltoothereforesomepetnotdog(x))
",-(+D0-+A0),"all:x (dog(x) :- animalallpetanimaltoothereforesomepetnotdog(x))
",categorical
b67c4d7c-40e5-41d6-8821-98b427bd94ce,There are no vegetables that are fruits. All apples are fruits. This is why some apples are vegetables.,False,True,"∃x (NoVegetableThat(x) ∧ Fruit(x))
 ∀x (Apple(x) → Fruit(x))
 ∀x (Thi(x) → WhySomeAppleVegetable(x))
","exists x (novegetablethat(x) and fruit(x))
 forall x (apple(x) implies fruit(x))
 forall x (thi(x) implies whysomeapplevegetable(x))
","[*x [(novegetablethat[(?x)]  fruit[(?x)])]
 @every *x [(apple[(?x)]  fruit[(?x)])]
 @every *x [(thi[(?x)]  whysomeapplevegetable[(?x)])]
]"," (novegetablethat(x) , fruit(x))
 forall (apple(x) -: fruit(x))
 forall (thi(x) -: whysomeapplevegetable(x))
",+(+N1++F1)-(+A0-+F0)-(+T0-+W0),"x (novegetablethat(x) & fruit(x))
 all:x (apple(x) :- fruit(x))
 all:x (thi(x) :- whysomeapplevegetable(x))
",categorical
dc67f615-0f81-4c0b-8870-1a0a7d995ab6,"Anything that is a bird is a vertebrate. There are no insects which are birds. Therefore, it can be concluded that no insects are vertebrates.",False,True,"∀x (AnythingThat(x) → BirdAVertebrate(x))
 ∃x (NoInsectWhich(x) ∧ Bird(x))
 ∀x (ItCanBeConcludedThatNoInsect(x) → Vertebrate(x))
","forall x (anythingthat(x) implies birdavertebrate(x))
 exists x (noinsectwhich(x) and bird(x))
 forall x (itcanbeconcludedthatnoinsect(x) implies vertebrate(x))
","[@every *x [(anythingthat[(?x)]  birdavertebrate[(?x)])]
 *x [(noinsectwhich[(?x)]  bird[(?x)])]
 @every *x [(itcanbeconcludedthatnoinsect[(?x)]  vertebrate[(?x)])]
]","forall (anythingthat(x) -: birdavertebrate(x))
  (noinsectwhich(x) , bird(x))
 forall (itcanbeconcludedthatnoinsect(x) -: vertebrate(x))
",-(+A0-+B0)+(+N1++B1)-(+I0-+V0),"all:x (anythingthat(x) :- birdavertebrate(x))
 x (noinsectwhich(x) & bird(x))
 all:x (itcanbeconcludedthatnoinsect(x) :- vertebrate(x))
",categorical
52,Squirrels are in no way meteorological balloons. Meteorological balloons are not considered to be balloons. Every single squirrel is a type of balloon.,False,False,"∀x (Squirrel(x) → InNoWayMeteorologicalBalloon(x))
 ∀x (MeteorologicalBalloon(x) → NotConsideredToBeBalloon(x))
 ∀x (SingleSquirrel(x) → TypeOfBalloon(x))
","forall x (squirrel(x) implies innowaymeteorologicalballoon(x))
 forall x (meteorologicalballoon(x) implies notconsideredtobeballoon(x))
 forall x (singlesquirrel(x) implies typeofballoon(x))
","[@every *x [(squirrel[(?x)]  innowaymeteorologicalballoon[(?x)])]
 @every *x [(meteorologicalballoon[(?x)]  notconsideredtobeballoon[(?x)])]
 @every *x [(singlesquirrel[(?x)]  typeofballoon[(?x)])]
]","forall (squirrel(x) -: innowaymeteorologicalballoon(x))
 forall (meteorologicalballoon(x) -: notconsideredtobeballoon(x))
 forall (singlesquirrel(x) -: typeofballoon(x))
",-(+S0-+I0)-(+M0-+N0)-(+S0-+T0),"all:x (squirrel(x) :- innowaymeteorologicalballoon(x))
 all:x (meteorologicalballoon(x) :- notconsideredtobeballoon(x))
 all:x (singlesquirrel(x) :- typeofballoon(x))
",categorical
8549a2e9-abf7-40df-83ef-ab7b3d75829b,"It is true that no birds are mammals. There are no bats which are birds. Consequently, some bats are not mammals.",False,False,"∀x (Bird(x) → ¬MammalThereNoBatWhichBirdConsequentlySomeBatNotMammal(x))
","forall x (bird(x) implies not mammaltherenobatwhichbirdconsequentlysomebatnotmammal(x))
","[@every *x [(bird[(?x)]  ~mammaltherenobatwhichbirdconsequentlysomebatnotmammal[(?x)])]
]","forall (bird(x) -: notmammaltherenobatwhichbirdconsequentlysomebatnotmammal(x))
",-(+B0--+M0),"all:x (bird(x) :- ~mammaltherenobatwhichbirdconsequentlysomebatnotmammal(x))
",categorical
a7504ed6-5b8e-42d0-bb8b-11754ac5953a,"Every single person who is a professor is an academic. Any academic is a knowledgeable person. Therefore, some knowledgeable people are professors.",True,True,"∀x (SinglePersonWho(x) → ProfessorAnAcademic(x))
 ∀x (Academic(x) → KnowledgeablePerson(x))
 ∀x (SomeKnowledgeablePeople(x) → Professor(x))
","forall x (singlepersonwho(x) implies professoranacademic(x))
 forall x (academic(x) implies knowledgeableperson(x))
 forall x (someknowledgeablepeople(x) implies professor(x))
","[@every *x [(singlepersonwho[(?x)]  professoranacademic[(?x)])]
 @every *x [(academic[(?x)]  knowledgeableperson[(?x)])]
 @every *x [(someknowledgeablepeople[(?x)]  professor[(?x)])]
]","forall (singlepersonwho(x) -: professoranacademic(x))
 forall (academic(x) -: knowledgeableperson(x))
 forall (someknowledgeablepeople(x) -: professor(x))
",-(+S0-+P0)-(+A0-+K0)-(+S0-+P0),"all:x (singlepersonwho(x) :- professoranacademic(x))
 all:x (academic(x) :- knowledgeableperson(x))
 all:x (someknowledgeablepeople(x) :- professor(x))
",categorical
43c15f64-aede-463a-89c8-2b4e89583f94,"There are some objects that are metals that are not gold. All objects that are metals are elements. Consequently, some elements are not gold.",True,True,"∃x (ObjectThat(x) ∧ MetalThatNotGold(x))
 ∀x (ObjectThat(x) → MetalElement(x))
 ∀x (SomeElement(x) → NotGold(x))
","exists x (objectthat(x) and metalthatnotgold(x))
 forall x (objectthat(x) implies metalelement(x))
 forall x (someelement(x) implies notgold(x))
","[*x [(objectthat[(?x)]  metalthatnotgold[(?x)])]
 @every *x [(objectthat[(?x)]  metalelement[(?x)])]
 @every *x [(someelement[(?x)]  notgold[(?x)])]
]"," (objectthat(x) , metalthatnotgold(x))
 forall (objectthat(x) -: metalelement(x))
 forall (someelement(x) -: notgold(x))
",+(+O1++M1)-(+O0-+M0)-(+S0-+N0),"x (objectthat(x) & metalthatnotgold(x))
 all:x (objectthat(x) :- metalelement(x))
 all:x (someelement(x) :- notgold(x))
",categorical
3b92be82-c8c1-4be8-92eb-a6301d39617b,Every single car is a vehicle. Everything that is a bicycle is a vehicle. It is the case that some bicycles are not cars.,False,True,"∀x (SingleCar(x) → Vehicle(x))
 ∀x (EverythingThat(x) → BicycleAVehicle(x))
 ∀x (It(x) → CaseThatSomeBicycleNotCar(x))
","forall x (singlecar(x) implies vehicle(x))
 forall x (everythingthat(x) implies bicycleavehicle(x))
 forall x (it(x) implies casethatsomebicyclenotcar(x))
","[@every *x [(singlecar[(?x)]  vehicle[(?x)])]
 @every *x [(everythingthat[(?x)]  bicycleavehicle[(?x)])]
 @every *x [(it[(?x)]  casethatsomebicyclenotcar[(?x)])]
]","forall (singlecar(x) -: vehicle(x))
 forall (everythingthat(x) -: bicycleavehicle(x))
 forall (it(x) -: casethatsomebicyclenotcar(x))
",-(+S0-+V0)-(+E0-+B0)-(+I0-+C0),"all:x (singlecar(x) :- vehicle(x))
 all:x (everythingthat(x) :- bicycleavehicle(x))
 all:x (it(x) :- casethatsomebicyclenotcar(x))
",categorical
adc52cf4-381b-4203-8745-cee844d750b1,"There are no cars that are boats. There is not a single ferry that is a car. Consequently, some ferries are boats.",False,True,"∃x (NoCarThat(x) ∧ Boat(x))
 ∀x (There(x) → NotASingleFerryThatACar(x))
 ∀x (SomeFerrie(x) → Boat(x))
","exists x (nocarthat(x) and boat(x))
 forall x (there(x) implies notasingleferrythatacar(x))
 forall x (someferrie(x) implies boat(x))
","[*x [(nocarthat[(?x)]  boat[(?x)])]
 @every *x [(there[(?x)]  notasingleferrythatacar[(?x)])]
 @every *x [(someferrie[(?x)]  boat[(?x)])]
]"," (nocarthat(x) , boat(x))
 forall (there(x) -: notasingleferrythatacar(x))
 forall (someferrie(x) -: boat(x))
",+(+N1++B1)-(+T0-+N0)-(+S0-+B0),"x (nocarthat(x) & boat(x))
 all:x (there(x) :- notasingleferrythatacar(x))
 all:x (someferrie(x) :- boat(x))
",categorical
f261b7cf-efcb-403d-ac2c-c5cebddab402,There is no physicist who is not a person. It is true that all physicists are scientists. It follows that some scientists are people.,False,True,"∀x (There(x) → NoPhysicistWhoNotAPerson(x))
 ∀x (Physicist(x) → ScientistItFollowThatSomeScientistPeople(x))
","forall x (there(x) implies nophysicistwhonotaperson(x))
 forall x (physicist(x) implies scientistitfollowthatsomescientistpeople(x))
","[@every *x [(there[(?x)]  nophysicistwhonotaperson[(?x)])]
 @every *x [(physicist[(?x)]  scientistitfollowthatsomescientistpeople[(?x)])]
]","forall (there(x) -: nophysicistwhonotaperson(x))
 forall (physicist(x) -: scientistitfollowthatsomescientistpeople(x))
",-(+T0-+N0)-(+P0-+S0),"all:x (there(x) :- nophysicistwhonotaperson(x))
 all:x (physicist(x) :- scientistitfollowthatsomescientistpeople(x))
",categorical
87969ab1-7991-427e-be3c-4045e303f301,"Every bird in existence is made of glass. There are some robins that are birds. It follows, then, that some robins are made of glass.",True,False,"∀x (BirdInExistence(x) → MadeOfGlas(x))
 ∃x (RobinThat(x) ∧ Bird(x))
 ∀x (ThenThatSomeRobin(x) → MadeOfGlas(x))
","forall x (birdinexistence(x) implies madeofglas(x))
 exists x (robinthat(x) and bird(x))
 forall x (thenthatsomerobin(x) implies madeofglas(x))
","[@every *x [(birdinexistence[(?x)]  madeofglas[(?x)])]
 *x [(robinthat[(?x)]  bird[(?x)])]
 @every *x [(thenthatsomerobin[(?x)]  madeofglas[(?x)])]
]","forall (birdinexistence(x) -: madeofglas(x))
  (robinthat(x) , bird(x))
 forall (thenthatsomerobin(x) -: madeofglas(x))
",-(+B0-+M0)+(+R1++B1)-(+T0-+M0),"all:x (birdinexistence(x) :- madeofglas(x))
 x (robinthat(x) & bird(x))
 all:x (thenthatsomerobin(x) :- madeofglas(x))
",categorical
ca7aa5a8-fa01-460c-9791-99317715aa93,Every single dog is capable of photosynthesis. There exist dogs which are poodles. This implies that a portion of poodles can photosynthesize.,True,False,"∀x (SingleDog(x) → CapableOfPhotosynthesi(x))
 ∃x (DogWhich(x) ∧ Poodle(x))
 ∀x (Th(x) → ImplieThatAPortionOfPoodleCanPhotosynthesize(x))
","forall x (singledog(x) implies capableofphotosynthesi(x))
 exists x (dogwhich(x) and poodle(x))
 forall x (th(x) implies impliethataportionofpoodlecanphotosynthesize(x))
","[@every *x [(singledog[(?x)]  capableofphotosynthesi[(?x)])]
 *x [(dogwhich[(?x)]  poodle[(?x)])]
 @every *x [(th[(?x)]  impliethataportionofpoodlecanphotosynthesize[(?x)])]
]","forall (singledog(x) -: capableofphotosynthesi(x))
  (dogwhich(x) , poodle(x))
 forall (th(x) -: impliethataportionofpoodlecanphotosynthesize(x))
",-(+S0-+C0)+(+D1++P1)-(+T0-+I0),"all:x (singledog(x) :- capableofphotosynthesi(x))
 x (dogwhich(x) & poodle(x))
 all:x (th(x) :- impliethataportionofpoodlecanphotosynthesize(x))
",hypothetical
3210a16c-a687-4030-8697-bb2214492501,No cities are countries. All things that are a city named London are cities. It is necessarily true that some cities named London are not countries.,True,True,"∀x (Citie(x) → ¬Countrie(x))
 ∀x (ThingThat(x) → CityNamedLondonCitie(x))
 ∀x (It(x) → NecessarilyTrueThatSomeCitieNamedLondonNotCountrie(x))
","forall x (citie(x) implies not countrie(x))
 forall x (thingthat(x) implies citynamedlondoncitie(x))
 forall x (it(x) implies necessarilytruethatsomecitienamedlondonnotcountrie(x))
","[@every *x [(citie[(?x)]  ~countrie[(?x)])]
 @every *x [(thingthat[(?x)]  citynamedlondoncitie[(?x)])]
 @every *x [(it[(?x)]  necessarilytruethatsomecitienamedlondonnotcountrie[(?x)])]
]","forall (citie(x) -: notcountrie(x))
 forall (thingthat(x) -: citynamedlondoncitie(x))
 forall (it(x) -: necessarilytruethatsomecitienamedlondonnotcountrie(x))
",-(+C0--+C0)-(+T0-+C0)-(+I0-+N0),"all:x (citie(x) :- ~countrie(x))
 all:x (thingthat(x) :- citynamedlondoncitie(x))
 all:x (it(x) :- necessarilytruethatsomecitienamedlondonnotcountrie(x))
",categorical
2e96d73d-cbad-4b86-b8d5-f02334bed473,"Among the items that are dogs, some are mammals. There are pets which are mammals. We must conclude that some pets are not dogs.",False,True,"∃x (ItemThat(x) ∧ DogSomeMammal(x))
 ∃x (PetWhich(x) ∧ Mammal(x))
 ∀x (WeMustConcludeThatSomePet(x) → NotDog(x))
","exists x (itemthat(x) and dogsomemammal(x))
 exists x (petwhich(x) and mammal(x))
 forall x (wemustconcludethatsomepet(x) implies notdog(x))
","[*x [(itemthat[(?x)]  dogsomemammal[(?x)])]
 *x [(petwhich[(?x)]  mammal[(?x)])]
 @every *x [(wemustconcludethatsomepet[(?x)]  notdog[(?x)])]
]"," (itemthat(x) , dogsomemammal(x))
  (petwhich(x) , mammal(x))
 forall (wemustconcludethatsomepet(x) -: notdog(x))
",+(+I1++D1)+(+P1++M1)-(+W0-+N0),"x (itemthat(x) & dogsomemammal(x))
 x (petwhich(x) & mammal(x))
 all:x (wemustconcludethatsomepet(x) :- notdog(x))
",categorical
24,None of the things classified as vegetations belong to the category of Godheads. All entities that are hypostases are included in the category of Godheads. It logically follows that nothing from the category of vegetations can be an hypostasis.,True,True,"∀x (Of(x) → ¬ThingClassifiedAsVegetationGodhead(x))
 ∀x (EntitieThat(x) → HypostaseIncludedInTheCategoryOfGodhead(x))
 ∀x (NothingFromTheCategoryOfVegetationCanBeAnHyposta(x) → Thing(x))
","forall x (of(x) implies not thingclassifiedasvegetationgodhead(x))
 forall x (entitiethat(x) implies hypostaseincludedinthecategoryofgodhead(x))
 forall x (nothingfromthecategoryofvegetationcanbeanhyposta(x) implies thing(x))
","[@every *x [(of[(?x)]  ~thingclassifiedasvegetationgodhead[(?x)])]
 @every *x [(entitiethat[(?x)]  hypostaseincludedinthecategoryofgodhead[(?x)])]
 @every *x [(nothingfromthecategoryofvegetationcanbeanhyposta[(?x)]  thing[(?x)])]
]","forall (of(x) -: notthingclassifiedasvegetationgodhead(x))
 forall (entitiethat(x) -: hypostaseincludedinthecategoryofgodhead(x))
 forall (nothingfromthecategoryofvegetationcanbeanhyposta(x) -: thing(x))
",-(+O0--+T0)-(+E0-+H0)-(+N0-+T0),"all:x (of(x) :- ~thingclassifiedasvegetationgodhead(x))
 all:x (entitiethat(x) :- hypostaseincludedinthecategoryofgodhead(x))
 all:x (nothingfromthecategoryofvegetationcanbeanhyposta(x) :- thing(x))
",categorical
fba06d33-39b6-4e03-ae12-ac3e4f2cb1e0,There are no numbers which are both even and odd. A few numbers that are odd are also divisible by two. Not all numbers that are divisible by two are even.,True,False,"∃x (NoNumberWhich(x) ∧ BothEvenAndOdd(x))
 ∀x (FewNumberThat(x) → OddAlsoDivisibleByTwo(x))
 ∃x (NumberThat(x) ∧ ¬DivisibleByTwoEven(x))
","exists x (nonumberwhich(x) and bothevenandodd(x))
 forall x (fewnumberthat(x) implies oddalsodivisiblebytwo(x))
 exists x (numberthat(x) and not divisiblebytwoeven(x))
","[*x [(nonumberwhich[(?x)]  bothevenandodd[(?x)])]
 @every *x [(fewnumberthat[(?x)]  oddalsodivisiblebytwo[(?x)])]
 *x [(numberthat[(?x)]  ~divisiblebytwoeven[(?x)])]
]"," (nonumberwhich(x) , bothevenandodd(x))
 forall (fewnumberthat(x) -: oddalsodivisiblebytwo(x))
  (numberthat(x) , notdivisiblebytwoeven(x))
",+(+N1++B1)-(+F0-+O0)+(+N1+-+D1),"x (nonumberwhich(x) & bothevenandodd(x))
 all:x (fewnumberthat(x) :- oddalsodivisiblebytwo(x))
 x (numberthat(x) & ~divisiblebytwoeven(x))
",categorical
5,Some sadnesses are not trees. All sadnesses are emotions. No trees are emotions.,False,True,"∃x (Sadnesse(x) ∧ NotTree(x))
 ∀x (Sadnesse(x) → Emotion(x))
 ∀x (Tree(x) → ¬Emotion(x))
","exists x (sadnesse(x) and nottree(x))
 forall x (sadnesse(x) implies emotion(x))
 forall x (tree(x) implies not emotion(x))
","[*x [(sadnesse[(?x)]  nottree[(?x)])]
 @every *x [(sadnesse[(?x)]  emotion[(?x)])]
 @every *x [(tree[(?x)]  ~emotion[(?x)])]
]"," (sadnesse(x) , nottree(x))
 forall (sadnesse(x) -: emotion(x))
 forall (tree(x) -: notemotion(x))
",+(+S1++N1)-(+S0-+E0)-(+T0--+E0),"x (sadnesse(x) & nottree(x))
 all:x (sadnesse(x) :- emotion(x))
 all:x (tree(x) :- ~emotion(x))
",categorical
f37a0e86-98bb-459b-8d6d-60b3455de955,"Any and all humans are mortal. It is a known fact that all humans are primates. Thus, every single primate is mortal.",False,True,"∀x (AndAllHuman(x) → Mortal(x))
 ∀x (It(x) → KnownFactThatAllHumanPrimate(x))
 ∀x (EverySinglePrimate(x) → Mortal(x))
","forall x (andallhuman(x) implies mortal(x))
 forall x (it(x) implies knownfactthatallhumanprimate(x))
 forall x (everysingleprimate(x) implies mortal(x))
","[@every *x [(andallhuman[(?x)]  mortal[(?x)])]
 @every *x [(it[(?x)]  knownfactthatallhumanprimate[(?x)])]
 @every *x [(everysingleprimate[(?x)]  mortal[(?x)])]
]","forall (andallhuman(x) -: mortal(x))
 forall (it(x) -: knownfactthatallhumanprimate(x))
 forall (everysingleprimate(x) -: mortal(x))
",-(+A0-+M0)-(+I0-+K0)-(+E0-+M0),"all:x (andallhuman(x) :- mortal(x))
 all:x (it(x) :- knownfactthatallhumanprimate(x))
 all:x (everysingleprimate(x) :- mortal(x))
",categorical
7f48e605-47b8-4f1d-914c-d0f3c42593a3,It is not true that any mammal is a fish. There are a few fish that are also humans. There are some humans that are not mammals.,True,False,"∀x (It(x) → NotTrueThatAnyMammalAFish(x))
 ∃x (FewFishThat(x) ∧ AlsoHuman(x))
 ∃x (HumanThat(x) ∧ NotMammal(x))
","forall x (it(x) implies nottruethatanymammalafish(x))
 exists x (fewfishthat(x) and alsohuman(x))
 exists x (humanthat(x) and notmammal(x))
","[@every *x [(it[(?x)]  nottruethatanymammalafish[(?x)])]
 *x [(fewfishthat[(?x)]  alsohuman[(?x)])]
 *x [(humanthat[(?x)]  notmammal[(?x)])]
]","forall (it(x) -: nottruethatanymammalafish(x))
  (fewfishthat(x) , alsohuman(x))
  (humanthat(x) , notmammal(x))
",-(+I0-+N0)+(+F1++A1)+(+H1++N1),"all:x (it(x) :- nottruethatanymammalafish(x))
 x (fewfishthat(x) & alsohuman(x))
 x (humanthat(x) & notmammal(x))
",categorical
c4526195-4ffd-4b73-b37b-e7fcc91d6812,Nothing that is a liquid is a solid. It is the case that some water is not a solid. The only conclusion is that some water is not a liquid.,False,False,"∀x (NothingThat(x) → LiquidASolid(x))
 ∀x (It(x) → CaseThatSomeWaterNotASolid(x))
 ∀x (OnlyConclusion(x) → ThatSomeWaterNotALiquid(x))
","forall x (nothingthat(x) implies liquidasolid(x))
 forall x (it(x) implies casethatsomewaternotasolid(x))
 forall x (onlyconclusion(x) implies thatsomewaternotaliquid(x))
","[@every *x [(nothingthat[(?x)]  liquidasolid[(?x)])]
 @every *x [(it[(?x)]  casethatsomewaternotasolid[(?x)])]
 @every *x [(onlyconclusion[(?x)]  thatsomewaternotaliquid[(?x)])]
]","forall (nothingthat(x) -: liquidasolid(x))
 forall (it(x) -: casethatsomewaternotasolid(x))
 forall (onlyconclusion(x) -: thatsomewaternotaliquid(x))
",-(+N0-+L0)-(+I0-+C0)-(+O0-+T0),"all:x (nothingthat(x) :- liquidasolid(x))
 all:x (it(x) :- casethatsomewaternotasolid(x))
 all:x (onlyconclusion(x) :- thatsomewaternotaliquid(x))
",categorical
ac5ce699-15c3-4842-8f1e-7d70227b0787,"A portion of buildings are dogs. Every single dog is a domestic animal. Hence, some domestic animals are buildings.",True,False,"∃x (Building(x) ∧ Dog(x))
 ∀x (SingleDog(x) → DomesticAnimal(x))
 ∀x (HenceSomeDomesticAnimal(x) → Building(x))
","exists x (building(x) and dog(x))
 forall x (singledog(x) implies domesticanimal(x))
 forall x (hencesomedomesticanimal(x) implies building(x))
","[*x [(building[(?x)]  dog[(?x)])]
 @every *x [(singledog[(?x)]  domesticanimal[(?x)])]
 @every *x [(hencesomedomesticanimal[(?x)]  building[(?x)])]
]"," (building(x) , dog(x))
 forall (singledog(x) -: domesticanimal(x))
 forall (hencesomedomesticanimal(x) -: building(x))
",+(+B1++D1)-(+S0-+D0)-(+H0-+B0),"x (building(x) & dog(x))
 all:x (singledog(x) :- domesticanimal(x))
 all:x (hencesomedomesticanimal(x) :- building(x))
",categorical
65aaed4e-522b-422d-b4e4-cd5dfced222e,Anything that is a mammal is a human. Every dog is a mammal. Not a single dog is a human.,False,True,"∀x (AnythingThat(x) → MammalAHuman(x))
 ∀x (Dog(x) → Mammal(x))
 ∀x (Dog(x) → ¬Human(x))
","forall x (anythingthat(x) implies mammalahuman(x))
 forall x (dog(x) implies mammal(x))
 forall x (dog(x) implies not human(x))
","[@every *x [(anythingthat[(?x)]  mammalahuman[(?x)])]
 @every *x [(dog[(?x)]  mammal[(?x)])]
 @every *x [(dog[(?x)]  ~human[(?x)])]
]","forall (anythingthat(x) -: mammalahuman(x))
 forall (dog(x) -: mammal(x))
 forall (dog(x) -: nothuman(x))
",-(+A0-+M0)-(+D0-+M0)-(+D0--+H0),"all:x (anythingthat(x) :- mammalahuman(x))
 all:x (dog(x) :- mammal(x))
 all:x (dog(x) :- ~human(x))
",categorical
ee91ca83-4f5e-48ac-ae52-93ad7842c9fb,"All houses are structures. There are no bridges that are houses. Therefore, no bridge is a structure.",False,False,"∀x (House(x) → Structure(x))
 ∃x (NoBridgeThat(x) ∧ House(x))
 ∀x (NoBridge(x) → Structure(x))
","forall x (house(x) implies structure(x))
 exists x (nobridgethat(x) and house(x))
 forall x (nobridge(x) implies structure(x))
","[@every *x [(house[(?x)]  structure[(?x)])]
 *x [(nobridgethat[(?x)]  house[(?x)])]
 @every *x [(nobridge[(?x)]  structure[(?x)])]
]","forall (house(x) -: structure(x))
  (nobridgethat(x) , house(x))
 forall (nobridge(x) -: structure(x))
",-(+H0-+S0)+(+N1++H1)-(+N0-+S0),"all:x (house(x) :- structure(x))
 x (nobridgethat(x) & house(x))
 all:x (nobridge(x) :- structure(x))
",categorical
31dad269-5af0-4f1d-9a02-947fd1150eeb,"It is a fact that all mammals are animate objects. There are some animals which are zebras. Therefore, every single zebra is an animate object.",False,True,"∀x (Mammal(x) → AnimateObjectThereSomeAnimalWhichZebraThereforeEverySingleZebraAnAnimateObject(x))
","forall x (mammal(x) implies animateobjecttheresomeanimalwhichzebrathereforeeverysinglezebraananimateobject(x))
","[@every *x [(mammal[(?x)]  animateobjecttheresomeanimalwhichzebrathereforeeverysinglezebraananimateobject[(?x)])]
]","forall (mammal(x) -: animateobjecttheresomeanimalwhichzebrathereforeeverysinglezebraananimateobject(x))
",-(+M0-+A0),"all:x (mammal(x) :- animateobjecttheresomeanimalwhichzebrathereforeeverysinglezebraananimateobject(x))
",categorical
4f6235d2-3f86-4257-908e-212e5e216d2e,"It is the case that everything which is a dog is a mammal. No building is a dog. As a result, no building is a mammal.",False,True,"∀x (It(x) → CaseThatEverythingWhichADogAMammal(x))
 ∀x (Building(x) → ¬Dog(x))
 ∀x (NoBuilding(x) → Mammal(x))
","forall x (it(x) implies casethateverythingwhichadogamammal(x))
 forall x (building(x) implies not dog(x))
 forall x (nobuilding(x) implies mammal(x))
","[@every *x [(it[(?x)]  casethateverythingwhichadogamammal[(?x)])]
 @every *x [(building[(?x)]  ~dog[(?x)])]
 @every *x [(nobuilding[(?x)]  mammal[(?x)])]
]","forall (it(x) -: casethateverythingwhichadogamammal(x))
 forall (building(x) -: notdog(x))
 forall (nobuilding(x) -: mammal(x))
",-(+I0-+C0)-(+B0--+D0)-(+N0-+M0),"all:x (it(x) :- casethateverythingwhichadogamammal(x))
 all:x (building(x) :- ~dog(x))
 all:x (nobuilding(x) :- mammal(x))
",categorical
a0f1b414-9e52-40f6-9b3f-02181b8c8577,"Every car can be described as a machine. There are no ferraries that are machines. Consequently, no ferrari is a car.",True,False,"∀x (Car(x) → DescribedAsAMachine(x))
 ∃x (NoFerrarieThat(x) ∧ Machine(x))
 ∀x (NoFerrari(x) → Car(x))
","forall x (car(x) implies describedasamachine(x))
 exists x (noferrariethat(x) and machine(x))
 forall x (noferrari(x) implies car(x))
","[@every *x [(car[(?x)]  describedasamachine[(?x)])]
 *x [(noferrariethat[(?x)]  machine[(?x)])]
 @every *x [(noferrari[(?x)]  car[(?x)])]
]","forall (car(x) -: describedasamachine(x))
  (noferrariethat(x) , machine(x))
 forall (noferrari(x) -: car(x))
",-(+C0-+D0)+(+N1++M1)-(+N0-+C0),"all:x (car(x) :- describedasamachine(x))
 x (noferrariethat(x) & machine(x))
 all:x (noferrari(x) :- car(x))
",categorical
f879bc6e-b6df-4283-9c10-51fac98c9f1e,"Anything that is a car is an object that moves. Some vehicles are cars. Therefore, every single vehicle is an object that moves.",False,True,"∀x (AnythingThat(x) → CarAnObjectThatMove(x))
 ∃x (Vehicle(x) ∧ Car(x))
 ∀x (EverySingleVehicle(x) → ObjectThatMove(x))
","forall x (anythingthat(x) implies caranobjectthatmove(x))
 exists x (vehicle(x) and car(x))
 forall x (everysinglevehicle(x) implies objectthatmove(x))
","[@every *x [(anythingthat[(?x)]  caranobjectthatmove[(?x)])]
 *x [(vehicle[(?x)]  car[(?x)])]
 @every *x [(everysinglevehicle[(?x)]  objectthatmove[(?x)])]
]","forall (anythingthat(x) -: caranobjectthatmove(x))
  (vehicle(x) , car(x))
 forall (everysinglevehicle(x) -: objectthatmove(x))
",-(+A0-+C0)+(+V1++C1)-(+E0-+O0),"all:x (anythingthat(x) :- caranobjectthatmove(x))
 x (vehicle(x) & car(x))
 all:x (everysinglevehicle(x) :- objectthatmove(x))
",categorical
7c1ad437-c35c-456c-a34c-087eec67ee7a,"There is no overlap between even numbers and words. All words are numbers that can be divided by two. Therefore, some numbers divisible by two are not even.",True,False,"∀x (There(x) → NoOverlapBetweenEvenNumberAndWord(x))
 ∀x (Word(x) → NumberThatCanBeDividedByTwo(x))
 ∀x (SomeNumberDivisibleByTwo(x) → NotEven(x))
","forall x (there(x) implies nooverlapbetweenevennumberandword(x))
 forall x (word(x) implies numberthatcanbedividedbytwo(x))
 forall x (somenumberdivisiblebytwo(x) implies noteven(x))
","[@every *x [(there[(?x)]  nooverlapbetweenevennumberandword[(?x)])]
 @every *x [(word[(?x)]  numberthatcanbedividedbytwo[(?x)])]
 @every *x [(somenumberdivisiblebytwo[(?x)]  noteven[(?x)])]
]","forall (there(x) -: nooverlapbetweenevennumberandword(x))
 forall (word(x) -: numberthatcanbedividedbytwo(x))
 forall (somenumberdivisiblebytwo(x) -: noteven(x))
",-(+T0-+N0)-(+W0-+N0)-(+S0-+N0),"all:x (there(x) :- nooverlapbetweenevennumberandword(x))
 all:x (word(x) :- numberthatcanbedividedbytwo(x))
 all:x (somenumberdivisiblebytwo(x) :- noteven(x))
",categorical
3302e35f-aa7e-421a-8724-7186ac4bf418,"There's no small rodent that is a bear. Every single squirrel is a small rodent. Consequently, no squirrel is a bear.",True,True,"∀x (ThereNoSmallRodentThat(x) → Bear(x))
 ∀x (SingleSquirrel(x) → SmallRodent(x))
 ∀x (NoSquirrel(x) → Bear(x))
","forall x (therenosmallrodentthat(x) implies bear(x))
 forall x (singlesquirrel(x) implies smallrodent(x))
 forall x (nosquirrel(x) implies bear(x))
","[@every *x [(therenosmallrodentthat[(?x)]  bear[(?x)])]
 @every *x [(singlesquirrel[(?x)]  smallrodent[(?x)])]
 @every *x [(nosquirrel[(?x)]  bear[(?x)])]
]","forall (therenosmallrodentthat(x) -: bear(x))
 forall (singlesquirrel(x) -: smallrodent(x))
 forall (nosquirrel(x) -: bear(x))
",-(+T0-+B0)-(+S0-+S0)-(+N0-+B0),"all:x (therenosmallrodentthat(x) :- bear(x))
 all:x (singlesquirrel(x) :- smallrodent(x))
 all:x (nosquirrel(x) :- bear(x))
",categorical
2ab78772-0f7f-4554-ab3a-8bd5d40b66e7,"Every object that orbits a star is a planet. Anything that is a gas giant is an object that is a planet. Therefore, there are no gas giants that do not orbit a star.",True,True,"∀x (ObjectThatOrbitAStar(x) → Planet(x))
 ∀x (AnythingThat(x) → GasGiantAnObjectThatAPlanet(x))
 ∀x (There(x) → NoGasGiantThatDoNotOrbitAStar(x))
","forall x (objectthatorbitastar(x) implies planet(x))
 forall x (anythingthat(x) implies gasgiantanobjectthataplanet(x))
 forall x (there(x) implies nogasgiantthatdonotorbitastar(x))
","[@every *x [(objectthatorbitastar[(?x)]  planet[(?x)])]
 @every *x [(anythingthat[(?x)]  gasgiantanobjectthataplanet[(?x)])]
 @every *x [(there[(?x)]  nogasgiantthatdonotorbitastar[(?x)])]
]","forall (objectthatorbitastar(x) -: planet(x))
 forall (anythingthat(x) -: gasgiantanobjectthataplanet(x))
 forall (there(x) -: nogasgiantthatdonotorbitastar(x))
",-(+O0-+P0)-(+A0-+G0)-(+T0-+N0),"all:x (objectthatorbitastar(x) :- planet(x))
 all:x (anythingthat(x) :- gasgiantanobjectthataplanet(x))
 all:x (there(x) :- nogasgiantthatdonotorbitastar(x))
",categorical
17,Absolutely no aviators are considered vehicles. Some vehicles are not classified as pilots. Every individual who is a pilot is also an aviator.,False,True,"∀x (AbsolutelyNoAviator(x) → ConsideredVehicle(x))
 ∃x (Vehicle(x) ∧ NotClassifiedAsPilot(x))
 ∀x (IndividualWho(x) → PilotAlsoAnAviator(x))
","forall x (absolutelynoaviator(x) implies consideredvehicle(x))
 exists x (vehicle(x) and notclassifiedaspilot(x))
 forall x (individualwho(x) implies pilotalsoanaviator(x))
","[@every *x [(absolutelynoaviator[(?x)]  consideredvehicle[(?x)])]
 *x [(vehicle[(?x)]  notclassifiedaspilot[(?x)])]
 @every *x [(individualwho[(?x)]  pilotalsoanaviator[(?x)])]
]","forall (absolutelynoaviator(x) -: consideredvehicle(x))
  (vehicle(x) , notclassifiedaspilot(x))
 forall (individualwho(x) -: pilotalsoanaviator(x))
",-(+A0-+C0)+(+V1++N1)-(+I0-+P0),"all:x (absolutelynoaviator(x) :- consideredvehicle(x))
 x (vehicle(x) & notclassifiedaspilot(x))
 all:x (individualwho(x) :- pilotalsoanaviator(x))
",categorical
73,Every missile falls into the category of adjustments. No domestication belongs to the category of adjustments. It is the case that some domestications are not missiles.,True,False,"∀x (Missile(x) → Adjustment(x))
 ∀x (Domestication(x) → ¬CategoryOfAdjustment(x))
 ∀x (It(x) → CaseThatSomeDomesticationNotMissile(x))
","forall x (missile(x) implies adjustment(x))
 forall x (domestication(x) implies not categoryofadjustment(x))
 forall x (it(x) implies casethatsomedomesticationnotmissile(x))
","[@every *x [(missile[(?x)]  adjustment[(?x)])]
 @every *x [(domestication[(?x)]  ~categoryofadjustment[(?x)])]
 @every *x [(it[(?x)]  casethatsomedomesticationnotmissile[(?x)])]
]","forall (missile(x) -: adjustment(x))
 forall (domestication(x) -: notcategoryofadjustment(x))
 forall (it(x) -: casethatsomedomesticationnotmissile(x))
",-(+M0-+A0)-(+D0--+C0)-(+I0-+C0),"all:x (missile(x) :- adjustment(x))
 all:x (domestication(x) :- ~categoryofadjustment(x))
 all:x (it(x) :- casethatsomedomesticationnotmissile(x))
",categorical
f41764ae-c58b-448c-a721-5d72c5120697,Nothing that is a cat is a reptile. A creature that is a reptile is never a mammal. It follows that a cat is never a mammal.,False,False,"∀x (NothingThat(x) → CatAReptile(x))
 ∀x (CreatureThat(x) → ReptileNeverAMammal(x))
 ∀x (Cat(x) → NeverAMammal(x))
","forall x (nothingthat(x) implies catareptile(x))
 forall x (creaturethat(x) implies reptileneveramammal(x))
 forall x (cat(x) implies neveramammal(x))
","[@every *x [(nothingthat[(?x)]  catareptile[(?x)])]
 @every *x [(creaturethat[(?x)]  reptileneveramammal[(?x)])]
 @every *x [(cat[(?x)]  neveramammal[(?x)])]
]","forall (nothingthat(x) -: catareptile(x))
 forall (creaturethat(x) -: reptileneveramammal(x))
 forall (cat(x) -: neveramammal(x))
",-(+N0-+C0)-(+C0-+R0)-(+C0-+N0),"all:x (nothingthat(x) :- catareptile(x))
 all:x (creaturethat(x) :- reptileneveramammal(x))
 all:x (cat(x) :- neveramammal(x))
",categorical
fb36a074-649e-4d1c-99c0-9ee82e69775f,"It is the case that no liquid is a solid. It is also the case that no gas is a solid. Therefore, all gases are liquids.",False,False,"∀x (It(x) → CaseThatNoLiquidASolid(x))
 ∀x (It(x) → AlsoTheCaseThatNoGasASolid(x))
 ∀x (AllGase(x) → Liquid(x))
","forall x (it(x) implies casethatnoliquidasolid(x))
 forall x (it(x) implies alsothecasethatnogasasolid(x))
 forall x (allgase(x) implies liquid(x))
","[@every *x [(it[(?x)]  casethatnoliquidasolid[(?x)])]
 @every *x [(it[(?x)]  alsothecasethatnogasasolid[(?x)])]
 @every *x [(allgase[(?x)]  liquid[(?x)])]
]","forall (it(x) -: casethatnoliquidasolid(x))
 forall (it(x) -: alsothecasethatnogasasolid(x))
 forall (allgase(x) -: liquid(x))
",-(+I0-+C0)-(+I0-+A0)-(+A0-+L0),"all:x (it(x) :- casethatnoliquidasolid(x))
 all:x (it(x) :- alsothecasethatnogasasolid(x))
 all:x (allgase(x) :- liquid(x))
",categorical
39ef54c3-ec74-44c7-88ae-308fb8f33f9c,Nothing that is a mammal has feathers. A portion of the things that are birds have feathers. It must be the case that every single bird is not a mammal.,False,True,"∀x (NothingThat(x) → MammalHasFeather(x))
 ∃x (ThingThat(x) ∧ BirdHaveFeather(x))
 ∀x (ItMustBeTheCaseThatEverySingleBird(x) → NotAMammal(x))
","forall x (nothingthat(x) implies mammalhasfeather(x))
 exists x (thingthat(x) and birdhavefeather(x))
 forall x (itmustbethecasethateverysinglebird(x) implies notamammal(x))
","[@every *x [(nothingthat[(?x)]  mammalhasfeather[(?x)])]
 *x [(thingthat[(?x)]  birdhavefeather[(?x)])]
 @every *x [(itmustbethecasethateverysinglebird[(?x)]  notamammal[(?x)])]
]","forall (nothingthat(x) -: mammalhasfeather(x))
  (thingthat(x) , birdhavefeather(x))
 forall (itmustbethecasethateverysinglebird(x) -: notamammal(x))
",-(+N0-+M0)+(+T1++B1)-(+I0-+N0),"all:x (nothingthat(x) :- mammalhasfeather(x))
 x (thingthat(x) & birdhavefeather(x))
 all:x (itmustbethecasethateverysinglebird(x) :- notamammal(x))
",categorical
b41d3226-616d-475f-8112-11a869a6cfa7,The set of artists contains no people who conduct systematic research. Every single scientist is a person who conducts systematic research. Artists are not scientists.,True,True,"∀x (SetOfArt(x) → TsContainNoPeopleWhoConductSystematicResearch(x))
 ∀x (SingleScientist(x) → PersonWhoConductSystematicResearch(x))
 ∀x (Artist(x) → NotScientist(x))
","forall x (setofart(x) implies tscontainnopeoplewhoconductsystematicresearch(x))
 forall x (singlescientist(x) implies personwhoconductsystematicresearch(x))
 forall x (artist(x) implies notscientist(x))
","[@every *x [(setofart[(?x)]  tscontainnopeoplewhoconductsystematicresearch[(?x)])]
 @every *x [(singlescientist[(?x)]  personwhoconductsystematicresearch[(?x)])]
 @every *x [(artist[(?x)]  notscientist[(?x)])]
]","forall (setofart(x) -: tscontainnopeoplewhoconductsystematicresearch(x))
 forall (singlescientist(x) -: personwhoconductsystematicresearch(x))
 forall (artist(x) -: notscientist(x))
",-(+S0-+T0)-(+S0-+P0)-(+A0-+N0),"all:x (setofart(x) :- tscontainnopeoplewhoconductsystematicresearch(x))
 all:x (singlescientist(x) :- personwhoconductsystematicresearch(x))
 all:x (artist(x) :- notscientist(x))
",categorical
f3fecb37-13d4-413b-b97c-7bd23d52e3f8,"It is the case that no liquid is a fluid. All water is a liquid. Consequently, some of the water is not a fluid.",True,False,"∀x (It(x) → CaseThatNoLiquidAFluid(x))
 ∀x (Water(x) → Liquid(x))
 ∀x (SomeOfTheWater(x) → NotAFluid(x))
","forall x (it(x) implies casethatnoliquidafluid(x))
 forall x (water(x) implies liquid(x))
 forall x (someofthewater(x) implies notafluid(x))
","[@every *x [(it[(?x)]  casethatnoliquidafluid[(?x)])]
 @every *x [(water[(?x)]  liquid[(?x)])]
 @every *x [(someofthewater[(?x)]  notafluid[(?x)])]
]","forall (it(x) -: casethatnoliquidafluid(x))
 forall (water(x) -: liquid(x))
 forall (someofthewater(x) -: notafluid(x))
",-(+I0-+C0)-(+W0-+L0)-(+S0-+N0),"all:x (it(x) :- casethatnoliquidafluid(x))
 all:x (water(x) :- liquid(x))
 all:x (someofthewater(x) :- notafluid(x))
",categorical
4d7b1239-23dc-46e3-bbfa-a455fde88d27,Dogs are in no way mammals. Anything that is a dog is a canine. There are some canines that are not mammals.,True,False,"∀x (Dog(x) → InNoWayMammal(x))
 ∀x (AnythingThat(x) → DogACanine(x))
 ∃x (CanineThat(x) ∧ NotMammal(x))
","forall x (dog(x) implies innowaymammal(x))
 forall x (anythingthat(x) implies dogacanine(x))
 exists x (caninethat(x) and notmammal(x))
","[@every *x [(dog[(?x)]  innowaymammal[(?x)])]
 @every *x [(anythingthat[(?x)]  dogacanine[(?x)])]
 *x [(caninethat[(?x)]  notmammal[(?x)])]
]","forall (dog(x) -: innowaymammal(x))
 forall (anythingthat(x) -: dogacanine(x))
  (caninethat(x) , notmammal(x))
",-(+D0-+I0)-(+A0-+D0)+(+C1++N1),"all:x (dog(x) :- innowaymammal(x))
 all:x (anythingthat(x) :- dogacanine(x))
 x (caninethat(x) & notmammal(x))
",categorical
007efb0e-6d0c-40c9-8d96-a25a1fbbbf93,Nothing that is a vehicle is an object with wheels. Every single item that is a car is an object with wheels. This proves that a number of cars are not vehicles.,True,False,"∀x (NothingThat(x) → VehicleAnObjectWithWheel(x))
 ∀x (SingleItemThat(x) → CarAnObjectWithWheel(x))
 ∀x (ThiProveThatANumberOfCar(x) → NotVehicle(x))
","forall x (nothingthat(x) implies vehicleanobjectwithwheel(x))
 forall x (singleitemthat(x) implies caranobjectwithwheel(x))
 forall x (thiprovethatanumberofcar(x) implies notvehicle(x))
","[@every *x [(nothingthat[(?x)]  vehicleanobjectwithwheel[(?x)])]
 @every *x [(singleitemthat[(?x)]  caranobjectwithwheel[(?x)])]
 @every *x [(thiprovethatanumberofcar[(?x)]  notvehicle[(?x)])]
]","forall (nothingthat(x) -: vehicleanobjectwithwheel(x))
 forall (singleitemthat(x) -: caranobjectwithwheel(x))
 forall (thiprovethatanumberofcar(x) -: notvehicle(x))
",-(+N0-+V0)-(+S0-+C0)-(+T0-+N0),"all:x (nothingthat(x) :- vehicleanobjectwithwheel(x))
 all:x (singleitemthat(x) :- caranobjectwithwheel(x))
 all:x (thiprovethatanumberofcar(x) :- notvehicle(x))
",categorical
38e06b78-6374-4cb0-8ba9-a177a7b62c31,All things which are triangles are polygons. All things which are triangles are geometric shapes. It follows that some geometric shapes are polygons.,True,True,"∀x (ThingWhich(x) → TrianglePolygon(x))
 ∀x (ThingWhich(x) → TriangleGeometricShape(x))
 ∃x (GeometricShape(x) ∧ Polygon(x))
","forall x (thingwhich(x) implies trianglepolygon(x))
 forall x (thingwhich(x) implies trianglegeometricshape(x))
 exists x (geometricshape(x) and polygon(x))
","[@every *x [(thingwhich[(?x)]  trianglepolygon[(?x)])]
 @every *x [(thingwhich[(?x)]  trianglegeometricshape[(?x)])]
 *x [(geometricshape[(?x)]  polygon[(?x)])]
]","forall (thingwhich(x) -: trianglepolygon(x))
 forall (thingwhich(x) -: trianglegeometricshape(x))
  (geometricshape(x) , polygon(x))
",-(+T0-+T0)-(+T0-+T0)+(+G1++P1),"all:x (thingwhich(x) :- trianglepolygon(x))
 all:x (thingwhich(x) :- trianglegeometricshape(x))
 x (geometricshape(x) & polygon(x))
",categorical
b436f6f9-ef9a-4109-9d2e-6c1de2d3bea0,There are some sweet foods that are cakes. There are no cakes that are salty foods. It is the case that no salty foods are sweet foods.,False,True,"∃x (SweetFoodThat(x) ∧ Cake(x))
 ∃x (NoCakeThat(x) ∧ SaltyFood(x))
 ∀x (It(x) → CaseThatNoSaltyFoodSweetFood(x))
","exists x (sweetfoodthat(x) and cake(x))
 exists x (nocakethat(x) and saltyfood(x))
 forall x (it(x) implies casethatnosaltyfoodsweetfood(x))
","[*x [(sweetfoodthat[(?x)]  cake[(?x)])]
 *x [(nocakethat[(?x)]  saltyfood[(?x)])]
 @every *x [(it[(?x)]  casethatnosaltyfoodsweetfood[(?x)])]
]"," (sweetfoodthat(x) , cake(x))
  (nocakethat(x) , saltyfood(x))
 forall (it(x) -: casethatnosaltyfoodsweetfood(x))
",+(+S1++C1)+(+N1++S1)-(+I0-+C0),"x (sweetfoodthat(x) & cake(x))
 x (nocakethat(x) & saltyfood(x))
 all:x (it(x) :- casethatnosaltyfoodsweetfood(x))
",categorical
0700415b-1bd2-4bf2-baba-848f70b38c7d,"Some trains are not celestial bodies. It is the case that every single train is a planet. Consequently, some planets cannot be considered celestial bodies.",True,False,"∃x (Train(x) ∧ NotCelestialBodie(x))
 ∀x (It(x) → CaseThatEverySingleTrainAPlanet(x))
 ∀x (SomePlanetCannotBeConsideredCelestialBodie(x))
","exists x (train(x) and notcelestialbodie(x))
 forall x (it(x) implies casethateverysingletrainaplanet(x))
 forall x (someplanetcannotbeconsideredcelestialbodie(x))
","[*x [(train[(?x)]  notcelestialbodie[(?x)])]
 @every *x [(it[(?x)]  casethateverysingletrainaplanet[(?x)])]
 @every *x [(someplanetcannotbeconsideredcelestialbodie[(?x)])]
]"," (train(x) , notcelestialbodie(x))
 forall (it(x) -: casethateverysingletrainaplanet(x))
 forall (someplanetcannotbeconsideredcelestialbodie(x))
",+(+T1++N1)-(+I0-+C0)-(+S0),"x (train(x) & notcelestialbodie(x))
 all:x (it(x) :- casethateverysingletrainaplanet(x))
 all:x (someplanetcannotbeconsideredcelestialbodie(x))
",categorical
18,No biospheres are individual fighters. Certain geographical zones are not occupied by combatants. Every zone of life is a geographical area.,False,True,"∀x (Biosphere(x) → ¬IndividualFighter(x))
 ∃x (GeographicalZone(x) ∧ NotOccupiedByCombatant(x))
 ∀x (ZoneOfLife(x) → GeographicalArea(x))
","forall x (biosphere(x) implies not individualfighter(x))
 exists x (geographicalzone(x) and notoccupiedbycombatant(x))
 forall x (zoneoflife(x) implies geographicalarea(x))
","[@every *x [(biosphere[(?x)]  ~individualfighter[(?x)])]
 *x [(geographicalzone[(?x)]  notoccupiedbycombatant[(?x)])]
 @every *x [(zoneoflife[(?x)]  geographicalarea[(?x)])]
]","forall (biosphere(x) -: notindividualfighter(x))
  (geographicalzone(x) , notoccupiedbycombatant(x))
 forall (zoneoflife(x) -: geographicalarea(x))
",-(+B0--+I0)+(+G1++N1)-(+Z0-+G0),"all:x (biosphere(x) :- ~individualfighter(x))
 x (geographicalzone(x) & notoccupiedbycombatant(x))
 all:x (zoneoflife(x) :- geographicalarea(x))
",categorical
784d9ce8-5934-4f3f-b89e-96748b1a2758,Every vegetable is a cloud. Any object that is a potato is a vegetable. This means that all potatoes are clouds.,True,False,"∀x (Vegetable(x) → Cloud(x))
 ∀x (ObjectThat(x) → PotatoAVegetable(x))
 ∀x (ThiMeanThatAllPotatoe(x) → Cloud(x))
","forall x (vegetable(x) implies cloud(x))
 forall x (objectthat(x) implies potatoavegetable(x))
 forall x (thimeanthatallpotatoe(x) implies cloud(x))
","[@every *x [(vegetable[(?x)]  cloud[(?x)])]
 @every *x [(objectthat[(?x)]  potatoavegetable[(?x)])]
 @every *x [(thimeanthatallpotatoe[(?x)]  cloud[(?x)])]
]","forall (vegetable(x) -: cloud(x))
 forall (objectthat(x) -: potatoavegetable(x))
 forall (thimeanthatallpotatoe(x) -: cloud(x))
",-(+V0-+C0)-(+O0-+P0)-(+T0-+C0),"all:x (vegetable(x) :- cloud(x))
 all:x (objectthat(x) :- potatoavegetable(x))
 all:x (thimeanthatallpotatoe(x) :- cloud(x))
",categorical
1a8a31a0-21a8-4372-8d78-084d54b33d20,"There exist some apples that are fruits. Anything that is an apple is edible. Thus, some edible things are fruits.",True,True,"∃x (AppleThat(x) ∧ Fruit(x))
 ∀x (AnythingThat(x) → AppleEdible(x))
 ∀x (SomeEdibleThing(x) → Fruit(x))
","exists x (applethat(x) and fruit(x))
 forall x (anythingthat(x) implies appleedible(x))
 forall x (someediblething(x) implies fruit(x))
","[*x [(applethat[(?x)]  fruit[(?x)])]
 @every *x [(anythingthat[(?x)]  appleedible[(?x)])]
 @every *x [(someediblething[(?x)]  fruit[(?x)])]
]"," (applethat(x) , fruit(x))
 forall (anythingthat(x) -: appleedible(x))
 forall (someediblething(x) -: fruit(x))
",+(+A1++F1)-(+A0-+A0)-(+S0-+F0),"x (applethat(x) & fruit(x))
 all:x (anythingthat(x) :- appleedible(x))
 all:x (someediblething(x) :- fruit(x))
",categorical
8d571f6e-3af0-4428-b572-365fbc4f139d,"A creature that is a dog is never a mammal. Among the creatures that are dogs, a group are retrievers. One can infer from this that some retrievers are not mammals.",True,False,"∀x (CreatureThat(x) → DogNeverAMammal(x))
 ∃x (CreatureThat(x) ∧ DogAGroupRetriever(x))
 ∀x (OneCanInferFromThiThatSomeRetriever(x) → NotMammal(x))
","forall x (creaturethat(x) implies dogneveramammal(x))
 exists x (creaturethat(x) and dogagroupretriever(x))
 forall x (onecaninferfromthithatsomeretriever(x) implies notmammal(x))
","[@every *x [(creaturethat[(?x)]  dogneveramammal[(?x)])]
 *x [(creaturethat[(?x)]  dogagroupretriever[(?x)])]
 @every *x [(onecaninferfromthithatsomeretriever[(?x)]  notmammal[(?x)])]
]","forall (creaturethat(x) -: dogneveramammal(x))
  (creaturethat(x) , dogagroupretriever(x))
 forall (onecaninferfromthithatsomeretriever(x) -: notmammal(x))
",-(+C0-+D0)+(+C1++D1)-(+O0-+N0),"all:x (creaturethat(x) :- dogneveramammal(x))
 x (creaturethat(x) & dogagroupretriever(x))
 all:x (onecaninferfromthithatsomeretriever(x) :- notmammal(x))
",categorical
ba26d7cc-4c9a-40f2-817d-73b6f91781ab,"Some clouds are houses. A house is a building. As such, it is necessarily true that some buildings are clouds.",True,False,"∃x (Cloud(x) ∧ House(x))
 ∀x (House(x) → Building(x))
 ∀x (AsSuchIt(x) → NecessarilyTrueThatSomeBuildingCloud(x))
","exists x (cloud(x) and house(x))
 forall x (house(x) implies building(x))
 forall x (assuchit(x) implies necessarilytruethatsomebuildingcloud(x))
","[*x [(cloud[(?x)]  house[(?x)])]
 @every *x [(house[(?x)]  building[(?x)])]
 @every *x [(assuchit[(?x)]  necessarilytruethatsomebuildingcloud[(?x)])]
]"," (cloud(x) , house(x))
 forall (house(x) -: building(x))
 forall (assuchit(x) -: necessarilytruethatsomebuildingcloud(x))
",+(+C1++H1)-(+H0-+B0)-(+A0-+N0),"x (cloud(x) & house(x))
 all:x (house(x) :- building(x))
 all:x (assuchit(x) :- necessarilytruethatsomebuildingcloud(x))
",categorical
4afebaca-60c2-4a9e-aa14-81508d9f6a0c,"People are not, in any way, learners. Anything that is a student is a learner. Students cannot be people.",True,False,"∀x (People(x) → NotInAnyWayLearner(x))
 ∀x (AnythingThat(x) → StudentALearner(x))
 ∀x (StudentCannotBePeople(x))
","forall x (people(x) implies notinanywaylearner(x))
 forall x (anythingthat(x) implies studentalearner(x))
 forall x (studentcannotbepeople(x))
","[@every *x [(people[(?x)]  notinanywaylearner[(?x)])]
 @every *x [(anythingthat[(?x)]  studentalearner[(?x)])]
 @every *x [(studentcannotbepeople[(?x)])]
]","forall (people(x) -: notinanywaylearner(x))
 forall (anythingthat(x) -: studentalearner(x))
 forall (studentcannotbepeople(x))
",-(+P0-+N0)-(+A0-+S0)-(+S0),"all:x (people(x) :- notinanywaylearner(x))
 all:x (anythingthat(x) :- studentalearner(x))
 all:x (studentcannotbepeople(x))
",categorical
ec09b245-cd39-4bf3-95b5-29f73ac156ab,Every single snake is a reptile. It is the case that all lizards are reptiles. It follows that some lizards are snakes.,False,True,"∀x (SingleSnake(x) → Reptile(x))
 ∀x (It(x) → CaseThatAllLizardReptile(x))
 ∃x (Lizard(x) ∧ Snake(x))
","forall x (singlesnake(x) implies reptile(x))
 forall x (it(x) implies casethatalllizardreptile(x))
 exists x (lizard(x) and snake(x))
","[@every *x [(singlesnake[(?x)]  reptile[(?x)])]
 @every *x [(it[(?x)]  casethatalllizardreptile[(?x)])]
 *x [(lizard[(?x)]  snake[(?x)])]
]","forall (singlesnake(x) -: reptile(x))
 forall (it(x) -: casethatalllizardreptile(x))
  (lizard(x) , snake(x))
",-(+S0-+R0)-(+I0-+C0)+(+L1++S1),"all:x (singlesnake(x) :- reptile(x))
 all:x (it(x) :- casethatalllizardreptile(x))
 x (lizard(x) & snake(x))
",categorical
777cdc8f-1a66-4ad2-bf27-633f430f0183,There are no vehicles that are made of metal. Every single car is a vehicle. This means that no car is made of metal.,True,False,"∃x (NoVehicleThat(x) ∧ MadeOfMetal(x))
 ∀x (SingleCar(x) → Vehicle(x))
 ∀x (ThiMeanThatNoCar(x) → MadeOfMetal(x))
","exists x (novehiclethat(x) and madeofmetal(x))
 forall x (singlecar(x) implies vehicle(x))
 forall x (thimeanthatnocar(x) implies madeofmetal(x))
","[*x [(novehiclethat[(?x)]  madeofmetal[(?x)])]
 @every *x [(singlecar[(?x)]  vehicle[(?x)])]
 @every *x [(thimeanthatnocar[(?x)]  madeofmetal[(?x)])]
]"," (novehiclethat(x) , madeofmetal(x))
 forall (singlecar(x) -: vehicle(x))
 forall (thimeanthatnocar(x) -: madeofmetal(x))
",+(+N1++M1)-(+S0-+V0)-(+T0-+M0),"x (novehiclethat(x) & madeofmetal(x))
 all:x (singlecar(x) :- vehicle(x))
 all:x (thimeanthatnocar(x) :- madeofmetal(x))
",categorical
473c1a59-2fbf-498c-b237-ac7513a2901d,"There is no triangle that is a square. A square, every single one of them, is a geometric shape. Certain geometric shapes are not triangles.",True,True,"∀x (There(x) → NoTriangleThatASquare(x))
 ∀x (SquareEverySingleOneOfThem(x) → GeometricShape(x))
 ∃x (GeometricShape(x) ∧ NotTriangle(x))
","forall x (there(x) implies notrianglethatasquare(x))
 forall x (squareeverysingleoneofthem(x) implies geometricshape(x))
 exists x (geometricshape(x) and nottriangle(x))
","[@every *x [(there[(?x)]  notrianglethatasquare[(?x)])]
 @every *x [(squareeverysingleoneofthem[(?x)]  geometricshape[(?x)])]
 *x [(geometricshape[(?x)]  nottriangle[(?x)])]
]","forall (there(x) -: notrianglethatasquare(x))
 forall (squareeverysingleoneofthem(x) -: geometricshape(x))
  (geometricshape(x) , nottriangle(x))
",-(+T0-+N0)-(+S0-+G0)+(+G1++N1),"all:x (there(x) :- notrianglethatasquare(x))
 all:x (squareeverysingleoneofthem(x) :- geometricshape(x))
 x (geometricshape(x) & nottriangle(x))
",categorical
dbf38723-5390-4452-b85b-19499e555bba,"It is true that everything that is an animal is a mammal. It is also true that no reptiles are animals. Thus, it is concluded that no reptiles are animals.",False,False,"∀x (EverythingThat(x) → AnimalAMammalItAlsoTrueThatNoReptileAnimalThuItConcludedThatNoReptileAnimal(x))
","forall x (everythingthat(x) implies animalamammalitalsotruethatnoreptileanimalthuitconcludedthatnoreptileanimal(x))
","[@every *x [(everythingthat[(?x)]  animalamammalitalsotruethatnoreptileanimalthuitconcludedthatnoreptileanimal[(?x)])]
]","forall (everythingthat(x) -: animalamammalitalsotruethatnoreptileanimalthuitconcludedthatnoreptileanimal(x))
",-(+E0-+A0),"all:x (everythingthat(x) :- animalamammalitalsotruethatnoreptileanimalthuitconcludedthatnoreptileanimal(x))
",categorical
f6b34421-9ef7-42fc-b441-393edd441d41,"It is not true that any stationery item can be used for writing. All pencils are items of stationery. Therefore, no pencil is able to be used for writing.",True,False,"∀x (It(x) → NotTrueThatAnyStationeryItemCanBeUsedForWriting(x))
 ∀x (Pencil(x) → ItemOfStationery(x))
 ∀x (NoPencil(x) → AbleToBeUsedForWriting(x))
","forall x (it(x) implies nottruethatanystationeryitemcanbeusedforwriting(x))
 forall x (pencil(x) implies itemofstationery(x))
 forall x (nopencil(x) implies abletobeusedforwriting(x))
","[@every *x [(it[(?x)]  nottruethatanystationeryitemcanbeusedforwriting[(?x)])]
 @every *x [(pencil[(?x)]  itemofstationery[(?x)])]
 @every *x [(nopencil[(?x)]  abletobeusedforwriting[(?x)])]
]","forall (it(x) -: nottruethatanystationeryitemcanbeusedforwriting(x))
 forall (pencil(x) -: itemofstationery(x))
 forall (nopencil(x) -: abletobeusedforwriting(x))
",-(+I0-+N0)-(+P0-+I0)-(+N0-+A0),"all:x (it(x) :- nottruethatanystationeryitemcanbeusedforwriting(x))
 all:x (pencil(x) :- itemofstationery(x))
 all:x (nopencil(x) :- abletobeusedforwriting(x))
",categorical
6f498eff-ed8a-4128-b751-ea02b9d28bc7,"Every mammal is made of glass. It is the case that some cats are not made of glass. Therefore, it is true that some cats are not mammals.",True,False,"∀x (Mammal(x) → MadeOfGlas(x))
 ∀x (It(x) → CaseThatSomeCatNotMadeOfGlas(x))
 ∀x (It(x) → TrueThatSomeCatNotMammal(x))
","forall x (mammal(x) implies madeofglas(x))
 forall x (it(x) implies casethatsomecatnotmadeofglas(x))
 forall x (it(x) implies truethatsomecatnotmammal(x))
","[@every *x [(mammal[(?x)]  madeofglas[(?x)])]
 @every *x [(it[(?x)]  casethatsomecatnotmadeofglas[(?x)])]
 @every *x [(it[(?x)]  truethatsomecatnotmammal[(?x)])]
]","forall (mammal(x) -: madeofglas(x))
 forall (it(x) -: casethatsomecatnotmadeofglas(x))
 forall (it(x) -: truethatsomecatnotmammal(x))
",-(+M0-+M0)-(+I0-+C0)-(+I0-+T0),"all:x (mammal(x) :- madeofglas(x))
 all:x (it(x) :- casethatsomecatnotmadeofglas(x))
 all:x (it(x) :- truethatsomecatnotmammal(x))
",categorical
33d55b15-c886-478b-91bb-8af9b5b7fe31,All successful people are those who can be rich. Every single person who is successful works hard. This proves that everyone who works hard can be rich.,False,True,"∀x (SuccessfulPeople(x) → ThoseWhoCanBeRich(x))
 ∀x (SinglePersonWho(x) → SuccessfulWorkHard(x))
 ∀x (Th(x) → ProveThatEveryoneWhoWorkHardCanBeRich(x))
","forall x (successfulpeople(x) implies thosewhocanberich(x))
 forall x (singlepersonwho(x) implies successfulworkhard(x))
 forall x (th(x) implies provethateveryonewhoworkhardcanberich(x))
","[@every *x [(successfulpeople[(?x)]  thosewhocanberich[(?x)])]
 @every *x [(singlepersonwho[(?x)]  successfulworkhard[(?x)])]
 @every *x [(th[(?x)]  provethateveryonewhoworkhardcanberich[(?x)])]
]","forall (successfulpeople(x) -: thosewhocanberich(x))
 forall (singlepersonwho(x) -: successfulworkhard(x))
 forall (th(x) -: provethateveryonewhoworkhardcanberich(x))
",-(+S0-+T0)-(+S0-+S0)-(+T0-+P0),"all:x (successfulpeople(x) :- thosewhocanberich(x))
 all:x (singlepersonwho(x) :- successfulworkhard(x))
 all:x (th(x) :- provethateveryonewhoworkhardcanberich(x))
",categorical
55acfad1-cae2-452d-897f-82ff20b9d476,"There are no houses that are buildings. There are no cars that are houses. It follows, then, that some cars are buildings.",False,False,"∃x (NoHouseThat(x) ∧ Building(x))
 ∃x (NoCarThat(x) ∧ House(x))
 ∀x (ThenThatSomeCar(x) → Building(x))
","exists x (nohousethat(x) and building(x))
 exists x (nocarthat(x) and house(x))
 forall x (thenthatsomecar(x) implies building(x))
","[*x [(nohousethat[(?x)]  building[(?x)])]
 *x [(nocarthat[(?x)]  house[(?x)])]
 @every *x [(thenthatsomecar[(?x)]  building[(?x)])]
]"," (nohousethat(x) , building(x))
  (nocarthat(x) , house(x))
 forall (thenthatsomecar(x) -: building(x))
",+(+N1++B1)+(+N1++H1)-(+T0-+B0),"x (nohousethat(x) & building(x))
 x (nocarthat(x) & house(x))
 all:x (thenthatsomecar(x) :- building(x))
",categorical
d4f7a83b-5939-4873-9a45-1083a6dc2df6,Every single liquid is solid. It is not true that any rock is a liquid. It is the case that no rock is solid.,False,False,"∀x (SingleLiquid(x) → Solid(x))
 ∀x (It(x) → NotTrueThatAnyRockALiquid(x))
 ∀x (It(x) → CaseThatNoRockSolid(x))
","forall x (singleliquid(x) implies solid(x))
 forall x (it(x) implies nottruethatanyrockaliquid(x))
 forall x (it(x) implies casethatnorocksolid(x))
","[@every *x [(singleliquid[(?x)]  solid[(?x)])]
 @every *x [(it[(?x)]  nottruethatanyrockaliquid[(?x)])]
 @every *x [(it[(?x)]  casethatnorocksolid[(?x)])]
]","forall (singleliquid(x) -: solid(x))
 forall (it(x) -: nottruethatanyrockaliquid(x))
 forall (it(x) -: casethatnorocksolid(x))
",-(+S0-+S0)-(+I0-+N0)-(+I0-+C0),"all:x (singleliquid(x) :- solid(x))
 all:x (it(x) :- nottruethatanyrockaliquid(x))
 all:x (it(x) :- casethatnorocksolid(x))
",categorical
d395b65f-fa01-475b-a5f9-1043660ab986,"Every bird is an animal. All humans are animals as well. Therefore, all humans must be birds.",False,False,"∀x (Bird(x) → Animal(x))
 ∀x (Human(x) → AnimalAsWell(x))
 ∀x (AllHumanMustBeBird(x))
","forall x (bird(x) implies animal(x))
 forall x (human(x) implies animalaswell(x))
 forall x (allhumanmustbebird(x))
","[@every *x [(bird[(?x)]  animal[(?x)])]
 @every *x [(human[(?x)]  animalaswell[(?x)])]
 @every *x [(allhumanmustbebird[(?x)])]
]","forall (bird(x) -: animal(x))
 forall (human(x) -: animalaswell(x))
 forall (allhumanmustbebird(x))
",-(+B0-+A0)-(+H0-+A0)-(+A0),"all:x (bird(x) :- animal(x))
 all:x (human(x) :- animalaswell(x))
 all:x (allhumanmustbebird(x))
",categorical
da3044ed-e1a7-40a7-8bd2-cdeb09f5dbdb,"No animal that is an invertebrate is a vertebrate. Among the things that are spiders, a few are invertebrates. Thus, some spiders are vertebrates.",False,False,"∀x (Animal(x) → ¬ThatAnInvertebrateAVertebrate(x))
 ∃x (ThingThat(x) ∧ SpiderAFewInvertebrate(x))
 ∀x (SomeSpider(x) → Vertebrate(x))
","forall x (animal(x) implies not thataninvertebrateavertebrate(x))
 exists x (thingthat(x) and spiderafewinvertebrate(x))
 forall x (somespider(x) implies vertebrate(x))
","[@every *x [(animal[(?x)]  ~thataninvertebrateavertebrate[(?x)])]
 *x [(thingthat[(?x)]  spiderafewinvertebrate[(?x)])]
 @every *x [(somespider[(?x)]  vertebrate[(?x)])]
]","forall (animal(x) -: notthataninvertebrateavertebrate(x))
  (thingthat(x) , spiderafewinvertebrate(x))
 forall (somespider(x) -: vertebrate(x))
",-(+A0--+T0)+(+T1++S1)-(+S0-+V0),"all:x (animal(x) :- ~thataninvertebrateavertebrate(x))
 x (thingthat(x) & spiderafewinvertebrate(x))
 all:x (somespider(x) :- vertebrate(x))
",categorical
6c246ba6-8a91-453a-a027-c41877ac446c,It is not the case that every single scientist is an engineer. Every scientist is an elevator. It follows from this that some elevators are engineers.,False,False,"∀x (It(x) → NotTheCaseThatEverySingleScientistAnEngineer(x))
 ∀x (Scientist(x) → Elevator(x))
 ∀x (FromThiThatSomeElevator(x) → Engineer(x))
","forall x (it(x) implies notthecasethateverysinglescientistanengineer(x))
 forall x (scientist(x) implies elevator(x))
 forall x (fromthithatsomeelevator(x) implies engineer(x))
","[@every *x [(it[(?x)]  notthecasethateverysinglescientistanengineer[(?x)])]
 @every *x [(scientist[(?x)]  elevator[(?x)])]
 @every *x [(fromthithatsomeelevator[(?x)]  engineer[(?x)])]
]","forall (it(x) -: notthecasethateverysinglescientistanengineer(x))
 forall (scientist(x) -: elevator(x))
 forall (fromthithatsomeelevator(x) -: engineer(x))
",-(+I0-+N0)-(+S0-+E0)-(+F0-+E0),"all:x (it(x) :- notthecasethateverysinglescientistanengineer(x))
 all:x (scientist(x) :- elevator(x))
 all:x (fromthithatsomeelevator(x) :- engineer(x))
",categorical
79,"Every organism is a mountain. Every organism is a rug. Thus, it logically follows that some rugs are mountains.",True,False,"∀x (Organism(x) → Mountain(x))
 ∀x (Organism(x) → Rug(x))
 ∀x (ItLogicallyFollowThatSomeRug(x) → Mountain(x))
","forall x (organism(x) implies mountain(x))
 forall x (organism(x) implies rug(x))
 forall x (itlogicallyfollowthatsomerug(x) implies mountain(x))
","[@every *x [(organism[(?x)]  mountain[(?x)])]
 @every *x [(organism[(?x)]  rug[(?x)])]
 @every *x [(itlogicallyfollowthatsomerug[(?x)]  mountain[(?x)])]
]","forall (organism(x) -: mountain(x))
 forall (organism(x) -: rug(x))
 forall (itlogicallyfollowthatsomerug(x) -: mountain(x))
",-(+O0-+M0)-(+O0-+R0)-(+I0-+M0),"all:x (organism(x) :- mountain(x))
 all:x (organism(x) :- rug(x))
 all:x (itlogicallyfollowthatsomerug(x) :- mountain(x))
",categorical
a032a04b-1692-4c50-867a-17e2cdfc0387,Every animal is a mammal. There are some reptiles that are animals. It can be concluded that all reptiles are mammals.,False,False,"∀x (Animal(x) → Mammal(x))
 ∃x (ReptileThat(x) ∧ Animal(x))
 ∀x (ItCanBeConcludedThatAllReptile(x) → Mammal(x))
","forall x (animal(x) implies mammal(x))
 exists x (reptilethat(x) and animal(x))
 forall x (itcanbeconcludedthatallreptile(x) implies mammal(x))
","[@every *x [(animal[(?x)]  mammal[(?x)])]
 *x [(reptilethat[(?x)]  animal[(?x)])]
 @every *x [(itcanbeconcludedthatallreptile[(?x)]  mammal[(?x)])]
]","forall (animal(x) -: mammal(x))
  (reptilethat(x) , animal(x))
 forall (itcanbeconcludedthatallreptile(x) -: mammal(x))
",-(+A0-+M0)+(+R1++A1)-(+I0-+M0),"all:x (animal(x) :- mammal(x))
 x (reptilethat(x) & animal(x))
 all:x (itcanbeconcludedthatallreptile(x) :- mammal(x))
",categorical
484629f1-3062-4086-b455-4892eb08d4e6,Nothing that is a fruit is broccoli. All items of broccoli are vegetables. A subset of vegetables is not fruit.,True,True,"∀x (NothingThat(x) → FruitBroccoli(x))
 ∀x (ItemOfBroccoli(x) → Vegetable(x))
 ∀x (SubsetOfVegetable(x) → NotFruit(x))
","forall x (nothingthat(x) implies fruitbroccoli(x))
 forall x (itemofbroccoli(x) implies vegetable(x))
 forall x (subsetofvegetable(x) implies notfruit(x))
","[@every *x [(nothingthat[(?x)]  fruitbroccoli[(?x)])]
 @every *x [(itemofbroccoli[(?x)]  vegetable[(?x)])]
 @every *x [(subsetofvegetable[(?x)]  notfruit[(?x)])]
]","forall (nothingthat(x) -: fruitbroccoli(x))
 forall (itemofbroccoli(x) -: vegetable(x))
 forall (subsetofvegetable(x) -: notfruit(x))
",-(+N0-+F0)-(+I0-+V0)-(+S0-+N0),"all:x (nothingthat(x) :- fruitbroccoli(x))
 all:x (itemofbroccoli(x) :- vegetable(x))
 all:x (subsetofvegetable(x) :- notfruit(x))
",categorical
0d98be0f-0057-41ac-bb47-fcdab1a96c6f,"Every single bird is a fish. Some penguins, it is known, are not fish. This necessarily implies that some penguins are not birds.",True,False,"∀x (SingleBird(x) → Fish(x))
 ∃x (PenguinItKnown(x) ∧ NotFish(x))
 ∀x (ThiNecessarilyImplieThatSomePenguin(x) → NotBird(x))
","forall x (singlebird(x) implies fish(x))
 exists x (penguinitknown(x) and notfish(x))
 forall x (thinecessarilyimpliethatsomepenguin(x) implies notbird(x))
","[@every *x [(singlebird[(?x)]  fish[(?x)])]
 *x [(penguinitknown[(?x)]  notfish[(?x)])]
 @every *x [(thinecessarilyimpliethatsomepenguin[(?x)]  notbird[(?x)])]
]","forall (singlebird(x) -: fish(x))
  (penguinitknown(x) , notfish(x))
 forall (thinecessarilyimpliethatsomepenguin(x) -: notbird(x))
",-(+S0-+F0)+(+P1++N1)-(+T0-+N0),"all:x (singlebird(x) :- fish(x))
 x (penguinitknown(x) & notfish(x))
 all:x (thinecessarilyimpliethatsomepenguin(x) :- notbird(x))
",categorical
48,Not every piece of art is visual. Certain art pieces possess physical characteristics. Nothing that is visual can be physical.,False,False,"∀x (NotEveryPieceOfArt(x) → Visual(x))
 ∀x (ArtPiecePossesPhysicalCharacter(x) → Tic(x))
 ∀x (NothingThat(x) → VisualCanBePhysical(x))
","forall x (noteverypieceofart(x) implies visual(x))
 forall x (artpiecepossesphysicalcharacter(x) implies tic(x))
 forall x (nothingthat(x) implies visualcanbephysical(x))
","[@every *x [(noteverypieceofart[(?x)]  visual[(?x)])]
 @every *x [(artpiecepossesphysicalcharacter[(?x)]  tic[(?x)])]
 @every *x [(nothingthat[(?x)]  visualcanbephysical[(?x)])]
]","forall (noteverypieceofart(x) -: visual(x))
 forall (artpiecepossesphysicalcharacter(x) -: tic(x))
 forall (nothingthat(x) -: visualcanbephysical(x))
",-(+N0-+V0)-(+A0-+T0)-(+N0-+V0),"all:x (noteverypieceofart(x) :- visual(x))
 all:x (artpiecepossesphysicalcharacter(x) :- tic(x))
 all:x (nothingthat(x) :- visualcanbephysical(x))
",categorical
c6a92b4e-ca9a-475c-9fec-967fbec7ab36,"It is true that no fish live in the sea. There are fish, and some of them are salmons. Based on this, it must be the case that a certain amount of salmons do not live in the sea.",True,False,"∀x (Fish(x) → ¬LiveInTheSeaThereFishAndSomeOfThemSalmonBasedOnThiItMustBeTheCaseThatACertainAmountOfSalmonDoNotLiveInTheSea(x))
","forall x (fish(x) implies not liveintheseatherefishandsomeofthemsalmonbasedonthiitmustbethecasethatacertainamountofsalmondonotliveinthesea(x))
","[@every *x [(fish[(?x)]  ~liveintheseatherefishandsomeofthemsalmonbasedonthiitmustbethecasethatacertainamountofsalmondonotliveinthesea[(?x)])]
]","forall (fish(x) -: notliveintheseatherefishandsomeofthemsalmonbasedonthiitmustbethecasethatacertainamountofsalmondonotliveinthesea(x))
",-(+F0--+L0),"all:x (fish(x) :- ~liveintheseatherefishandsomeofthemsalmonbasedonthiitmustbethecasethatacertainamountofsalmondonotliveinthesea(x))
",categorical
1ce77016-2e3d-431a-af11-e015722c98fe,Anything that is a tree is made of wood. Every single chair is made of wood. It is necessarily concluded that every chair is a tree.,False,False,"∀x (AnythingThat(x) → TreeMadeOfWood(x))
 ∀x (SingleChair(x) → MadeOfWood(x))
 ∀x (It(x) → NecessarilyConcludedThatEveryChairATree(x))
","forall x (anythingthat(x) implies treemadeofwood(x))
 forall x (singlechair(x) implies madeofwood(x))
 forall x (it(x) implies necessarilyconcludedthateverychairatree(x))
","[@every *x [(anythingthat[(?x)]  treemadeofwood[(?x)])]
 @every *x [(singlechair[(?x)]  madeofwood[(?x)])]
 @every *x [(it[(?x)]  necessarilyconcludedthateverychairatree[(?x)])]
]","forall (anythingthat(x) -: treemadeofwood(x))
 forall (singlechair(x) -: madeofwood(x))
 forall (it(x) -: necessarilyconcludedthateverychairatree(x))
",-(+A0-+T0)-(+S0-+M0)-(+I0-+N0),"all:x (anythingthat(x) :- treemadeofwood(x))
 all:x (singlechair(x) :- madeofwood(x))
 all:x (it(x) :- necessarilyconcludedthateverychairatree(x))
",categorical
e12158a1-5a17-43f2-b721-5790f55a7b89,All of the things that are planets are animals. All of the things that are bridges are animals. It can be deduced that there are bridges that are planets.,False,False,"∀x (OfTheThingThat(x) → PlanetAnimal(x))
 ∀x (OfTheThingThat(x) → BridgeAnimal(x))
 ∀x (ItCanBeDeducedThatThere(x) → BridgeThatPlanet(x))
","forall x (ofthethingthat(x) implies planetanimal(x))
 forall x (ofthethingthat(x) implies bridgeanimal(x))
 forall x (itcanbededucedthatthere(x) implies bridgethatplanet(x))
","[@every *x [(ofthethingthat[(?x)]  planetanimal[(?x)])]
 @every *x [(ofthethingthat[(?x)]  bridgeanimal[(?x)])]
 @every *x [(itcanbededucedthatthere[(?x)]  bridgethatplanet[(?x)])]
]","forall (ofthethingthat(x) -: planetanimal(x))
 forall (ofthethingthat(x) -: bridgeanimal(x))
 forall (itcanbededucedthatthere(x) -: bridgethatplanet(x))
",-(+O0-+P0)-(+O0-+B0)-(+I0-+B0),"all:x (ofthethingthat(x) :- planetanimal(x))
 all:x (ofthethingthat(x) :- bridgeanimal(x))
 all:x (itcanbededucedthatthere(x) :- bridgethatplanet(x))
",categorical
66f1c7d9-8f37-4f93-842e-4020d38b0e68,It is not true that any bird is a cat. No dog is a bird. This leads to the conclusion that no dog is a cat.,False,True,"∀x (It(x) → NotTrueThatAnyBirdACat(x))
 ∀x (Dog(x) → ¬Bird(x))
 ∀x (ThiLeadToTheConclusionThatNoDog(x) → Cat(x))
","forall x (it(x) implies nottruethatanybirdacat(x))
 forall x (dog(x) implies not bird(x))
 forall x (thileadtotheconclusionthatnodog(x) implies cat(x))
","[@every *x [(it[(?x)]  nottruethatanybirdacat[(?x)])]
 @every *x [(dog[(?x)]  ~bird[(?x)])]
 @every *x [(thileadtotheconclusionthatnodog[(?x)]  cat[(?x)])]
]","forall (it(x) -: nottruethatanybirdacat(x))
 forall (dog(x) -: notbird(x))
 forall (thileadtotheconclusionthatnodog(x) -: cat(x))
",-(+I0-+N0)-(+D0--+B0)-(+T0-+C0),"all:x (it(x) :- nottruethatanybirdacat(x))
 all:x (dog(x) :- ~bird(x))
 all:x (thileadtotheconclusionthatnodog(x) :- cat(x))
",categorical
4d476b7d-8af6-4690-8a19-2dc753c37d8a,Anything that is a plant with thorns is not a flower. A certain number of roses are considered plants with thorns. This demonstrates that some roses are not flowers.,True,False,"∀x (AnythingThat(x) → PlantWithThornNotAFlower(x))
 ∃x (Rose(x) ∧ ConsideredPlantWithThorn(x))
 ∀x (ThiDemonstrateThatSomeRose(x) → NotFlower(x))
","forall x (anythingthat(x) implies plantwiththornnotaflower(x))
 exists x (rose(x) and consideredplantwiththorn(x))
 forall x (thidemonstratethatsomerose(x) implies notflower(x))
","[@every *x [(anythingthat[(?x)]  plantwiththornnotaflower[(?x)])]
 *x [(rose[(?x)]  consideredplantwiththorn[(?x)])]
 @every *x [(thidemonstratethatsomerose[(?x)]  notflower[(?x)])]
]","forall (anythingthat(x) -: plantwiththornnotaflower(x))
  (rose(x) , consideredplantwiththorn(x))
 forall (thidemonstratethatsomerose(x) -: notflower(x))
",-(+A0-+P0)+(+R1++C1)-(+T0-+N0),"all:x (anythingthat(x) :- plantwiththornnotaflower(x))
 x (rose(x) & consideredplantwiththorn(x))
 all:x (thidemonstratethatsomerose(x) :- notflower(x))
",categorical
13,"Not a single colony can be considered a camera. There are instances where bodies are not cameras. As a result, every colony is classified as a body.",False,True,"∀x (Colony(x) → ¬ConsideredACamera(x))
 ∃x (InstanceWhereBodie(x) ∧ NotCamera(x))
 ∀x (EveryColony(x) → ClassifiedAsABody(x))
","forall x (colony(x) implies not consideredacamera(x))
 exists x (instancewherebodie(x) and notcamera(x))
 forall x (everycolony(x) implies classifiedasabody(x))
","[@every *x [(colony[(?x)]  ~consideredacamera[(?x)])]
 *x [(instancewherebodie[(?x)]  notcamera[(?x)])]
 @every *x [(everycolony[(?x)]  classifiedasabody[(?x)])]
]","forall (colony(x) -: notconsideredacamera(x))
  (instancewherebodie(x) , notcamera(x))
 forall (everycolony(x) -: classifiedasabody(x))
",-(+C0--+C0)+(+I1++N1)-(+E0-+C0),"all:x (colony(x) :- ~consideredacamera(x))
 x (instancewherebodie(x) & notcamera(x))
 all:x (everycolony(x) :- classifiedasabody(x))
",categorical
5cc44de7-9c1c-45d1-b8e7-7711e1bafce3,"Every parrot has a beak. All parrots are classified as birds. Therefore, it must be that all birds have beaks.",False,True,"∀x (ParrotHasABeak(x))
 ∀x (Parrot(x) → ClassifiedAsBird(x))
 ∀x (ItMustBeThatAllBird(x) → Beak(x))
","forall x (parrothasabeak(x))
 forall x (parrot(x) implies classifiedasbird(x))
 forall x (itmustbethatallbird(x) implies beak(x))
","[@every *x [(parrothasabeak[(?x)])]
 @every *x [(parrot[(?x)]  classifiedasbird[(?x)])]
 @every *x [(itmustbethatallbird[(?x)]  beak[(?x)])]
]","forall (parrothasabeak(x))
 forall (parrot(x) -: classifiedasbird(x))
 forall (itmustbethatallbird(x) -: beak(x))
",-(+P0)-(+P0-+C0)-(+I0-+B0),"all:x (parrothasabeak(x))
 all:x (parrot(x) :- classifiedasbird(x))
 all:x (itmustbethatallbird(x) :- beak(x))
",categorical
a0d82c8d-78c5-436b-9365-c243ace27faf,Everything that is a star is cold. A few stars are suns. It is the case that some suns are cold.,True,False,"∀x (EverythingThat(x) → StarCold(x))
 ∀x (FewStar(x) → Sun(x))
 ∀x (It(x) → CaseThatSomeSunCold(x))
","forall x (everythingthat(x) implies starcold(x))
 forall x (fewstar(x) implies sun(x))
 forall x (it(x) implies casethatsomesuncold(x))
","[@every *x [(everythingthat[(?x)]  starcold[(?x)])]
 @every *x [(fewstar[(?x)]  sun[(?x)])]
 @every *x [(it[(?x)]  casethatsomesuncold[(?x)])]
]","forall (everythingthat(x) -: starcold(x))
 forall (fewstar(x) -: sun(x))
 forall (it(x) -: casethatsomesuncold(x))
",-(+E0-+S0)-(+F0-+S0)-(+I0-+C0),"all:x (everythingthat(x) :- starcold(x))
 all:x (fewstar(x) :- sun(x))
 all:x (it(x) :- casethatsomesuncold(x))
",categorical
7e8b844e-cae9-489c-85d2-754e381f6ced,"Anyone who is a reader is a scholar. There are students who are readers. Consequently, some students are scholars.",True,True,"∀x (AnyoneWho(x) → ReaderAScholar(x))
 ∃x (StudentWho(x) ∧ Reader(x))
 ∀x (SomeStudent(x) → Scholar(x))
","forall x (anyonewho(x) implies readerascholar(x))
 exists x (studentwho(x) and reader(x))
 forall x (somestudent(x) implies scholar(x))
","[@every *x [(anyonewho[(?x)]  readerascholar[(?x)])]
 *x [(studentwho[(?x)]  reader[(?x)])]
 @every *x [(somestudent[(?x)]  scholar[(?x)])]
]","forall (anyonewho(x) -: readerascholar(x))
  (studentwho(x) , reader(x))
 forall (somestudent(x) -: scholar(x))
",-(+A0-+R0)+(+S1++R1)-(+S0-+S0),"all:x (anyonewho(x) :- readerascholar(x))
 x (studentwho(x) & reader(x))
 all:x (somestudent(x) :- scholar(x))
",categorical
f7af5fc9-8a51-4ef4-8d9a-67efc9ec9208,Everything that is a vehicle is something that can fly. Any and all birds are things that can fly. This implies that all birds are vehicles.,False,False,"∀x (EverythingThat(x) → VehicleSomethingThatCanFly(x))
 ∀x (AndAllBird(x) → ThingThatCanFly(x))
 ∀x (ThiImplieThatAllBird(x) → Vehicle(x))
","forall x (everythingthat(x) implies vehiclesomethingthatcanfly(x))
 forall x (andallbird(x) implies thingthatcanfly(x))
 forall x (thiimpliethatallbird(x) implies vehicle(x))
","[@every *x [(everythingthat[(?x)]  vehiclesomethingthatcanfly[(?x)])]
 @every *x [(andallbird[(?x)]  thingthatcanfly[(?x)])]
 @every *x [(thiimpliethatallbird[(?x)]  vehicle[(?x)])]
]","forall (everythingthat(x) -: vehiclesomethingthatcanfly(x))
 forall (andallbird(x) -: thingthatcanfly(x))
 forall (thiimpliethatallbird(x) -: vehicle(x))
",-(+E0-+V0)-(+A0-+T0)-(+T0-+V0),"all:x (everythingthat(x) :- vehiclesomethingthatcanfly(x))
 all:x (andallbird(x) :- thingthatcanfly(x))
 all:x (thiimpliethatallbird(x) :- vehicle(x))
",categorical
055f965a-33f5-4607-9c66-4aa40bec3f17,Anything that is a rose is a flower. Under no circumstances is a flower a tree. This leads to the conclusion that some trees are not roses.,True,True,"∀x (AnythingThat(x) → RoseAFlower(x))
 ∀x (UnderNoCircumstance(x) → FlowerATree(x))
 ∀x (ThiLeadToTheConclusionThatSomeTree(x) → NotRose(x))
","forall x (anythingthat(x) implies roseaflower(x))
 forall x (undernocircumstance(x) implies floweratree(x))
 forall x (thileadtotheconclusionthatsometree(x) implies notrose(x))
","[@every *x [(anythingthat[(?x)]  roseaflower[(?x)])]
 @every *x [(undernocircumstance[(?x)]  floweratree[(?x)])]
 @every *x [(thileadtotheconclusionthatsometree[(?x)]  notrose[(?x)])]
]","forall (anythingthat(x) -: roseaflower(x))
 forall (undernocircumstance(x) -: floweratree(x))
 forall (thileadtotheconclusionthatsometree(x) -: notrose(x))
",-(+A0-+R0)-(+U0-+F0)-(+T0-+N0),"all:x (anythingthat(x) :- roseaflower(x))
 all:x (undernocircumstance(x) :- floweratree(x))
 all:x (thileadtotheconclusionthatsometree(x) :- notrose(x))
",categorical
ebc9f1a5-9193-4a67-b187-2bf5781c3abd,Any animal that is a cat is a mammal. There isn't a single fish that is a cat. This means that no fish is a mammal.,False,True,"∀x (AnimalThat(x) → CatAMammal(x))
 ∀x (ThereIsntASingleFishThat(x) → Cat(x))
 ∀x (ThiMeanThatNoFish(x) → Mammal(x))
","forall x (animalthat(x) implies catamammal(x))
 forall x (thereisntasinglefishthat(x) implies cat(x))
 forall x (thimeanthatnofish(x) implies mammal(x))
","[@every *x [(animalthat[(?x)]  catamammal[(?x)])]
 @every *x [(thereisntasinglefishthat[(?x)]  cat[(?x)])]
 @every *x [(thimeanthatnofish[(?x)]  mammal[(?x)])]
]","forall (animalthat(x) -: catamammal(x))
 forall (thereisntasinglefishthat(x) -: cat(x))
 forall (thimeanthatnofish(x) -: mammal(x))
",-(+A0-+C0)-(+T0-+C0)-(+T0-+M0),"all:x (animalthat(x) :- catamammal(x))
 all:x (thereisntasinglefishthat(x) :- cat(x))
 all:x (thimeanthatnofish(x) :- mammal(x))
",categorical
bcf96192-4ae8-4834-ab5d-7b2f8c36465b,There are no animals that are both carnivores and herbivores. A certain number of wolves are carnivores. It follows that no wolves are herbivores.,False,True,"∃x (NoAnimalThat(x) ∧ BothCarnivoreAndHerbivore(x))
 ∃x (Wolve(x) ∧ Carnivore(x))
 ∀x (Wolve(x) → ¬Herbivore(x))
","exists x (noanimalthat(x) and bothcarnivoreandherbivore(x))
 exists x (wolve(x) and carnivore(x))
 forall x (wolve(x) implies not herbivore(x))
","[*x [(noanimalthat[(?x)]  bothcarnivoreandherbivore[(?x)])]
 *x [(wolve[(?x)]  carnivore[(?x)])]
 @every *x [(wolve[(?x)]  ~herbivore[(?x)])]
]"," (noanimalthat(x) , bothcarnivoreandherbivore(x))
  (wolve(x) , carnivore(x))
 forall (wolve(x) -: notherbivore(x))
",+(+N1++B1)+(+W1++C1)-(+W0--+H0),"x (noanimalthat(x) & bothcarnivoreandherbivore(x))
 x (wolve(x) & carnivore(x))
 all:x (wolve(x) :- ~herbivore(x))
",categorical
0cb166c1-cc61-4585-bf4b-baad5b3028a2,Every single liquid is a fluid. There are some water bodies which are liquid. Water is in no way a fluid.,False,False,"∀x (SingleLiquid(x) → Fluid(x))
 ∃x (WaterBodieWhich(x) ∧ Liquid(x))
 ∀x (Water(x) → InNoWayAFluid(x))
","forall x (singleliquid(x) implies fluid(x))
 exists x (waterbodiewhich(x) and liquid(x))
 forall x (water(x) implies innowayafluid(x))
","[@every *x [(singleliquid[(?x)]  fluid[(?x)])]
 *x [(waterbodiewhich[(?x)]  liquid[(?x)])]
 @every *x [(water[(?x)]  innowayafluid[(?x)])]
]","forall (singleliquid(x) -: fluid(x))
  (waterbodiewhich(x) , liquid(x))
 forall (water(x) -: innowayafluid(x))
",-(+S0-+F0)+(+W1++L1)-(+W0-+I0),"all:x (singleliquid(x) :- fluid(x))
 x (waterbodiewhich(x) & liquid(x))
 all:x (water(x) :- innowayafluid(x))
",categorical
5042a832-ecad-4b81-a4c8-716ac22397ef,Anything that is a table is furniture. Lamps are not things that are furniture. It's impossible for any lamp to be a table.,True,True,"∀x (AnythingThat(x) → TableFurniture(x))
 ∀x (Lamp(x) → NotThingThatFurniture(x))
 ∀x (ItsImpossibleForAnyLampToBeATable(x))
","forall x (anythingthat(x) implies tablefurniture(x))
 forall x (lamp(x) implies notthingthatfurniture(x))
 forall x (itsimpossibleforanylamptobeatable(x))
","[@every *x [(anythingthat[(?x)]  tablefurniture[(?x)])]
 @every *x [(lamp[(?x)]  notthingthatfurniture[(?x)])]
 @every *x [(itsimpossibleforanylamptobeatable[(?x)])]
]","forall (anythingthat(x) -: tablefurniture(x))
 forall (lamp(x) -: notthingthatfurniture(x))
 forall (itsimpossibleforanylamptobeatable(x))
",-(+A0-+T0)-(+L0-+N0)-(+I0),"all:x (anythingthat(x) :- tablefurniture(x))
 all:x (lamp(x) :- notthingthatfurniture(x))
 all:x (itsimpossibleforanylamptobeatable(x))
",categorical
11c07653-4008-4b22-aeea-b4b1b4da83ad,"There is nothing that is a fruit that is a baked good. Not one passion fruit is a baked good. Consequently, it follows that some passion fruits are not fruits.",False,False,"∀x (There(x) → NothingThatAFruitThatABakedGood(x))
 ∀x (NotOnePassionFruit(x) → BakedGood(x))
 ∀x (ItFollowThatSomePassionFruit(x) → NotFruit(x))
","forall x (there(x) implies nothingthatafruitthatabakedgood(x))
 forall x (notonepassionfruit(x) implies bakedgood(x))
 forall x (itfollowthatsomepassionfruit(x) implies notfruit(x))
","[@every *x [(there[(?x)]  nothingthatafruitthatabakedgood[(?x)])]
 @every *x [(notonepassionfruit[(?x)]  bakedgood[(?x)])]
 @every *x [(itfollowthatsomepassionfruit[(?x)]  notfruit[(?x)])]
]","forall (there(x) -: nothingthatafruitthatabakedgood(x))
 forall (notonepassionfruit(x) -: bakedgood(x))
 forall (itfollowthatsomepassionfruit(x) -: notfruit(x))
",-(+T0-+N0)-(+N0-+B0)-(+I0-+N0),"all:x (there(x) :- nothingthatafruitthatabakedgood(x))
 all:x (notonepassionfruit(x) :- bakedgood(x))
 all:x (itfollowthatsomepassionfruit(x) :- notfruit(x))
",categorical
11bab54e-dbbb-4b2e-9d4d-2fc9b2c69d9e,"It is a certainty that every single teacher is a human being. It is also true that a few educated people are human beings. On this basis, it has been stated that a few educated people are teachers.",False,True,"∀x (It(x) → CertaintyThatEverySingleTeacherAHumanBeing(x))
 ∀x (It(x) → AlsoTrueThatAFewEducatedPeopleHumanBeing(x))
 ∀x (OnThiBasiItHasBeenStatedThatAFewEducatedPeople(x) → Teacher(x))
","forall x (it(x) implies certaintythateverysingleteacherahumanbeing(x))
 forall x (it(x) implies alsotruethatafeweducatedpeoplehumanbeing(x))
 forall x (onthibasiithasbeenstatedthatafeweducatedpeople(x) implies teacher(x))
","[@every *x [(it[(?x)]  certaintythateverysingleteacherahumanbeing[(?x)])]
 @every *x [(it[(?x)]  alsotruethatafeweducatedpeoplehumanbeing[(?x)])]
 @every *x [(onthibasiithasbeenstatedthatafeweducatedpeople[(?x)]  teacher[(?x)])]
]","forall (it(x) -: certaintythateverysingleteacherahumanbeing(x))
 forall (it(x) -: alsotruethatafeweducatedpeoplehumanbeing(x))
 forall (onthibasiithasbeenstatedthatafeweducatedpeople(x) -: teacher(x))
",-(+I0-+C0)-(+I0-+A0)-(+O0-+T0),"all:x (it(x) :- certaintythateverysingleteacherahumanbeing(x))
 all:x (it(x) :- alsotruethatafeweducatedpeoplehumanbeing(x))
 all:x (onthibasiithasbeenstatedthatafeweducatedpeople(x) :- teacher(x))
",categorical
331bc8f9-e5c1-40f3-ace4-77fbe5ad4719,Lions are not gazelles. All African lions are things that are lions. It follows that there are some African lions that are not gazelles.,True,True,"∀x (Lion(x) → NotGazelle(x))
 ∀x (AfricanLion(x) → ThingThatLion(x))
 ∃x (AfricanLionThat(x) ∧ NotGazelle(x))
","forall x (lion(x) implies notgazelle(x))
 forall x (africanlion(x) implies thingthatlion(x))
 exists x (africanlionthat(x) and notgazelle(x))
","[@every *x [(lion[(?x)]  notgazelle[(?x)])]
 @every *x [(africanlion[(?x)]  thingthatlion[(?x)])]
 *x [(africanlionthat[(?x)]  notgazelle[(?x)])]
]","forall (lion(x) -: notgazelle(x))
 forall (africanlion(x) -: thingthatlion(x))
  (africanlionthat(x) , notgazelle(x))
",-(+L0-+N0)-(+A0-+T0)+(+A1++N1),"all:x (lion(x) :- notgazelle(x))
 all:x (africanlion(x) :- thingthatlion(x))
 x (africanlionthat(x) & notgazelle(x))
",categorical
f4db0d1f-081b-4f3d-95a0-726adff675f6,Every single elephant is a mammal. Every single rhinoceros is a mammal. This means that no rhinoceros is an elephant.,False,True,"∀x (SingleElephant(x) → Mammal(x))
 ∀x (SingleRhinocero(x) → Mammal(x))
 ∀x (ThiMeanThatNoRhinocero(x) → Elephant(x))
","forall x (singleelephant(x) implies mammal(x))
 forall x (singlerhinocero(x) implies mammal(x))
 forall x (thimeanthatnorhinocero(x) implies elephant(x))
","[@every *x [(singleelephant[(?x)]  mammal[(?x)])]
 @every *x [(singlerhinocero[(?x)]  mammal[(?x)])]
 @every *x [(thimeanthatnorhinocero[(?x)]  elephant[(?x)])]
]","forall (singleelephant(x) -: mammal(x))
 forall (singlerhinocero(x) -: mammal(x))
 forall (thimeanthatnorhinocero(x) -: elephant(x))
",-(+S0-+M0)-(+S0-+M0)-(+T0-+E0),"all:x (singleelephant(x) :- mammal(x))
 all:x (singlerhinocero(x) :- mammal(x))
 all:x (thimeanthatnorhinocero(x) :- elephant(x))
",categorical
f9127a5c-d34b-4472-aa6f-82d8c32f0c42,Anything that is a human is a mortal. All things that are trees are mortals. This means that everything that is a tree is a human.,False,False,"∀x (AnythingThat(x) → HumanAMortal(x))
 ∀x (ThingThat(x) → TreeMortal(x))
 ∀x (ThiMeanThatEverythingThat(x) → TreeAHuman(x))
","forall x (anythingthat(x) implies humanamortal(x))
 forall x (thingthat(x) implies treemortal(x))
 forall x (thimeanthateverythingthat(x) implies treeahuman(x))
","[@every *x [(anythingthat[(?x)]  humanamortal[(?x)])]
 @every *x [(thingthat[(?x)]  treemortal[(?x)])]
 @every *x [(thimeanthateverythingthat[(?x)]  treeahuman[(?x)])]
]","forall (anythingthat(x) -: humanamortal(x))
 forall (thingthat(x) -: treemortal(x))
 forall (thimeanthateverythingthat(x) -: treeahuman(x))
",-(+A0-+H0)-(+T0-+T0)-(+T0-+T0),"all:x (anythingthat(x) :- humanamortal(x))
 all:x (thingthat(x) :- treemortal(x))
 all:x (thimeanthateverythingthat(x) :- treeahuman(x))
",categorical
975254d3-6a2c-4878-8eb4-4f5bd70a0394,It is not the case that every novel has pages. Every single thing which is a novel is a book. One can therefore conclude that some books do not have pages.,True,False,"∀x (It(x) → NotTheCaseThatEveryNovelHasPage(x))
 ∀x (SingleThingWhich(x) → NovelABook(x))
 ∀x (OneCan(x))
 ∀x (ConcludeThatSomeBookDoNot(x) → Page(x))
","forall x (it(x) implies notthecasethateverynovelhaspage(x))
 forall x (singlethingwhich(x) implies novelabook(x))
 forall x (onecan(x))
 forall x (concludethatsomebookdonot(x) implies page(x))
","[@every *x [(it[(?x)]  notthecasethateverynovelhaspage[(?x)])]
 @every *x [(singlethingwhich[(?x)]  novelabook[(?x)])]
 @every *x [(onecan[(?x)])]
 @every *x [(concludethatsomebookdonot[(?x)]  page[(?x)])]
]","forall (it(x) -: notthecasethateverynovelhaspage(x))
 forall (singlethingwhich(x) -: novelabook(x))
 forall (onecan(x))
 forall (concludethatsomebookdonot(x) -: page(x))
",-(+I0-+N0)-(+S0-+N0)-(+O0)-(+C0-+P0),"all:x (it(x) :- notthecasethateverynovelhaspage(x))
 all:x (singlethingwhich(x) :- novelabook(x))
 all:x (onecan(x))
 all:x (concludethatsomebookdonot(x) :- page(x))
",categorical
7d017cf6-f94b-41d9-a6d6-a7bb8767f430,"Some of the bees that exist are insects. Every single bee is an arthropod. Thus, some arthropods are insects.",True,True,"∃x (OfTheBeeThatExist(x) ∧ Insect(x))
 ∀x (SingleBee(x) → Arthropod(x))
 ∀x (SomeArthropod(x) → Insect(x))
","exists x (ofthebeethatexist(x) and insect(x))
 forall x (singlebee(x) implies arthropod(x))
 forall x (somearthropod(x) implies insect(x))
","[*x [(ofthebeethatexist[(?x)]  insect[(?x)])]
 @every *x [(singlebee[(?x)]  arthropod[(?x)])]
 @every *x [(somearthropod[(?x)]  insect[(?x)])]
]"," (ofthebeethatexist(x) , insect(x))
 forall (singlebee(x) -: arthropod(x))
 forall (somearthropod(x) -: insect(x))
",+(+O1++I1)-(+S0-+A0)-(+S0-+I0),"x (ofthebeethatexist(x) & insect(x))
 all:x (singlebee(x) :- arthropod(x))
 all:x (somearthropod(x) :- insect(x))
",categorical
07a90f4b-0f4f-4cd1-98e4-fb8d24f15662,Every single dog is an animal. There are no zebras which are canines. It is the case that some zebra is an animal.,False,True,"∀x (SingleDog(x) → Animal(x))
 ∃x (NoZebraWhich(x) ∧ Canine(x))
 ∀x (It(x) → CaseThatSomeZebraAnAnimal(x))
","forall x (singledog(x) implies animal(x))
 exists x (nozebrawhich(x) and canine(x))
 forall x (it(x) implies casethatsomezebraananimal(x))
","[@every *x [(singledog[(?x)]  animal[(?x)])]
 *x [(nozebrawhich[(?x)]  canine[(?x)])]
 @every *x [(it[(?x)]  casethatsomezebraananimal[(?x)])]
]","forall (singledog(x) -: animal(x))
  (nozebrawhich(x) , canine(x))
 forall (it(x) -: casethatsomezebraananimal(x))
",-(+S0-+A0)+(+N1++C1)-(+I0-+C0),"all:x (singledog(x) :- animal(x))
 x (nozebrawhich(x) & canine(x))
 all:x (it(x) :- casethatsomezebraananimal(x))
",categorical
f4e0bda0-00ec-4938-acd5-21d3cc260e58,"Every fish is a creature that is an amphibian. Without exception, all sharks are fish. Therefore, it is certain that every shark is an amphibian.",True,False,"∀x (Fish(x) → CreatureThatAnAmphibian(x))
 ∀x (WithoutExceptionAllShark(x) → Fish(x))
 ∀x (It(x) → ThatEverySharkAnAmphibian(x))
","forall x (fish(x) implies creaturethatanamphibian(x))
 forall x (withoutexceptionallshark(x) implies fish(x))
 forall x (it(x) implies thateverysharkanamphibian(x))
","[@every *x [(fish[(?x)]  creaturethatanamphibian[(?x)])]
 @every *x [(withoutexceptionallshark[(?x)]  fish[(?x)])]
 @every *x [(it[(?x)]  thateverysharkanamphibian[(?x)])]
]","forall (fish(x) -: creaturethatanamphibian(x))
 forall (withoutexceptionallshark(x) -: fish(x))
 forall (it(x) -: thateverysharkanamphibian(x))
",-(+F0-+C0)-(+W0-+F0)-(+I0-+T0),"all:x (fish(x) :- creaturethatanamphibian(x))
 all:x (withoutexceptionallshark(x) :- fish(x))
 all:x (it(x) :- thateverysharkanamphibian(x))
",categorical
0872ecdb-a56f-421d-8f30-e3be4d70c054,There are no liquids that are solids. Some of the things that are beverages are liquids. It follows that some beverages are solids.,False,False,"∃x (NoLiquidThat(x) ∧ Solid(x))
 ∃x (OfTheThingThat(x) ∧ BeverageLiquid(x))
 ∃x (Beverage(x) ∧ Solid(x))
","exists x (noliquidthat(x) and solid(x))
 exists x (ofthethingthat(x) and beverageliquid(x))
 exists x (beverage(x) and solid(x))
","[*x [(noliquidthat[(?x)]  solid[(?x)])]
 *x [(ofthethingthat[(?x)]  beverageliquid[(?x)])]
 *x [(beverage[(?x)]  solid[(?x)])]
]"," (noliquidthat(x) , solid(x))
  (ofthethingthat(x) , beverageliquid(x))
  (beverage(x) , solid(x))
",+(+N1++S1)+(+O1++B1)+(+B1++S1),"x (noliquidthat(x) & solid(x))
 x (ofthethingthat(x) & beverageliquid(x))
 x (beverage(x) & solid(x))
",categorical
da6c1393-f23f-4eac-aae5-0bafb07f6839,Every work of poetry is a type of literature. No sculpture is literature. It is the case that no sculpture is poetry.,True,True,"∀x (WorkOfPoetry(x) → TypeOfLiterature(x))
 ∀x (Sculpture(x) → ¬Literature(x))
 ∀x (It(x) → CaseThatNoSculpturePoetry(x))
","forall x (workofpoetry(x) implies typeofliterature(x))
 forall x (sculpture(x) implies not literature(x))
 forall x (it(x) implies casethatnosculpturepoetry(x))
","[@every *x [(workofpoetry[(?x)]  typeofliterature[(?x)])]
 @every *x [(sculpture[(?x)]  ~literature[(?x)])]
 @every *x [(it[(?x)]  casethatnosculpturepoetry[(?x)])]
]","forall (workofpoetry(x) -: typeofliterature(x))
 forall (sculpture(x) -: notliterature(x))
 forall (it(x) -: casethatnosculpturepoetry(x))
",-(+W0-+T0)-(+S0--+L0)-(+I0-+C0),"all:x (workofpoetry(x) :- typeofliterature(x))
 all:x (sculpture(x) :- ~literature(x))
 all:x (it(x) :- casethatnosculpturepoetry(x))
",categorical
28bd236c-0c71-4d83-bf97-b09721850918,"No animal that is a dog is a bird. Some of the animals known as beagles are dogs. As a result, some beagles are not birds.",True,True,"∀x (Animal(x) → ¬ThatADogABird(x))
 ∃x (OfTheAnimalKnownAsBeagle(x) ∧ Dog(x))
 ∀x (SomeBeagle(x) → NotBird(x))
","forall x (animal(x) implies not thatadogabird(x))
 exists x (oftheanimalknownasbeagle(x) and dog(x))
 forall x (somebeagle(x) implies notbird(x))
","[@every *x [(animal[(?x)]  ~thatadogabird[(?x)])]
 *x [(oftheanimalknownasbeagle[(?x)]  dog[(?x)])]
 @every *x [(somebeagle[(?x)]  notbird[(?x)])]
]","forall (animal(x) -: notthatadogabird(x))
  (oftheanimalknownasbeagle(x) , dog(x))
 forall (somebeagle(x) -: notbird(x))
",-(+A0--+T0)+(+O1++D1)-(+S0-+N0),"all:x (animal(x) :- ~thatadogabird(x))
 x (oftheanimalknownasbeagle(x) & dog(x))
 all:x (somebeagle(x) :- notbird(x))
",categorical
fd7d1283-6217-4458-8f48-40968017069c,Every single vehicle is an animal. No cars are animals. A portion of modes of transportation are not vehicles.,True,False,"∀x (SingleVehicle(x) → Animal(x))
 ∀x (Car(x) → ¬Animal(x))
 ∃x (ModeOfTransportation(x) ∧ NotVehicle(x))
","forall x (singlevehicle(x) implies animal(x))
 forall x (car(x) implies not animal(x))
 exists x (modeoftransportation(x) and notvehicle(x))
","[@every *x [(singlevehicle[(?x)]  animal[(?x)])]
 @every *x [(car[(?x)]  ~animal[(?x)])]
 *x [(modeoftransportation[(?x)]  notvehicle[(?x)])]
]","forall (singlevehicle(x) -: animal(x))
 forall (car(x) -: notanimal(x))
  (modeoftransportation(x) , notvehicle(x))
",-(+S0-+A0)-(+C0--+A0)+(+M1++N1),"all:x (singlevehicle(x) :- animal(x))
 all:x (car(x) :- ~animal(x))
 x (modeoftransportation(x) & notvehicle(x))
",categorical
88f1d8e5-30a4-47e4-abda-cd1f50fa77e0,Anything and everything that is a satellite is a moon. There are satellites that are planets. It must follow that all planets are moons.,False,False,"∀x (AnythingAndEverythingThat(x) → SatelliteAMoon(x))
 ∃x (SatelliteThat(x) ∧ Planet(x))
 ∀x (ItMustFollowThatAllPlanet(x) → Moon(x))
","forall x (anythingandeverythingthat(x) implies satelliteamoon(x))
 exists x (satellitethat(x) and planet(x))
 forall x (itmustfollowthatallplanet(x) implies moon(x))
","[@every *x [(anythingandeverythingthat[(?x)]  satelliteamoon[(?x)])]
 *x [(satellitethat[(?x)]  planet[(?x)])]
 @every *x [(itmustfollowthatallplanet[(?x)]  moon[(?x)])]
]","forall (anythingandeverythingthat(x) -: satelliteamoon(x))
  (satellitethat(x) , planet(x))
 forall (itmustfollowthatallplanet(x) -: moon(x))
",-(+A0-+S0)+(+S1++P1)-(+I0-+M0),"all:x (anythingandeverythingthat(x) :- satelliteamoon(x))
 x (satellitethat(x) & planet(x))
 all:x (itmustfollowthatallplanet(x) :- moon(x))
",categorical
ee8e00e2-7bf8-41a3-8009-40d328cb1d60,"It is true that no mammals are insects. There are no butterflies that are mammals. Therefore, it follows that some butterflies are insects.",False,True,"∀x (Mammal(x) → ¬InsectThereNoButterflieThatMammalThereforeItFollowThatSomeButterflieInsect(x))
","forall x (mammal(x) implies not insecttherenobutterfliethatmammalthereforeitfollowthatsomebutterflieinsect(x))
","[@every *x [(mammal[(?x)]  ~insecttherenobutterfliethatmammalthereforeitfollowthatsomebutterflieinsect[(?x)])]
]","forall (mammal(x) -: notinsecttherenobutterfliethatmammalthereforeitfollowthatsomebutterflieinsect(x))
",-(+M0--+I0),"all:x (mammal(x) :- ~insecttherenobutterfliethatmammalthereforeitfollowthatsomebutterflieinsect(x))
",categorical
beb1df32-1d8c-40eb-a481-d08752c30625,The set of living beings is a subset of the set of animals with gills. At least one fish is not an animal with gills. Not every fish is a living being.,False,False,"∀x (SetOfLivingBeing(x) → SubsetOfTheSetOfAnimalWithGill(x))
 ∀x (AtLeastOneFish(x) → NotAnAnimalWithGill(x))
 ∀x (NotEveryFish(x) → LivingBeing(x))
","forall x (setoflivingbeing(x) implies subsetofthesetofanimalwithgill(x))
 forall x (atleastonefish(x) implies notananimalwithgill(x))
 forall x (noteveryfish(x) implies livingbeing(x))
","[@every *x [(setoflivingbeing[(?x)]  subsetofthesetofanimalwithgill[(?x)])]
 @every *x [(atleastonefish[(?x)]  notananimalwithgill[(?x)])]
 @every *x [(noteveryfish[(?x)]  livingbeing[(?x)])]
]","forall (setoflivingbeing(x) -: subsetofthesetofanimalwithgill(x))
 forall (atleastonefish(x) -: notananimalwithgill(x))
 forall (noteveryfish(x) -: livingbeing(x))
",-(+S0-+S0)-(+A0-+N0)-(+N0-+L0),"all:x (setoflivingbeing(x) :- subsetofthesetofanimalwithgill(x))
 all:x (atleastonefish(x) :- notananimalwithgill(x))
 all:x (noteveryfish(x) :- livingbeing(x))
",categorical
57cefbea-6a5e-4b24-b537-007d1837b288,A few large predators are insects. Every single insect is a tiny creature. It logically follows that some tiny creatures are large predators.,True,False,"∀x (FewLargePredator(x) → Insect(x))
 ∀x (SingleInsect(x) → TinyCreature(x))
 ∃x (TinyCreature(x) ∧ LargePredator(x))
","forall x (fewlargepredator(x) implies insect(x))
 forall x (singleinsect(x) implies tinycreature(x))
 exists x (tinycreature(x) and largepredator(x))
","[@every *x [(fewlargepredator[(?x)]  insect[(?x)])]
 @every *x [(singleinsect[(?x)]  tinycreature[(?x)])]
 *x [(tinycreature[(?x)]  largepredator[(?x)])]
]","forall (fewlargepredator(x) -: insect(x))
 forall (singleinsect(x) -: tinycreature(x))
  (tinycreature(x) , largepredator(x))
",-(+F0-+I0)-(+S0-+T0)+(+T1++L1),"all:x (fewlargepredator(x) :- insect(x))
 all:x (singleinsect(x) :- tinycreature(x))
 x (tinycreature(x) & largepredator(x))
",categorical
6b8e7633-e0e5-4bd2-808f-97bd90d5a065,Every single vegetable is green. Anything that is a leaf is green. It is necessarily concluded that every leaf is a vegetable.,False,False,"∀x (SingleVegetable(x) → Green(x))
 ∀x (AnythingThat(x) → LeafGreen(x))
 ∀x (It(x) → NecessarilyConcludedThatEveryLeafAVegetable(x))
","forall x (singlevegetable(x) implies green(x))
 forall x (anythingthat(x) implies leafgreen(x))
 forall x (it(x) implies necessarilyconcludedthateveryleafavegetable(x))
","[@every *x [(singlevegetable[(?x)]  green[(?x)])]
 @every *x [(anythingthat[(?x)]  leafgreen[(?x)])]
 @every *x [(it[(?x)]  necessarilyconcludedthateveryleafavegetable[(?x)])]
]","forall (singlevegetable(x) -: green(x))
 forall (anythingthat(x) -: leafgreen(x))
 forall (it(x) -: necessarilyconcludedthateveryleafavegetable(x))
",-(+S0-+G0)-(+A0-+L0)-(+I0-+N0),"all:x (singlevegetable(x) :- green(x))
 all:x (anythingthat(x) :- leafgreen(x))
 all:x (it(x) :- necessarilyconcludedthateveryleafavegetable(x))
",categorical
3b1f2da1-913d-4fef-a40b-394545bdd73d,There exist mammals who are cats. Every single dog is a mammal. It follows that not a single dog is a cat.,False,True,"∃x (MammalWho(x) ∧ Cat(x))
 ∀x (SingleDog(x) → Mammal(x))
 ∀x (Dog(x) → ¬Cat(x))
","exists x (mammalwho(x) and cat(x))
 forall x (singledog(x) implies mammal(x))
 forall x (dog(x) implies not cat(x))
","[*x [(mammalwho[(?x)]  cat[(?x)])]
 @every *x [(singledog[(?x)]  mammal[(?x)])]
 @every *x [(dog[(?x)]  ~cat[(?x)])]
]"," (mammalwho(x) , cat(x))
 forall (singledog(x) -: mammal(x))
 forall (dog(x) -: notcat(x))
",+(+M1++C1)-(+S0-+M0)-(+D0--+C0),"x (mammalwho(x) & cat(x))
 all:x (singledog(x) :- mammal(x))
 all:x (dog(x) :- ~cat(x))
",categorical
cd79e6f0-75ac-4c80-b4d2-31711a961bac,Every single cat is an animal. There are some fish which are cats. Fish are in no way animals.,False,False,"∀x (SingleCat(x) → Animal(x))
 ∃x (FishWhich(x) ∧ Cat(x))
 ∀x (Fish(x) → InNoWayAnimal(x))
","forall x (singlecat(x) implies animal(x))
 exists x (fishwhich(x) and cat(x))
 forall x (fish(x) implies innowayanimal(x))
","[@every *x [(singlecat[(?x)]  animal[(?x)])]
 *x [(fishwhich[(?x)]  cat[(?x)])]
 @every *x [(fish[(?x)]  innowayanimal[(?x)])]
]","forall (singlecat(x) -: animal(x))
  (fishwhich(x) , cat(x))
 forall (fish(x) -: innowayanimal(x))
",-(+S0-+A0)+(+F1++C1)-(+F0-+I0),"all:x (singlecat(x) :- animal(x))
 x (fishwhich(x) & cat(x))
 all:x (fish(x) :- innowayanimal(x))
",categorical
a6990bc2-71c7-4745-a1b3-959943fad22c,"Every person who is a primate is a mammal. All humans are mammals. Consequently, every single human is a primate.",False,True,"∀x (PersonWho(x) → PrimateAMammal(x))
 ∀x (Human(x) → Mammal(x))
 ∀x (EverySingleHuman(x) → Primate(x))
","forall x (personwho(x) implies primateamammal(x))
 forall x (human(x) implies mammal(x))
 forall x (everysinglehuman(x) implies primate(x))
","[@every *x [(personwho[(?x)]  primateamammal[(?x)])]
 @every *x [(human[(?x)]  mammal[(?x)])]
 @every *x [(everysinglehuman[(?x)]  primate[(?x)])]
]","forall (personwho(x) -: primateamammal(x))
 forall (human(x) -: mammal(x))
 forall (everysinglehuman(x) -: primate(x))
",-(+P0-+P0)-(+H0-+M0)-(+E0-+P0),"all:x (personwho(x) :- primateamammal(x))
 all:x (human(x) :- mammal(x))
 all:x (everysinglehuman(x) :- primate(x))
",categorical
59598fb3-62fa-42dd-9498-8ae6fdc51cbc,Every mammal is an animal. Every fish is an animal. This suggests that some fish are mammals.,False,False,"∀x (Mammal(x) → Animal(x))
 ∀x (Fish(x) → Animal(x))
 ∀x (ThiSuggestThatSomeFish(x) → Mammal(x))
","forall x (mammal(x) implies animal(x))
 forall x (fish(x) implies animal(x))
 forall x (thisuggestthatsomefish(x) implies mammal(x))
","[@every *x [(mammal[(?x)]  animal[(?x)])]
 @every *x [(fish[(?x)]  animal[(?x)])]
 @every *x [(thisuggestthatsomefish[(?x)]  mammal[(?x)])]
]","forall (mammal(x) -: animal(x))
 forall (fish(x) -: animal(x))
 forall (thisuggestthatsomefish(x) -: mammal(x))
",-(+M0-+A0)-(+F0-+A0)-(+T0-+M0),"all:x (mammal(x) :- animal(x))
 all:x (fish(x) :- animal(x))
 all:x (thisuggestthatsomefish(x) :- mammal(x))
",categorical
b93c1c6a-958a-4cfb-975b-585432f3cd20,"Kitchen items are never hammers. A few hammers are, in fact, tools. There exist tools that are not kitchen items.",True,True,"∀x (KitchenItem(x) → NeverHammer(x))
 ∀x (FewHammer(x) → InFactTool(x))
 ∃x (ToolThat(x) ∧ NotKitchenItem(x))
","forall x (kitchenitem(x) implies neverhammer(x))
 forall x (fewhammer(x) implies infacttool(x))
 exists x (toolthat(x) and notkitchenitem(x))
","[@every *x [(kitchenitem[(?x)]  neverhammer[(?x)])]
 @every *x [(fewhammer[(?x)]  infacttool[(?x)])]
 *x [(toolthat[(?x)]  notkitchenitem[(?x)])]
]","forall (kitchenitem(x) -: neverhammer(x))
 forall (fewhammer(x) -: infacttool(x))
  (toolthat(x) , notkitchenitem(x))
",-(+K0-+N0)-(+F0-+I0)+(+T1++N1),"all:x (kitchenitem(x) :- neverhammer(x))
 all:x (fewhammer(x) :- infacttool(x))
 x (toolthat(x) & notkitchenitem(x))
",categorical
462a2603-e5b1-4dc2-bc70-152c024816e0,"Every insect is an animal. All reptiles are animals. Consequently, every single reptile is an ant.",False,False,"∀x (Insect(x) → Animal(x))
 ∀x (Reptile(x) → Animal(x))
 ∀x (EverySingleReptile(x) → Ant(x))
","forall x (insect(x) implies animal(x))
 forall x (reptile(x) implies animal(x))
 forall x (everysinglereptile(x) implies ant(x))
","[@every *x [(insect[(?x)]  animal[(?x)])]
 @every *x [(reptile[(?x)]  animal[(?x)])]
 @every *x [(everysinglereptile[(?x)]  ant[(?x)])]
]","forall (insect(x) -: animal(x))
 forall (reptile(x) -: animal(x))
 forall (everysinglereptile(x) -: ant(x))
",-(+I0-+A0)-(+R0-+A0)-(+E0-+A0),"all:x (insect(x) :- animal(x))
 all:x (reptile(x) :- animal(x))
 all:x (everysinglereptile(x) :- ant(x))
",categorical
baeb9911-e69d-433c-9934-36988fdc2f53,"It is the case that no bird is a reptile. A portion of the penguin population are birds. Thus, some penguins are excluded from the group of reptiles.",True,True,"∀x (It(x) → CaseThatNoBirdAReptile(x))
 ∃x (PenguinPopulation(x) ∧ Bird(x))
 ∀x (SomePenguin(x) → ExcludedFromTheGroupOfReptile(x))
","forall x (it(x) implies casethatnobirdareptile(x))
 exists x (penguinpopulation(x) and bird(x))
 forall x (somepenguin(x) implies excludedfromthegroupofreptile(x))
","[@every *x [(it[(?x)]  casethatnobirdareptile[(?x)])]
 *x [(penguinpopulation[(?x)]  bird[(?x)])]
 @every *x [(somepenguin[(?x)]  excludedfromthegroupofreptile[(?x)])]
]","forall (it(x) -: casethatnobirdareptile(x))
  (penguinpopulation(x) , bird(x))
 forall (somepenguin(x) -: excludedfromthegroupofreptile(x))
",-(+I0-+C0)+(+P1++B1)-(+S0-+E0),"all:x (it(x) :- casethatnobirdareptile(x))
 x (penguinpopulation(x) & bird(x))
 all:x (somepenguin(x) :- excludedfromthegroupofreptile(x))
",categorical
1147615b-a8a5-4626-8e2d-171220edf00d,"Some of the planets are animals. All animals are living things. As a result, some living things are planets.",True,False,"∃x (OfThePlanet(x) ∧ Animal(x))
 ∀x (Animal(x) → LivingThing(x))
 ∀x (SomeLivingThing(x) → Planet(x))
","exists x (oftheplanet(x) and animal(x))
 forall x (animal(x) implies livingthing(x))
 forall x (somelivingthing(x) implies planet(x))
","[*x [(oftheplanet[(?x)]  animal[(?x)])]
 @every *x [(animal[(?x)]  livingthing[(?x)])]
 @every *x [(somelivingthing[(?x)]  planet[(?x)])]
]"," (oftheplanet(x) , animal(x))
 forall (animal(x) -: livingthing(x))
 forall (somelivingthing(x) -: planet(x))
",+(+O1++A1)-(+A0-+L0)-(+S0-+P0),"x (oftheplanet(x) & animal(x))
 all:x (animal(x) :- livingthing(x))
 all:x (somelivingthing(x) :- planet(x))
",categorical
299b601b-795b-47fa-8fae-2bee0a555b0e,"No books are buildings. Some things made of paper are books. From this, it is concluded that some buildings are made of paper.",False,False,"∀x (Book(x) → ¬Building(x))
 ∃x (ThingMadeOfPaper(x) ∧ Book(x))
 ∀x (FromThiIt(x) → ConcludedThatSomeBuildingMadeOfPaper(x))
","forall x (book(x) implies not building(x))
 exists x (thingmadeofpaper(x) and book(x))
 forall x (fromthiit(x) implies concludedthatsomebuildingmadeofpaper(x))
","[@every *x [(book[(?x)]  ~building[(?x)])]
 *x [(thingmadeofpaper[(?x)]  book[(?x)])]
 @every *x [(fromthiit[(?x)]  concludedthatsomebuildingmadeofpaper[(?x)])]
]","forall (book(x) -: notbuilding(x))
  (thingmadeofpaper(x) , book(x))
 forall (fromthiit(x) -: concludedthatsomebuildingmadeofpaper(x))
",-(+B0--+B0)+(+T1++B1)-(+F0-+C0),"all:x (book(x) :- ~building(x))
 x (thingmadeofpaper(x) & book(x))
 all:x (fromthiit(x) :- concludedthatsomebuildingmadeofpaper(x))
",categorical
a30e07d5-0fb3-4097-9892-4b145b0c54f5,"Every cat is an invisible creature. A number of cats are animals. Consequently, a portion of animals are invisible.",True,False,"∀x (Cat(x) → InvisibleCreature(x))
 ∃x (Cat(x) ∧ Animal(x))
 ∀x (APortionOfAnimal(x) → Invisible(x))
","forall x (cat(x) implies invisiblecreature(x))
 exists x (cat(x) and animal(x))
 forall x (aportionofanimal(x) implies invisible(x))
","[@every *x [(cat[(?x)]  invisiblecreature[(?x)])]
 *x [(cat[(?x)]  animal[(?x)])]
 @every *x [(aportionofanimal[(?x)]  invisible[(?x)])]
]","forall (cat(x) -: invisiblecreature(x))
  (cat(x) , animal(x))
 forall (aportionofanimal(x) -: invisible(x))
",-(+C0-+I0)+(+C1++A1)-(+A0-+I0),"all:x (cat(x) :- invisiblecreature(x))
 x (cat(x) & animal(x))
 all:x (aportionofanimal(x) :- invisible(x))
",hypothetical
1e369b67-1620-4d10-ac81-41690d525f37,Not a single fish is an insect. There are some elephants that are not fish. We can conclude that no elephant is an insect.,False,True,"∀x (Fish(x) → ¬Insect(x))
 ∃x (ElephantThat(x) ∧ NotFish(x))
 ∀x (WeCanConcludeThatNoElephant(x) → Insect(x))
","forall x (fish(x) implies not insect(x))
 exists x (elephantthat(x) and notfish(x))
 forall x (wecanconcludethatnoelephant(x) implies insect(x))
","[@every *x [(fish[(?x)]  ~insect[(?x)])]
 *x [(elephantthat[(?x)]  notfish[(?x)])]
 @every *x [(wecanconcludethatnoelephant[(?x)]  insect[(?x)])]
]","forall (fish(x) -: notinsect(x))
  (elephantthat(x) , notfish(x))
 forall (wecanconcludethatnoelephant(x) -: insect(x))
",-(+F0--+I0)+(+E1++N1)-(+W0-+I0),"all:x (fish(x) :- ~insect(x))
 x (elephantthat(x) & notfish(x))
 all:x (wecanconcludethatnoelephant(x) :- insect(x))
",categorical
60d3843b-0fde-4c47-8663-aed5930df07f,Every single bird is not a mammal. A portion of the things that are pets are not mammals. It must be the case that some pets are birds.,False,True,"∀x (SingleBird(x) → NotAMammal(x))
 ∃x (ThingThat(x) ∧ PetNotMammal(x))
 ∀x (ItMustBeTheCaseThatSomePet(x) → Bird(x))
","forall x (singlebird(x) implies notamammal(x))
 exists x (thingthat(x) and petnotmammal(x))
 forall x (itmustbethecasethatsomepet(x) implies bird(x))
","[@every *x [(singlebird[(?x)]  notamammal[(?x)])]
 *x [(thingthat[(?x)]  petnotmammal[(?x)])]
 @every *x [(itmustbethecasethatsomepet[(?x)]  bird[(?x)])]
]","forall (singlebird(x) -: notamammal(x))
  (thingthat(x) , petnotmammal(x))
 forall (itmustbethecasethatsomepet(x) -: bird(x))
",-(+S0-+N0)+(+T1++P1)-(+I0-+B0),"all:x (singlebird(x) :- notamammal(x))
 x (thingthat(x) & petnotmammal(x))
 all:x (itmustbethecasethatsomepet(x) :- bird(x))
",categorical
37,"It is established that no animals classified as preys are actual nerve pathways. However, within the category of nerve pathways, certain instances are identified as peduncles. Consequently, some of these peduncles are certainly not prey animals.",True,True,"∀x (Animal(x) → ¬ClassifiedAsPreyActualNervePathwayHoweverWithinTheCategoryOfNervePathwayCertainInstanceIdentifiedAsPeduncleConsequentlySomeOfThesePeduncleCertainlyNotPreyAnimal(x))
","forall x (animal(x) implies not classifiedaspreyactualnervepathwayhoweverwithinthecategoryofnervepathwaycertaininstanceidentifiedaspeduncleconsequentlysomeofthesepedunclecertainlynotpreyanimal(x))
","[@every *x [(animal[(?x)]  ~classifiedaspreyactualnervepathwayhoweverwithinthecategoryofnervepathwaycertaininstanceidentifiedaspeduncleconsequentlysomeofthesepedunclecertainlynotpreyanimal[(?x)])]
]","forall (animal(x) -: notclassifiedaspreyactualnervepathwayhoweverwithinthecategoryofnervepathwaycertaininstanceidentifiedaspeduncleconsequentlysomeofthesepedunclecertainlynotpreyanimal(x))
",-(+A0--+C0),"all:x (animal(x) :- ~classifiedaspreyactualnervepathwayhoweverwithinthecategoryofnervepathwaycertaininstanceidentifiedaspeduncleconsequentlysomeofthesepedunclecertainlynotpreyanimal(x))
",categorical
ffba71c8-04fc-496e-809f-6655735d3be8,Every feline is an animal. There is a subset of animals that is composed of mammals. A portion of mammals are not felines.,False,True,"∀x (Feline(x) → Animal(x))
 ∀x (There(x) → SubsetOfAnimalThatComposedOfMammal(x))
 ∃x (Mammal(x) ∧ NotFeline(x))
","forall x (feline(x) implies animal(x))
 forall x (there(x) implies subsetofanimalthatcomposedofmammal(x))
 exists x (mammal(x) and notfeline(x))
","[@every *x [(feline[(?x)]  animal[(?x)])]
 @every *x [(there[(?x)]  subsetofanimalthatcomposedofmammal[(?x)])]
 *x [(mammal[(?x)]  notfeline[(?x)])]
]","forall (feline(x) -: animal(x))
 forall (there(x) -: subsetofanimalthatcomposedofmammal(x))
  (mammal(x) , notfeline(x))
",-(+F0-+A0)-(+T0-+S0)+(+M1++N1),"all:x (feline(x) :- animal(x))
 all:x (there(x) :- subsetofanimalthatcomposedofmammal(x))
 x (mammal(x) & notfeline(x))
",categorical
3e50a21d-a81c-4c71-82b5-4c5a94dcd47c,It is not true that any car is a train. There are a few trains that are also types of transportation. There are some types of transportation that are not cars.,True,True,"∀x (It(x) → NotTrueThatAnyCarATrain(x))
 ∃x (FewTrainThat(x) ∧ AlsoTypeOfTransportation(x))
 ∃x (TypeOfTransportationThat(x) ∧ NotCar(x))
","forall x (it(x) implies nottruethatanycaratrain(x))
 exists x (fewtrainthat(x) and alsotypeoftransportation(x))
 exists x (typeoftransportationthat(x) and notcar(x))
","[@every *x [(it[(?x)]  nottruethatanycaratrain[(?x)])]
 *x [(fewtrainthat[(?x)]  alsotypeoftransportation[(?x)])]
 *x [(typeoftransportationthat[(?x)]  notcar[(?x)])]
]","forall (it(x) -: nottruethatanycaratrain(x))
  (fewtrainthat(x) , alsotypeoftransportation(x))
  (typeoftransportationthat(x) , notcar(x))
",-(+I0-+N0)+(+F1++A1)+(+T1++N1),"all:x (it(x) :- nottruethatanycaratrain(x))
 x (fewtrainthat(x) & alsotypeoftransportation(x))
 x (typeoftransportationthat(x) & notcar(x))
",categorical
c648392e-e91c-4046-97fc-4acb588a0a42,"Every single creature that is a pig is capable of flight. There are some farm animals which are pigs. Therefore, a portion of farm animals can fly.",True,False,"∀x (SingleCreatureThat(x) → PigCapableOfFlight(x))
 ∃x (FarmAnimalWhich(x) ∧ Pig(x))
 ∀x (APortionOfFarmAnimalCanFly(x))
","forall x (singlecreaturethat(x) implies pigcapableofflight(x))
 exists x (farmanimalwhich(x) and pig(x))
 forall x (aportionoffarmanimalcanfly(x))
","[@every *x [(singlecreaturethat[(?x)]  pigcapableofflight[(?x)])]
 *x [(farmanimalwhich[(?x)]  pig[(?x)])]
 @every *x [(aportionoffarmanimalcanfly[(?x)])]
]","forall (singlecreaturethat(x) -: pigcapableofflight(x))
  (farmanimalwhich(x) , pig(x))
 forall (aportionoffarmanimalcanfly(x))
",-(+S0-+P0)+(+F1++P1)-(+A0),"all:x (singlecreaturethat(x) :- pigcapableofflight(x))
 x (farmanimalwhich(x) & pig(x))
 all:x (aportionoffarmanimalcanfly(x))
",categorical
56,Omnivores are never individuals who consume food. There are no instances where an omnivore is also a bottle. Each and every bottle possesses the characteristic of being an eater.,False,False,"∀x (Omnivore(x) → NeverIndividualWhoConsumeFood(x))
 ∀x (There(x) → NoInstanceWhereAnOmnivoreAlsoABottle(x))
 ∀x (AndEveryBottlePossesseTheCharacter(x) → TicOfBeingAnEater(x))
","forall x (omnivore(x) implies neverindividualwhoconsumefood(x))
 forall x (there(x) implies noinstancewhereanomnivorealsoabottle(x))
 forall x (andeverybottlepossessethecharacter(x) implies ticofbeinganeater(x))
","[@every *x [(omnivore[(?x)]  neverindividualwhoconsumefood[(?x)])]
 @every *x [(there[(?x)]  noinstancewhereanomnivorealsoabottle[(?x)])]
 @every *x [(andeverybottlepossessethecharacter[(?x)]  ticofbeinganeater[(?x)])]
]","forall (omnivore(x) -: neverindividualwhoconsumefood(x))
 forall (there(x) -: noinstancewhereanomnivorealsoabottle(x))
 forall (andeverybottlepossessethecharacter(x) -: ticofbeinganeater(x))
",-(+O0-+N0)-(+T0-+N0)-(+A0-+T0),"all:x (omnivore(x) :- neverindividualwhoconsumefood(x))
 all:x (there(x) :- noinstancewhereanomnivorealsoabottle(x))
 all:x (andeverybottlepossessethecharacter(x) :- ticofbeinganeater(x))
",categorical
92732329-128c-43fa-a364-94c90d08162f,Every single car is a type of vehicle with an engine. There exist some bicycles that do not have an engine. It is the case that some bicycles are not cars.,True,True,"∀x (SingleCar(x) → TypeOfVehicleWithAnEngine(x))
 ∃x (ThereEx(x) ∧ ¬TSomeBicycleThatDoNotHaveAnEngine(x))
 ∀x (It(x) → CaseThatSomeBicycleNotCar(x))
","forall x (singlecar(x) implies typeofvehiclewithanengine(x))
 exists x (thereex(x) and not tsomebicyclethatdonothaveanengine(x))
 forall x (it(x) implies casethatsomebicyclenotcar(x))
","[@every *x [(singlecar[(?x)]  typeofvehiclewithanengine[(?x)])]
 *x [(thereex[(?x)]  ~tsomebicyclethatdonothaveanengine[(?x)])]
 @every *x [(it[(?x)]  casethatsomebicyclenotcar[(?x)])]
]","forall (singlecar(x) -: typeofvehiclewithanengine(x))
  (thereex(x) , nottsomebicyclethatdonothaveanengine(x))
 forall (it(x) -: casethatsomebicyclenotcar(x))
",-(+S0-+T0)+(+T1+-+T1)-(+I0-+C0),"all:x (singlecar(x) :- typeofvehiclewithanengine(x))
 x (thereex(x) & ~tsomebicyclethatdonothaveanengine(x))
 all:x (it(x) :- casethatsomebicyclenotcar(x))
",categorical
0ed786f8-51d0-40c7-b692-441bc96ec29d,All people who are doctors are those who have medical training. There are no people with medical training who are teachers. This means that no one who is a teacher is a doctor.,True,True,"∀x (PeopleWho(x) → DoctorThoseWhoHaveMedicalTraining(x))
 ∃x (NoPeopleWithMedicalTrainingWho(x) ∧ Teacher(x))
 ∀x (ThiMeanThatNoOneWho(x) → TeacherADoctor(x))
","forall x (peoplewho(x) implies doctorthosewhohavemedicaltraining(x))
 exists x (nopeoplewithmedicaltrainingwho(x) and teacher(x))
 forall x (thimeanthatnoonewho(x) implies teacheradoctor(x))
","[@every *x [(peoplewho[(?x)]  doctorthosewhohavemedicaltraining[(?x)])]
 *x [(nopeoplewithmedicaltrainingwho[(?x)]  teacher[(?x)])]
 @every *x [(thimeanthatnoonewho[(?x)]  teacheradoctor[(?x)])]
]","forall (peoplewho(x) -: doctorthosewhohavemedicaltraining(x))
  (nopeoplewithmedicaltrainingwho(x) , teacher(x))
 forall (thimeanthatnoonewho(x) -: teacheradoctor(x))
",-(+P0-+D0)+(+N1++T1)-(+T0-+T0),"all:x (peoplewho(x) :- doctorthosewhohavemedicaltraining(x))
 x (nopeoplewithmedicaltrainingwho(x) & teacher(x))
 all:x (thimeanthatnoonewho(x) :- teacheradoctor(x))
",categorical
6ee9c1d0-989a-4ff4-a935-021d6e294533,"It is true that everything that is a sun is a star. It is also true that all stars are celestial bodies. Thus, it is concluded that all celestial bodies are suns.",False,False,"∀x (EverythingThat(x) → SunAStarItAlsoTrueThatAllStarCelestialBodieThuItConcludedThatAllCelestialBodieSun(x))
","forall x (everythingthat(x) implies sunastaritalsotruethatallstarcelestialbodiethuitconcludedthatallcelestialbodiesun(x))
","[@every *x [(everythingthat[(?x)]  sunastaritalsotruethatallstarcelestialbodiethuitconcludedthatallcelestialbodiesun[(?x)])]
]","forall (everythingthat(x) -: sunastaritalsotruethatallstarcelestialbodiethuitconcludedthatallcelestialbodiesun(x))
",-(+E0-+S0),"all:x (everythingthat(x) :- sunastaritalsotruethatallstarcelestialbodiethuitconcludedthatallcelestialbodiesun(x))
",categorical
550d9d17-634f-43b0-a389-f8faaead4a7a,It is the case that there are no fish that are also mammals. Anything that is a whale is not a fish. It follows that some whales are mammals.,False,True,"∀x (It(x) → CaseThatThereNoFishThatAlsoMammal(x))
 ∀x (AnythingThat(x) → WhaleNotAFish(x))
 ∃x (Whale(x) ∧ Mammal(x))
","forall x (it(x) implies casethattherenofishthatalsomammal(x))
 forall x (anythingthat(x) implies whalenotafish(x))
 exists x (whale(x) and mammal(x))
","[@every *x [(it[(?x)]  casethattherenofishthatalsomammal[(?x)])]
 @every *x [(anythingthat[(?x)]  whalenotafish[(?x)])]
 *x [(whale[(?x)]  mammal[(?x)])]
]","forall (it(x) -: casethattherenofishthatalsomammal(x))
 forall (anythingthat(x) -: whalenotafish(x))
  (whale(x) , mammal(x))
",-(+I0-+C0)-(+A0-+W0)+(+W1++M1),"all:x (it(x) :- casethattherenofishthatalsomammal(x))
 all:x (anythingthat(x) :- whalenotafish(x))
 x (whale(x) & mammal(x))
",categorical
d33723e6-311d-4079-9752-a198fcfb0180,There are no polygons that are shapes with three sides. All triangles are shapes with three sides. The implication is that some triangles are not polygons.,True,False,"∃x (NoPolygonThat(x) ∧ ShapeWithThreeSide(x))
 ∀x (Triangle(x) → ShapeWithThreeSide(x))
 ∀x (Implication(x) → ThatSomeTriangleNotPolygon(x))
","exists x (nopolygonthat(x) and shapewiththreeside(x))
 forall x (triangle(x) implies shapewiththreeside(x))
 forall x (implication(x) implies thatsometrianglenotpolygon(x))
","[*x [(nopolygonthat[(?x)]  shapewiththreeside[(?x)])]
 @every *x [(triangle[(?x)]  shapewiththreeside[(?x)])]
 @every *x [(implication[(?x)]  thatsometrianglenotpolygon[(?x)])]
]"," (nopolygonthat(x) , shapewiththreeside(x))
 forall (triangle(x) -: shapewiththreeside(x))
 forall (implication(x) -: thatsometrianglenotpolygon(x))
",+(+N1++S1)-(+T0-+S0)-(+I0-+T0),"x (nopolygonthat(x) & shapewiththreeside(x))
 all:x (triangle(x) :- shapewiththreeside(x))
 all:x (implication(x) :- thatsometrianglenotpolygon(x))
",categorical
db2abe54-05ba-4564-bb8b-6ccace6583d3,"Every item that is a fish is a plant. Some cars are fish. Therefore, all cars can be said to be plants.",False,False,"∀x (ItemThat(x) → FishAPlant(x))
 ∃x (Car(x) ∧ Fish(x))
 ∀x (AllCarCanBeSaidToBePlant(x))
","forall x (itemthat(x) implies fishaplant(x))
 exists x (car(x) and fish(x))
 forall x (allcarcanbesaidtobeplant(x))
","[@every *x [(itemthat[(?x)]  fishaplant[(?x)])]
 *x [(car[(?x)]  fish[(?x)])]
 @every *x [(allcarcanbesaidtobeplant[(?x)])]
]","forall (itemthat(x) -: fishaplant(x))
  (car(x) , fish(x))
 forall (allcarcanbesaidtobeplant(x))
",-(+I0-+F0)+(+C1++F1)-(+A0),"all:x (itemthat(x) :- fishaplant(x))
 x (car(x) & fish(x))
 all:x (allcarcanbesaidtobeplant(x))
",categorical
47f1b584-9689-4744-a190-7112a13c9cb2,There are some reptile that are animals. Every single snake is a reptile. It is therefore the case that all snakes are animals.,False,True,"∃x (ReptileThat(x) ∧ Animal(x))
 ∀x (SingleSnake(x) → Reptile(x))
 ∀x (It(x) → Thing(x))
 ∀x (CaseThatAllSnake(x) → Animal(x))
","exists x (reptilethat(x) and animal(x))
 forall x (singlesnake(x) implies reptile(x))
 forall x (it(x) implies thing(x))
 forall x (casethatallsnake(x) implies animal(x))
","[*x [(reptilethat[(?x)]  animal[(?x)])]
 @every *x [(singlesnake[(?x)]  reptile[(?x)])]
 @every *x [(it[(?x)]  thing[(?x)])]
 @every *x [(casethatallsnake[(?x)]  animal[(?x)])]
]"," (reptilethat(x) , animal(x))
 forall (singlesnake(x) -: reptile(x))
 forall (it(x) -: thing(x))
 forall (casethatallsnake(x) -: animal(x))
",+(+R1++A1)-(+S0-+R0)-(+I0-+T0)-(+C0-+A0),"x (reptilethat(x) & animal(x))
 all:x (singlesnake(x) :- reptile(x))
 all:x (it(x) :- thing(x))
 all:x (casethatallsnake(x) :- animal(x))
",categorical
63,"Every mathematician is an acrobat. No acrobat is a serious scholar. Consequently, no serious scholar is a mathematician.",True,False,"∀x (Mathematician(x) → Acrobat(x))
 ∀x (Acrobat(x) → ¬SeriouScholar(x))
 ∀x (NoSeriouScholar(x) → Mathematician(x))
","forall x (mathematician(x) implies acrobat(x))
 forall x (acrobat(x) implies not seriouscholar(x))
 forall x (noseriouscholar(x) implies mathematician(x))
","[@every *x [(mathematician[(?x)]  acrobat[(?x)])]
 @every *x [(acrobat[(?x)]  ~seriouscholar[(?x)])]
 @every *x [(noseriouscholar[(?x)]  mathematician[(?x)])]
]","forall (mathematician(x) -: acrobat(x))
 forall (acrobat(x) -: notseriouscholar(x))
 forall (noseriouscholar(x) -: mathematician(x))
",-(+M0-+A0)-(+A0--+S0)-(+N0-+M0),"all:x (mathematician(x) :- acrobat(x))
 all:x (acrobat(x) :- ~seriouscholar(x))
 all:x (noseriouscholar(x) :- mathematician(x))
",categorical
22a7186f-60ee-4566-8853-3f3f07b652b3,There are no flying creatures which are birds. A certain number of sparrows are flying creatures. It follows that not all sparrows are birds.,True,False,"∃x (NoFlyingCreatureWhich(x) ∧ Bird(x))
 ∃x (Sparrow(x) ∧ FlyingCreature(x))
 ∃x (Sparrow(x) ∧ ¬Bird(x))
","exists x (noflyingcreaturewhich(x) and bird(x))
 exists x (sparrow(x) and flyingcreature(x))
 exists x (sparrow(x) and not bird(x))
","[*x [(noflyingcreaturewhich[(?x)]  bird[(?x)])]
 *x [(sparrow[(?x)]  flyingcreature[(?x)])]
 *x [(sparrow[(?x)]  ~bird[(?x)])]
]"," (noflyingcreaturewhich(x) , bird(x))
  (sparrow(x) , flyingcreature(x))
  (sparrow(x) , notbird(x))
",+(+N1++B1)+(+S1++F1)+(+S1+-+B1),"x (noflyingcreaturewhich(x) & bird(x))
 x (sparrow(x) & flyingcreature(x))
 x (sparrow(x) & ~bird(x))
",categorical
c1a76792-1837-4828-87cd-86b5870e8706,There are no parrots which are mammals. Some birds are parrots. This implies that every bird is a mammal.,False,False,"∃x (NoParrotWhich(x) ∧ Mammal(x))
 ∃x (Bird(x) ∧ Parrot(x))
 ∀x (ThiImplieThatEveryBird(x) → Mammal(x))
","exists x (noparrotwhich(x) and mammal(x))
 exists x (bird(x) and parrot(x))
 forall x (thiimpliethateverybird(x) implies mammal(x))
","[*x [(noparrotwhich[(?x)]  mammal[(?x)])]
 *x [(bird[(?x)]  parrot[(?x)])]
 @every *x [(thiimpliethateverybird[(?x)]  mammal[(?x)])]
]"," (noparrotwhich(x) , mammal(x))
  (bird(x) , parrot(x))
 forall (thiimpliethateverybird(x) -: mammal(x))
",+(+N1++M1)+(+B1++P1)-(+T0-+M0),"x (noparrotwhich(x) & mammal(x))
 x (bird(x) & parrot(x))
 all:x (thiimpliethateverybird(x) :- mammal(x))
",categorical
fe6dd099-e8d5-4076-b047-91eaafd96b26,It is completely false that people who are students are inhanimate objects. There exists a group of students who are also teenagers. A valid inference is that no teenagers are inhanimate objects.,False,True,"∀x (It(x) → CompletelyFalseThatPeopleWhoStudentInhanimateObject(x))
 ∀x (ThereExistAGroupOfStudentWho(x) → AlsoTeenager(x))
 ∀x (ValidInference(x) → ThatNoTeenagerInhanimateObject(x))
","forall x (it(x) implies completelyfalsethatpeoplewhostudentinhanimateobject(x))
 forall x (thereexistagroupofstudentwho(x) implies alsoteenager(x))
 forall x (validinference(x) implies thatnoteenagerinhanimateobject(x))
","[@every *x [(it[(?x)]  completelyfalsethatpeoplewhostudentinhanimateobject[(?x)])]
 @every *x [(thereexistagroupofstudentwho[(?x)]  alsoteenager[(?x)])]
 @every *x [(validinference[(?x)]  thatnoteenagerinhanimateobject[(?x)])]
]","forall (it(x) -: completelyfalsethatpeoplewhostudentinhanimateobject(x))
 forall (thereexistagroupofstudentwho(x) -: alsoteenager(x))
 forall (validinference(x) -: thatnoteenagerinhanimateobject(x))
",-(+I0-+C0)-(+T0-+A0)-(+V0-+T0),"all:x (it(x) :- completelyfalsethatpeoplewhostudentinhanimateobject(x))
 all:x (thereexistagroupofstudentwho(x) :- alsoteenager(x))
 all:x (validinference(x) :- thatnoteenagerinhanimateobject(x))
",categorical
67f51404-e5be-4394-ae67-b7fef1dddf8b,Written works are in no way items with printed pages. Everything that is a book is an item with printed pages. Books are not written works.,True,False,"∀x (WrittenWork(x) → InNoWayItemWithPrintedPage(x))
 ∀x (EverythingThat(x) → BookAnItemWithPrintedPage(x))
 ∀x (Book(x) → NotWrittenWork(x))
","forall x (writtenwork(x) implies innowayitemwithprintedpage(x))
 forall x (everythingthat(x) implies bookanitemwithprintedpage(x))
 forall x (book(x) implies notwrittenwork(x))
","[@every *x [(writtenwork[(?x)]  innowayitemwithprintedpage[(?x)])]
 @every *x [(everythingthat[(?x)]  bookanitemwithprintedpage[(?x)])]
 @every *x [(book[(?x)]  notwrittenwork[(?x)])]
]","forall (writtenwork(x) -: innowayitemwithprintedpage(x))
 forall (everythingthat(x) -: bookanitemwithprintedpage(x))
 forall (book(x) -: notwrittenwork(x))
",-(+W0-+I0)-(+E0-+B0)-(+B0-+N0),"all:x (writtenwork(x) :- innowayitemwithprintedpage(x))
 all:x (everythingthat(x) :- bookanitemwithprintedpage(x))
 all:x (book(x) :- notwrittenwork(x))
",categorical
fa20c4cd-223e-41f9-a5f7-4634a35cd279,There are no instances where flowers can be considered trees. Every single tree is a type of plant. It must be the case that some plants are not flowers.,True,True,"∃x (NoInstanceWhereFlower(x) ∧ Tree(x))
 ∀x (SingleTree(x) → TypeOfPlant(x))
 ∀x (ItMustBeTheCaseThatSomePlant(x) → NotFlower(x))
","exists x (noinstancewhereflower(x) and tree(x))
 forall x (singletree(x) implies typeofplant(x))
 forall x (itmustbethecasethatsomeplant(x) implies notflower(x))
","[*x [(noinstancewhereflower[(?x)]  tree[(?x)])]
 @every *x [(singletree[(?x)]  typeofplant[(?x)])]
 @every *x [(itmustbethecasethatsomeplant[(?x)]  notflower[(?x)])]
]"," (noinstancewhereflower(x) , tree(x))
 forall (singletree(x) -: typeofplant(x))
 forall (itmustbethecasethatsomeplant(x) -: notflower(x))
",+(+N1++T1)-(+S0-+T0)-(+I0-+N0),"x (noinstancewhereflower(x) & tree(x))
 all:x (singletree(x) :- typeofplant(x))
 all:x (itmustbethecasethatsomeplant(x) :- notflower(x))
",categorical
c734ea25-7d1d-4611-b3f5-9a7a5928bb21,"Nothing that is a land animal is an aquatic animal. A certain number of hippos are to be found among the land animals. Thus, it can be concluded that some hippos are aquatic animals.",False,True,"∀x (NothingThat(x) → LandAnimalAnAquaticAnimal(x))
 ∃x (Hippo(x) ∧ ToBeFoundAmongTheLandAnimal(x))
 ∀x (ItCanBeConcludedThatSomeHippo(x) → AquaticAnimal(x))
","forall x (nothingthat(x) implies landanimalanaquaticanimal(x))
 exists x (hippo(x) and tobefoundamongthelandanimal(x))
 forall x (itcanbeconcludedthatsomehippo(x) implies aquaticanimal(x))
","[@every *x [(nothingthat[(?x)]  landanimalanaquaticanimal[(?x)])]
 *x [(hippo[(?x)]  tobefoundamongthelandanimal[(?x)])]
 @every *x [(itcanbeconcludedthatsomehippo[(?x)]  aquaticanimal[(?x)])]
]","forall (nothingthat(x) -: landanimalanaquaticanimal(x))
  (hippo(x) , tobefoundamongthelandanimal(x))
 forall (itcanbeconcludedthatsomehippo(x) -: aquaticanimal(x))
",-(+N0-+L0)+(+H1++T1)-(+I0-+A0),"all:x (nothingthat(x) :- landanimalanaquaticanimal(x))
 x (hippo(x) & tobefoundamongthelandanimal(x))
 all:x (itcanbeconcludedthatsomehippo(x) :- aquaticanimal(x))
",categorical
fa03648a-a269-4249-b481-7a12cd672f0b,Plants are in no way living organisms. All things that are trees are living organisms. Trees cannot be classified as plants.,True,False,"∀x (Plant(x) → InNoWayLivingOrganism(x))
 ∀x (ThingThat(x) → TreeLivingOrganism(x))
 ∀x (TreeCannotBeClassifiedAsPlant(x))
","forall x (plant(x) implies innowaylivingorganism(x))
 forall x (thingthat(x) implies treelivingorganism(x))
 forall x (treecannotbeclassifiedasplant(x))
","[@every *x [(plant[(?x)]  innowaylivingorganism[(?x)])]
 @every *x [(thingthat[(?x)]  treelivingorganism[(?x)])]
 @every *x [(treecannotbeclassifiedasplant[(?x)])]
]","forall (plant(x) -: innowaylivingorganism(x))
 forall (thingthat(x) -: treelivingorganism(x))
 forall (treecannotbeclassifiedasplant(x))
",-(+P0-+I0)-(+T0-+T0)-(+T0),"all:x (plant(x) :- innowaylivingorganism(x))
 all:x (thingthat(x) :- treelivingorganism(x))
 all:x (treecannotbeclassifiedasplant(x))
",categorical
eb1866e6-0efb-4683-874c-f8303965a818,"There are no animals that are vegetables. It is also true that no cats are vegetables. Therefore, it is argued that every cat is an animal.",False,True,"∃x (NoAnimalThat(x) ∧ Vegetable(x))
 ∀x (It(x) → AlsoTrueThatNoCatVegetable(x))
 ∀x (It(x) → ArguedThatEveryCatAnAnimal(x))
","exists x (noanimalthat(x) and vegetable(x))
 forall x (it(x) implies alsotruethatnocatvegetable(x))
 forall x (it(x) implies arguedthateverycatananimal(x))
","[*x [(noanimalthat[(?x)]  vegetable[(?x)])]
 @every *x [(it[(?x)]  alsotruethatnocatvegetable[(?x)])]
 @every *x [(it[(?x)]  arguedthateverycatananimal[(?x)])]
]"," (noanimalthat(x) , vegetable(x))
 forall (it(x) -: alsotruethatnocatvegetable(x))
 forall (it(x) -: arguedthateverycatananimal(x))
",+(+N1++V1)-(+I0-+A0)-(+I0-+A0),"x (noanimalthat(x) & vegetable(x))
 all:x (it(x) :- alsotruethatnocatvegetable(x))
 all:x (it(x) :- arguedthateverycatananimal(x))
",categorical
36,Every single piece of percussion is considered music. Some types of percussion involve drumming. It logically follows that certain drumming activities are a form of music.,True,True,"∀x (SinglePieceOfPercussion(x) → ConsideredMusic(x))
 ∃x (TypeOfPercussion(x) ∧ Drumming(x))
 ∃x (DrummingActivitie(x) ∧ FormOfMusic(x))
","forall x (singlepieceofpercussion(x) implies consideredmusic(x))
 exists x (typeofpercussion(x) and drumming(x))
 exists x (drummingactivitie(x) and formofmusic(x))
","[@every *x [(singlepieceofpercussion[(?x)]  consideredmusic[(?x)])]
 *x [(typeofpercussion[(?x)]  drumming[(?x)])]
 *x [(drummingactivitie[(?x)]  formofmusic[(?x)])]
]","forall (singlepieceofpercussion(x) -: consideredmusic(x))
  (typeofpercussion(x) , drumming(x))
  (drummingactivitie(x) , formofmusic(x))
",-(+S0-+C0)+(+T1++D1)+(+D1++F1),"all:x (singlepieceofpercussion(x) :- consideredmusic(x))
 x (typeofpercussion(x) & drumming(x))
 x (drummingactivitie(x) & formofmusic(x))
",categorical
e7f815bb-c544-4254-ae70-2cce67c91699,Nothing that is clothing is a shirt. There is some apparel that is made of shirts. We must conclude that some apparel is not clothing.,True,False,"∀x (NothingThat(x) → ClothingAShirt(x))
 ∀x (There(x) → ApparelThatMadeOfShirt(x))
 ∀x (WeMustConcludeThatSomeApparel(x) → NotClothing(x))
","forall x (nothingthat(x) implies clothingashirt(x))
 forall x (there(x) implies apparelthatmadeofshirt(x))
 forall x (wemustconcludethatsomeapparel(x) implies notclothing(x))
","[@every *x [(nothingthat[(?x)]  clothingashirt[(?x)])]
 @every *x [(there[(?x)]  apparelthatmadeofshirt[(?x)])]
 @every *x [(wemustconcludethatsomeapparel[(?x)]  notclothing[(?x)])]
]","forall (nothingthat(x) -: clothingashirt(x))
 forall (there(x) -: apparelthatmadeofshirt(x))
 forall (wemustconcludethatsomeapparel(x) -: notclothing(x))
",-(+N0-+C0)-(+T0-+A0)-(+W0-+N0),"all:x (nothingthat(x) :- clothingashirt(x))
 all:x (there(x) :- apparelthatmadeofshirt(x))
 all:x (wemustconcludethatsomeapparel(x) :- notclothing(x))
",categorical
2219408c-9372-4018-a741-45e971e04512,There is no fish that is a mammal. No mammals are birds whatsoever. This implies that no bird is a fish.,False,True,"∀x (There(x) → NoFishThatAMammal(x))
 ∀x (Mammal(x) → ¬BirdWhatsoever(x))
 ∀x (ThiImplieThatNoBird(x) → Fish(x))
","forall x (there(x) implies nofishthatamammal(x))
 forall x (mammal(x) implies not birdwhatsoever(x))
 forall x (thiimpliethatnobird(x) implies fish(x))
","[@every *x [(there[(?x)]  nofishthatamammal[(?x)])]
 @every *x [(mammal[(?x)]  ~birdwhatsoever[(?x)])]
 @every *x [(thiimpliethatnobird[(?x)]  fish[(?x)])]
]","forall (there(x) -: nofishthatamammal(x))
 forall (mammal(x) -: notbirdwhatsoever(x))
 forall (thiimpliethatnobird(x) -: fish(x))
",-(+T0-+N0)-(+M0--+B0)-(+T0-+F0),"all:x (there(x) :- nofishthatamammal(x))
 all:x (mammal(x) :- ~birdwhatsoever(x))
 all:x (thiimpliethatnobird(x) :- fish(x))
",categorical
a2c6000f-14cf-4763-98a8-247ebc65773f,"Every single thing that is a truck is a vehicle. It is the case that a number of pickups are vehicles. Consequently, some pickups are not trucks.",False,False,"∀x (SingleThingThat(x) → TruckAVehicle(x))
 ∀x (It(x) → CaseThatANumberOfPickupVehicle(x))
 ∀x (SomePickup(x) → NotTruck(x))
","forall x (singlethingthat(x) implies truckavehicle(x))
 forall x (it(x) implies casethatanumberofpickupvehicle(x))
 forall x (somepickup(x) implies nottruck(x))
","[@every *x [(singlethingthat[(?x)]  truckavehicle[(?x)])]
 @every *x [(it[(?x)]  casethatanumberofpickupvehicle[(?x)])]
 @every *x [(somepickup[(?x)]  nottruck[(?x)])]
]","forall (singlethingthat(x) -: truckavehicle(x))
 forall (it(x) -: casethatanumberofpickupvehicle(x))
 forall (somepickup(x) -: nottruck(x))
",-(+S0-+T0)-(+I0-+C0)-(+S0-+N0),"all:x (singlethingthat(x) :- truckavehicle(x))
 all:x (it(x) :- casethatanumberofpickupvehicle(x))
 all:x (somepickup(x) :- nottruck(x))
",categorical
073ed5ec-8986-46df-8f40-c331dd8de902,Every single hammer is a tool. There are no nails that are hammers. It follows from this that every nail is a tool.,False,True,"∀x (SingleHammer(x) → Tool(x))
 ∃x (NoNailThat(x) ∧ Hammer(x))
 ∀x (FromThiThatEveryNail(x) → Tool(x))
","forall x (singlehammer(x) implies tool(x))
 exists x (nonailthat(x) and hammer(x))
 forall x (fromthithateverynail(x) implies tool(x))
","[@every *x [(singlehammer[(?x)]  tool[(?x)])]
 *x [(nonailthat[(?x)]  hammer[(?x)])]
 @every *x [(fromthithateverynail[(?x)]  tool[(?x)])]
]","forall (singlehammer(x) -: tool(x))
  (nonailthat(x) , hammer(x))
 forall (fromthithateverynail(x) -: tool(x))
",-(+S0-+T0)+(+N1++H1)-(+F0-+T0),"all:x (singlehammer(x) :- tool(x))
 x (nonailthat(x) & hammer(x))
 all:x (fromthithateverynail(x) :- tool(x))
",categorical
61ba9569-1368-4d47-9706-b54a7034bab5,It is true that everything which is a bird is a winged creature. There are no insects which are birds. A conclusion that can be drawn from this is that there are insects which are winged creatures.,False,True,"∀x (EverythingWhich(x) → BirdAWingedCreatureThereNoInsectWhichBirdAConclusionThatCanBeDrawnFromThiThatThereInsectWhichWingedCreature(x))
","forall x (everythingwhich(x) implies birdawingedcreaturetherenoinsectwhichbirdaconclusionthatcanbedrawnfromthithatthereinsectwhichwingedcreature(x))
","[@every *x [(everythingwhich[(?x)]  birdawingedcreaturetherenoinsectwhichbirdaconclusionthatcanbedrawnfromthithatthereinsectwhichwingedcreature[(?x)])]
]","forall (everythingwhich(x) -: birdawingedcreaturetherenoinsectwhichbirdaconclusionthatcanbedrawnfromthithatthereinsectwhichwingedcreature(x))
",-(+E0-+B0),"all:x (everythingwhich(x) :- birdawingedcreaturetherenoinsectwhichbirdaconclusionthatcanbedrawnfromthithatthereinsectwhichwingedcreature(x))
",categorical
50146f21-d265-4e3a-8d93-8165cdbe89a3,"All cars are a type of vehicle. No animal is a car. Therefore, no animal can be a vehicle.",False,True,"∀x (Car(x) → TypeOfVehicle(x))
 ∀x (Animal(x) → ¬Car(x))
 ∀x (NoAnimalCanBeAVehicle(x))
","forall x (car(x) implies typeofvehicle(x))
 forall x (animal(x) implies not car(x))
 forall x (noanimalcanbeavehicle(x))
","[@every *x [(car[(?x)]  typeofvehicle[(?x)])]
 @every *x [(animal[(?x)]  ~car[(?x)])]
 @every *x [(noanimalcanbeavehicle[(?x)])]
]","forall (car(x) -: typeofvehicle(x))
 forall (animal(x) -: notcar(x))
 forall (noanimalcanbeavehicle(x))
",-(+C0-+T0)-(+A0--+C0)-(+N0),"all:x (car(x) :- typeofvehicle(x))
 all:x (animal(x) :- ~car(x))
 all:x (noanimalcanbeavehicle(x))
",categorical
7bddb337-7964-4154-8a1e-e61e910b2b7f,"Some of the spoons are reptiles. All things that are reptiles are vertebrates. Consequently, it can be concluded that some vertebrates are spoons.",True,False,"∃x (OfTheSpoon(x) ∧ Reptile(x))
 ∀x (ThingThat(x) → ReptileVertebrate(x))
 ∀x (ItCanBeConcludedThatSomeVertebrate(x) → Spoon(x))
","exists x (ofthespoon(x) and reptile(x))
 forall x (thingthat(x) implies reptilevertebrate(x))
 forall x (itcanbeconcludedthatsomevertebrate(x) implies spoon(x))
","[*x [(ofthespoon[(?x)]  reptile[(?x)])]
 @every *x [(thingthat[(?x)]  reptilevertebrate[(?x)])]
 @every *x [(itcanbeconcludedthatsomevertebrate[(?x)]  spoon[(?x)])]
]"," (ofthespoon(x) , reptile(x))
 forall (thingthat(x) -: reptilevertebrate(x))
 forall (itcanbeconcludedthatsomevertebrate(x) -: spoon(x))
",+(+O1++R1)-(+T0-+R0)-(+I0-+S0),"x (ofthespoon(x) & reptile(x))
 all:x (thingthat(x) :- reptilevertebrate(x))
 all:x (itcanbeconcludedthatsomevertebrate(x) :- spoon(x))
",categorical
8e73a345-d7c3-4d9f-bd1b-c0b852a03dcf,Not a single person who is a poodle is a dog. Every single animal is a poodle. The conclusion that no animal is a dog is inescapable.,False,False,"∀x (Person(x) → ¬WhoAPoodleADog(x))
 ∀x (SingleAnimal(x) → Poodle(x))
 ∀x (ConclusionThatNoAnimal(x) → DogInescapable(x))
","forall x (person(x) implies not whoapoodleadog(x))
 forall x (singleanimal(x) implies poodle(x))
 forall x (conclusionthatnoanimal(x) implies doginescapable(x))
","[@every *x [(person[(?x)]  ~whoapoodleadog[(?x)])]
 @every *x [(singleanimal[(?x)]  poodle[(?x)])]
 @every *x [(conclusionthatnoanimal[(?x)]  doginescapable[(?x)])]
]","forall (person(x) -: notwhoapoodleadog(x))
 forall (singleanimal(x) -: poodle(x))
 forall (conclusionthatnoanimal(x) -: doginescapable(x))
",-(+P0--+W0)-(+S0-+P0)-(+C0-+D0),"all:x (person(x) :- ~whoapoodleadog(x))
 all:x (singleanimal(x) :- poodle(x))
 all:x (conclusionthatnoanimal(x) :- doginescapable(x))
",categorical
39,Each and every class is a type of collection. All classes are indeed considered groups. It follows that some collections are also groups.,True,True,"∀x (Clas(x) → TypeOfCollection(x))
 ∀x (Classe(x) → IndeedConsideredGroup(x))
 ∃x (Collection(x) ∧ AlsoGroup(x))
","forall x (clas(x) implies typeofcollection(x))
 forall x (classe(x) implies indeedconsideredgroup(x))
 exists x (collection(x) and alsogroup(x))
","[@every *x [(clas[(?x)]  typeofcollection[(?x)])]
 @every *x [(classe[(?x)]  indeedconsideredgroup[(?x)])]
 *x [(collection[(?x)]  alsogroup[(?x)])]
]","forall (clas(x) -: typeofcollection(x))
 forall (classe(x) -: indeedconsideredgroup(x))
  (collection(x) , alsogroup(x))
",-(+C0-+T0)-(+C0-+I0)+(+C1++A1),"all:x (clas(x) :- typeofcollection(x))
 all:x (classe(x) :- indeedconsideredgroup(x))
 x (collection(x) & alsogroup(x))
",categorical
003f7a6d-6f45-4dd6-8a07-62805dd6d309,"Of the people who are children, some of them are humans. A portion of the people who are humans are also children. It must be the case that some children are not humans.",False,False,"∀x (OfThePeopleWho(x) → ChildrenSomeOfThemHuman(x))
 ∃x (PeopleWho(x) ∧ HumanAlsoChildren(x))
 ∀x (ItMustBeTheCaseThatSomeChildren(x) → NotHuman(x))
","forall x (ofthepeoplewho(x) implies childrensomeofthemhuman(x))
 exists x (peoplewho(x) and humanalsochildren(x))
 forall x (itmustbethecasethatsomechildren(x) implies nothuman(x))
","[@every *x [(ofthepeoplewho[(?x)]  childrensomeofthemhuman[(?x)])]
 *x [(peoplewho[(?x)]  humanalsochildren[(?x)])]
 @every *x [(itmustbethecasethatsomechildren[(?x)]  nothuman[(?x)])]
]","forall (ofthepeoplewho(x) -: childrensomeofthemhuman(x))
  (peoplewho(x) , humanalsochildren(x))
 forall (itmustbethecasethatsomechildren(x) -: nothuman(x))
",-(+O0-+C0)+(+P1++H1)-(+I0-+N0),"all:x (ofthepeoplewho(x) :- childrensomeofthemhuman(x))
 x (peoplewho(x) & humanalsochildren(x))
 all:x (itmustbethecasethatsomechildren(x) :- nothuman(x))
",categorical
17929cfd-f422-400e-a2fe-a28b86424926,Everything that is an oak is a plant. A certain number of oaks are trees. This implies that some trees are plants.,True,True,"∀x (EverythingThat(x) → OakAPlant(x))
 ∃x (Oak(x) ∧ Tree(x))
 ∀x (ThiImplieThatSomeTree(x) → Plant(x))
","forall x (everythingthat(x) implies oakaplant(x))
 exists x (oak(x) and tree(x))
 forall x (thiimpliethatsometree(x) implies plant(x))
","[@every *x [(everythingthat[(?x)]  oakaplant[(?x)])]
 *x [(oak[(?x)]  tree[(?x)])]
 @every *x [(thiimpliethatsometree[(?x)]  plant[(?x)])]
]","forall (everythingthat(x) -: oakaplant(x))
  (oak(x) , tree(x))
 forall (thiimpliethatsometree(x) -: plant(x))
",-(+E0-+O0)+(+O1++T1)-(+T0-+P0),"all:x (everythingthat(x) :- oakaplant(x))
 x (oak(x) & tree(x))
 all:x (thiimpliethatsometree(x) :- plant(x))
",categorical
60fe7ed8-873b-4fb0-ac87-1dc330032a3a,"There are no birds which are insects. There is no fly that is a bird. It follows, then, that some flies are insects.",False,True,"∃x (NoBirdWhich(x) ∧ Insect(x))
 ∀x (There(x) → NoFlyThatABird(x))
 ∀x (ThenThatSomeFlie(x) → Insect(x))
","exists x (nobirdwhich(x) and insect(x))
 forall x (there(x) implies noflythatabird(x))
 forall x (thenthatsomeflie(x) implies insect(x))
","[*x [(nobirdwhich[(?x)]  insect[(?x)])]
 @every *x [(there[(?x)]  noflythatabird[(?x)])]
 @every *x [(thenthatsomeflie[(?x)]  insect[(?x)])]
]"," (nobirdwhich(x) , insect(x))
 forall (there(x) -: noflythatabird(x))
 forall (thenthatsomeflie(x) -: insect(x))
",+(+N1++I1)-(+T0-+N0)-(+T0-+I0),"x (nobirdwhich(x) & insect(x))
 all:x (there(x) :- noflythatabird(x))
 all:x (thenthatsomeflie(x) :- insect(x))
",categorical
a7d18367-6870-4eee-9a55-60a5dcc9dd70,Anything that is a dog is also a pet. There are some cats that are not pets. It must be true that no cat is a dog.,False,True,"∀x (AnythingThat(x) → DogAlsoAPet(x))
 ∃x (CatThat(x) ∧ NotPet(x))
 ∀x (ItMustBeTrueThatNoCat(x) → Dog(x))
","forall x (anythingthat(x) implies dogalsoapet(x))
 exists x (catthat(x) and notpet(x))
 forall x (itmustbetruethatnocat(x) implies dog(x))
","[@every *x [(anythingthat[(?x)]  dogalsoapet[(?x)])]
 *x [(catthat[(?x)]  notpet[(?x)])]
 @every *x [(itmustbetruethatnocat[(?x)]  dog[(?x)])]
]","forall (anythingthat(x) -: dogalsoapet(x))
  (catthat(x) , notpet(x))
 forall (itmustbetruethatnocat(x) -: dog(x))
",-(+A0-+D0)+(+C1++N1)-(+I0-+D0),"all:x (anythingthat(x) :- dogalsoapet(x))
 x (catthat(x) & notpet(x))
 all:x (itmustbetruethatnocat(x) :- dog(x))
",categorical
76f5bd8e-eb80-4bb9-983b-49ce10706337,Every single creature that is a dog is also a mammal. There are some jack russels which are dogs. It necessarily follows that some jack russels are mammals.,True,True,"∀x (SingleCreatureThat(x) → DogAlsoAMammal(x))
 ∃x (JackRusselWhich(x) ∧ Dog(x))
 ∀x (ItNecessarilyFollowThatSomeJackRussel(x) → Mammal(x))
","forall x (singlecreaturethat(x) implies dogalsoamammal(x))
 exists x (jackrusselwhich(x) and dog(x))
 forall x (itnecessarilyfollowthatsomejackrussel(x) implies mammal(x))
","[@every *x [(singlecreaturethat[(?x)]  dogalsoamammal[(?x)])]
 *x [(jackrusselwhich[(?x)]  dog[(?x)])]
 @every *x [(itnecessarilyfollowthatsomejackrussel[(?x)]  mammal[(?x)])]
]","forall (singlecreaturethat(x) -: dogalsoamammal(x))
  (jackrusselwhich(x) , dog(x))
 forall (itnecessarilyfollowthatsomejackrussel(x) -: mammal(x))
",-(+S0-+D0)+(+J1++D1)-(+I0-+M0),"all:x (singlecreaturethat(x) :- dogalsoamammal(x))
 x (jackrusselwhich(x) & dog(x))
 all:x (itnecessarilyfollowthatsomejackrussel(x) :- mammal(x))
",categorical
fe103879-a542-4b78-b39f-5b3c3969a5a8,A square cannot be a shape. There exist shapes that are squares and are also rectangles. It necessarily follows that a subset of rectangles are not shapes.,True,False,"∃x (Squ(x) ∧ ¬CannotBeAShape(x))
 ∃x (ShapeThat(x) ∧ SquareAndAlsoRectangle(x))
 ∀x (ItNecessarilyFollowThatASubsetOfRectangle(x) → NotShape(x))
","exists x (squ(x) and not cannotbeashape(x))
 exists x (shapethat(x) and squareandalsorectangle(x))
 forall x (itnecessarilyfollowthatasubsetofrectangle(x) implies notshape(x))
","[*x [(squ[(?x)]  ~cannotbeashape[(?x)])]
 *x [(shapethat[(?x)]  squareandalsorectangle[(?x)])]
 @every *x [(itnecessarilyfollowthatasubsetofrectangle[(?x)]  notshape[(?x)])]
]"," (squ(x) , notcannotbeashape(x))
  (shapethat(x) , squareandalsorectangle(x))
 forall (itnecessarilyfollowthatasubsetofrectangle(x) -: notshape(x))
",+(+S1+-+C1)+(+S1++S1)-(+I0-+N0),"x (squ(x) & ~cannotbeashape(x))
 x (shapethat(x) & squareandalsorectangle(x))
 all:x (itnecessarilyfollowthatasubsetofrectangle(x) :- notshape(x))
",categorical
1,All birds lay eggs. All chickens lay eggs. All chickens are birds.,False,True,"∀x (Bird(x) → Egg(x))
 ∀x (Chicken(x) → Egg(x))
 ∀x (Chicken(x) → Bird(x))
","forall x (bird(x) implies egg(x))
 forall x (chicken(x) implies egg(x))
 forall x (chicken(x) implies bird(x))
","[@every *x [(bird[(?x)]  egg[(?x)])]
 @every *x [(chicken[(?x)]  egg[(?x)])]
 @every *x [(chicken[(?x)]  bird[(?x)])]
]","forall (bird(x) -: egg(x))
 forall (chicken(x) -: egg(x))
 forall (chicken(x) -: bird(x))
",-(+B0-+E0)-(+C0-+E0)-(+C0-+B0),"all:x (bird(x) :- egg(x))
 all:x (chicken(x) :- egg(x))
 all:x (chicken(x) :- bird(x))
",categorical
47,"There are certain tools that are not medical professionals. No medical doctors are indeed medical professionals. Consequently, some tools are medical doctors.",False,False,"∃x (ToolThat(x) ∧ NotMedicalProfessional(x))
 ∀x (Medical(x) → ¬DoctorIndeedMedicalProfessional(x))
 ∀x (SomeTool(x) → MedicalDoctor(x))
","exists x (toolthat(x) and notmedicalprofessional(x))
 forall x (medical(x) implies not doctorindeedmedicalprofessional(x))
 forall x (sometool(x) implies medicaldoctor(x))
","[*x [(toolthat[(?x)]  notmedicalprofessional[(?x)])]
 @every *x [(medical[(?x)]  ~doctorindeedmedicalprofessional[(?x)])]
 @every *x [(sometool[(?x)]  medicaldoctor[(?x)])]
]"," (toolthat(x) , notmedicalprofessional(x))
 forall (medical(x) -: notdoctorindeedmedicalprofessional(x))
 forall (sometool(x) -: medicaldoctor(x))
",+(+T1++N1)-(+M0--+D0)-(+S0-+M0),"x (toolthat(x) & notmedicalprofessional(x))
 all:x (medical(x) :- ~doctorindeedmedicalprofessional(x))
 all:x (sometool(x) :- medicaldoctor(x))
",categorical
9cab23f7-fba3-4286-ad44-0fe56268ff98,"There are some planets which are roses. All roses are, in fact, flowers. It follows that some flowers are planets.",True,False,"∃x (PlanetWhich(x) ∧ Rose(x))
 ∀x (Rose(x) → InFactFlower(x))
 ∃x (Flower(x) ∧ Planet(x))
","exists x (planetwhich(x) and rose(x))
 forall x (rose(x) implies infactflower(x))
 exists x (flower(x) and planet(x))
","[*x [(planetwhich[(?x)]  rose[(?x)])]
 @every *x [(rose[(?x)]  infactflower[(?x)])]
 *x [(flower[(?x)]  planet[(?x)])]
]"," (planetwhich(x) , rose(x))
 forall (rose(x) -: infactflower(x))
  (flower(x) , planet(x))
",+(+P1++R1)-(+R0-+I0)+(+F1++P1),"x (planetwhich(x) & rose(x))
 all:x (rose(x) :- infactflower(x))
 x (flower(x) & planet(x))
",categorical
c9a543c7-82de-4734-a9e2-e059894c58b4,It is not true that any input device is used for typing. Each and every keyboard is an input device. It is therefore a fact that no keyboard is used for typing.,True,False,"∀x (It(x) → NotTrueThatAnyInputDeviceUsedForTyping(x))
 ∀x (Keyboard(x) → InputDevice(x))
 ∀x (It(x) → Thing(x))
 ∀x (FactThatNoKeyboard(x) → UsedForTyping(x))
","forall x (it(x) implies nottruethatanyinputdeviceusedfortyping(x))
 forall x (keyboard(x) implies inputdevice(x))
 forall x (it(x) implies thing(x))
 forall x (factthatnokeyboard(x) implies usedfortyping(x))
","[@every *x [(it[(?x)]  nottruethatanyinputdeviceusedfortyping[(?x)])]
 @every *x [(keyboard[(?x)]  inputdevice[(?x)])]
 @every *x [(it[(?x)]  thing[(?x)])]
 @every *x [(factthatnokeyboard[(?x)]  usedfortyping[(?x)])]
]","forall (it(x) -: nottruethatanyinputdeviceusedfortyping(x))
 forall (keyboard(x) -: inputdevice(x))
 forall (it(x) -: thing(x))
 forall (factthatnokeyboard(x) -: usedfortyping(x))
",-(+I0-+N0)-(+K0-+I0)-(+I0-+T0)-(+F0-+U0),"all:x (it(x) :- nottruethatanyinputdeviceusedfortyping(x))
 all:x (keyboard(x) :- inputdevice(x))
 all:x (it(x) :- thing(x))
 all:x (factthatnokeyboard(x) :- usedfortyping(x))
",categorical
96c9e18a-0d96-46ed-8234-5d369c2ba459,"It is true that no fish is a swimmer. There are fish, and some of them are tuna. Based on this, it must be the case that a certain amount of tuna are not swimmers.",True,False,"∀x (Fish(x) → ¬SwimmerThereFishAndSomeOfThemTunaBasedOnThiItMustBeTheCaseThatACertainAmountOfTunaNotSwimmer(x))
","forall x (fish(x) implies not swimmertherefishandsomeofthemtunabasedonthiitmustbethecasethatacertainamountoftunanotswimmer(x))
","[@every *x [(fish[(?x)]  ~swimmertherefishandsomeofthemtunabasedonthiitmustbethecasethatacertainamountoftunanotswimmer[(?x)])]
]","forall (fish(x) -: notswimmertherefishandsomeofthemtunabasedonthiitmustbethecasethatacertainamountoftunanotswimmer(x))
",-(+F0--+S0),"all:x (fish(x) :- ~swimmertherefishandsomeofthemtunabasedonthiitmustbethecasethatacertainamountoftunanotswimmer(x))
",categorical
5580c76a-7c97-4b7a-a43d-d12866c99ae2,"Everything that is a planet is a celestial body. There are no things that are Earth that are not planets. Therefore, at least some Earth is a celestial body.",True,True,"∀x (EverythingThat(x) → PlanetACelestialBody(x))
 ∃x (NoThingThat(x) ∧ EarthThatNotPlanet(x))
 ∀x (AtLeastSomeEarth(x) → CelestialBody(x))
","forall x (everythingthat(x) implies planetacelestialbody(x))
 exists x (nothingthat(x) and earththatnotplanet(x))
 forall x (atleastsomeearth(x) implies celestialbody(x))
","[@every *x [(everythingthat[(?x)]  planetacelestialbody[(?x)])]
 *x [(nothingthat[(?x)]  earththatnotplanet[(?x)])]
 @every *x [(atleastsomeearth[(?x)]  celestialbody[(?x)])]
]","forall (everythingthat(x) -: planetacelestialbody(x))
  (nothingthat(x) , earththatnotplanet(x))
 forall (atleastsomeearth(x) -: celestialbody(x))
",-(+E0-+P0)+(+N1++E1)-(+A0-+C0),"all:x (everythingthat(x) :- planetacelestialbody(x))
 x (nothingthat(x) & earththatnotplanet(x))
 all:x (atleastsomeearth(x) :- celestialbody(x))
",categorical
9207083f-0077-4ac2-a8c1-be3e589f559e,"There are no squares which are circles. All squares are, in fact, shapes. It's the case that some shapes are not circles.",True,True,"∃x (NoSquareWhich(x) ∧ Circle(x))
 ∀x (Squ(x) → SInFactShape(x))
 ∀x (ItsTheCaseThatSomeShape(x) → NotCircle(x))
","exists x (nosquarewhich(x) and circle(x))
 forall x (squ(x) implies sinfactshape(x))
 forall x (itsthecasethatsomeshape(x) implies notcircle(x))
","[*x [(nosquarewhich[(?x)]  circle[(?x)])]
 @every *x [(squ[(?x)]  sinfactshape[(?x)])]
 @every *x [(itsthecasethatsomeshape[(?x)]  notcircle[(?x)])]
]"," (nosquarewhich(x) , circle(x))
 forall (squ(x) -: sinfactshape(x))
 forall (itsthecasethatsomeshape(x) -: notcircle(x))
",+(+N1++C1)-(+S0-+S0)-(+I0-+N0),"x (nosquarewhich(x) & circle(x))
 all:x (squ(x) :- sinfactshape(x))
 all:x (itsthecasethatsomeshape(x) :- notcircle(x))
",categorical
d8e827ad-b91a-45a7-8d28-7527f8b59d1d,"Nothing that is a plant is a mammal. A portion of trees are to be found among the plants. Thus, there are no trees that are also mammals.",False,True,"∀x (NothingThat(x) → PlantAMammal(x))
 ∃x (Tree(x) ∧ ToBeFoundAmongThePlant(x))
 ∀x (There(x) → NoTreeThatAlsoMammal(x))
","forall x (nothingthat(x) implies plantamammal(x))
 exists x (tree(x) and tobefoundamongtheplant(x))
 forall x (there(x) implies notreethatalsomammal(x))
","[@every *x [(nothingthat[(?x)]  plantamammal[(?x)])]
 *x [(tree[(?x)]  tobefoundamongtheplant[(?x)])]
 @every *x [(there[(?x)]  notreethatalsomammal[(?x)])]
]","forall (nothingthat(x) -: plantamammal(x))
  (tree(x) , tobefoundamongtheplant(x))
 forall (there(x) -: notreethatalsomammal(x))
",-(+N0-+P0)+(+T1++T1)-(+T0-+N0),"all:x (nothingthat(x) :- plantamammal(x))
 x (tree(x) & tobefoundamongtheplant(x))
 all:x (there(x) :- notreethatalsomammal(x))
",categorical
19e7c1c2-9130-43bd-abfc-f7cbaf4c2a6b,"Anything that is a planet is secretly a robot. Every single thing that is secretly a robot is a living thing. From these facts, it is clear that a few living things are planets.",True,False,"∀x (AnythingThat(x) → PlanetSecretlyARobot(x))
 ∀x (SingleThingThat(x) → SecretlyARobotALivingThing(x))
 ∀x (FromTheseFactIt(x) → ClearThatAFewLivingThingPlanet(x))
","forall x (anythingthat(x) implies planetsecretlyarobot(x))
 forall x (singlethingthat(x) implies secretlyarobotalivingthing(x))
 forall x (fromthesefactit(x) implies clearthatafewlivingthingplanet(x))
","[@every *x [(anythingthat[(?x)]  planetsecretlyarobot[(?x)])]
 @every *x [(singlethingthat[(?x)]  secretlyarobotalivingthing[(?x)])]
 @every *x [(fromthesefactit[(?x)]  clearthatafewlivingthingplanet[(?x)])]
]","forall (anythingthat(x) -: planetsecretlyarobot(x))
 forall (singlethingthat(x) -: secretlyarobotalivingthing(x))
 forall (fromthesefactit(x) -: clearthatafewlivingthingplanet(x))
",-(+A0-+P0)-(+S0-+S0)-(+F0-+C0),"all:x (anythingthat(x) :- planetsecretlyarobot(x))
 all:x (singlethingthat(x) :- secretlyarobotalivingthing(x))
 all:x (fromthesefactit(x) :- clearthatafewlivingthingplanet(x))
",categorical
075ee36a-6966-403e-b55e-288e2358c226,There are no eagles that are mammals. Every single eagle is a bird. It is implied that some birds are not mammals.,True,True,"∃x (NoEagleThat(x) ∧ Mammal(x))
 ∀x (SingleEagle(x) → Bird(x))
 ∀x (It(x) → ImpliedThatSomeBirdNotMammal(x))
","exists x (noeaglethat(x) and mammal(x))
 forall x (singleeagle(x) implies bird(x))
 forall x (it(x) implies impliedthatsomebirdnotmammal(x))
","[*x [(noeaglethat[(?x)]  mammal[(?x)])]
 @every *x [(singleeagle[(?x)]  bird[(?x)])]
 @every *x [(it[(?x)]  impliedthatsomebirdnotmammal[(?x)])]
]"," (noeaglethat(x) , mammal(x))
 forall (singleeagle(x) -: bird(x))
 forall (it(x) -: impliedthatsomebirdnotmammal(x))
",+(+N1++M1)-(+S0-+B0)-(+I0-+I0),"x (noeaglethat(x) & mammal(x))
 all:x (singleeagle(x) :- bird(x))
 all:x (it(x) :- impliedthatsomebirdnotmammal(x))
",categorical
45,"There are ecological systems that are not categorized as footbridges. Absolutely no footbridges constitute bridges. Consequently, a portion of bridges are also ecosystems.",False,False,"∃x (EcologicalSystemThat(x) ∧ NotCategorizedAsFootbridge(x))
 ∀x (AbsolutelyNoFootbridgeConstituteBridge(x))
 ∀x (APortionOfBridge(x) → AlsoEcosystem(x))
","exists x (ecologicalsystemthat(x) and notcategorizedasfootbridge(x))
 forall x (absolutelynofootbridgeconstitutebridge(x))
 forall x (aportionofbridge(x) implies alsoecosystem(x))
","[*x [(ecologicalsystemthat[(?x)]  notcategorizedasfootbridge[(?x)])]
 @every *x [(absolutelynofootbridgeconstitutebridge[(?x)])]
 @every *x [(aportionofbridge[(?x)]  alsoecosystem[(?x)])]
]"," (ecologicalsystemthat(x) , notcategorizedasfootbridge(x))
 forall (absolutelynofootbridgeconstitutebridge(x))
 forall (aportionofbridge(x) -: alsoecosystem(x))
",+(+E1++N1)-(+A0)-(+A0-+A0),"x (ecologicalsystemthat(x) & notcategorizedasfootbridge(x))
 all:x (absolutelynofootbridgeconstitutebridge(x))
 all:x (aportionofbridge(x) :- alsoecosystem(x))
",categorical
ed17a05a-a553-4df8-a45b-384eadb243e1,"There are no cars that are made of water. There are no cars that are clouds. Consequently, no clouds are made of water.",False,False,"∃x (NoCarThat(x) ∧ MadeOfWater(x))
 ∃x (NoCarThat(x) ∧ Cloud(x))
 ∀x (NoCloud(x) → MadeOfWater(x))
","exists x (nocarthat(x) and madeofwater(x))
 exists x (nocarthat(x) and cloud(x))
 forall x (nocloud(x) implies madeofwater(x))
","[*x [(nocarthat[(?x)]  madeofwater[(?x)])]
 *x [(nocarthat[(?x)]  cloud[(?x)])]
 @every *x [(nocloud[(?x)]  madeofwater[(?x)])]
]"," (nocarthat(x) , madeofwater(x))
  (nocarthat(x) , cloud(x))
 forall (nocloud(x) -: madeofwater(x))
",+(+N1++M1)+(+N1++C1)-(+N0-+M0),"x (nocarthat(x) & madeofwater(x))
 x (nocarthat(x) & cloud(x))
 all:x (nocloud(x) :- madeofwater(x))
",categorical
7747bb27-234e-4882-b1cd-ddaebfec1203,"Every single mountain is a landform that is flat. Anything that is a hill is a mountain. Therefore, it must be the case that all hills are flat.",True,False,"∀x (SingleMountain(x) → LandformThatFlat(x))
 ∀x (AnythingThat(x) → HillAMountain(x))
 ∀x (ItMustBeTheCaseThatAllHill(x) → Flat(x))
","forall x (singlemountain(x) implies landformthatflat(x))
 forall x (anythingthat(x) implies hillamountain(x))
 forall x (itmustbethecasethatallhill(x) implies flat(x))
","[@every *x [(singlemountain[(?x)]  landformthatflat[(?x)])]
 @every *x [(anythingthat[(?x)]  hillamountain[(?x)])]
 @every *x [(itmustbethecasethatallhill[(?x)]  flat[(?x)])]
]","forall (singlemountain(x) -: landformthatflat(x))
 forall (anythingthat(x) -: hillamountain(x))
 forall (itmustbethecasethatallhill(x) -: flat(x))
",-(+S0-+L0)-(+A0-+H0)-(+I0-+F0),"all:x (singlemountain(x) :- landformthatflat(x))
 all:x (anythingthat(x) :- hillamountain(x))
 all:x (itmustbethecasethatallhill(x) :- flat(x))
",categorical
31e903dc-43a9-4fb6-8841-5a724bdf53ca,Every single animal is a living thing. Anything that is a bird is an animal. All birds are living things.,False,True,"∀x (SingleAnimal(x) → LivingThing(x))
 ∀x (AnythingThat(x) → BirdAnAnimal(x))
 ∀x (Bird(x) → LivingThing(x))
","forall x (singleanimal(x) implies livingthing(x))
 forall x (anythingthat(x) implies birdananimal(x))
 forall x (bird(x) implies livingthing(x))
","[@every *x [(singleanimal[(?x)]  livingthing[(?x)])]
 @every *x [(anythingthat[(?x)]  birdananimal[(?x)])]
 @every *x [(bird[(?x)]  livingthing[(?x)])]
]","forall (singleanimal(x) -: livingthing(x))
 forall (anythingthat(x) -: birdananimal(x))
 forall (bird(x) -: livingthing(x))
",-(+S0-+L0)-(+A0-+B0)-(+B0-+L0),"all:x (singleanimal(x) :- livingthing(x))
 all:x (anythingthat(x) :- birdananimal(x))
 all:x (bird(x) :- livingthing(x))
",categorical
5837618c-ebb9-414e-b085-208c1437a3fc,None of the things that are shrubs are plants over 20 feet tall. Anything that belongs to the class of trees is a plant over 20 feet tall. Trees and shrubs do not belong to the same group.,True,True,"∀x (Of(x) → ¬ThingThatShrubPlantOver20FeetTall(x))
 ∀x (AnythingThatBelongToTheClasOfTree(x) → PlantOver20FeetTall(x))
 ∀x (TreeAndShrubDoNot(x) → SameGroup(x))
","forall x (of(x) implies not thingthatshrubplantover20feettall(x))
 forall x (anythingthatbelongtotheclasoftree(x) implies plantover20feettall(x))
 forall x (treeandshrubdonot(x) implies samegroup(x))
","[@every *x [(of[(?x)]  ~thingthatshrubplantover20feettall[(?x)])]
 @every *x [(anythingthatbelongtotheclasoftree[(?x)]  plantover20feettall[(?x)])]
 @every *x [(treeandshrubdonot[(?x)]  samegroup[(?x)])]
]","forall (of(x) -: notthingthatshrubplantover20feettall(x))
 forall (anythingthatbelongtotheclasoftree(x) -: plantover20feettall(x))
 forall (treeandshrubdonot(x) -: samegroup(x))
",-(+O0--+T0)-(+A0-+P0)-(+T0-+S0),"all:x (of(x) :- ~thingthatshrubplantover20feettall(x))
 all:x (anythingthatbelongtotheclasoftree(x) :- plantover20feettall(x))
 all:x (treeandshrubdonot(x) :- samegroup(x))
",categorical
e34fafec-30b9-4a28-a470-eb952d244988,Anything that is a planet is a celestial body. Not a single Earth is a celestial body. It follows from this that no Earth is a planet.,True,False,"∀x (AnythingThat(x) → PlanetACelestialBody(x))
 ∀x (Earth(x) → ¬CelestialBody(x))
 ∀x (FromThiThatNoEarth(x) → Planet(x))
","forall x (anythingthat(x) implies planetacelestialbody(x))
 forall x (earth(x) implies not celestialbody(x))
 forall x (fromthithatnoearth(x) implies planet(x))
","[@every *x [(anythingthat[(?x)]  planetacelestialbody[(?x)])]
 @every *x [(earth[(?x)]  ~celestialbody[(?x)])]
 @every *x [(fromthithatnoearth[(?x)]  planet[(?x)])]
]","forall (anythingthat(x) -: planetacelestialbody(x))
 forall (earth(x) -: notcelestialbody(x))
 forall (fromthithatnoearth(x) -: planet(x))
",-(+A0-+P0)-(+E0--+C0)-(+F0-+P0),"all:x (anythingthat(x) :- planetacelestialbody(x))
 all:x (earth(x) :- ~celestialbody(x))
 all:x (fromthithatnoearth(x) :- planet(x))
",categorical
1da871da-0cd9-4734-855e-3c6b5fd057d3,"Everything that is a doctor is a medical professional. Anything that is a medical professional is a human. Thus, every single human is a doctor.",False,False,"∀x (EverythingThat(x) → DoctorAMedicalProfessional(x))
 ∀x (AnythingThat(x) → MedicalProfessionalAHuman(x))
 ∀x (EverySingleHuman(x) → Doctor(x))
","forall x (everythingthat(x) implies doctoramedicalprofessional(x))
 forall x (anythingthat(x) implies medicalprofessionalahuman(x))
 forall x (everysinglehuman(x) implies doctor(x))
","[@every *x [(everythingthat[(?x)]  doctoramedicalprofessional[(?x)])]
 @every *x [(anythingthat[(?x)]  medicalprofessionalahuman[(?x)])]
 @every *x [(everysinglehuman[(?x)]  doctor[(?x)])]
]","forall (everythingthat(x) -: doctoramedicalprofessional(x))
 forall (anythingthat(x) -: medicalprofessionalahuman(x))
 forall (everysinglehuman(x) -: doctor(x))
",-(+E0-+D0)-(+A0-+M0)-(+E0-+D0),"all:x (everythingthat(x) :- doctoramedicalprofessional(x))
 all:x (anythingthat(x) :- medicalprofessionalahuman(x))
 all:x (everysinglehuman(x) :- doctor(x))
",categorical
3b7c4fd5-632a-4a84-b2c2-482b84cf6f45,"There is nothing that is a vegetable that is also a fruit. Every single thing that is a carrot is a vegetable. As a result, at least one thing that is a carrot is not a fruit.",True,True,"∀x (There(x) → NothingThatAVegetableThatAlsoAFruit(x))
 ∀x (SingleThingThat(x) → CarrotAVegetable(x))
 ∀x (AtLeastOneThingThat(x) → CarrotNotAFruit(x))
","forall x (there(x) implies nothingthatavegetablethatalsoafruit(x))
 forall x (singlethingthat(x) implies carrotavegetable(x))
 forall x (atleastonethingthat(x) implies carrotnotafruit(x))
","[@every *x [(there[(?x)]  nothingthatavegetablethatalsoafruit[(?x)])]
 @every *x [(singlethingthat[(?x)]  carrotavegetable[(?x)])]
 @every *x [(atleastonethingthat[(?x)]  carrotnotafruit[(?x)])]
]","forall (there(x) -: nothingthatavegetablethatalsoafruit(x))
 forall (singlethingthat(x) -: carrotavegetable(x))
 forall (atleastonethingthat(x) -: carrotnotafruit(x))
",-(+T0-+N0)-(+S0-+C0)-(+A0-+C0),"all:x (there(x) :- nothingthatavegetablethatalsoafruit(x))
 all:x (singlethingthat(x) :- carrotavegetable(x))
 all:x (atleastonethingthat(x) :- carrotnotafruit(x))
",categorical
0820d34a-6e2d-4f52-a975-d6f640f2ffe7,It is completely false that any creature which is a bird is a fish. There exists a group of birds who are also penguins. A valid inference is that some penguins are fish.,False,False,"∀x (It(x) → CompletelyFalseThatAnyCreatureWhichABirdAFish(x))
 ∀x (ThereExistAGroupOfBirdWho(x) → AlsoPenguin(x))
 ∀x (ValidInference(x) → ThatSomePenguinFish(x))
","forall x (it(x) implies completelyfalsethatanycreaturewhichabirdafish(x))
 forall x (thereexistagroupofbirdwho(x) implies alsopenguin(x))
 forall x (validinference(x) implies thatsomepenguinfish(x))
","[@every *x [(it[(?x)]  completelyfalsethatanycreaturewhichabirdafish[(?x)])]
 @every *x [(thereexistagroupofbirdwho[(?x)]  alsopenguin[(?x)])]
 @every *x [(validinference[(?x)]  thatsomepenguinfish[(?x)])]
]","forall (it(x) -: completelyfalsethatanycreaturewhichabirdafish(x))
 forall (thereexistagroupofbirdwho(x) -: alsopenguin(x))
 forall (validinference(x) -: thatsomepenguinfish(x))
",-(+I0-+C0)-(+T0-+A0)-(+V0-+T0),"all:x (it(x) :- completelyfalsethatanycreaturewhichabirdafish(x))
 all:x (thereexistagroupofbirdwho(x) :- alsopenguin(x))
 all:x (validinference(x) :- thatsomepenguinfish(x))
",categorical
388a5385-6f40-43a8-b439-31f7de303b45,"Anyone who is a teacher is an educator. It is impossible for a student to be an educator. Consequently, every student is a teacher.",False,False,"∀x (AnyoneWho(x) → TeacherAnEducator(x))
 ∀x (It(x) → ImpossibleForAStudentToBeAnEducator(x))
 ∀x (EveryStudent(x) → Teacher(x))
","forall x (anyonewho(x) implies teacheraneducator(x))
 forall x (it(x) implies impossibleforastudenttobeaneducator(x))
 forall x (everystudent(x) implies teacher(x))
","[@every *x [(anyonewho[(?x)]  teacheraneducator[(?x)])]
 @every *x [(it[(?x)]  impossibleforastudenttobeaneducator[(?x)])]
 @every *x [(everystudent[(?x)]  teacher[(?x)])]
]","forall (anyonewho(x) -: teacheraneducator(x))
 forall (it(x) -: impossibleforastudenttobeaneducator(x))
 forall (everystudent(x) -: teacher(x))
",-(+A0-+T0)-(+I0-+I0)-(+E0-+T0),"all:x (anyonewho(x) :- teacheraneducator(x))
 all:x (it(x) :- impossibleforastudenttobeaneducator(x))
 all:x (everystudent(x) :- teacher(x))
",categorical
9fcdef6b-4601-4603-92bc-1124b386ce5b,"Anything that is a rose is a plant. There are no animals that are roses. Consequently, there are no animals that are plants.",False,True,"∀x (AnythingThat(x) → RoseAPlant(x))
 ∃x (NoAnimalThat(x) ∧ Rose(x))
 ∀x (There(x) → NoAnimalThatPlant(x))
","forall x (anythingthat(x) implies roseaplant(x))
 exists x (noanimalthat(x) and rose(x))
 forall x (there(x) implies noanimalthatplant(x))
","[@every *x [(anythingthat[(?x)]  roseaplant[(?x)])]
 *x [(noanimalthat[(?x)]  rose[(?x)])]
 @every *x [(there[(?x)]  noanimalthatplant[(?x)])]
]","forall (anythingthat(x) -: roseaplant(x))
  (noanimalthat(x) , rose(x))
 forall (there(x) -: noanimalthatplant(x))
",-(+A0-+R0)+(+N1++R1)-(+T0-+N0),"all:x (anythingthat(x) :- roseaplant(x))
 x (noanimalthat(x) & rose(x))
 all:x (there(x) :- noanimalthatplant(x))
",categorical
166f5a4c-b0e7-4f2b-b25d-1c0a08bd59bb,Every single human being is a mammal. It is also true that every lion is a mammal. This means that there are no lions that are humans.,False,True,"∀x (SingleHumanBeing(x) → Mammal(x))
 ∀x (It(x) → AlsoTrueThatEveryLionAMammal(x))
 ∀x (ThiMeanThatThere(x) → NoLionThatHuman(x))
","forall x (singlehumanbeing(x) implies mammal(x))
 forall x (it(x) implies alsotruethateverylionamammal(x))
 forall x (thimeanthatthere(x) implies nolionthathuman(x))
","[@every *x [(singlehumanbeing[(?x)]  mammal[(?x)])]
 @every *x [(it[(?x)]  alsotruethateverylionamammal[(?x)])]
 @every *x [(thimeanthatthere[(?x)]  nolionthathuman[(?x)])]
]","forall (singlehumanbeing(x) -: mammal(x))
 forall (it(x) -: alsotruethateverylionamammal(x))
 forall (thimeanthatthere(x) -: nolionthathuman(x))
",-(+S0-+M0)-(+I0-+A0)-(+T0-+N0),"all:x (singlehumanbeing(x) :- mammal(x))
 all:x (it(x) :- alsotruethateverylionamammal(x))
 all:x (thimeanthatthere(x) :- nolionthathuman(x))
",categorical
ac9700ee-cf8e-428b-9f4a-88a7a21a73bf,Every cat is an animal. There are a number of dogs that are animals. It follows from this that every single dog is a cat.,False,False,"∀x (Cat(x) → Animal(x))
 ∃x (NumberOfDogThat(x) ∧ Animal(x))
 ∀x (FromThiThatEverySingleDog(x) → Cat(x))
","forall x (cat(x) implies animal(x))
 exists x (numberofdogthat(x) and animal(x))
 forall x (fromthithateverysingledog(x) implies cat(x))
","[@every *x [(cat[(?x)]  animal[(?x)])]
 *x [(numberofdogthat[(?x)]  animal[(?x)])]
 @every *x [(fromthithateverysingledog[(?x)]  cat[(?x)])]
]","forall (cat(x) -: animal(x))
  (numberofdogthat(x) , animal(x))
 forall (fromthithateverysingledog(x) -: cat(x))
",-(+C0-+A0)+(+N1++A1)-(+F0-+C0),"all:x (cat(x) :- animal(x))
 x (numberofdogthat(x) & animal(x))
 all:x (fromthithateverysingledog(x) :- cat(x))
",hypothetical
f093ca09-2dbe-4258-a4f4-28823d3eaefb,Anything that is a bird is an animal. Everything that is a zebra is an animal. All birds are zebras.,False,False,"∀x (AnythingThat(x) → BirdAnAnimal(x))
 ∀x (EverythingThat(x) → ZebraAnAnimal(x))
 ∀x (Bird(x) → Zebra(x))
","forall x (anythingthat(x) implies birdananimal(x))
 forall x (everythingthat(x) implies zebraananimal(x))
 forall x (bird(x) implies zebra(x))
","[@every *x [(anythingthat[(?x)]  birdananimal[(?x)])]
 @every *x [(everythingthat[(?x)]  zebraananimal[(?x)])]
 @every *x [(bird[(?x)]  zebra[(?x)])]
]","forall (anythingthat(x) -: birdananimal(x))
 forall (everythingthat(x) -: zebraananimal(x))
 forall (bird(x) -: zebra(x))
",-(+A0-+B0)-(+E0-+Z0)-(+B0-+Z0),"all:x (anythingthat(x) :- birdananimal(x))
 all:x (everythingthat(x) :- zebraananimal(x))
 all:x (bird(x) :- zebra(x))
",categorical
5176c307-a806-4e4e-9298-5d6a45abe380,There are no fish that are land animals. It is true that all fish are vertebrates. It is the case that some vertebrates are not land animals.,True,True,"∃x (NoFishThat(x) ∧ LandAnimal(x))
 ∀x (Fish(x) → VertebrateItTheCaseThatSomeVertebrateNotLandAnimal(x))
","exists x (nofishthat(x) and landanimal(x))
 forall x (fish(x) implies vertebrateitthecasethatsomevertebratenotlandanimal(x))
","[*x [(nofishthat[(?x)]  landanimal[(?x)])]
 @every *x [(fish[(?x)]  vertebrateitthecasethatsomevertebratenotlandanimal[(?x)])]
]"," (nofishthat(x) , landanimal(x))
 forall (fish(x) -: vertebrateitthecasethatsomevertebratenotlandanimal(x))
",+(+N1++L1)-(+F0-+V0),"x (nofishthat(x) & landanimal(x))
 all:x (fish(x) :- vertebrateitthecasethatsomevertebratenotlandanimal(x))
",categorical
1b777e34-ed5d-4ffe-9de6-43a33229f1ab,"Anything that is a fruit is a feeling. There are no feelings which are apples. As a result, we can conclude that some apples are not fruits.",True,False,"∀x (AnythingThat(x) → FruitAFeeling(x))
 ∃x (NoFeelingWhich(x) ∧ Apple(x))
 ∀x (WeCanConcludeThatSomeApple(x) → NotFruit(x))
","forall x (anythingthat(x) implies fruitafeeling(x))
 exists x (nofeelingwhich(x) and apple(x))
 forall x (wecanconcludethatsomeapple(x) implies notfruit(x))
","[@every *x [(anythingthat[(?x)]  fruitafeeling[(?x)])]
 *x [(nofeelingwhich[(?x)]  apple[(?x)])]
 @every *x [(wecanconcludethatsomeapple[(?x)]  notfruit[(?x)])]
]","forall (anythingthat(x) -: fruitafeeling(x))
  (nofeelingwhich(x) , apple(x))
 forall (wecanconcludethatsomeapple(x) -: notfruit(x))
",-(+A0-+F0)+(+N1++A1)-(+W0-+N0),"all:x (anythingthat(x) :- fruitafeeling(x))
 x (nofeelingwhich(x) & apple(x))
 all:x (wecanconcludethatsomeapple(x) :- notfruit(x))
",categorical
ffc1a467-4a95-445e-96bf-6064f3348b75,"There are no dogs that are cats. There are no dogs that are reptiles. Consequently, no reptiles are cats.",False,True,"∃x (NoDogThat(x) ∧ Cat(x))
 ∃x (NoDogThat(x) ∧ Reptile(x))
 ∀x (NoReptile(x) → Cat(x))
","exists x (nodogthat(x) and cat(x))
 exists x (nodogthat(x) and reptile(x))
 forall x (noreptile(x) implies cat(x))
","[*x [(nodogthat[(?x)]  cat[(?x)])]
 *x [(nodogthat[(?x)]  reptile[(?x)])]
 @every *x [(noreptile[(?x)]  cat[(?x)])]
]"," (nodogthat(x) , cat(x))
  (nodogthat(x) , reptile(x))
 forall (noreptile(x) -: cat(x))
",+(+N1++C1)+(+N1++R1)-(+N0-+C0),"x (nodogthat(x) & cat(x))
 x (nodogthat(x) & reptile(x))
 all:x (noreptile(x) :- cat(x))
",categorical
0c25c7bd-6606-4ac2-aa9d-c4da566070f6,"No doctor is a lawyer. Lawyers are, without exception, professionals. A number of professionals are doctors.",False,True,"∀x (Doctor(x) → ¬Lawyer(x))
 ∀x (Lawyer(x) → WithoutExceptionProfessional(x))
 ∃x (Professional(x) ∧ Doctor(x))
","forall x (doctor(x) implies not lawyer(x))
 forall x (lawyer(x) implies withoutexceptionprofessional(x))
 exists x (professional(x) and doctor(x))
","[@every *x [(doctor[(?x)]  ~lawyer[(?x)])]
 @every *x [(lawyer[(?x)]  withoutexceptionprofessional[(?x)])]
 *x [(professional[(?x)]  doctor[(?x)])]
]","forall (doctor(x) -: notlawyer(x))
 forall (lawyer(x) -: withoutexceptionprofessional(x))
  (professional(x) , doctor(x))
",-(+D0--+L0)-(+L0-+W0)+(+P1++D1),"all:x (doctor(x) :- ~lawyer(x))
 all:x (lawyer(x) :- withoutexceptionprofessional(x))
 x (professional(x) & doctor(x))
",categorical
3f047c98-7589-4e41-8055-1f023c4d9707,There are no footwear items that are clothing. Every shoe is a type of footwear. It can be concluded that no shoe is clothing.,True,False,"∃x (NoFootwearItemThat(x) ∧ Clothing(x))
 ∀x (Shoe(x) → TypeOfFootwear(x))
 ∀x (ItCanBeConcludedThatNoShoe(x) → Clothing(x))
","exists x (nofootwearitemthat(x) and clothing(x))
 forall x (shoe(x) implies typeoffootwear(x))
 forall x (itcanbeconcludedthatnoshoe(x) implies clothing(x))
","[*x [(nofootwearitemthat[(?x)]  clothing[(?x)])]
 @every *x [(shoe[(?x)]  typeoffootwear[(?x)])]
 @every *x [(itcanbeconcludedthatnoshoe[(?x)]  clothing[(?x)])]
]"," (nofootwearitemthat(x) , clothing(x))
 forall (shoe(x) -: typeoffootwear(x))
 forall (itcanbeconcludedthatnoshoe(x) -: clothing(x))
",+(+N1++C1)-(+S0-+T0)-(+I0-+C0),"x (nofootwearitemthat(x) & clothing(x))
 all:x (shoe(x) :- typeoffootwear(x))
 all:x (itcanbeconcludedthatnoshoe(x) :- clothing(x))
",categorical
3f27ae02-9e64-4c34-96d4-4e241a1c356c,No item that can be described as a cat is a dog. There exist pets that are dogs. We must conclude that some pets are not cats.,True,True,"∀x (Item(x) → ¬ThatCanBeDescribedAsACatADog(x))
 ∃x (PetThat(x) ∧ Dog(x))
 ∀x (WeMustConcludeThatSomePet(x) → NotCat(x))
","forall x (item(x) implies not thatcanbedescribedasacatadog(x))
 exists x (petthat(x) and dog(x))
 forall x (wemustconcludethatsomepet(x) implies notcat(x))
","[@every *x [(item[(?x)]  ~thatcanbedescribedasacatadog[(?x)])]
 *x [(petthat[(?x)]  dog[(?x)])]
 @every *x [(wemustconcludethatsomepet[(?x)]  notcat[(?x)])]
]","forall (item(x) -: notthatcanbedescribedasacatadog(x))
  (petthat(x) , dog(x))
 forall (wemustconcludethatsomepet(x) -: notcat(x))
",-(+I0--+T0)+(+P1++D1)-(+W0-+N0),"all:x (item(x) :- ~thatcanbedescribedasacatadog(x))
 x (petthat(x) & dog(x))
 all:x (wemustconcludethatsomepet(x) :- notcat(x))
",categorical
4a57a2e2-b86d-45ec-9db2-f15de898af11,No animal that is a reptile is a mammal. A few of the things that are fish are reptiles. This leads to the conclusion that a certain number of fish are mammals.,False,False,"∀x (Animal(x) → ¬ThatAReptileAMammal(x))
 ∀x (FewOfTheThingThat(x) → FishReptile(x))
 ∀x (ThiLeadToTheConclusionThatACertainNumberOfFish(x) → Mammal(x))
","forall x (animal(x) implies not thatareptileamammal(x))
 forall x (fewofthethingthat(x) implies fishreptile(x))
 forall x (thileadtotheconclusionthatacertainnumberoffish(x) implies mammal(x))
","[@every *x [(animal[(?x)]  ~thatareptileamammal[(?x)])]
 @every *x [(fewofthethingthat[(?x)]  fishreptile[(?x)])]
 @every *x [(thileadtotheconclusionthatacertainnumberoffish[(?x)]  mammal[(?x)])]
]","forall (animal(x) -: notthatareptileamammal(x))
 forall (fewofthethingthat(x) -: fishreptile(x))
 forall (thileadtotheconclusionthatacertainnumberoffish(x) -: mammal(x))
",-(+A0--+T0)-(+F0-+F0)-(+T0-+M0),"all:x (animal(x) :- ~thatareptileamammal(x))
 all:x (fewofthethingthat(x) :- fishreptile(x))
 all:x (thileadtotheconclusionthatacertainnumberoffish(x) :- mammal(x))
",categorical
977d509f-bff0-4f82-b5bb-440e1ce5f8d0,Anything that is a square is a quadrilateral. There are no shapes that are triangles which can also be described as quadrilaterals. There exist certain triangles that are not squares.,True,True,"∀x (AnythingThat(x) → SquareAQuadrilateral(x))
 ∃x (NoShapeThat(x) ∧ TriangleWhichCanAlsoBeDescribedAsQuadrilateral(x))
 ∃x (TriangleThat(x) ∧ NotSquare(x))
","forall x (anythingthat(x) implies squareaquadrilateral(x))
 exists x (noshapethat(x) and trianglewhichcanalsobedescribedasquadrilateral(x))
 exists x (trianglethat(x) and notsquare(x))
","[@every *x [(anythingthat[(?x)]  squareaquadrilateral[(?x)])]
 *x [(noshapethat[(?x)]  trianglewhichcanalsobedescribedasquadrilateral[(?x)])]
 *x [(trianglethat[(?x)]  notsquare[(?x)])]
]","forall (anythingthat(x) -: squareaquadrilateral(x))
  (noshapethat(x) , trianglewhichcanalsobedescribedasquadrilateral(x))
  (trianglethat(x) , notsquare(x))
",-(+A0-+S0)+(+N1++T1)+(+T1++N1),"all:x (anythingthat(x) :- squareaquadrilateral(x))
 x (noshapethat(x) & trianglewhichcanalsobedescribedasquadrilateral(x))
 x (trianglethat(x) & notsquare(x))
",categorical
bcaacbd3-c582-4316-bc1c-327a00965f63,"Every single cloud is a vehicle. There are no clouds that are buses. Therefore, there is no bus that is a vehicle.",False,False,"∀x (SingleCloud(x) → Vehicle(x))
 ∃x (NoCloudThat(x) ∧ Buse(x))
 ∀x (There(x) → NoBusThatAVehicle(x))
","forall x (singlecloud(x) implies vehicle(x))
 exists x (nocloudthat(x) and buse(x))
 forall x (there(x) implies nobusthatavehicle(x))
","[@every *x [(singlecloud[(?x)]  vehicle[(?x)])]
 *x [(nocloudthat[(?x)]  buse[(?x)])]
 @every *x [(there[(?x)]  nobusthatavehicle[(?x)])]
]","forall (singlecloud(x) -: vehicle(x))
  (nocloudthat(x) , buse(x))
 forall (there(x) -: nobusthatavehicle(x))
",-(+S0-+V0)+(+N1++B1)-(+T0-+N0),"all:x (singlecloud(x) :- vehicle(x))
 x (nocloudthat(x) & buse(x))
 all:x (there(x) :- nobusthatavehicle(x))
",categorical
bac14978-b426-42f3-830e-d222127e8425,No relatives are considered family members. Everything that is a sibling is a family member. It can be deduced that a part of siblings are not relatives.,True,False,"∀x (Relative(x) → ¬ConsideredFamilyMember(x))
 ∀x (EverythingThat(x) → SiblingAFamilyMember(x))
 ∀x (ItCanBeDeducedThatAPartOfSibling(x) → NotRelative(x))
","forall x (relative(x) implies not consideredfamilymember(x))
 forall x (everythingthat(x) implies siblingafamilymember(x))
 forall x (itcanbededucedthatapartofsibling(x) implies notrelative(x))
","[@every *x [(relative[(?x)]  ~consideredfamilymember[(?x)])]
 @every *x [(everythingthat[(?x)]  siblingafamilymember[(?x)])]
 @every *x [(itcanbededucedthatapartofsibling[(?x)]  notrelative[(?x)])]
]","forall (relative(x) -: notconsideredfamilymember(x))
 forall (everythingthat(x) -: siblingafamilymember(x))
 forall (itcanbededucedthatapartofsibling(x) -: notrelative(x))
",-(+R0--+C0)-(+E0-+S0)-(+I0-+N0),"all:x (relative(x) :- ~consideredfamilymember(x))
 all:x (everythingthat(x) :- siblingafamilymember(x))
 all:x (itcanbededucedthatapartofsibling(x) :- notrelative(x))
",categorical
e9335b28-89be-4bdd-97da-cc84bec3b7dd,A few aquatic animals are fish. All things that are fish are vertebrates. It can be deduced that some vertebrates are aquatic animals.,True,True,"∀x (FewAquaticAnimal(x) → Fish(x))
 ∀x (ThingThat(x) → FishVertebrate(x))
 ∀x (ItCanBeDeducedThatSomeVertebrate(x) → AquaticAnimal(x))
","forall x (fewaquaticanimal(x) implies fish(x))
 forall x (thingthat(x) implies fishvertebrate(x))
 forall x (itcanbededucedthatsomevertebrate(x) implies aquaticanimal(x))
","[@every *x [(fewaquaticanimal[(?x)]  fish[(?x)])]
 @every *x [(thingthat[(?x)]  fishvertebrate[(?x)])]
 @every *x [(itcanbededucedthatsomevertebrate[(?x)]  aquaticanimal[(?x)])]
]","forall (fewaquaticanimal(x) -: fish(x))
 forall (thingthat(x) -: fishvertebrate(x))
 forall (itcanbededucedthatsomevertebrate(x) -: aquaticanimal(x))
",-(+F0-+F0)-(+T0-+F0)-(+I0-+A0),"all:x (fewaquaticanimal(x) :- fish(x))
 all:x (thingthat(x) :- fishvertebrate(x))
 all:x (itcanbededucedthatsomevertebrate(x) :- aquaticanimal(x))
",categorical
1b1b97d3-969d-4921-9095-42863228cbab,"Anything that is a mammal is a creature that is warm-blooded. Some animals are, without a doubt, mammals. Therefore, every single animal is made of wood.",False,False,"∀x (AnythingThat(x) → MammalACreatureThatWarmblooded(x))
 ∀x (Animal(x) → WithoutADoubtMammal(x))
 ∀x (EverySingleAnimal(x) → MadeOfWood(x))
","forall x (anythingthat(x) implies mammalacreaturethatwarmblooded(x))
 forall x (animal(x) implies withoutadoubtmammal(x))
 forall x (everysingleanimal(x) implies madeofwood(x))
","[@every *x [(anythingthat[(?x)]  mammalacreaturethatwarmblooded[(?x)])]
 @every *x [(animal[(?x)]  withoutadoubtmammal[(?x)])]
 @every *x [(everysingleanimal[(?x)]  madeofwood[(?x)])]
]","forall (anythingthat(x) -: mammalacreaturethatwarmblooded(x))
 forall (animal(x) -: withoutadoubtmammal(x))
 forall (everysingleanimal(x) -: madeofwood(x))
",-(+A0-+M0)-(+A0-+W0)-(+E0-+M0),"all:x (anythingthat(x) :- mammalacreaturethatwarmblooded(x))
 all:x (animal(x) :- withoutadoubtmammal(x))
 all:x (everysingleanimal(x) :- madeofwood(x))
",categorical
b40039e8-e634-450a-a221-81c77ffb0517,"Every single cat is a living creature. Every single dog is a living creature. As such, there are some dogs that are not cats.",False,True,"∀x (SingleCat(x) → LivingCreature(x))
 ∀x (SingleDog(x) → LivingCreature(x))
 ∀x (AsSuchThere(x) → DogThatNotCat(x))
","forall x (singlecat(x) implies livingcreature(x))
 forall x (singledog(x) implies livingcreature(x))
 forall x (assuchthere(x) implies dogthatnotcat(x))
","[@every *x [(singlecat[(?x)]  livingcreature[(?x)])]
 @every *x [(singledog[(?x)]  livingcreature[(?x)])]
 @every *x [(assuchthere[(?x)]  dogthatnotcat[(?x)])]
]","forall (singlecat(x) -: livingcreature(x))
 forall (singledog(x) -: livingcreature(x))
 forall (assuchthere(x) -: dogthatnotcat(x))
",-(+S0-+L0)-(+S0-+L0)-(+A0-+D0),"all:x (singlecat(x) :- livingcreature(x))
 all:x (singledog(x) :- livingcreature(x))
 all:x (assuchthere(x) :- dogthatnotcat(x))
",categorical
661f36d9-ec1e-499b-b9ad-1a6ca24dd73a,Hats and jackets do not overlap. A portion of jackets are pieces of clothing. Some pieces of clothing are not hats.,True,True,"∀x (HatAndJacketDoNotOverlap(x))
 ∃x (Jacket(x) ∧ PieceOfClothing(x))
 ∃x (PieceOfClothing(x) ∧ NotHat(x))
","forall x (hatandjacketdonotoverlap(x))
 exists x (jacket(x) and pieceofclothing(x))
 exists x (pieceofclothing(x) and nothat(x))
","[@every *x [(hatandjacketdonotoverlap[(?x)])]
 *x [(jacket[(?x)]  pieceofclothing[(?x)])]
 *x [(pieceofclothing[(?x)]  nothat[(?x)])]
]","forall (hatandjacketdonotoverlap(x))
  (jacket(x) , pieceofclothing(x))
  (pieceofclothing(x) , nothat(x))
",-(+H0)+(+J1++P1)+(+P1++N1),"all:x (hatandjacketdonotoverlap(x))
 x (jacket(x) & pieceofclothing(x))
 x (pieceofclothing(x) & nothat(x))
",categorical
4,There are certain activities that can be classified as coverings. Some acts of protecting function as coverings. Every act of protecting qualifies as an activity.,False,True,"∀x (There(x) → ActivitieThatCanBeClassifiedAsCovering(x))
 ∀x (ActOfProtecting(x) → Covering(x))
 ∀x (ActOfProtecting(x) → Activity(x))
","forall x (there(x) implies activitiethatcanbeclassifiedascovering(x))
 forall x (actofprotecting(x) implies covering(x))
 forall x (actofprotecting(x) implies activity(x))
","[@every *x [(there[(?x)]  activitiethatcanbeclassifiedascovering[(?x)])]
 @every *x [(actofprotecting[(?x)]  covering[(?x)])]
 @every *x [(actofprotecting[(?x)]  activity[(?x)])]
]","forall (there(x) -: activitiethatcanbeclassifiedascovering(x))
 forall (actofprotecting(x) -: covering(x))
 forall (actofprotecting(x) -: activity(x))
",-(+T0-+A0)-(+A0-+C0)-(+A0-+A0),"all:x (there(x) :- activitiethatcanbeclassifiedascovering(x))
 all:x (actofprotecting(x) :- covering(x))
 all:x (actofprotecting(x) :- activity(x))
",categorical
ae5332c8-e538-4acc-b93e-e1db2ba41d49,There are no parrots which are mammals. Some birds are parrots. This implies that some birds are mammals.,False,True,"∃x (NoParrotWhich(x) ∧ Mammal(x))
 ∃x (Bird(x) ∧ Parrot(x))
 ∀x (ThiImplieThatSomeBird(x) → Mammal(x))
","exists x (noparrotwhich(x) and mammal(x))
 exists x (bird(x) and parrot(x))
 forall x (thiimpliethatsomebird(x) implies mammal(x))
","[*x [(noparrotwhich[(?x)]  mammal[(?x)])]
 *x [(bird[(?x)]  parrot[(?x)])]
 @every *x [(thiimpliethatsomebird[(?x)]  mammal[(?x)])]
]"," (noparrotwhich(x) , mammal(x))
  (bird(x) , parrot(x))
 forall (thiimpliethatsomebird(x) -: mammal(x))
",+(+N1++M1)+(+B1++P1)-(+T0-+M0),"x (noparrotwhich(x) & mammal(x))
 x (bird(x) & parrot(x))
 all:x (thiimpliethatsomebird(x) :- mammal(x))
",categorical
f5cb79a6-006c-4630-a820-e5b7cf16671d,"It is a fact that all shirts are garments. Every single garment is an article of clothing. Therefore, we can conclude that a few articles of clothing are shirts.",True,True,"∀x (Shirt(x) → GarmentEverySingleGarmentAnArticleOfClothingThereforeWeCanConcludeThatAFewArticleOfClothingShirt(x))
","forall x (shirt(x) implies garmenteverysinglegarmentanarticleofclothingthereforewecanconcludethatafewarticleofclothingshirt(x))
","[@every *x [(shirt[(?x)]  garmenteverysinglegarmentanarticleofclothingthereforewecanconcludethatafewarticleofclothingshirt[(?x)])]
]","forall (shirt(x) -: garmenteverysinglegarmentanarticleofclothingthereforewecanconcludethatafewarticleofclothingshirt(x))
",-(+S0-+G0),"all:x (shirt(x) :- garmenteverysinglegarmentanarticleofclothingthereforewecanconcludethatafewarticleofclothingshirt(x))
",categorical
f96c05f3-3cc5-465b-a17d-3b7d30e5607e,Every single building is made of candy. There are no houses that are not buildings. A certain number of houses are made of candy.,True,False,"∀x (SingleBuilding(x) → MadeOfCandy(x))
 ∃x (NoHouseThat(x) ∧ NotBuilding(x))
 ∃x (House(x) ∧ MadeOfCandy(x))
","forall x (singlebuilding(x) implies madeofcandy(x))
 exists x (nohousethat(x) and notbuilding(x))
 exists x (house(x) and madeofcandy(x))
","[@every *x [(singlebuilding[(?x)]  madeofcandy[(?x)])]
 *x [(nohousethat[(?x)]  notbuilding[(?x)])]
 *x [(house[(?x)]  madeofcandy[(?x)])]
]","forall (singlebuilding(x) -: madeofcandy(x))
  (nohousethat(x) , notbuilding(x))
  (house(x) , madeofcandy(x))
",-(+S0-+M0)+(+N1++N1)+(+H1++M1),"all:x (singlebuilding(x) :- madeofcandy(x))
 x (nohousethat(x) & notbuilding(x))
 x (house(x) & madeofcandy(x))
",categorical
5826f9b5-c6e7-4b2d-834d-de148f9bd15c,A creature that is a reptile is never a mammal. There are no snakes that are reptiles. It is necessarily the case that a snake is never a mammal.,False,True,"∀x (CreatureThat(x) → ReptileNeverAMammal(x))
 ∃x (NoSnakeThat(x) ∧ Reptile(x))
 ∀x (It(x) → NecessarilyTheCaseThatASnakeNeverAMammal(x))
","forall x (creaturethat(x) implies reptileneveramammal(x))
 exists x (nosnakethat(x) and reptile(x))
 forall x (it(x) implies necessarilythecasethatasnakeneveramammal(x))
","[@every *x [(creaturethat[(?x)]  reptileneveramammal[(?x)])]
 *x [(nosnakethat[(?x)]  reptile[(?x)])]
 @every *x [(it[(?x)]  necessarilythecasethatasnakeneveramammal[(?x)])]
]","forall (creaturethat(x) -: reptileneveramammal(x))
  (nosnakethat(x) , reptile(x))
 forall (it(x) -: necessarilythecasethatasnakeneveramammal(x))
",-(+C0-+R0)+(+N1++R1)-(+I0-+N0),"all:x (creaturethat(x) :- reptileneveramammal(x))
 x (nosnakethat(x) & reptile(x))
 all:x (it(x) :- necessarilythecasethatasnakeneveramammal(x))
",categorical
bd80aa79-4ef9-4adb-bb86-2fe99e5e0445,Something that is a living organism is a mammal. The entire set of people is composed of living organisms. It is the case that all people are mammals.,False,True,"∀x (SomethingThat(x) → LivingOrganismAMammal(x))
 ∀x (EntireSetOfPeople(x) → ComposedOfLivingOrganism(x))
 ∀x (It(x) → CaseThatAllPeopleMammal(x))
","forall x (somethingthat(x) implies livingorganismamammal(x))
 forall x (entiresetofpeople(x) implies composedoflivingorganism(x))
 forall x (it(x) implies casethatallpeoplemammal(x))
","[@every *x [(somethingthat[(?x)]  livingorganismamammal[(?x)])]
 @every *x [(entiresetofpeople[(?x)]  composedoflivingorganism[(?x)])]
 @every *x [(it[(?x)]  casethatallpeoplemammal[(?x)])]
]","forall (somethingthat(x) -: livingorganismamammal(x))
 forall (entiresetofpeople(x) -: composedoflivingorganism(x))
 forall (it(x) -: casethatallpeoplemammal(x))
",-(+S0-+L0)-(+E0-+C0)-(+I0-+C0),"all:x (somethingthat(x) :- livingorganismamammal(x))
 all:x (entiresetofpeople(x) :- composedoflivingorganism(x))
 all:x (it(x) :- casethatallpeoplemammal(x))
",categorical
c6aae9b7-d793-4aa7-a0cd-b1d9aed1b06b,A few cars are trucks. Every single thing that is a truck has wheels. It follows from this that every single thing with wheels is a car.,False,False,"∀x (FewCar(x) → Truck(x))
 ∀x (SingleThingThat(x) → TruckHasWheel(x))
 ∀x (FromThiThatEverySingleThingWithWheel(x) → Car(x))
","forall x (fewcar(x) implies truck(x))
 forall x (singlethingthat(x) implies truckhaswheel(x))
 forall x (fromthithateverysinglethingwithwheel(x) implies car(x))
","[@every *x [(fewcar[(?x)]  truck[(?x)])]
 @every *x [(singlethingthat[(?x)]  truckhaswheel[(?x)])]
 @every *x [(fromthithateverysinglethingwithwheel[(?x)]  car[(?x)])]
]","forall (fewcar(x) -: truck(x))
 forall (singlethingthat(x) -: truckhaswheel(x))
 forall (fromthithateverysinglethingwithwheel(x) -: car(x))
",-(+F0-+T0)-(+S0-+T0)-(+F0-+C0),"all:x (fewcar(x) :- truck(x))
 all:x (singlethingthat(x) :- truckhaswheel(x))
 all:x (fromthithateverysinglethingwithwheel(x) :- car(x))
",categorical
9d0f6e59-163b-4aac-bede-cac5938a90a3,Everything that is a living organism is a thing that consumes energy. Any and all plants are things that consume energy. This means that all plants are living organisms.,False,True,"∀x (EverythingThat(x) → LivingOrganismAThingThatConsumeEnergy(x))
 ∀x (AndAllPlant(x) → ThingThatConsumeEnergy(x))
 ∀x (ThiMeanThatAllPlant(x) → LivingOrganism(x))
","forall x (everythingthat(x) implies livingorganismathingthatconsumeenergy(x))
 forall x (andallplant(x) implies thingthatconsumeenergy(x))
 forall x (thimeanthatallplant(x) implies livingorganism(x))
","[@every *x [(everythingthat[(?x)]  livingorganismathingthatconsumeenergy[(?x)])]
 @every *x [(andallplant[(?x)]  thingthatconsumeenergy[(?x)])]
 @every *x [(thimeanthatallplant[(?x)]  livingorganism[(?x)])]
]","forall (everythingthat(x) -: livingorganismathingthatconsumeenergy(x))
 forall (andallplant(x) -: thingthatconsumeenergy(x))
 forall (thimeanthatallplant(x) -: livingorganism(x))
",-(+E0-+L0)-(+A0-+T0)-(+T0-+L0),"all:x (everythingthat(x) :- livingorganismathingthatconsumeenergy(x))
 all:x (andallplant(x) :- thingthatconsumeenergy(x))
 all:x (thimeanthatallplant(x) :- livingorganism(x))
",categorical
9898c43c-c5d9-4c03-aa4f-46e30e136037,"There are no fruits that are things that grow on trees. Every single apple is a thing that grows on a tree. Consequently, it can be said that some apples are not fruits.",True,False,"∃x (NoFruitThat(x) ∧ ThingThatGrowOnTree(x))
 ∀x (SingleApple(x) → ThingThatGrowOnATree(x))
 ∀x (ItCanBeSaidThatSomeApple(x) → NotFruit(x))
","exists x (nofruitthat(x) and thingthatgrowontree(x))
 forall x (singleapple(x) implies thingthatgrowonatree(x))
 forall x (itcanbesaidthatsomeapple(x) implies notfruit(x))
","[*x [(nofruitthat[(?x)]  thingthatgrowontree[(?x)])]
 @every *x [(singleapple[(?x)]  thingthatgrowonatree[(?x)])]
 @every *x [(itcanbesaidthatsomeapple[(?x)]  notfruit[(?x)])]
]"," (nofruitthat(x) , thingthatgrowontree(x))
 forall (singleapple(x) -: thingthatgrowonatree(x))
 forall (itcanbesaidthatsomeapple(x) -: notfruit(x))
",+(+N1++T1)-(+S0-+T0)-(+I0-+N0),"x (nofruitthat(x) & thingthatgrowontree(x))
 all:x (singleapple(x) :- thingthatgrowonatree(x))
 all:x (itcanbesaidthatsomeapple(x) :- notfruit(x))
",categorical
a6abf627-c349-4eff-9138-1989a2c50491,The group of creatures that have eight legs does not intersect with the group of arachnids. All of the arachnids are spiders. It must be the case that a portion of spiders are not creatures that have eight legs.,True,False,"∃x (GroupOfCreatureThat(x) ∧ ¬EightLegDoeNotIntersectWithTheGroupOfArachnid(x))
 ∀x (OfTheArachnid(x) → Spider(x))
 ∀x (ItMustBeTheCaseThatAPortionOfSpider(x) → NotCreatureThatHaveEightLeg(x))
","exists x (groupofcreaturethat(x) and not eightlegdoenotintersectwiththegroupofarachnid(x))
 forall x (ofthearachnid(x) implies spider(x))
 forall x (itmustbethecasethataportionofspider(x) implies notcreaturethathaveeightleg(x))
","[*x [(groupofcreaturethat[(?x)]  ~eightlegdoenotintersectwiththegroupofarachnid[(?x)])]
 @every *x [(ofthearachnid[(?x)]  spider[(?x)])]
 @every *x [(itmustbethecasethataportionofspider[(?x)]  notcreaturethathaveeightleg[(?x)])]
]"," (groupofcreaturethat(x) , noteightlegdoenotintersectwiththegroupofarachnid(x))
 forall (ofthearachnid(x) -: spider(x))
 forall (itmustbethecasethataportionofspider(x) -: notcreaturethathaveeightleg(x))
",+(+G1+-+E1)-(+O0-+S0)-(+I0-+N0),"x (groupofcreaturethat(x) & ~eightlegdoenotintersectwiththegroupofarachnid(x))
 all:x (ofthearachnid(x) :- spider(x))
 all:x (itmustbethecasethataportionofspider(x) :- notcreaturethathaveeightleg(x))
",categorical
02f9e80f-e3ec-49b8-99e8-a0153091e603,Nothing that is an animal is a non-living thing. There are some mammals that are not non-living things. It follows that some mammals are not animals.,False,False,"∀x (NothingThat(x) → AnimalANonlivingThing(x))
 ∃x (MammalThat(x) ∧ NotNonlivingThing(x))
 ∃x (Mammal(x) ∧ NotAnimal(x))
","forall x (nothingthat(x) implies animalanonlivingthing(x))
 exists x (mammalthat(x) and notnonlivingthing(x))
 exists x (mammal(x) and notanimal(x))
","[@every *x [(nothingthat[(?x)]  animalanonlivingthing[(?x)])]
 *x [(mammalthat[(?x)]  notnonlivingthing[(?x)])]
 *x [(mammal[(?x)]  notanimal[(?x)])]
]","forall (nothingthat(x) -: animalanonlivingthing(x))
  (mammalthat(x) , notnonlivingthing(x))
  (mammal(x) , notanimal(x))
",-(+N0-+A0)+(+M1++N1)+(+M1++N1),"all:x (nothingthat(x) :- animalanonlivingthing(x))
 x (mammalthat(x) & notnonlivingthing(x))
 x (mammal(x) & notanimal(x))
",categorical
b0c77d6f-3671-41cc-a15a-b980c56044fb,Students are in no way teachers. There are no teachers who are learners. It is the case that no student is an learner.,False,False,"∀x (Student(x) → InNoWayTeacher(x))
 ∃x (NoTeacherWho(x) ∧ Learner(x))
 ∀x (It(x) → CaseThatNoStudentAnLearner(x))
","forall x (student(x) implies innowayteacher(x))
 exists x (noteacherwho(x) and learner(x))
 forall x (it(x) implies casethatnostudentanlearner(x))
","[@every *x [(student[(?x)]  innowayteacher[(?x)])]
 *x [(noteacherwho[(?x)]  learner[(?x)])]
 @every *x [(it[(?x)]  casethatnostudentanlearner[(?x)])]
]","forall (student(x) -: innowayteacher(x))
  (noteacherwho(x) , learner(x))
 forall (it(x) -: casethatnostudentanlearner(x))
",-(+S0-+I0)+(+N1++L1)-(+I0-+C0),"all:x (student(x) :- innowayteacher(x))
 x (noteacherwho(x) & learner(x))
 all:x (it(x) :- casethatnostudentanlearner(x))
",categorical
3ced0425-c600-49d7-a41e-a958eea666d2,Not a single one of the things that are penguins is a flying bird. It is known that some birds are flying birds. The conclusion is that some birds are not penguins.,True,True,"∀x (One(x) → ¬OfTheThingThatPenguinAFlyingBird(x))
 ∀x (It(x) → KnownThatSomeBirdFlyingBird(x))
 ∀x (Conclusion(x) → ThatSomeBirdNotPenguin(x))
","forall x (one(x) implies not ofthethingthatpenguinaflyingbird(x))
 forall x (it(x) implies knownthatsomebirdflyingbird(x))
 forall x (conclusion(x) implies thatsomebirdnotpenguin(x))
","[@every *x [(one[(?x)]  ~ofthethingthatpenguinaflyingbird[(?x)])]
 @every *x [(it[(?x)]  knownthatsomebirdflyingbird[(?x)])]
 @every *x [(conclusion[(?x)]  thatsomebirdnotpenguin[(?x)])]
]","forall (one(x) -: notofthethingthatpenguinaflyingbird(x))
 forall (it(x) -: knownthatsomebirdflyingbird(x))
 forall (conclusion(x) -: thatsomebirdnotpenguin(x))
",-(+O0--+O0)-(+I0-+K0)-(+C0-+T0),"all:x (one(x) :- ~ofthethingthatpenguinaflyingbird(x))
 all:x (it(x) :- knownthatsomebirdflyingbird(x))
 all:x (conclusion(x) :- thatsomebirdnotpenguin(x))
",categorical
0f476f71-6f8c-4780-8ce3-1f00300227e1,"Every piece of furniture that is a chair is made of liquid. Any object that is a bench is a chair. Consequently, all benches are pieces of furniture that are made of liquid.",True,False,"∀x (PieceOfFurnitureThat(x) → ChairMadeOfLiquid(x))
 ∀x (ObjectThat(x) → BenchAChair(x))
 ∀x (AllBenche(x) → PieceOfFurnitureThatMadeOfLiquid(x))
","forall x (pieceoffurniturethat(x) implies chairmadeofliquid(x))
 forall x (objectthat(x) implies benchachair(x))
 forall x (allbenche(x) implies pieceoffurniturethatmadeofliquid(x))
","[@every *x [(pieceoffurniturethat[(?x)]  chairmadeofliquid[(?x)])]
 @every *x [(objectthat[(?x)]  benchachair[(?x)])]
 @every *x [(allbenche[(?x)]  pieceoffurniturethatmadeofliquid[(?x)])]
]","forall (pieceoffurniturethat(x) -: chairmadeofliquid(x))
 forall (objectthat(x) -: benchachair(x))
 forall (allbenche(x) -: pieceoffurniturethatmadeofliquid(x))
",-(+P0-+C0)-(+O0-+B0)-(+A0-+P0),"all:x (pieceoffurniturethat(x) :- chairmadeofliquid(x))
 all:x (objectthat(x) :- benchachair(x))
 all:x (allbenche(x) :- pieceoffurniturethatmadeofliquid(x))
",categorical
995564e9-24da-47e6-9c8b-c5352eadc638,Anything that is a human is a primate. The set of reptiles contains no primates. Every single reptile is a human.,False,True,"∀x (AnythingThat(x) → HumanAPrimate(x))
 ∀x (SetOfReptileContainNoPrimate(x))
 ∀x (SingleReptile(x) → Human(x))
","forall x (anythingthat(x) implies humanaprimate(x))
 forall x (setofreptilecontainnoprimate(x))
 forall x (singlereptile(x) implies human(x))
","[@every *x [(anythingthat[(?x)]  humanaprimate[(?x)])]
 @every *x [(setofreptilecontainnoprimate[(?x)])]
 @every *x [(singlereptile[(?x)]  human[(?x)])]
]","forall (anythingthat(x) -: humanaprimate(x))
 forall (setofreptilecontainnoprimate(x))
 forall (singlereptile(x) -: human(x))
",-(+A0-+H0)-(+S0)-(+S0-+H0),"all:x (anythingthat(x) :- humanaprimate(x))
 all:x (setofreptilecontainnoprimate(x))
 all:x (singlereptile(x) :- human(x))
",categorical
f78276e5-b847-4878-aba1-f920d12288f4,"Everything that is a poodle is a dog. It is known that a portion of poodles are dogs. Consequently, some poodles are not dogs.",False,False,"∀x (EverythingThat(x) → PoodleADog(x))
 ∀x (It(x) → KnownThatAPortionOfPoodleDog(x))
 ∀x (SomePoodle(x) → NotDog(x))
","forall x (everythingthat(x) implies poodleadog(x))
 forall x (it(x) implies knownthataportionofpoodledog(x))
 forall x (somepoodle(x) implies notdog(x))
","[@every *x [(everythingthat[(?x)]  poodleadog[(?x)])]
 @every *x [(it[(?x)]  knownthataportionofpoodledog[(?x)])]
 @every *x [(somepoodle[(?x)]  notdog[(?x)])]
]","forall (everythingthat(x) -: poodleadog(x))
 forall (it(x) -: knownthataportionofpoodledog(x))
 forall (somepoodle(x) -: notdog(x))
",-(+E0-+P0)-(+I0-+K0)-(+S0-+N0),"all:x (everythingthat(x) :- poodleadog(x))
 all:x (it(x) :- knownthataportionofpoodledog(x))
 all:x (somepoodle(x) :- notdog(x))
",categorical
499ba307-8c1b-4244-9a41-15129f3f000e,It is not the case that every single person has blood. Every person is a mammal. One can therefore conclude that some mammals do not have blood.,True,False,"∀x (It(x) → NotTheCaseThatEverySinglePersonHasBlood(x))
 ∀x (Person(x) → Mammal(x))
 ∀x (OneCan(x))
 ∀x (ConcludeThatSomeMammalDoNot(x) → Blood(x))
","forall x (it(x) implies notthecasethateverysinglepersonhasblood(x))
 forall x (person(x) implies mammal(x))
 forall x (onecan(x))
 forall x (concludethatsomemammaldonot(x) implies blood(x))
","[@every *x [(it[(?x)]  notthecasethateverysinglepersonhasblood[(?x)])]
 @every *x [(person[(?x)]  mammal[(?x)])]
 @every *x [(onecan[(?x)])]
 @every *x [(concludethatsomemammaldonot[(?x)]  blood[(?x)])]
]","forall (it(x) -: notthecasethateverysinglepersonhasblood(x))
 forall (person(x) -: mammal(x))
 forall (onecan(x))
 forall (concludethatsomemammaldonot(x) -: blood(x))
",-(+I0-+N0)-(+P0-+M0)-(+O0)-(+C0-+B0),"all:x (it(x) :- notthecasethateverysinglepersonhasblood(x))
 all:x (person(x) :- mammal(x))
 all:x (onecan(x))
 all:x (concludethatsomemammaldonot(x) :- blood(x))
",categorical
68,"There are notebooks that are contemplations. Every single contemplation is an animal. Therefore, a subset of notebooks can be considered animals.",True,False,"∃x (NotebookThat(x) ∧ Contemplation(x))
 ∀x (SingleContemplation(x) → Animal(x))
 ∀x (ASubsetOfNotebookCanBeConsideredAnimal(x))
","exists x (notebookthat(x) and contemplation(x))
 forall x (singlecontemplation(x) implies animal(x))
 forall x (asubsetofnotebookcanbeconsideredanimal(x))
","[*x [(notebookthat[(?x)]  contemplation[(?x)])]
 @every *x [(singlecontemplation[(?x)]  animal[(?x)])]
 @every *x [(asubsetofnotebookcanbeconsideredanimal[(?x)])]
]"," (notebookthat(x) , contemplation(x))
 forall (singlecontemplation(x) -: animal(x))
 forall (asubsetofnotebookcanbeconsideredanimal(x))
",+(+N1++C1)-(+S0-+A0)-(+A0),"x (notebookthat(x) & contemplation(x))
 all:x (singlecontemplation(x) :- animal(x))
 all:x (asubsetofnotebookcanbeconsideredanimal(x))
",categorical
def100cc-5fa6-4026-bf80-73c1534c3728,Every fish can be seen to write novels. Anything that can write novels has feathers. It follows that a few things with feathers are fish.,True,False,"∀x (Fish(x) → SeenToWriteNovel(x))
 ∀x (AnythingThatCanWriteNovelHasFeather(x))
 ∀x (FewThingWithFeather(x) → Fish(x))
","forall x (fish(x) implies seentowritenovel(x))
 forall x (anythingthatcanwritenovelhasfeather(x))
 forall x (fewthingwithfeather(x) implies fish(x))
","[@every *x [(fish[(?x)]  seentowritenovel[(?x)])]
 @every *x [(anythingthatcanwritenovelhasfeather[(?x)])]
 @every *x [(fewthingwithfeather[(?x)]  fish[(?x)])]
]","forall (fish(x) -: seentowritenovel(x))
 forall (anythingthatcanwritenovelhasfeather(x))
 forall (fewthingwithfeather(x) -: fish(x))
",-(+F0-+S0)-(+A0)-(+F0-+F0),"all:x (fish(x) :- seentowritenovel(x))
 all:x (anythingthatcanwritenovelhasfeather(x))
 all:x (fewthingwithfeather(x) :- fish(x))
",categorical
244cf8ba-d6bd-4acb-83db-841c05330954,"Anything that is a feline is a mammal. There are no cats that are felines. Thus, there are no cats that are mammals.",False,False,"∀x (AnythingThat(x) → FelineAMammal(x))
 ∃x (NoCatThat(x) ∧ Feline(x))
 ∀x (There(x) → NoCatThatMammal(x))
","forall x (anythingthat(x) implies felineamammal(x))
 exists x (nocatthat(x) and feline(x))
 forall x (there(x) implies nocatthatmammal(x))
","[@every *x [(anythingthat[(?x)]  felineamammal[(?x)])]
 *x [(nocatthat[(?x)]  feline[(?x)])]
 @every *x [(there[(?x)]  nocatthatmammal[(?x)])]
]","forall (anythingthat(x) -: felineamammal(x))
  (nocatthat(x) , feline(x))
 forall (there(x) -: nocatthatmammal(x))
",-(+A0-+F0)+(+N1++F1)-(+T0-+N0),"all:x (anythingthat(x) :- felineamammal(x))
 x (nocatthat(x) & feline(x))
 all:x (there(x) :- nocatthatmammal(x))
",categorical
490459ce-a63c-4b9c-952f-4f2600c080c1,"Every single person is a human. A number of women are humans. Consequently, some women are people.",False,True,"∀x (SinglePerson(x) → Human(x))
 ∃x (Women(x) ∧ Human(x))
 ∀x (SomeWomen(x) → People(x))
","forall x (singleperson(x) implies human(x))
 exists x (women(x) and human(x))
 forall x (somewomen(x) implies people(x))
","[@every *x [(singleperson[(?x)]  human[(?x)])]
 *x [(women[(?x)]  human[(?x)])]
 @every *x [(somewomen[(?x)]  people[(?x)])]
]","forall (singleperson(x) -: human(x))
  (women(x) , human(x))
 forall (somewomen(x) -: people(x))
",-(+S0-+H0)+(+W1++H1)-(+S0-+P0),"all:x (singleperson(x) :- human(x))
 x (women(x) & human(x))
 all:x (somewomen(x) :- people(x))
",categorical
d8f5c7fb-a431-4ab6-890a-c4122be4c314,There are no plants that can be called humans. It is also true that every plant is a type of vegetable. This has led to the conclusion that every vegetable is a human.,False,False,"∀x (There(x) → NoPlantThatCanBeCalledHuman(x))
 ∀x (It(x) → AlsoTrueThatEveryPlantATypeOfVegetable(x))
 ∀x (ThiHasLedToTheConclusionThatEveryVegetable(x) → Human(x))
","forall x (there(x) implies noplantthatcanbecalledhuman(x))
 forall x (it(x) implies alsotruethateveryplantatypeofvegetable(x))
 forall x (thihasledtotheconclusionthateveryvegetable(x) implies human(x))
","[@every *x [(there[(?x)]  noplantthatcanbecalledhuman[(?x)])]
 @every *x [(it[(?x)]  alsotruethateveryplantatypeofvegetable[(?x)])]
 @every *x [(thihasledtotheconclusionthateveryvegetable[(?x)]  human[(?x)])]
]","forall (there(x) -: noplantthatcanbecalledhuman(x))
 forall (it(x) -: alsotruethateveryplantatypeofvegetable(x))
 forall (thihasledtotheconclusionthateveryvegetable(x) -: human(x))
",-(+T0-+N0)-(+I0-+A0)-(+T0-+H0),"all:x (there(x) :- noplantthatcanbecalledhuman(x))
 all:x (it(x) :- alsotruethateveryplantatypeofvegetable(x))
 all:x (thihasledtotheconclusionthateveryvegetable(x) :- human(x))
",categorical
e465903e-2d8d-4f52-b3f6-b3751715ab50,There are no objects that are both tools and have handles. The entire set of objects with handles is composed of hammers. A portion of tools are hammers.,False,True,"∃x (NoObjectThat(x) ∧ BothToolAndHaveHandle(x))
 ∀x (EntireSetOfObjectWithHandle(x) → ComposedOfHammer(x))
 ∃x (Tool(x) ∧ Hammer(x))
","exists x (noobjectthat(x) and bothtoolandhavehandle(x))
 forall x (entiresetofobjectwithhandle(x) implies composedofhammer(x))
 exists x (tool(x) and hammer(x))
","[*x [(noobjectthat[(?x)]  bothtoolandhavehandle[(?x)])]
 @every *x [(entiresetofobjectwithhandle[(?x)]  composedofhammer[(?x)])]
 *x [(tool[(?x)]  hammer[(?x)])]
]"," (noobjectthat(x) , bothtoolandhavehandle(x))
 forall (entiresetofobjectwithhandle(x) -: composedofhammer(x))
  (tool(x) , hammer(x))
",+(+N1++B1)-(+E0-+C0)+(+T1++H1),"x (noobjectthat(x) & bothtoolandhavehandle(x))
 all:x (entiresetofobjectwithhandle(x) :- composedofhammer(x))
 x (tool(x) & hammer(x))
",categorical
f31cf4aa-e20f-4e2b-8bf0-18cc0c5ad48b,"It is true that no lion is an animal. A certain number of lions are carnivores. Based on this, it must be the case that a certain number of carnivores are not animals.",True,False,"∀x (Lion(x) → ¬AnimalACertainNumberOfLionCarnivoreBasedOnThiItMustBeTheCaseThatACertainNumberOfCarnivoreNotAnimal(x))
","forall x (lion(x) implies not animalacertainnumberoflioncarnivorebasedonthiitmustbethecasethatacertainnumberofcarnivorenotanimal(x))
","[@every *x [(lion[(?x)]  ~animalacertainnumberoflioncarnivorebasedonthiitmustbethecasethatacertainnumberofcarnivorenotanimal[(?x)])]
]","forall (lion(x) -: notanimalacertainnumberoflioncarnivorebasedonthiitmustbethecasethatacertainnumberofcarnivorenotanimal(x))
",-(+L0--+A0),"all:x (lion(x) :- ~animalacertainnumberoflioncarnivorebasedonthiitmustbethecasethatacertainnumberofcarnivorenotanimal(x))
",categorical
0c41f657-b5c7-49f0-ba40-93192828326c,Every single bird is a mammal. It is the case that no lion is a bird. It is the case that no lion is a mammal.,False,False,"∀x (SingleBird(x) → Mammal(x))
 ∀x (It(x) → CaseThatNoLionABird(x))
 ∀x (It(x) → CaseThatNoLionAMammal(x))
","forall x (singlebird(x) implies mammal(x))
 forall x (it(x) implies casethatnolionabird(x))
 forall x (it(x) implies casethatnolionamammal(x))
","[@every *x [(singlebird[(?x)]  mammal[(?x)])]
 @every *x [(it[(?x)]  casethatnolionabird[(?x)])]
 @every *x [(it[(?x)]  casethatnolionamammal[(?x)])]
]","forall (singlebird(x) -: mammal(x))
 forall (it(x) -: casethatnolionabird(x))
 forall (it(x) -: casethatnolionamammal(x))
",-(+S0-+M0)-(+I0-+C0)-(+I0-+C0),"all:x (singlebird(x) :- mammal(x))
 all:x (it(x) :- casethatnolionabird(x))
 all:x (it(x) :- casethatnolionamammal(x))
",categorical
a6fde999-62a6-4246-9901-654ac4901490,Every capital city is considered a major city. A portion of capital cities are located in Europe. It therefore follows that some cities in Europe are major cities.,True,True,"∀x (CapitalCity(x) → ConsideredAMajorCity(x))
 ∃x (CapitalCitie(x) ∧ LocatedInEurope(x))
 ∀x (It(x))
 ∀x (FollowThatSomeCitieInEurope(x) → MajorCitie(x))
","forall x (capitalcity(x) implies consideredamajorcity(x))
 exists x (capitalcitie(x) and locatedineurope(x))
 forall x (it(x))
 forall x (followthatsomecitieineurope(x) implies majorcitie(x))
","[@every *x [(capitalcity[(?x)]  consideredamajorcity[(?x)])]
 *x [(capitalcitie[(?x)]  locatedineurope[(?x)])]
 @every *x [(it[(?x)])]
 @every *x [(followthatsomecitieineurope[(?x)]  majorcitie[(?x)])]
]","forall (capitalcity(x) -: consideredamajorcity(x))
  (capitalcitie(x) , locatedineurope(x))
 forall (it(x))
 forall (followthatsomecitieineurope(x) -: majorcitie(x))
",-(+C0-+C0)+(+C1++L1)-(+I0)-(+F0-+M0),"all:x (capitalcity(x) :- consideredamajorcity(x))
 x (capitalcitie(x) & locatedineurope(x))
 all:x (it(x))
 all:x (followthatsomecitieineurope(x) :- majorcitie(x))
",categorical
42e667da-e467-4797-a862-23132f3c9dc0,There exist no dogs which are cats. There are some pets which are not dogs. This leads to the conclusion that some pets are cats.,False,True,"∃x (NoDogWhich(x) ∧ Cat(x))
 ∃x (PetWhich(x) ∧ NotDog(x))
 ∀x (ThiLeadToTheConclusionThatSomePet(x) → Cat(x))
","exists x (nodogwhich(x) and cat(x))
 exists x (petwhich(x) and notdog(x))
 forall x (thileadtotheconclusionthatsomepet(x) implies cat(x))
","[*x [(nodogwhich[(?x)]  cat[(?x)])]
 *x [(petwhich[(?x)]  notdog[(?x)])]
 @every *x [(thileadtotheconclusionthatsomepet[(?x)]  cat[(?x)])]
]"," (nodogwhich(x) , cat(x))
  (petwhich(x) , notdog(x))
 forall (thileadtotheconclusionthatsomepet(x) -: cat(x))
",+(+N1++C1)+(+P1++N1)-(+T0-+C0),"x (nodogwhich(x) & cat(x))
 x (petwhich(x) & notdog(x))
 all:x (thileadtotheconclusionthatsomepet(x) :- cat(x))
",categorical
123bf7d7-01dd-421d-bd85-5af87b2663dd,"Anything that is a reptile is also an animal. A portion of animals are lizards. Therefore, some lizards are not reptiles.",False,False,"∀x (AnythingThat(x) → ReptileAlsoAnAnimal(x))
 ∃x (Animal(x) ∧ Lizard(x))
 ∀x (SomeLizard(x) → NotReptile(x))
","forall x (anythingthat(x) implies reptilealsoananimal(x))
 exists x (animal(x) and lizard(x))
 forall x (somelizard(x) implies notreptile(x))
","[@every *x [(anythingthat[(?x)]  reptilealsoananimal[(?x)])]
 *x [(animal[(?x)]  lizard[(?x)])]
 @every *x [(somelizard[(?x)]  notreptile[(?x)])]
]","forall (anythingthat(x) -: reptilealsoananimal(x))
  (animal(x) , lizard(x))
 forall (somelizard(x) -: notreptile(x))
",-(+A0-+R0)+(+A1++L1)-(+S0-+N0),"all:x (anythingthat(x) :- reptilealsoananimal(x))
 x (animal(x) & lizard(x))
 all:x (somelizard(x) :- notreptile(x))
",categorical
57,All areas of dense tropical forest are considered periods of deep thought. All areas of dense tropical forest are also considered styles of food preparation. It logically follows that all culinary practices are forms of deep thought.,False,False,"∀x (AreaOfDenseTropicalForest(x) → ConsideredPeriodOfDeepThought(x))
 ∀x (AreaOfDenseTropicalForest(x) → AlsoConsideredStyleOfFoodPreparation(x))
 ∀x (CulinaryPractice(x) → FormOfDeepThought(x))
","forall x (areaofdensetropicalforest(x) implies consideredperiodofdeepthought(x))
 forall x (areaofdensetropicalforest(x) implies alsoconsideredstyleoffoodpreparation(x))
 forall x (culinarypractice(x) implies formofdeepthought(x))
","[@every *x [(areaofdensetropicalforest[(?x)]  consideredperiodofdeepthought[(?x)])]
 @every *x [(areaofdensetropicalforest[(?x)]  alsoconsideredstyleoffoodpreparation[(?x)])]
 @every *x [(culinarypractice[(?x)]  formofdeepthought[(?x)])]
]","forall (areaofdensetropicalforest(x) -: consideredperiodofdeepthought(x))
 forall (areaofdensetropicalforest(x) -: alsoconsideredstyleoffoodpreparation(x))
 forall (culinarypractice(x) -: formofdeepthought(x))
",-(+A0-+C0)-(+A0-+A0)-(+C0-+F0),"all:x (areaofdensetropicalforest(x) :- consideredperiodofdeepthought(x))
 all:x (areaofdensetropicalforest(x) :- alsoconsideredstyleoffoodpreparation(x))
 all:x (culinarypractice(x) :- formofdeepthought(x))
",categorical
5f8e74b8-1b0c-4ecd-aafc-80e050524be1,The group of birds and the group of mammals do not overlap. Anything that is a mammal is an insect. It is the case that some insects are birds.,False,False,"∀x (GroupOfBirdAndTheGroupOfMammalDoNotOverlap(x))
 ∀x (AnythingThat(x) → MammalAnInsect(x))
 ∀x (It(x) → CaseThatSomeInsectBird(x))
","forall x (groupofbirdandthegroupofmammaldonotoverlap(x))
 forall x (anythingthat(x) implies mammalaninsect(x))
 forall x (it(x) implies casethatsomeinsectbird(x))
","[@every *x [(groupofbirdandthegroupofmammaldonotoverlap[(?x)])]
 @every *x [(anythingthat[(?x)]  mammalaninsect[(?x)])]
 @every *x [(it[(?x)]  casethatsomeinsectbird[(?x)])]
]","forall (groupofbirdandthegroupofmammaldonotoverlap(x))
 forall (anythingthat(x) -: mammalaninsect(x))
 forall (it(x) -: casethatsomeinsectbird(x))
",-(+G0)-(+A0-+M0)-(+I0-+C0),"all:x (groupofbirdandthegroupofmammaldonotoverlap(x))
 all:x (anythingthat(x) :- mammalaninsect(x))
 all:x (it(x) :- casethatsomeinsectbird(x))
",categorical
c0c3e36b-70c0-4cc8-b13d-3ae4ba0424b8,It is true that all roses are flowers. It is also true that some plants are flowers. One can therefore conclude that some plants are roses.,False,True,"∀x (Rose(x) → FlowerItAlsoTrueThatSomePlantFlowerOneCanThereforeConcludeThatSomePlantRose(x))
","forall x (rose(x) implies floweritalsotruethatsomeplantfloweronecanthereforeconcludethatsomeplantrose(x))
","[@every *x [(rose[(?x)]  floweritalsotruethatsomeplantfloweronecanthereforeconcludethatsomeplantrose[(?x)])]
]","forall (rose(x) -: floweritalsotruethatsomeplantfloweronecanthereforeconcludethatsomeplantrose(x))
",-(+R0-+F0),"all:x (rose(x) :- floweritalsotruethatsomeplantfloweronecanthereforeconcludethatsomeplantrose(x))
",categorical
f3380f24-0f41-4d1f-a641-cbb86e5b8b08,There are no scientists that are authors of fantasy novels. All fantasy novelists are authors of fantasy novels. This proves that some fantasy novelists are not scientists.,True,True,"∃x (NoScientistThat(x) ∧ AuthorOfFantasyNovel(x))
 ∀x (FantasyNovelist(x) → AuthorOfFantasyNovel(x))
 ∀x (ThiProveThatSomeFantasyNovelist(x) → NotScientist(x))
","exists x (noscientistthat(x) and authoroffantasynovel(x))
 forall x (fantasynovelist(x) implies authoroffantasynovel(x))
 forall x (thiprovethatsomefantasynovelist(x) implies notscientist(x))
","[*x [(noscientistthat[(?x)]  authoroffantasynovel[(?x)])]
 @every *x [(fantasynovelist[(?x)]  authoroffantasynovel[(?x)])]
 @every *x [(thiprovethatsomefantasynovelist[(?x)]  notscientist[(?x)])]
]"," (noscientistthat(x) , authoroffantasynovel(x))
 forall (fantasynovelist(x) -: authoroffantasynovel(x))
 forall (thiprovethatsomefantasynovelist(x) -: notscientist(x))
",+(+N1++A1)-(+F0-+A0)-(+T0-+N0),"x (noscientistthat(x) & authoroffantasynovel(x))
 all:x (fantasynovelist(x) :- authoroffantasynovel(x))
 all:x (thiprovethatsomefantasynovelist(x) :- notscientist(x))
",categorical
c15f8962-f325-45d6-9cc6-c0a25435d4a1,The group of even numbers and the group of animals are mutually exclusive. Any animal is also an odd number. There are some odd numbers that are even numbers.,False,False,"∀x (GroupOfEvenNumberAndTheGroupOfAnimal(x) → MutuallyExclusive(x))
 ∀x (Animal(x) → AlsoAnOddNumber(x))
 ∃x (OddNumberThat(x) ∧ EvenNumber(x))
","forall x (groupofevennumberandthegroupofanimal(x) implies mutuallyexclusive(x))
 forall x (animal(x) implies alsoanoddnumber(x))
 exists x (oddnumberthat(x) and evennumber(x))
","[@every *x [(groupofevennumberandthegroupofanimal[(?x)]  mutuallyexclusive[(?x)])]
 @every *x [(animal[(?x)]  alsoanoddnumber[(?x)])]
 *x [(oddnumberthat[(?x)]  evennumber[(?x)])]
]","forall (groupofevennumberandthegroupofanimal(x) -: mutuallyexclusive(x))
 forall (animal(x) -: alsoanoddnumber(x))
  (oddnumberthat(x) , evennumber(x))
",-(+G0-+M0)-(+A0-+A0)+(+O1++E1),"all:x (groupofevennumberandthegroupofanimal(x) :- mutuallyexclusive(x))
 all:x (animal(x) :- alsoanoddnumber(x))
 x (oddnumberthat(x) & evennumber(x))
",categorical
0c5bbda6-c0e7-42ac-943a-b09a2dcea726,Not a single object that is a car is a boat. A group of cars can be described as vehicles. It is a logical consequence that some vehicles are not boats.,True,True,"∀x (Object(x) → ¬ThatACarABoat(x))
 ∀x (GroupOfCarCanBeDescribedAsVehicle(x))
 ∀x (It(x) → LogicalConsequenceThatSomeVehicleNotBoat(x))
","forall x (object(x) implies not thatacaraboat(x))
 forall x (groupofcarcanbedescribedasvehicle(x))
 forall x (it(x) implies logicalconsequencethatsomevehiclenotboat(x))
","[@every *x [(object[(?x)]  ~thatacaraboat[(?x)])]
 @every *x [(groupofcarcanbedescribedasvehicle[(?x)])]
 @every *x [(it[(?x)]  logicalconsequencethatsomevehiclenotboat[(?x)])]
]","forall (object(x) -: notthatacaraboat(x))
 forall (groupofcarcanbedescribedasvehicle(x))
 forall (it(x) -: logicalconsequencethatsomevehiclenotboat(x))
",-(+O0--+T0)-(+G0)-(+I0-+L0),"all:x (object(x) :- ~thatacaraboat(x))
 all:x (groupofcarcanbedescribedasvehicle(x))
 all:x (it(x) :- logicalconsequencethatsomevehiclenotboat(x))
",categorical
40,No dogs are cats. Some cats are not animals. All animals are dogs.,False,False,"∀x (Dog(x) → ¬Cat(x))
 ∃x (Cat(x) ∧ NotAnimal(x))
 ∀x (Animal(x) → Dog(x))
","forall x (dog(x) implies not cat(x))
 exists x (cat(x) and notanimal(x))
 forall x (animal(x) implies dog(x))
","[@every *x [(dog[(?x)]  ~cat[(?x)])]
 *x [(cat[(?x)]  notanimal[(?x)])]
 @every *x [(animal[(?x)]  dog[(?x)])]
]","forall (dog(x) -: notcat(x))
  (cat(x) , notanimal(x))
 forall (animal(x) -: dog(x))
",-(+D0--+C0)+(+C1++N1)-(+A0-+D0),"all:x (dog(x) :- ~cat(x))
 x (cat(x) & notanimal(x))
 all:x (animal(x) :- dog(x))
",categorical
cf2dcde2-450d-45e2-b775-0f97c9ebb406,Every single piece of gold is a precious substance. No plastic is gold. It follows that no plastic is a precious substance.,False,True,"∀x (SinglePieceOfGold(x) → PreciouSubstance(x))
 ∀x (Plastic(x) → ¬Gold(x))
 ∀x (Plastic(x) → ¬PreciouSubstance(x))
","forall x (singlepieceofgold(x) implies preciousubstance(x))
 forall x (plastic(x) implies not gold(x))
 forall x (plastic(x) implies not preciousubstance(x))
","[@every *x [(singlepieceofgold[(?x)]  preciousubstance[(?x)])]
 @every *x [(plastic[(?x)]  ~gold[(?x)])]
 @every *x [(plastic[(?x)]  ~preciousubstance[(?x)])]
]","forall (singlepieceofgold(x) -: preciousubstance(x))
 forall (plastic(x) -: notgold(x))
 forall (plastic(x) -: notpreciousubstance(x))
",-(+S0-+P0)-(+P0--+G0)-(+P0--+P0),"all:x (singlepieceofgold(x) :- preciousubstance(x))
 all:x (plastic(x) :- ~gold(x))
 all:x (plastic(x) :- ~preciousubstance(x))
",categorical
8e7c3181-8819-4648-a6f9-33b1009c59c3,Everything that is a tree is a plant. Not a single stone is a plant. All stones are trees.,False,False,"∀x (EverythingThat(x) → TreeAPlant(x))
 ∀x (Stone(x) → ¬Plant(x))
 ∀x (Stone(x) → Tree(x))
","forall x (everythingthat(x) implies treeaplant(x))
 forall x (stone(x) implies not plant(x))
 forall x (stone(x) implies tree(x))
","[@every *x [(everythingthat[(?x)]  treeaplant[(?x)])]
 @every *x [(stone[(?x)]  ~plant[(?x)])]
 @every *x [(stone[(?x)]  tree[(?x)])]
]","forall (everythingthat(x) -: treeaplant(x))
 forall (stone(x) -: notplant(x))
 forall (stone(x) -: tree(x))
",-(+E0-+T0)-(+S0--+P0)-(+S0-+T0),"all:x (everythingthat(x) :- treeaplant(x))
 all:x (stone(x) :- ~plant(x))
 all:x (stone(x) :- tree(x))
",categorical
3f5f67b4-3d96-44d3-b94e-e4422a21ac05,"There is no mammal that is a shark. Some of the sharks are fish. Therefore, some fish are not mammals.",True,True,"∀x (There(x) → NoMammalThatAShark(x))
 ∃x (OfTheShark(x) ∧ Fish(x))
 ∀x (SomeFish(x) → NotMammal(x))
","forall x (there(x) implies nomammalthatashark(x))
 exists x (oftheshark(x) and fish(x))
 forall x (somefish(x) implies notmammal(x))
","[@every *x [(there[(?x)]  nomammalthatashark[(?x)])]
 *x [(oftheshark[(?x)]  fish[(?x)])]
 @every *x [(somefish[(?x)]  notmammal[(?x)])]
]","forall (there(x) -: nomammalthatashark(x))
  (oftheshark(x) , fish(x))
 forall (somefish(x) -: notmammal(x))
",-(+T0-+N0)+(+O1++F1)-(+S0-+N0),"all:x (there(x) :- nomammalthatashark(x))
 x (oftheshark(x) & fish(x))
 all:x (somefish(x) :- notmammal(x))
",categorical
013da35a-1a78-4298-9660-495f8e0c9530,There exist some things which are water which are not liquids. All water can be poured. It follows that some things that can be poured are not liquids.,True,False,"∃x (ThingWhich(x) ∧ WaterWhichNotLiquid(x))
 ∀x (Water(x) → Poured(x))
 ∃x (ThingThatCanBePoured(x) ∧ NotLiquid(x))
","exists x (thingwhich(x) and waterwhichnotliquid(x))
 forall x (water(x) implies poured(x))
 exists x (thingthatcanbepoured(x) and notliquid(x))
","[*x [(thingwhich[(?x)]  waterwhichnotliquid[(?x)])]
 @every *x [(water[(?x)]  poured[(?x)])]
 *x [(thingthatcanbepoured[(?x)]  notliquid[(?x)])]
]"," (thingwhich(x) , waterwhichnotliquid(x))
 forall (water(x) -: poured(x))
  (thingthatcanbepoured(x) , notliquid(x))
",+(+T1++W1)-(+W0-+P0)+(+T1++N1),"x (thingwhich(x) & waterwhichnotliquid(x))
 all:x (water(x) :- poured(x))
 x (thingthatcanbepoured(x) & notliquid(x))
",categorical
dc79b4b7-8f59-43b5-8414-6c5cb46e94c7,"Every single liquid is wet. All solids are also wet. Therefore, nothing that is a solid is not a liquid.",False,False,"∀x (SingleLiquid(x) → Wet(x))
 ∀x (Solid(x) → AlsoWet(x))
 ∀x (NothingThat(x) → SolidNotALiquid(x))
","forall x (singleliquid(x) implies wet(x))
 forall x (solid(x) implies alsowet(x))
 forall x (nothingthat(x) implies solidnotaliquid(x))
","[@every *x [(singleliquid[(?x)]  wet[(?x)])]
 @every *x [(solid[(?x)]  alsowet[(?x)])]
 @every *x [(nothingthat[(?x)]  solidnotaliquid[(?x)])]
]","forall (singleliquid(x) -: wet(x))
 forall (solid(x) -: alsowet(x))
 forall (nothingthat(x) -: solidnotaliquid(x))
",-(+S0-+W0)-(+S0-+A0)-(+N0-+S0),"all:x (singleliquid(x) :- wet(x))
 all:x (solid(x) :- alsowet(x))
 all:x (nothingthat(x) :- solidnotaliquid(x))
",categorical
4eec3e1d-089f-4118-bc47-8e1339aee90e,"All sedans are cars. Some motorcycles are not cars. Therefore, some motorcycles are not sedans.",True,True,"∀x (Sedan(x) → Car(x))
 ∃x (Motorcycle(x) ∧ NotCar(x))
 ∀x (SomeMotorcycle(x) → NotSedan(x))
","forall x (sedan(x) implies car(x))
 exists x (motorcycle(x) and notcar(x))
 forall x (somemotorcycle(x) implies notsedan(x))
","[@every *x [(sedan[(?x)]  car[(?x)])]
 *x [(motorcycle[(?x)]  notcar[(?x)])]
 @every *x [(somemotorcycle[(?x)]  notsedan[(?x)])]
]","forall (sedan(x) -: car(x))
  (motorcycle(x) , notcar(x))
 forall (somemotorcycle(x) -: notsedan(x))
",-(+S0-+C0)+(+M1++N1)-(+S0-+N0),"all:x (sedan(x) :- car(x))
 x (motorcycle(x) & notcar(x))
 all:x (somemotorcycle(x) :- notsedan(x))
",categorical
199ec342-0add-469d-87ce-5c375b2f75d1,"Every single liquid is a molecule. Every single gas is a molecule. As a result, all gases are liquids.",False,False,"∀x (SingleLiquid(x) → Molecule(x))
 ∀x (SingleGas(x) → Molecule(x))
 ∀x (AllGase(x) → Liquid(x))
","forall x (singleliquid(x) implies molecule(x))
 forall x (singlegas(x) implies molecule(x))
 forall x (allgase(x) implies liquid(x))
","[@every *x [(singleliquid[(?x)]  molecule[(?x)])]
 @every *x [(singlegas[(?x)]  molecule[(?x)])]
 @every *x [(allgase[(?x)]  liquid[(?x)])]
]","forall (singleliquid(x) -: molecule(x))
 forall (singlegas(x) -: molecule(x))
 forall (allgase(x) -: liquid(x))
",-(+S0-+M0)-(+S0-+M0)-(+A0-+L0),"all:x (singleliquid(x) :- molecule(x))
 all:x (singlegas(x) :- molecule(x))
 all:x (allgase(x) :- liquid(x))
",categorical
72fa74c7-77a1-492e-b3ca-50f86c8c0ae4,Anything that is cutlery is furniture. There are no pieces of cutlery which are also spoons. It is the case that some cutlery is not a spoon.,True,False,"∀x (AnythingThat(x) → CutleryFurniture(x))
 ∃x (NoPieceOfCutleryWhich(x) ∧ AlsoSpoon(x))
 ∀x (It(x) → CaseThatSomeCutleryNotASpoon(x))
","forall x (anythingthat(x) implies cutleryfurniture(x))
 exists x (nopieceofcutlerywhich(x) and alsospoon(x))
 forall x (it(x) implies casethatsomecutlerynotaspoon(x))
","[@every *x [(anythingthat[(?x)]  cutleryfurniture[(?x)])]
 *x [(nopieceofcutlerywhich[(?x)]  alsospoon[(?x)])]
 @every *x [(it[(?x)]  casethatsomecutlerynotaspoon[(?x)])]
]","forall (anythingthat(x) -: cutleryfurniture(x))
  (nopieceofcutlerywhich(x) , alsospoon(x))
 forall (it(x) -: casethatsomecutlerynotaspoon(x))
",-(+A0-+C0)+(+N1++A1)-(+I0-+C0),"all:x (anythingthat(x) :- cutleryfurniture(x))
 x (nopieceofcutlerywhich(x) & alsospoon(x))
 all:x (it(x) :- casethatsomecutlerynotaspoon(x))
",categorical
3b4c6ca3-db28-4693-b2aa-577606295336,"Anything that is a person is made of wood. Without exception, all children are people. Therefore, there are no children who are not made of wood.",True,False,"∀x (AnythingThat(x) → PersonMadeOfWood(x))
 ∀x (WithoutExceptionAllChildren(x) → People(x))
 ∀x (There(x) → NoChildrenWhoNotMadeOfWood(x))
","forall x (anythingthat(x) implies personmadeofwood(x))
 forall x (withoutexceptionallchildren(x) implies people(x))
 forall x (there(x) implies nochildrenwhonotmadeofwood(x))
","[@every *x [(anythingthat[(?x)]  personmadeofwood[(?x)])]
 @every *x [(withoutexceptionallchildren[(?x)]  people[(?x)])]
 @every *x [(there[(?x)]  nochildrenwhonotmadeofwood[(?x)])]
]","forall (anythingthat(x) -: personmadeofwood(x))
 forall (withoutexceptionallchildren(x) -: people(x))
 forall (there(x) -: nochildrenwhonotmadeofwood(x))
",-(+A0-+P0)-(+W0-+P0)-(+T0-+N0),"all:x (anythingthat(x) :- personmadeofwood(x))
 all:x (withoutexceptionallchildren(x) :- people(x))
 all:x (there(x) :- nochildrenwhonotmadeofwood(x))
",categorical
89694013-2061-4e74-b907-514d57cc67b2,"A portion of healthy foods are vegetables. There are some carrots that are vegetables. It follows, then, that some carrots are healthy foods.",False,True,"∃x (HealthyFood(x) ∧ Vegetable(x))
 ∃x (CarrotThat(x) ∧ Vegetable(x))
 ∀x (ThenThatSomeCarrot(x) → HealthyFood(x))
","exists x (healthyfood(x) and vegetable(x))
 exists x (carrotthat(x) and vegetable(x))
 forall x (thenthatsomecarrot(x) implies healthyfood(x))
","[*x [(healthyfood[(?x)]  vegetable[(?x)])]
 *x [(carrotthat[(?x)]  vegetable[(?x)])]
 @every *x [(thenthatsomecarrot[(?x)]  healthyfood[(?x)])]
]"," (healthyfood(x) , vegetable(x))
  (carrotthat(x) , vegetable(x))
 forall (thenthatsomecarrot(x) -: healthyfood(x))
",+(+H1++V1)+(+C1++V1)-(+T0-+H0),"x (healthyfood(x) & vegetable(x))
 x (carrotthat(x) & vegetable(x))
 all:x (thenthatsomecarrot(x) :- healthyfood(x))
",categorical
f5a5b2ca-22cf-4dc4-bfef-43b39b6c641c,"Any individual who is a teacher is a robot. There are some educators who are teachers. Consequently, some educators are robots.",True,False,"∀x (IndividualWho(x) → TeacherARobot(x))
 ∃x (EducatorWho(x) ∧ Teacher(x))
 ∀x (SomeEducator(x) → Robot(x))
","forall x (individualwho(x) implies teacherarobot(x))
 exists x (educatorwho(x) and teacher(x))
 forall x (someeducator(x) implies robot(x))
","[@every *x [(individualwho[(?x)]  teacherarobot[(?x)])]
 *x [(educatorwho[(?x)]  teacher[(?x)])]
 @every *x [(someeducator[(?x)]  robot[(?x)])]
]","forall (individualwho(x) -: teacherarobot(x))
  (educatorwho(x) , teacher(x))
 forall (someeducator(x) -: robot(x))
",-(+I0-+T0)+(+E1++T1)-(+S0-+R0),"all:x (individualwho(x) :- teacherarobot(x))
 x (educatorwho(x) & teacher(x))
 all:x (someeducator(x) :- robot(x))
",categorical
5e2a9a8e-9469-4b16-a243-f18f3f159709,It is true that no liquids are solids. There are some gases which are not solids. It follows that all gases are liquids.,False,False,"∀x (Liquid(x) → ¬SolidThereSomeGaseWhichNotSolidItFollowThatAllGaseLiquid(x))
","forall x (liquid(x) implies not solidtheresomegasewhichnotsoliditfollowthatallgaseliquid(x))
","[@every *x [(liquid[(?x)]  ~solidtheresomegasewhichnotsoliditfollowthatallgaseliquid[(?x)])]
]","forall (liquid(x) -: notsolidtheresomegasewhichnotsoliditfollowthatallgaseliquid(x))
",-(+L0--+S0),"all:x (liquid(x) :- ~solidtheresomegasewhichnotsoliditfollowthatallgaseliquid(x))
",categorical
8,"Certain trees belong to the category of plants. Some plants, however, are not fish. Therefore, no tree is a fish.",False,True,"∃x (Tree(x) ∧ CategoryOfPlant(x))
 ∃x (PlantHowever(x) ∧ NotFish(x))
 ∀x (NoTree(x) → Fish(x))
","exists x (tree(x) and categoryofplant(x))
 exists x (planthowever(x) and notfish(x))
 forall x (notree(x) implies fish(x))
","[*x [(tree[(?x)]  categoryofplant[(?x)])]
 *x [(planthowever[(?x)]  notfish[(?x)])]
 @every *x [(notree[(?x)]  fish[(?x)])]
]"," (tree(x) , categoryofplant(x))
  (planthowever(x) , notfish(x))
 forall (notree(x) -: fish(x))
",+(+T1++C1)+(+P1++N1)-(+N0-+F0),"x (tree(x) & categoryofplant(x))
 x (planthowever(x) & notfish(x))
 all:x (notree(x) :- fish(x))
",categorical
bdce56a3-a9d8-476a-a050-d6c653a79061,Not a single house is a stadium. Every single stadium is a building. It is therefore the case that some buildings are not houses.,True,True,"∀x (House(x) → ¬Stadium(x))
 ∀x (SingleStadium(x) → Building(x))
 ∀x (It(x) → Thing(x))
 ∀x (CaseThatSomeBuilding(x) → NotHouse(x))
","forall x (house(x) implies not stadium(x))
 forall x (singlestadium(x) implies building(x))
 forall x (it(x) implies thing(x))
 forall x (casethatsomebuilding(x) implies nothouse(x))
","[@every *x [(house[(?x)]  ~stadium[(?x)])]
 @every *x [(singlestadium[(?x)]  building[(?x)])]
 @every *x [(it[(?x)]  thing[(?x)])]
 @every *x [(casethatsomebuilding[(?x)]  nothouse[(?x)])]
]","forall (house(x) -: notstadium(x))
 forall (singlestadium(x) -: building(x))
 forall (it(x) -: thing(x))
 forall (casethatsomebuilding(x) -: nothouse(x))
",-(+H0--+S0)-(+S0-+B0)-(+I0-+T0)-(+C0-+N0),"all:x (house(x) :- ~stadium(x))
 all:x (singlestadium(x) :- building(x))
 all:x (it(x) :- thing(x))
 all:x (casethatsomebuilding(x) :- nothouse(x))
",categorical
c38ed5be-cc84-4689-b624-40e8028d6e08,There are no creatures with feathers which are also insects. Every single creature identified as a bird is a creature with feathers. None of the creatures that are birds are also insects.,True,True,"∃x (NoCreatureWithFeatherWhich(x) ∧ AlsoInsect(x))
 ∀x (SingleCreatureIdentifiedAsABird(x) → CreatureWithFeather(x))
 ∀x (Of(x) → ¬CreatureThatBirdAlsoInsect(x))
","exists x (nocreaturewithfeatherwhich(x) and alsoinsect(x))
 forall x (singlecreatureidentifiedasabird(x) implies creaturewithfeather(x))
 forall x (of(x) implies not creaturethatbirdalsoinsect(x))
","[*x [(nocreaturewithfeatherwhich[(?x)]  alsoinsect[(?x)])]
 @every *x [(singlecreatureidentifiedasabird[(?x)]  creaturewithfeather[(?x)])]
 @every *x [(of[(?x)]  ~creaturethatbirdalsoinsect[(?x)])]
]"," (nocreaturewithfeatherwhich(x) , alsoinsect(x))
 forall (singlecreatureidentifiedasabird(x) -: creaturewithfeather(x))
 forall (of(x) -: notcreaturethatbirdalsoinsect(x))
",+(+N1++A1)-(+S0-+C0)-(+O0--+C0),"x (nocreaturewithfeatherwhich(x) & alsoinsect(x))
 all:x (singlecreatureidentifiedasabird(x) :- creaturewithfeather(x))
 all:x (of(x) :- ~creaturethatbirdalsoinsect(x))
",categorical
62b1e53b-5c4e-4af8-b02a-809222c5ecf0,All of the things that are lions are felines. All of the things that are cats are felines. It can be deduced that there are cats that are lions.,False,True,"∀x (OfTheThingThat(x) → LionFeline(x))
 ∀x (OfTheThingThat(x) → CatFeline(x))
 ∀x (ItCanBeDeducedThatThere(x) → CatThatLion(x))
","forall x (ofthethingthat(x) implies lionfeline(x))
 forall x (ofthethingthat(x) implies catfeline(x))
 forall x (itcanbededucedthatthere(x) implies catthatlion(x))
","[@every *x [(ofthethingthat[(?x)]  lionfeline[(?x)])]
 @every *x [(ofthethingthat[(?x)]  catfeline[(?x)])]
 @every *x [(itcanbededucedthatthere[(?x)]  catthatlion[(?x)])]
]","forall (ofthethingthat(x) -: lionfeline(x))
 forall (ofthethingthat(x) -: catfeline(x))
 forall (itcanbededucedthatthere(x) -: catthatlion(x))
",-(+O0-+L0)-(+O0-+C0)-(+I0-+C0),"all:x (ofthethingthat(x) :- lionfeline(x))
 all:x (ofthethingthat(x) :- catfeline(x))
 all:x (itcanbededucedthatthere(x) :- catthatlion(x))
",categorical
54,"Among instances of precipitation, some do not possess the attribute of being creators. There are precipitations that are also farmers. No individual who is a farmer is also a creator.",False,False,"∀x (AmongInstanceOfPrecipitationSomeDoNot(x) → AttributeOfBeingCreator(x))
 ∃x (PrecipitationThat(x) ∧ AlsoFarmer(x))
 ∀x (Individual(x) → ¬WhoAFarmerAlsoACreator(x))
","forall x (amonginstanceofprecipitationsomedonot(x) implies attributeofbeingcreator(x))
 exists x (precipitationthat(x) and alsofarmer(x))
 forall x (individual(x) implies not whoafarmeralsoacreator(x))
","[@every *x [(amonginstanceofprecipitationsomedonot[(?x)]  attributeofbeingcreator[(?x)])]
 *x [(precipitationthat[(?x)]  alsofarmer[(?x)])]
 @every *x [(individual[(?x)]  ~whoafarmeralsoacreator[(?x)])]
]","forall (amonginstanceofprecipitationsomedonot(x) -: attributeofbeingcreator(x))
  (precipitationthat(x) , alsofarmer(x))
 forall (individual(x) -: notwhoafarmeralsoacreator(x))
",-(+A0-+A0)+(+P1++A1)-(+I0--+W0),"all:x (amonginstanceofprecipitationsomedonot(x) :- attributeofbeingcreator(x))
 x (precipitationthat(x) & alsofarmer(x))
 all:x (individual(x) :- ~whoafarmeralsoacreator(x))
",categorical
31c63f8f-d490-467e-a885-4dfe4bfddc8b,"Anything that is water is also an H2O molecule. There is no ice that is an H2O molecule. Therefore, ice cannot be water.",True,False,"∀x (AnythingThat(x) → WaterAlsoAnH2oMolecule(x))
 ∀x (There(x) → NoIceThatAnH2oMolecule(x))
 ∀x (IceCannotBeWater(x))
","forall x (anythingthat(x) implies wateralsoanh2omolecule(x))
 forall x (there(x) implies noicethatanh2omolecule(x))
 forall x (icecannotbewater(x))
","[@every *x [(anythingthat[(?x)]  wateralsoanh2omolecule[(?x)])]
 @every *x [(there[(?x)]  noicethatanh2omolecule[(?x)])]
 @every *x [(icecannotbewater[(?x)])]
]","forall (anythingthat(x) -: wateralsoanh2omolecule(x))
 forall (there(x) -: noicethatanh2omolecule(x))
 forall (icecannotbewater(x))
",-(+A0-+W0)-(+T0-+N0)-(+I0),"all:x (anythingthat(x) :- wateralsoanh2omolecule(x))
 all:x (there(x) :- noicethatanh2omolecule(x))
 all:x (icecannotbewater(x))
",categorical
83ac1ca9-a215-43a1-98b6-0c65af285baf,"Every single gecko is a type of lizard. A number of geckos are also reptiles. Therefore, some reptiles are lizards.",True,True,"∀x (SingleGecko(x) → TypeOfLizard(x))
 ∃x (Gecko(x) ∧ AlsoReptile(x))
 ∀x (SomeReptile(x) → Lizard(x))
","forall x (singlegecko(x) implies typeoflizard(x))
 exists x (gecko(x) and alsoreptile(x))
 forall x (somereptile(x) implies lizard(x))
","[@every *x [(singlegecko[(?x)]  typeoflizard[(?x)])]
 *x [(gecko[(?x)]  alsoreptile[(?x)])]
 @every *x [(somereptile[(?x)]  lizard[(?x)])]
]","forall (singlegecko(x) -: typeoflizard(x))
  (gecko(x) , alsoreptile(x))
 forall (somereptile(x) -: lizard(x))
",-(+S0-+T0)+(+G1++A1)-(+S0-+L0),"all:x (singlegecko(x) :- typeoflizard(x))
 x (gecko(x) & alsoreptile(x))
 all:x (somereptile(x) :- lizard(x))
",categorical
6448127c-d151-4443-8c20-b905f2d0146d,Anything that is a mammal is not an insect. It is known that some items that are spiders are insects. A consequence is that some spiders are mammals.,False,False,"∀x (AnythingThat(x) → MammalNotAnInsect(x))
 ∀x (It(x) → KnownThatSomeItemThatSpiderInsect(x))
 ∀x (Consequence(x) → ThatSomeSpiderMammal(x))
","forall x (anythingthat(x) implies mammalnotaninsect(x))
 forall x (it(x) implies knownthatsomeitemthatspiderinsect(x))
 forall x (consequence(x) implies thatsomespidermammal(x))
","[@every *x [(anythingthat[(?x)]  mammalnotaninsect[(?x)])]
 @every *x [(it[(?x)]  knownthatsomeitemthatspiderinsect[(?x)])]
 @every *x [(consequence[(?x)]  thatsomespidermammal[(?x)])]
]","forall (anythingthat(x) -: mammalnotaninsect(x))
 forall (it(x) -: knownthatsomeitemthatspiderinsect(x))
 forall (consequence(x) -: thatsomespidermammal(x))
",-(+A0-+M0)-(+I0-+K0)-(+C0-+T0),"all:x (anythingthat(x) :- mammalnotaninsect(x))
 all:x (it(x) :- knownthatsomeitemthatspiderinsect(x))
 all:x (consequence(x) :- thatsomespidermammal(x))
",categorical
f487c925-ab9d-43a0-9139-1a598deacc51,"There are no vegetables that are apples. Among the apples, a few are red fruits. Not all red fruits are vegetables.",True,True,"∃x (NoVegetableThat(x) ∧ Apple(x))
 ∃x (AppleAFew(x) ∧ RedFruit(x))
 ∃x (RedFruit(x) ∧ ¬Vegetable(x))
","exists x (novegetablethat(x) and apple(x))
 exists x (appleafew(x) and redfruit(x))
 exists x (redfruit(x) and not vegetable(x))
","[*x [(novegetablethat[(?x)]  apple[(?x)])]
 *x [(appleafew[(?x)]  redfruit[(?x)])]
 *x [(redfruit[(?x)]  ~vegetable[(?x)])]
]"," (novegetablethat(x) , apple(x))
  (appleafew(x) , redfruit(x))
  (redfruit(x) , notvegetable(x))
",+(+N1++A1)+(+A1++R1)+(+R1+-+V1),"x (novegetablethat(x) & apple(x))
 x (appleafew(x) & redfruit(x))
 x (redfruit(x) & ~vegetable(x))
",categorical
da09f353-9c5e-46fb-a804-3be6a4cf003e,"It is true that some lawyers are mythical creatures. Anything that is a lawyer is a politician. As a result, some politicians are mythical creatures.",True,False,"∃x (Lawyer(x) ∧ MythicalCreatureAnythingThatALawyerAPoliticianAsAResultSomePoliticianMythicalCreature(x))
","exists x (lawyer(x) and mythicalcreatureanythingthatalawyerapoliticianasaresultsomepoliticianmythicalcreature(x))
","[*x [(lawyer[(?x)]  mythicalcreatureanythingthatalawyerapoliticianasaresultsomepoliticianmythicalcreature[(?x)])]
]"," (lawyer(x) , mythicalcreatureanythingthatalawyerapoliticianasaresultsomepoliticianmythicalcreature(x))
",+(+L1++M1),"x (lawyer(x) & mythicalcreatureanythingthatalawyerapoliticianasaresultsomepoliticianmythicalcreature(x))
",categorical
45c767ec-4f15-4178-b7cd-91d61f9ffdf8,"Each and every star is a celestial body. There are some planets that are stars. Consequently, all planets are celestial bodies.",False,True,"∀x (Star(x) → CelestialBody(x))
 ∃x (PlanetThat(x) ∧ Star(x))
 ∀x (AllPlanet(x) → CelestialBodie(x))
","forall x (star(x) implies celestialbody(x))
 exists x (planetthat(x) and star(x))
 forall x (allplanet(x) implies celestialbodie(x))
","[@every *x [(star[(?x)]  celestialbody[(?x)])]
 *x [(planetthat[(?x)]  star[(?x)])]
 @every *x [(allplanet[(?x)]  celestialbodie[(?x)])]
]","forall (star(x) -: celestialbody(x))
  (planetthat(x) , star(x))
 forall (allplanet(x) -: celestialbodie(x))
",-(+S0-+C0)+(+P1++S1)-(+A0-+C0),"all:x (star(x) :- celestialbody(x))
 x (planetthat(x) & star(x))
 all:x (allplanet(x) :- celestialbodie(x))
",categorical
3b1c7731-50f6-4d9b-a0a1-9d9afa9134e3,Everything that can be classified as an apple is a vegetable. Everything that is a carrot is also a vegetable. Every single apple is a carrot.,False,False,"∀x (EverythingThatCanBeClassifiedAsAnApple(x) → Vegetable(x))
 ∀x (EverythingThat(x) → CarrotAlsoAVegetable(x))
 ∀x (SingleApple(x) → Carrot(x))
","forall x (everythingthatcanbeclassifiedasanapple(x) implies vegetable(x))
 forall x (everythingthat(x) implies carrotalsoavegetable(x))
 forall x (singleapple(x) implies carrot(x))
","[@every *x [(everythingthatcanbeclassifiedasanapple[(?x)]  vegetable[(?x)])]
 @every *x [(everythingthat[(?x)]  carrotalsoavegetable[(?x)])]
 @every *x [(singleapple[(?x)]  carrot[(?x)])]
]","forall (everythingthatcanbeclassifiedasanapple(x) -: vegetable(x))
 forall (everythingthat(x) -: carrotalsoavegetable(x))
 forall (singleapple(x) -: carrot(x))
",-(+E0-+V0)-(+E0-+C0)-(+S0-+C0),"all:x (everythingthatcanbeclassifiedasanapple(x) :- vegetable(x))
 all:x (everythingthat(x) :- carrotalsoavegetable(x))
 all:x (singleapple(x) :- carrot(x))
",hypothetical
830b0cc9-935e-45ba-ab5c-1deb894fa119,"It is a fact that all mammals are animals. There are some animals which are cats. Therefore, every single cat is an animal.",False,True,"∀x (Mammal(x) → AnimalThereSomeAnimalWhichCatThereforeEverySingleCatAnAnimal(x))
","forall x (mammal(x) implies animaltheresomeanimalwhichcatthereforeeverysinglecatananimal(x))
","[@every *x [(mammal[(?x)]  animaltheresomeanimalwhichcatthereforeeverysinglecatananimal[(?x)])]
]","forall (mammal(x) -: animaltheresomeanimalwhichcatthereforeeverysinglecatananimal(x))
",-(+M0-+A0),"all:x (mammal(x) :- animaltheresomeanimalwhichcatthereforeeverysinglecatananimal(x))
",categorical
f351b1ff-84fb-47d7-9035-e009d5d5a987,Any penguin is a living creature. There are some living creatures that are not birds. It follows that some birds are not penguins.,False,True,"∀x (Penguin(x) → LivingCreature(x))
 ∃x (LivingCreatureThat(x) ∧ NotBird(x))
 ∃x (Bird(x) ∧ NotPenguin(x))
","forall x (penguin(x) implies livingcreature(x))
 exists x (livingcreaturethat(x) and notbird(x))
 exists x (bird(x) and notpenguin(x))
","[@every *x [(penguin[(?x)]  livingcreature[(?x)])]
 *x [(livingcreaturethat[(?x)]  notbird[(?x)])]
 *x [(bird[(?x)]  notpenguin[(?x)])]
]","forall (penguin(x) -: livingcreature(x))
  (livingcreaturethat(x) , notbird(x))
  (bird(x) , notpenguin(x))
",-(+P0-+L0)+(+L1++N1)+(+B1++N1),"all:x (penguin(x) :- livingcreature(x))
 x (livingcreaturethat(x) & notbird(x))
 x (bird(x) & notpenguin(x))
",categorical
93bed46d-aedf-4815-89b1-472bcdc8be3e,"Anything that is a bird is not an animal. Of the items that are sparrows, some are animals. It must be the case that some sparrows are not birds.",True,False,"∀x (AnythingThat(x) → BirdNotAnAnimal(x))
 ∀x (OfTheItemThat(x) → SparrowSomeAnimal(x))
 ∀x (ItMustBeTheCaseThatSomeSparrow(x) → NotBird(x))
","forall x (anythingthat(x) implies birdnotananimal(x))
 forall x (oftheitemthat(x) implies sparrowsomeanimal(x))
 forall x (itmustbethecasethatsomesparrow(x) implies notbird(x))
","[@every *x [(anythingthat[(?x)]  birdnotananimal[(?x)])]
 @every *x [(oftheitemthat[(?x)]  sparrowsomeanimal[(?x)])]
 @every *x [(itmustbethecasethatsomesparrow[(?x)]  notbird[(?x)])]
]","forall (anythingthat(x) -: birdnotananimal(x))
 forall (oftheitemthat(x) -: sparrowsomeanimal(x))
 forall (itmustbethecasethatsomesparrow(x) -: notbird(x))
",-(+A0-+B0)-(+O0-+S0)-(+I0-+N0),"all:x (anythingthat(x) :- birdnotananimal(x))
 all:x (oftheitemthat(x) :- sparrowsomeanimal(x))
 all:x (itmustbethecasethatsomesparrow(x) :- notbird(x))
",categorical
452c2309-abd1-4cd9-9cd9-1e693ef85cf6,A creature that is a reptile is never a mammal. There is a group of reptiles that are also elephants. It must logically follow that some elephants are not mammals.,True,False,"∀x (CreatureThat(x) → ReptileNeverAMammal(x))
 ∀x (There(x) → GroupOfReptileThatAlsoElephant(x))
 ∀x (ItMustLogicallyFollowThatSomeElephant(x) → NotMammal(x))
","forall x (creaturethat(x) implies reptileneveramammal(x))
 forall x (there(x) implies groupofreptilethatalsoelephant(x))
 forall x (itmustlogicallyfollowthatsomeelephant(x) implies notmammal(x))
","[@every *x [(creaturethat[(?x)]  reptileneveramammal[(?x)])]
 @every *x [(there[(?x)]  groupofreptilethatalsoelephant[(?x)])]
 @every *x [(itmustlogicallyfollowthatsomeelephant[(?x)]  notmammal[(?x)])]
]","forall (creaturethat(x) -: reptileneveramammal(x))
 forall (there(x) -: groupofreptilethatalsoelephant(x))
 forall (itmustlogicallyfollowthatsomeelephant(x) -: notmammal(x))
",-(+C0-+R0)-(+T0-+G0)-(+I0-+N0),"all:x (creaturethat(x) :- reptileneveramammal(x))
 all:x (there(x) :- groupofreptilethatalsoelephant(x))
 all:x (itmustlogicallyfollowthatsomeelephant(x) :- notmammal(x))
",categorical
8bdb2703-2d29-40a2-9c80-9c4b8385a438,Every single dog is a cloud. All animals are clouds. It must be true that every animal is a dog.,False,False,"∀x (SingleDog(x) → Cloud(x))
 ∀x (Animal(x) → Cloud(x))
 ∀x (ItMustBeTrueThatEveryAnimal(x) → Dog(x))
","forall x (singledog(x) implies cloud(x))
 forall x (animal(x) implies cloud(x))
 forall x (itmustbetruethateveryanimal(x) implies dog(x))
","[@every *x [(singledog[(?x)]  cloud[(?x)])]
 @every *x [(animal[(?x)]  cloud[(?x)])]
 @every *x [(itmustbetruethateveryanimal[(?x)]  dog[(?x)])]
]","forall (singledog(x) -: cloud(x))
 forall (animal(x) -: cloud(x))
 forall (itmustbetruethateveryanimal(x) -: dog(x))
",-(+S0-+C0)-(+A0-+C0)-(+I0-+D0),"all:x (singledog(x) :- cloud(x))
 all:x (animal(x) :- cloud(x))
 all:x (itmustbetruethateveryanimal(x) :- dog(x))
",categorical
77,"Every single thoroughfare is a type of carnivore. No creature that is a procyonid is a carnivore. Consequently, some thoroughfares are not members of the procyonid family.",True,False,"∀x (SingleThoroughfare(x) → TypeOfCarnivore(x))
 ∀x (Creature(x) → ¬ThatAProcyonidACarnivore(x))
 ∀x (SomeThoroughfare(x) → NotMemberOfTheProcyonidFamily(x))
","forall x (singlethoroughfare(x) implies typeofcarnivore(x))
 forall x (creature(x) implies not thataprocyonidacarnivore(x))
 forall x (somethoroughfare(x) implies notmemberoftheprocyonidfamily(x))
","[@every *x [(singlethoroughfare[(?x)]  typeofcarnivore[(?x)])]
 @every *x [(creature[(?x)]  ~thataprocyonidacarnivore[(?x)])]
 @every *x [(somethoroughfare[(?x)]  notmemberoftheprocyonidfamily[(?x)])]
]","forall (singlethoroughfare(x) -: typeofcarnivore(x))
 forall (creature(x) -: notthataprocyonidacarnivore(x))
 forall (somethoroughfare(x) -: notmemberoftheprocyonidfamily(x))
",-(+S0-+T0)-(+C0--+T0)-(+S0-+N0),"all:x (singlethoroughfare(x) :- typeofcarnivore(x))
 all:x (creature(x) :- ~thataprocyonidacarnivore(x))
 all:x (somethoroughfare(x) :- notmemberoftheprocyonidfamily(x))
",categorical
0cd88274-2420-4a6f-a7d5-791418d1ac9f,Nothing that is a mineral is a plant. It is known that a portion of rocks are minerals. This leads to the conclusion that a certain number of rocks are plants.,False,False,"∀x (NothingThat(x) → MineralAPlant(x))
 ∀x (It(x) → KnownThatAPortionOfRockMineral(x))
 ∀x (ThiLeadToTheConclusionThatACertainNumberOfRock(x) → Plant(x))
","forall x (nothingthat(x) implies mineralaplant(x))
 forall x (it(x) implies knownthataportionofrockmineral(x))
 forall x (thileadtotheconclusionthatacertainnumberofrock(x) implies plant(x))
","[@every *x [(nothingthat[(?x)]  mineralaplant[(?x)])]
 @every *x [(it[(?x)]  knownthataportionofrockmineral[(?x)])]
 @every *x [(thileadtotheconclusionthatacertainnumberofrock[(?x)]  plant[(?x)])]
]","forall (nothingthat(x) -: mineralaplant(x))
 forall (it(x) -: knownthataportionofrockmineral(x))
 forall (thileadtotheconclusionthatacertainnumberofrock(x) -: plant(x))
",-(+N0-+M0)-(+I0-+K0)-(+T0-+P0),"all:x (nothingthat(x) :- mineralaplant(x))
 all:x (it(x) :- knownthataportionofrockmineral(x))
 all:x (thileadtotheconclusionthatacertainnumberofrock(x) :- plant(x))
",categorical
44d442d7-5ded-41e8-ab37-ba472b6b7594,"There are no cars that are bicycles. No bicycles are things that are motorcycles. Therefore, it is the case that some motorcycles are not cars.",False,True,"∃x (NoCarThat(x) ∧ Bicycle(x))
 ∀x (Bicycle(x) → ¬ThingThatMotorcycle(x))
 ∀x (It(x) → CaseThatSomeMotorcycleNotCar(x))
","exists x (nocarthat(x) and bicycle(x))
 forall x (bicycle(x) implies not thingthatmotorcycle(x))
 forall x (it(x) implies casethatsomemotorcyclenotcar(x))
","[*x [(nocarthat[(?x)]  bicycle[(?x)])]
 @every *x [(bicycle[(?x)]  ~thingthatmotorcycle[(?x)])]
 @every *x [(it[(?x)]  casethatsomemotorcyclenotcar[(?x)])]
]"," (nocarthat(x) , bicycle(x))
 forall (bicycle(x) -: notthingthatmotorcycle(x))
 forall (it(x) -: casethatsomemotorcyclenotcar(x))
",+(+N1++B1)-(+B0--+T0)-(+I0-+C0),"x (nocarthat(x) & bicycle(x))
 all:x (bicycle(x) :- ~thingthatmotorcycle(x))
 all:x (it(x) :- casethatsomemotorcyclenotcar(x))
",categorical
b0448c8e-5688-4643-bc13-9379ddc605cd,"There are no animals that are rocks. It is also true that no dogs are rocks. Therefore, it is argued that there are no dogs which are animals.",False,False,"∃x (NoAnimalThat(x) ∧ Rock(x))
 ∀x (It(x) → AlsoTrueThatNoDogRock(x))
 ∀x (It(x) → ArguedThatThereNoDogWhichAnimal(x))
","exists x (noanimalthat(x) and rock(x))
 forall x (it(x) implies alsotruethatnodogrock(x))
 forall x (it(x) implies arguedthattherenodogwhichanimal(x))
","[*x [(noanimalthat[(?x)]  rock[(?x)])]
 @every *x [(it[(?x)]  alsotruethatnodogrock[(?x)])]
 @every *x [(it[(?x)]  arguedthattherenodogwhichanimal[(?x)])]
]"," (noanimalthat(x) , rock(x))
 forall (it(x) -: alsotruethatnodogrock(x))
 forall (it(x) -: arguedthattherenodogwhichanimal(x))
",+(+N1++R1)-(+I0-+A0)-(+I0-+A0),"x (noanimalthat(x) & rock(x))
 all:x (it(x) :- alsotruethatnodogrock(x))
 all:x (it(x) :- arguedthattherenodogwhichanimal(x))
",categorical
d518fc34-889a-45f9-92e8-f50d237731ad,"There are some fish that are salmon that live in fresh water. All salmon are fish. Therefore, some fish are fresh water fish.",True,True,"∃x (FishThat(x) ∧ SalmonThatLiveInFreshWater(x))
 ∀x (Salmon(x) → Fish(x))
 ∀x (SomeFish(x) → FreshWaterFish(x))
","exists x (fishthat(x) and salmonthatliveinfreshwater(x))
 forall x (salmon(x) implies fish(x))
 forall x (somefish(x) implies freshwaterfish(x))
","[*x [(fishthat[(?x)]  salmonthatliveinfreshwater[(?x)])]
 @every *x [(salmon[(?x)]  fish[(?x)])]
 @every *x [(somefish[(?x)]  freshwaterfish[(?x)])]
]"," (fishthat(x) , salmonthatliveinfreshwater(x))
 forall (salmon(x) -: fish(x))
 forall (somefish(x) -: freshwaterfish(x))
",+(+F1++S1)-(+S0-+F0)-(+S0-+F0),"x (fishthat(x) & salmonthatliveinfreshwater(x))
 all:x (salmon(x) :- fish(x))
 all:x (somefish(x) :- freshwaterfish(x))
",categorical
0,"Not all canines are aquatic creatures known as fish. It is certain that no fish belong to the class of mammals. Therefore, every canine falls under the category of mammals.",False,True,"∃x (Canine(x) ∧ ¬AquaticCreatureKnownAsFish(x))
 ∀x (Fish(x) → ¬MammalThereforeEveryCanineFallUnderTheCategoryOfMammal(x))
","exists x (canine(x) and not aquaticcreatureknownasfish(x))
 forall x (fish(x) implies not mammalthereforeeverycaninefallunderthecategoryofmammal(x))
","[*x [(canine[(?x)]  ~aquaticcreatureknownasfish[(?x)])]
 @every *x [(fish[(?x)]  ~mammalthereforeeverycaninefallunderthecategoryofmammal[(?x)])]
]"," (canine(x) , notaquaticcreatureknownasfish(x))
 forall (fish(x) -: notmammalthereforeeverycaninefallunderthecategoryofmammal(x))
",+(+C1+-+A1)-(+F0--+M0),"x (canine(x) & ~aquaticcreatureknownasfish(x))
 all:x (fish(x) :- ~mammalthereforeeverycaninefallunderthecategoryofmammal(x))
",categorical
dcd52b2a-0ff8-4826-a5e1-710238698ef7,Anything that is a parrot is a bird. Every single bird is an animal. One must conclude that every animal is a parrot.,False,True,"∀x (AnythingThat(x) → ParrotABird(x))
 ∀x (SingleBird(x) → Animal(x))
 ∀x (OneMustConcludeThatEveryAnimal(x) → Parrot(x))
","forall x (anythingthat(x) implies parrotabird(x))
 forall x (singlebird(x) implies animal(x))
 forall x (onemustconcludethateveryanimal(x) implies parrot(x))
","[@every *x [(anythingthat[(?x)]  parrotabird[(?x)])]
 @every *x [(singlebird[(?x)]  animal[(?x)])]
 @every *x [(onemustconcludethateveryanimal[(?x)]  parrot[(?x)])]
]","forall (anythingthat(x) -: parrotabird(x))
 forall (singlebird(x) -: animal(x))
 forall (onemustconcludethateveryanimal(x) -: parrot(x))
",-(+A0-+P0)-(+S0-+A0)-(+O0-+P0),"all:x (anythingthat(x) :- parrotabird(x))
 all:x (singlebird(x) :- animal(x))
 all:x (onemustconcludethateveryanimal(x) :- parrot(x))
",categorical
74516312-5969-4166-b84e-a34afc2d12bf,"All sedans are cars. Every sedan is a vehicle. Therefore, all vehicles must be cars.",False,False,"∀x (Sedan(x) → Car(x))
 ∀x (Sedan(x) → Vehicle(x))
 ∀x (AllVehicleMustBeCar(x))
","forall x (sedan(x) implies car(x))
 forall x (sedan(x) implies vehicle(x))
 forall x (allvehiclemustbecar(x))
","[@every *x [(sedan[(?x)]  car[(?x)])]
 @every *x [(sedan[(?x)]  vehicle[(?x)])]
 @every *x [(allvehiclemustbecar[(?x)])]
]","forall (sedan(x) -: car(x))
 forall (sedan(x) -: vehicle(x))
 forall (allvehiclemustbecar(x))
",-(+S0-+C0)-(+S0-+V0)-(+A0),"all:x (sedan(x) :- car(x))
 all:x (sedan(x) :- vehicle(x))
 all:x (allvehiclemustbecar(x))
",categorical
442ed46c-5aa5-445f-9ac3-4bf910bc7b3a,Anything that is a unit of time is a liquid. No weeks can be called liquids. A portion of weeks are not units of time.,True,False,"∀x (AnythingThat(x) → UnitOfTimeALiquid(x))
 ∀x (Week(x) → ¬CalledLiquid(x))
 ∃x (Week(x) ∧ NotUnitOfTime(x))
","forall x (anythingthat(x) implies unitoftimealiquid(x))
 forall x (week(x) implies not calledliquid(x))
 exists x (week(x) and notunitoftime(x))
","[@every *x [(anythingthat[(?x)]  unitoftimealiquid[(?x)])]
 @every *x [(week[(?x)]  ~calledliquid[(?x)])]
 *x [(week[(?x)]  notunitoftime[(?x)])]
]","forall (anythingthat(x) -: unitoftimealiquid(x))
 forall (week(x) -: notcalledliquid(x))
  (week(x) , notunitoftime(x))
",-(+A0-+U0)-(+W0--+C0)+(+W1++N1),"all:x (anythingthat(x) :- unitoftimealiquid(x))
 all:x (week(x) :- ~calledliquid(x))
 x (week(x) & notunitoftime(x))
",categorical
e31bb89a-6c5b-4745-8952-8ee9c2649776,"The class of insects and the class of lions do not overlap. Every single lion is an animal. As a result, some animals are not insects.",True,True,"∀x (ClasOfInsectAndTheClasOfLionDoNotOverlap(x))
 ∀x (SingleLion(x) → Animal(x))
 ∀x (SomeAnimal(x) → NotInsect(x))
","forall x (clasofinsectandtheclasofliondonotoverlap(x))
 forall x (singlelion(x) implies animal(x))
 forall x (someanimal(x) implies notinsect(x))
","[@every *x [(clasofinsectandtheclasofliondonotoverlap[(?x)])]
 @every *x [(singlelion[(?x)]  animal[(?x)])]
 @every *x [(someanimal[(?x)]  notinsect[(?x)])]
]","forall (clasofinsectandtheclasofliondonotoverlap(x))
 forall (singlelion(x) -: animal(x))
 forall (someanimal(x) -: notinsect(x))
",-(+C0)-(+S0-+A0)-(+S0-+N0),"all:x (clasofinsectandtheclasofliondonotoverlap(x))
 all:x (singlelion(x) :- animal(x))
 all:x (someanimal(x) :- notinsect(x))
",categorical
2,There are some bridges that are considered artifacts. All items categorized as structures are artifacts. It is true that every bridge is a structure.,False,True,"∃x (BridgeThat(x) ∧ ConsideredArtifact(x))
 ∀x (ItemCategorizedAsStructure(x) → Artifact(x))
 ∀x (Bridge(x) → Structure(x))
","exists x (bridgethat(x) and consideredartifact(x))
 forall x (itemcategorizedasstructure(x) implies artifact(x))
 forall x (bridge(x) implies structure(x))
","[*x [(bridgethat[(?x)]  consideredartifact[(?x)])]
 @every *x [(itemcategorizedasstructure[(?x)]  artifact[(?x)])]
 @every *x [(bridge[(?x)]  structure[(?x)])]
]"," (bridgethat(x) , consideredartifact(x))
 forall (itemcategorizedasstructure(x) -: artifact(x))
 forall (bridge(x) -: structure(x))
",+(+B1++C1)-(+I0-+A0)-(+B0-+S0),"x (bridgethat(x) & consideredartifact(x))
 all:x (itemcategorizedasstructure(x) :- artifact(x))
 all:x (bridge(x) :- structure(x))
",categorical
3fd2289b-672d-490c-a5d6-61d711814d7f,"No gold is silver. Silver is, without exception, a metal. A number of metals are gold.",False,True,"∀x (Gold(x) → ¬Silver(x))
 ∀x (Silver(x) → WithoutExceptionAMetal(x))
 ∃x (Metal(x) ∧ Gold(x))
","forall x (gold(x) implies not silver(x))
 forall x (silver(x) implies withoutexceptionametal(x))
 exists x (metal(x) and gold(x))
","[@every *x [(gold[(?x)]  ~silver[(?x)])]
 @every *x [(silver[(?x)]  withoutexceptionametal[(?x)])]
 *x [(metal[(?x)]  gold[(?x)])]
]","forall (gold(x) -: notsilver(x))
 forall (silver(x) -: withoutexceptionametal(x))
  (metal(x) , gold(x))
",-(+G0--+S0)-(+S0-+W0)+(+M1++G1),"all:x (gold(x) :- ~silver(x))
 all:x (silver(x) :- withoutexceptionametal(x))
 x (metal(x) & gold(x))
",categorical
55a5e039-5ab2-479a-84d6-55d177cc648d,"There are no vegetables that can be described as fruits. Carrots are, in every instance, vegetables. Therefore, it is certain that no carrots are fruits.",True,True,"∀x (There(x) → NoVegetableThatCanBeDescribedAsFruit(x))
 ∀x (Carrot(x) → InEveryInstanceVegetable(x))
 ∀x (It(x) → ThatNoCarrotFruit(x))
","forall x (there(x) implies novegetablethatcanbedescribedasfruit(x))
 forall x (carrot(x) implies ineveryinstancevegetable(x))
 forall x (it(x) implies thatnocarrotfruit(x))
","[@every *x [(there[(?x)]  novegetablethatcanbedescribedasfruit[(?x)])]
 @every *x [(carrot[(?x)]  ineveryinstancevegetable[(?x)])]
 @every *x [(it[(?x)]  thatnocarrotfruit[(?x)])]
]","forall (there(x) -: novegetablethatcanbedescribedasfruit(x))
 forall (carrot(x) -: ineveryinstancevegetable(x))
 forall (it(x) -: thatnocarrotfruit(x))
",-(+T0-+N0)-(+C0-+I0)-(+I0-+T0),"all:x (there(x) :- novegetablethatcanbedescribedasfruit(x))
 all:x (carrot(x) :- ineveryinstancevegetable(x))
 all:x (it(x) :- thatnocarrotfruit(x))
",categorical
8fc55b1f-be82-47a2-b48a-7ee31ee1c000,"The class of athletes and the class of non-runners have elements in common. Every single runner is an athlete. Consequently, a portion of non-runners are not athletes.",False,True,"∀x (ClasOfAthleteAndTheClasOfNonrunner(x) → ElementInCommon(x))
 ∀x (SingleRunner(x) → Athlete(x))
 ∀x (APortionOfNonrunner(x) → NotAthlete(x))
","forall x (clasofathleteandtheclasofnonrunner(x) implies elementincommon(x))
 forall x (singlerunner(x) implies athlete(x))
 forall x (aportionofnonrunner(x) implies notathlete(x))
","[@every *x [(clasofathleteandtheclasofnonrunner[(?x)]  elementincommon[(?x)])]
 @every *x [(singlerunner[(?x)]  athlete[(?x)])]
 @every *x [(aportionofnonrunner[(?x)]  notathlete[(?x)])]
]","forall (clasofathleteandtheclasofnonrunner(x) -: elementincommon(x))
 forall (singlerunner(x) -: athlete(x))
 forall (aportionofnonrunner(x) -: notathlete(x))
",-(+C0-+E0)-(+S0-+A0)-(+A0-+N0),"all:x (clasofathleteandtheclasofnonrunner(x) :- elementincommon(x))
 all:x (singlerunner(x) :- athlete(x))
 all:x (aportionofnonrunner(x) :- notathlete(x))
",categorical
76d43773-397f-4d6b-8304-d4f2ce89290f,"It is the case that no cars are boats. It is also true that no bikes are cars. From these statements, one can conclude that some bikes are not boats.",False,True,"∀x (It(x) → CaseThatNoCarBoat(x))
 ∀x (It(x) → AlsoTrueThatNoBikeCar(x))
 ∀x (FromTheseStatementOneCanConcludeThatSomeBike(x) → NotBoat(x))
","forall x (it(x) implies casethatnocarboat(x))
 forall x (it(x) implies alsotruethatnobikecar(x))
 forall x (fromthesestatementonecanconcludethatsomebike(x) implies notboat(x))
","[@every *x [(it[(?x)]  casethatnocarboat[(?x)])]
 @every *x [(it[(?x)]  alsotruethatnobikecar[(?x)])]
 @every *x [(fromthesestatementonecanconcludethatsomebike[(?x)]  notboat[(?x)])]
]","forall (it(x) -: casethatnocarboat(x))
 forall (it(x) -: alsotruethatnobikecar(x))
 forall (fromthesestatementonecanconcludethatsomebike(x) -: notboat(x))
",-(+I0-+C0)-(+I0-+A0)-(+F0-+N0),"all:x (it(x) :- casethatnocarboat(x))
 all:x (it(x) :- alsotruethatnobikecar(x))
 all:x (fromthesestatementonecanconcludethatsomebike(x) :- notboat(x))
",categorical
31696c08-057b-4e85-9a88-c730c82831da,"Every person who is a child is a mortal. All mortals are humans. Consequently, every single human is a child.",False,False,"∀x (PersonWho(x) → ChildAMortal(x))
 ∀x (Mortal(x) → Human(x))
 ∀x (EverySingleHuman(x) → Child(x))
","forall x (personwho(x) implies childamortal(x))
 forall x (mortal(x) implies human(x))
 forall x (everysinglehuman(x) implies child(x))
","[@every *x [(personwho[(?x)]  childamortal[(?x)])]
 @every *x [(mortal[(?x)]  human[(?x)])]
 @every *x [(everysinglehuman[(?x)]  child[(?x)])]
]","forall (personwho(x) -: childamortal(x))
 forall (mortal(x) -: human(x))
 forall (everysinglehuman(x) -: child(x))
",-(+P0-+C0)-(+M0-+H0)-(+E0-+C0),"all:x (personwho(x) :- childamortal(x))
 all:x (mortal(x) :- human(x))
 all:x (everysinglehuman(x) :- child(x))
",categorical
8acb7e95-5790-4e97-abde-feb0e3b60129,"Every single nurse is someone who can fly. A few nurses are doctors. Therefore, a certain number of doctors can fly.",True,False,"∀x (SingleNurse(x) → SomeoneWhoCanFly(x))
 ∀x (FewNurse(x) → Doctor(x))
 ∀x (ACertainNumberOfDoctorCanFly(x))
","forall x (singlenurse(x) implies someonewhocanfly(x))
 forall x (fewnurse(x) implies doctor(x))
 forall x (acertainnumberofdoctorcanfly(x))
","[@every *x [(singlenurse[(?x)]  someonewhocanfly[(?x)])]
 @every *x [(fewnurse[(?x)]  doctor[(?x)])]
 @every *x [(acertainnumberofdoctorcanfly[(?x)])]
]","forall (singlenurse(x) -: someonewhocanfly(x))
 forall (fewnurse(x) -: doctor(x))
 forall (acertainnumberofdoctorcanfly(x))
",-(+S0-+S0)-(+F0-+D0)-(+A0),"all:x (singlenurse(x) :- someonewhocanfly(x))
 all:x (fewnurse(x) :- doctor(x))
 all:x (acertainnumberofdoctorcanfly(x))
",categorical
5e7507ca-56d4-4de4-907f-8f0b1e17ac18,Anything that is a bird is a mammal. No parrots are included in the category of mammals. It is the case that some parrots are not birds.,True,False,"∀x (AnythingThat(x) → BirdAMammal(x))
 ∀x (Parrot(x) → ¬IncludedInTheCategoryOfMammal(x))
 ∀x (It(x) → CaseThatSomeParrotNotBird(x))
","forall x (anythingthat(x) implies birdamammal(x))
 forall x (parrot(x) implies not includedinthecategoryofmammal(x))
 forall x (it(x) implies casethatsomeparrotnotbird(x))
","[@every *x [(anythingthat[(?x)]  birdamammal[(?x)])]
 @every *x [(parrot[(?x)]  ~includedinthecategoryofmammal[(?x)])]
 @every *x [(it[(?x)]  casethatsomeparrotnotbird[(?x)])]
]","forall (anythingthat(x) -: birdamammal(x))
 forall (parrot(x) -: notincludedinthecategoryofmammal(x))
 forall (it(x) -: casethatsomeparrotnotbird(x))
",-(+A0-+B0)-(+P0--+I0)-(+I0-+C0),"all:x (anythingthat(x) :- birdamammal(x))
 all:x (parrot(x) :- ~includedinthecategoryofmammal(x))
 all:x (it(x) :- casethatsomeparrotnotbird(x))
",categorical
7258b953-a6a7-46f3-8c1b-04322353da9f,The set of humans is a subset of the set of mortals. At least one robot is not a mortal. There is at least one robot who is not a human.,False,True,"∀x (SetOfHuman(x) → SubsetOfTheSetOfMortal(x))
 ∀x (AtLeastOneRobot(x) → NotAMortal(x))
 ∀x (There(x) → AtLeastOneRobotWhoNotAHuman(x))
","forall x (setofhuman(x) implies subsetofthesetofmortal(x))
 forall x (atleastonerobot(x) implies notamortal(x))
 forall x (there(x) implies atleastonerobotwhonotahuman(x))
","[@every *x [(setofhuman[(?x)]  subsetofthesetofmortal[(?x)])]
 @every *x [(atleastonerobot[(?x)]  notamortal[(?x)])]
 @every *x [(there[(?x)]  atleastonerobotwhonotahuman[(?x)])]
]","forall (setofhuman(x) -: subsetofthesetofmortal(x))
 forall (atleastonerobot(x) -: notamortal(x))
 forall (there(x) -: atleastonerobotwhonotahuman(x))
",-(+S0-+S0)-(+A0-+N0)-(+T0-+A0),"all:x (setofhuman(x) :- subsetofthesetofmortal(x))
 all:x (atleastonerobot(x) :- notamortal(x))
 all:x (there(x) :- atleastonerobotwhonotahuman(x))
",categorical
5f470790-9bf1-4f1f-898e-c7d7ca738cf9,There are no mythical creatures who are people. A few mythical creatures are aliens. It is the case that a portion of all aliens are people.,False,False,"∃x (NoMythicalCreatureWho(x) ∧ People(x))
 ∀x (FewMythicalCreature(x) → Alien(x))
 ∀x (It(x) → CaseThatAPortionOfAllAlienPeople(x))
","exists x (nomythicalcreaturewho(x) and people(x))
 forall x (fewmythicalcreature(x) implies alien(x))
 forall x (it(x) implies casethataportionofallalienpeople(x))
","[*x [(nomythicalcreaturewho[(?x)]  people[(?x)])]
 @every *x [(fewmythicalcreature[(?x)]  alien[(?x)])]
 @every *x [(it[(?x)]  casethataportionofallalienpeople[(?x)])]
]"," (nomythicalcreaturewho(x) , people(x))
 forall (fewmythicalcreature(x) -: alien(x))
 forall (it(x) -: casethataportionofallalienpeople(x))
",+(+N1++P1)-(+F0-+A0)-(+I0-+C0),"x (nomythicalcreaturewho(x) & people(x))
 all:x (fewmythicalcreature(x) :- alien(x))
 all:x (it(x) :- casethataportionofallalienpeople(x))
",categorical
1f010b69-61c4-4d5b-8cca-ea37c60a9bf6,There are no liquids that are not solid. Anything that is water is a liquid. At least one quantity of water is solid.,True,False,"∃x (NoLiquidThat(x) ∧ NotSolid(x))
 ∀x (AnythingThat(x) → WaterALiquid(x))
 ∀x (AtLeastOneQuantityOfWater(x) → Solid(x))
","exists x (noliquidthat(x) and notsolid(x))
 forall x (anythingthat(x) implies wateraliquid(x))
 forall x (atleastonequantityofwater(x) implies solid(x))
","[*x [(noliquidthat[(?x)]  notsolid[(?x)])]
 @every *x [(anythingthat[(?x)]  wateraliquid[(?x)])]
 @every *x [(atleastonequantityofwater[(?x)]  solid[(?x)])]
]"," (noliquidthat(x) , notsolid(x))
 forall (anythingthat(x) -: wateraliquid(x))
 forall (atleastonequantityofwater(x) -: solid(x))
",+(+N1++N1)-(+A0-+W0)-(+A0-+S0),"x (noliquidthat(x) & notsolid(x))
 all:x (anythingthat(x) :- wateraliquid(x))
 all:x (atleastonequantityofwater(x) :- solid(x))
",categorical
4174bbf2-1f54-4ae3-a5e9-cefac102ed46,There are no animals that do not live on land. It is the case that no fish is an animal. At least some fish live on land.,False,False,"∀x (There(x) → NoAnimalThatDoNotLiveOnLand(x))
 ∀x (It(x) → CaseThatNoFishAnAnimal(x))
 ∀x (AtLeastSomeF(x) → HLiveOnLand(x))
","forall x (there(x) implies noanimalthatdonotliveonland(x))
 forall x (it(x) implies casethatnofishananimal(x))
 forall x (atleastsomef(x) implies hliveonland(x))
","[@every *x [(there[(?x)]  noanimalthatdonotliveonland[(?x)])]
 @every *x [(it[(?x)]  casethatnofishananimal[(?x)])]
 @every *x [(atleastsomef[(?x)]  hliveonland[(?x)])]
]","forall (there(x) -: noanimalthatdonotliveonland(x))
 forall (it(x) -: casethatnofishananimal(x))
 forall (atleastsomef(x) -: hliveonland(x))
",-(+T0-+N0)-(+I0-+C0)-(+A0-+H0),"all:x (there(x) :- noanimalthatdonotliveonland(x))
 all:x (it(x) :- casethatnofishananimal(x))
 all:x (atleastsomef(x) :- hliveonland(x))
",categorical
45fcf3e0-d667-4856-8268-4df37fd3a8bb,There are some animals that are birds. It is a fact that some animals are not fish. It must be the case that no fish is a bird.,False,True,"∃x (AnimalThat(x) ∧ Bird(x))
 ∃x (Animal(x) ∧ NotFishItMustBeTheCaseThatNoFishABird(x))
","exists x (animalthat(x) and bird(x))
 exists x (animal(x) and notfishitmustbethecasethatnofishabird(x))
","[*x [(animalthat[(?x)]  bird[(?x)])]
 *x [(animal[(?x)]  notfishitmustbethecasethatnofishabird[(?x)])]
]"," (animalthat(x) , bird(x))
  (animal(x) , notfishitmustbethecasethatnofishabird(x))
",+(+A1++B1)+(+A1++N1),"x (animalthat(x) & bird(x))
 x (animal(x) & notfishitmustbethecasethatnofishabird(x))
",categorical
5442d653-ac16-4a02-a968-da6ac2c6d636,There is no fish that is a mammal. There are no dogs that are mammals. It can be deduced that there are no dogs that are fish.,False,True,"∀x (There(x) → NoFishThatAMammal(x))
 ∃x (NoDogThat(x) ∧ Mammal(x))
 ∀x (ItCanBeDeducedThatThere(x) → NoDogThatFish(x))
","forall x (there(x) implies nofishthatamammal(x))
 exists x (nodogthat(x) and mammal(x))
 forall x (itcanbededucedthatthere(x) implies nodogthatfish(x))
","[@every *x [(there[(?x)]  nofishthatamammal[(?x)])]
 *x [(nodogthat[(?x)]  mammal[(?x)])]
 @every *x [(itcanbededucedthatthere[(?x)]  nodogthatfish[(?x)])]
]","forall (there(x) -: nofishthatamammal(x))
  (nodogthat(x) , mammal(x))
 forall (itcanbededucedthatthere(x) -: nodogthatfish(x))
",-(+T0-+N0)+(+N1++M1)-(+I0-+N0),"all:x (there(x) :- nofishthatamammal(x))
 x (nodogthat(x) & mammal(x))
 all:x (itcanbededucedthatthere(x) :- nodogthatfish(x))
",categorical
7ba0e12a-e78e-468b-a647-54332b6660b7,"Every single mammal is an animal. Every single mammal is a vertebrate. Therefore, there are vertebrates that are animals.",True,True,"∀x (SingleMammal(x) → Animal(x))
 ∀x (SingleMammal(x) → Vertebrate(x))
 ∀x (There(x) → VertebrateThatAnimal(x))
","forall x (singlemammal(x) implies animal(x))
 forall x (singlemammal(x) implies vertebrate(x))
 forall x (there(x) implies vertebratethatanimal(x))
","[@every *x [(singlemammal[(?x)]  animal[(?x)])]
 @every *x [(singlemammal[(?x)]  vertebrate[(?x)])]
 @every *x [(there[(?x)]  vertebratethatanimal[(?x)])]
]","forall (singlemammal(x) -: animal(x))
 forall (singlemammal(x) -: vertebrate(x))
 forall (there(x) -: vertebratethatanimal(x))
",-(+S0-+A0)-(+S0-+V0)-(+T0-+V0),"all:x (singlemammal(x) :- animal(x))
 all:x (singlemammal(x) :- vertebrate(x))
 all:x (there(x) :- vertebratethatanimal(x))
",hypothetical
7083216a-6754-498f-8a93-53d551efe0c7,There is no soda that is a juice. A portion of the items that are beverages are not juices. It follows that some beverages are not sodas.,False,True,"∀x (There(x) → NoSodaThatAJuice(x))
 ∃x (ItemThat(x) ∧ BeverageNotJuice(x))
 ∃x (Beverage(x) ∧ NotSoda(x))
","forall x (there(x) implies nosodathatajuice(x))
 exists x (itemthat(x) and beveragenotjuice(x))
 exists x (beverage(x) and notsoda(x))
","[@every *x [(there[(?x)]  nosodathatajuice[(?x)])]
 *x [(itemthat[(?x)]  beveragenotjuice[(?x)])]
 *x [(beverage[(?x)]  notsoda[(?x)])]
]","forall (there(x) -: nosodathatajuice(x))
  (itemthat(x) , beveragenotjuice(x))
  (beverage(x) , notsoda(x))
",-(+T0-+N0)+(+I1++B1)+(+B1++N1),"all:x (there(x) :- nosodathatajuice(x))
 x (itemthat(x) & beveragenotjuice(x))
 x (beverage(x) & notsoda(x))
",categorical
5014a30a-93f6-421c-900d-175499c326ff,There are no stars that are planets. Each and every star is a celestial body. It is therefore true that every celestial body is a planet.,False,False,"∃x (NoStarThat(x) ∧ Planet(x))
 ∀x (Star(x) → CelestialBody(x))
 ∀x (It(x) → Thing(x))
 ∀x (TrueThatEveryCelestialBody(x) → Planet(x))
","exists x (nostarthat(x) and planet(x))
 forall x (star(x) implies celestialbody(x))
 forall x (it(x) implies thing(x))
 forall x (truethateverycelestialbody(x) implies planet(x))
","[*x [(nostarthat[(?x)]  planet[(?x)])]
 @every *x [(star[(?x)]  celestialbody[(?x)])]
 @every *x [(it[(?x)]  thing[(?x)])]
 @every *x [(truethateverycelestialbody[(?x)]  planet[(?x)])]
]"," (nostarthat(x) , planet(x))
 forall (star(x) -: celestialbody(x))
 forall (it(x) -: thing(x))
 forall (truethateverycelestialbody(x) -: planet(x))
",+(+N1++P1)-(+S0-+C0)-(+I0-+T0)-(+T0-+P0),"x (nostarthat(x) & planet(x))
 all:x (star(x) :- celestialbody(x))
 all:x (it(x) :- thing(x))
 all:x (truethateverycelestialbody(x) :- planet(x))
",categorical
f2dd94c2-9171-442a-92c2-fdc929df2593,Every single building is alive. There is not a single living thing that is a house. This means that no house is a building.,True,False,"∀x (SingleBuilding(x) → Alive(x))
 ∀x (There(x) → NotASingleLivingThingThatAHouse(x))
 ∀x (ThiMeanThatNoHouse(x) → Building(x))
","forall x (singlebuilding(x) implies alive(x))
 forall x (there(x) implies notasinglelivingthingthatahouse(x))
 forall x (thimeanthatnohouse(x) implies building(x))
","[@every *x [(singlebuilding[(?x)]  alive[(?x)])]
 @every *x [(there[(?x)]  notasinglelivingthingthatahouse[(?x)])]
 @every *x [(thimeanthatnohouse[(?x)]  building[(?x)])]
]","forall (singlebuilding(x) -: alive(x))
 forall (there(x) -: notasinglelivingthingthatahouse(x))
 forall (thimeanthatnohouse(x) -: building(x))
",-(+S0-+A0)-(+T0-+N0)-(+T0-+B0),"all:x (singlebuilding(x) :- alive(x))
 all:x (there(x) :- notasinglelivingthingthatahouse(x))
 all:x (thimeanthatnohouse(x) :- building(x))
",categorical
555e904c-ecda-4b8b-8e97-d80dafe29a87,Every monkey is a primate. There are some animals that have prehensile tails which are monkeys. This means that a few animals with prehensile tails are primates.,True,True,"∀x (Monkey(x) → Primate(x))
 ∃x (AnimalThatHavePrehensileTailWhich(x) ∧ Monkey(x))
 ∀x (ThiMeanThatAFewAnimalWithPrehensileTail(x) → Primate(x))
","forall x (monkey(x) implies primate(x))
 exists x (animalthathaveprehensiletailwhich(x) and monkey(x))
 forall x (thimeanthatafewanimalwithprehensiletail(x) implies primate(x))
","[@every *x [(monkey[(?x)]  primate[(?x)])]
 *x [(animalthathaveprehensiletailwhich[(?x)]  monkey[(?x)])]
 @every *x [(thimeanthatafewanimalwithprehensiletail[(?x)]  primate[(?x)])]
]","forall (monkey(x) -: primate(x))
  (animalthathaveprehensiletailwhich(x) , monkey(x))
 forall (thimeanthatafewanimalwithprehensiletail(x) -: primate(x))
",-(+M0-+P0)+(+A1++M1)-(+T0-+P0),"all:x (monkey(x) :- primate(x))
 x (animalthathaveprehensiletailwhich(x) & monkey(x))
 all:x (thimeanthatafewanimalwithprehensiletail(x) :- primate(x))
",categorical
07c1b3ad-3718-4db7-9047-6265e2a89541,"Anything that is a bird is an animal. Every single creature that is a sparrow is an animal. Consequently, all sparrows are birds.",False,True,"∀x (AnythingThat(x) → BirdAnAnimal(x))
 ∀x (SingleCreatureThat(x) → SparrowAnAnimal(x))
 ∀x (AllSparrow(x) → Bird(x))
","forall x (anythingthat(x) implies birdananimal(x))
 forall x (singlecreaturethat(x) implies sparrowananimal(x))
 forall x (allsparrow(x) implies bird(x))
","[@every *x [(anythingthat[(?x)]  birdananimal[(?x)])]
 @every *x [(singlecreaturethat[(?x)]  sparrowananimal[(?x)])]
 @every *x [(allsparrow[(?x)]  bird[(?x)])]
]","forall (anythingthat(x) -: birdananimal(x))
 forall (singlecreaturethat(x) -: sparrowananimal(x))
 forall (allsparrow(x) -: bird(x))
",-(+A0-+B0)-(+S0-+S0)-(+A0-+B0),"all:x (anythingthat(x) :- birdananimal(x))
 all:x (singlecreaturethat(x) :- sparrowananimal(x))
 all:x (allsparrow(x) :- bird(x))
",categorical
60e5025b-d3b4-4b3c-a306-6486cd5a5f22,Anything that is a square is also a polygon. It is known that there are no circles that are squares. It has been proposed that no circles are polygons.,False,True,"∀x (AnythingThat(x) → SquareAlsoAPolygon(x))
 ∀x (It(x) → KnownThatThereNoCircleThatSquare(x))
 ∀x (ItHasBeenProposedThatNoCircle(x) → Polygon(x))
","forall x (anythingthat(x) implies squarealsoapolygon(x))
 forall x (it(x) implies knownthattherenocirclethatsquare(x))
 forall x (ithasbeenproposedthatnocircle(x) implies polygon(x))
","[@every *x [(anythingthat[(?x)]  squarealsoapolygon[(?x)])]
 @every *x [(it[(?x)]  knownthattherenocirclethatsquare[(?x)])]
 @every *x [(ithasbeenproposedthatnocircle[(?x)]  polygon[(?x)])]
]","forall (anythingthat(x) -: squarealsoapolygon(x))
 forall (it(x) -: knownthattherenocirclethatsquare(x))
 forall (ithasbeenproposedthatnocircle(x) -: polygon(x))
",-(+A0-+S0)-(+I0-+K0)-(+I0-+P0),"all:x (anythingthat(x) :- squarealsoapolygon(x))
 all:x (it(x) :- knownthattherenocirclethatsquare(x))
 all:x (ithasbeenproposedthatnocircle(x) :- polygon(x))
",categorical
54c5b3f8-ba16-4eaf-86a1-71d78b771192,All things which are numbers are animals. All things which are numbers are plants. It follows that some plants are animals.,True,False,"∀x (ThingWhich(x) → NumberAnimal(x))
 ∀x (ThingWhich(x) → NumberPlant(x))
 ∃x (Plant(x) ∧ Animal(x))
","forall x (thingwhich(x) implies numberanimal(x))
 forall x (thingwhich(x) implies numberplant(x))
 exists x (plant(x) and animal(x))
","[@every *x [(thingwhich[(?x)]  numberanimal[(?x)])]
 @every *x [(thingwhich[(?x)]  numberplant[(?x)])]
 *x [(plant[(?x)]  animal[(?x)])]
]","forall (thingwhich(x) -: numberanimal(x))
 forall (thingwhich(x) -: numberplant(x))
  (plant(x) , animal(x))
",-(+T0-+N0)-(+T0-+N0)+(+P1++A1),"all:x (thingwhich(x) :- numberanimal(x))
 all:x (thingwhich(x) :- numberplant(x))
 x (plant(x) & animal(x))
",categorical
d0d4f9ab-2fc8-4786-bbeb-ee04a17448ff,"Every politician is a living organism. All senators are living organisms. Consequently, every single senator is a politician.",False,True,"∀x (Politician(x) → LivingOrganism(x))
 ∀x (Senator(x) → LivingOrganism(x))
 ∀x (EverySingleSenator(x) → Politician(x))
","forall x (politician(x) implies livingorganism(x))
 forall x (senator(x) implies livingorganism(x))
 forall x (everysinglesenator(x) implies politician(x))
","[@every *x [(politician[(?x)]  livingorganism[(?x)])]
 @every *x [(senator[(?x)]  livingorganism[(?x)])]
 @every *x [(everysinglesenator[(?x)]  politician[(?x)])]
]","forall (politician(x) -: livingorganism(x))
 forall (senator(x) -: livingorganism(x))
 forall (everysinglesenator(x) -: politician(x))
",-(+P0-+L0)-(+S0-+L0)-(+E0-+P0),"all:x (politician(x) :- livingorganism(x))
 all:x (senator(x) :- livingorganism(x))
 all:x (everysinglesenator(x) :- politician(x))
",categorical
d10c848c-ce58-4a0c-b56b-3f75b2ca0bfc,Any object that is a body of water is a gas. Nothing that is an ocean is a gas. There exists at least one body of water which is not an ocean.,True,False,"∀x (ObjectThat(x) → BodyOfWaterAGas(x))
 ∀x (NothingThat(x) → OceanAGas(x))
 ∀x (ThereExistAtLeastOneBodyOfWaterWhich(x) → NotAnOcean(x))
","forall x (objectthat(x) implies bodyofwateragas(x))
 forall x (nothingthat(x) implies oceanagas(x))
 forall x (thereexistatleastonebodyofwaterwhich(x) implies notanocean(x))
","[@every *x [(objectthat[(?x)]  bodyofwateragas[(?x)])]
 @every *x [(nothingthat[(?x)]  oceanagas[(?x)])]
 @every *x [(thereexistatleastonebodyofwaterwhich[(?x)]  notanocean[(?x)])]
]","forall (objectthat(x) -: bodyofwateragas(x))
 forall (nothingthat(x) -: oceanagas(x))
 forall (thereexistatleastonebodyofwaterwhich(x) -: notanocean(x))
",-(+O0-+B0)-(+N0-+O0)-(+T0-+N0),"all:x (objectthat(x) :- bodyofwateragas(x))
 all:x (nothingthat(x) :- oceanagas(x))
 all:x (thereexistatleastonebodyofwaterwhich(x) :- notanocean(x))
",categorical
942fb93d-8fcc-478a-a1b7-d1bb4610c661,"It is the case that some individuals who are professors are not lecturers. Anyone who is a professor is also an academic. Consequently, it can be concluded that some academics are not lecturers.",True,True,"∀x (It(x) → CaseThatSomeIndividualWhoProfessorNotLecturer(x))
 ∀x (AnyoneWho(x) → ProfessorAlsoAnAcademic(x))
 ∀x (ItCanBeConcludedThatSomeAcademic(x) → NotLecturer(x))
","forall x (it(x) implies casethatsomeindividualwhoprofessornotlecturer(x))
 forall x (anyonewho(x) implies professoralsoanacademic(x))
 forall x (itcanbeconcludedthatsomeacademic(x) implies notlecturer(x))
","[@every *x [(it[(?x)]  casethatsomeindividualwhoprofessornotlecturer[(?x)])]
 @every *x [(anyonewho[(?x)]  professoralsoanacademic[(?x)])]
 @every *x [(itcanbeconcludedthatsomeacademic[(?x)]  notlecturer[(?x)])]
]","forall (it(x) -: casethatsomeindividualwhoprofessornotlecturer(x))
 forall (anyonewho(x) -: professoralsoanacademic(x))
 forall (itcanbeconcludedthatsomeacademic(x) -: notlecturer(x))
",-(+I0-+C0)-(+A0-+P0)-(+I0-+N0),"all:x (it(x) :- casethatsomeindividualwhoprofessornotlecturer(x))
 all:x (anyonewho(x) :- professoralsoanacademic(x))
 all:x (itcanbeconcludedthatsomeacademic(x) :- notlecturer(x))
",categorical
2bf18e1f-3d35-4725-a6a0-73bcf655c976,The class of birds and the class of cars do not overlap. The entire set of cars is composed of sparrows. It is a logical consequence that some sparrows are not birds.,True,False,"∀x (ClasOfBirdAndTheClasOfCarDoNotOverlap(x))
 ∀x (EntireSetOfCar(x) → ComposedOfSparrow(x))
 ∀x (It(x) → LogicalConsequenceThatSomeSparrowNotBird(x))
","forall x (clasofbirdandtheclasofcardonotoverlap(x))
 forall x (entiresetofcar(x) implies composedofsparrow(x))
 forall x (it(x) implies logicalconsequencethatsomesparrownotbird(x))
","[@every *x [(clasofbirdandtheclasofcardonotoverlap[(?x)])]
 @every *x [(entiresetofcar[(?x)]  composedofsparrow[(?x)])]
 @every *x [(it[(?x)]  logicalconsequencethatsomesparrownotbird[(?x)])]
]","forall (clasofbirdandtheclasofcardonotoverlap(x))
 forall (entiresetofcar(x) -: composedofsparrow(x))
 forall (it(x) -: logicalconsequencethatsomesparrownotbird(x))
",-(+C0)-(+E0-+C0)-(+I0-+L0),"all:x (clasofbirdandtheclasofcardonotoverlap(x))
 all:x (entiresetofcar(x) :- composedofsparrow(x))
 all:x (it(x) :- logicalconsequencethatsomesparrownotbird(x))
",categorical
65473904-b2b6-44f0-83c3-66265f64d972,A number of objects categorized as furniture are not chairs. Every single item of furniture is a household good. We can therefore deduce that some household goods are not chairs.,True,True,"∃x (ObjectCategorizedAsFurniture(x) ∧ NotChair(x))
 ∀x (SingleItemOfFurniture(x) → HouseholdGood(x))
 ∀x (WeCan(x))
 ∀x (DeduceThatSomeHouseholdGood(x) → NotChair(x))
","exists x (objectcategorizedasfurniture(x) and notchair(x))
 forall x (singleitemoffurniture(x) implies householdgood(x))
 forall x (wecan(x))
 forall x (deducethatsomehouseholdgood(x) implies notchair(x))
","[*x [(objectcategorizedasfurniture[(?x)]  notchair[(?x)])]
 @every *x [(singleitemoffurniture[(?x)]  householdgood[(?x)])]
 @every *x [(wecan[(?x)])]
 @every *x [(deducethatsomehouseholdgood[(?x)]  notchair[(?x)])]
]"," (objectcategorizedasfurniture(x) , notchair(x))
 forall (singleitemoffurniture(x) -: householdgood(x))
 forall (wecan(x))
 forall (deducethatsomehouseholdgood(x) -: notchair(x))
",+(+O1++N1)-(+S0-+H0)-(+W0)-(+D0-+N0),"x (objectcategorizedasfurniture(x) & notchair(x))
 all:x (singleitemoffurniture(x) :- householdgood(x))
 all:x (wecan(x))
 all:x (deducethatsomehouseholdgood(x) :- notchair(x))
",categorical
44,It is true that some tissues are steeds. There are some biomes that are steeds. It logically follows that all biomes are tissues.,False,False,"∃x (Tissue(x) ∧ SteedThereSomeBiomeThatSteedItLogicallyFollowThatAllBiomeTissue(x))
","exists x (tissue(x) and steedtheresomebiomethatsteeditlogicallyfollowthatallbiometissue(x))
","[*x [(tissue[(?x)]  steedtheresomebiomethatsteeditlogicallyfollowthatallbiometissue[(?x)])]
]"," (tissue(x) , steedtheresomebiomethatsteeditlogicallyfollowthatallbiometissue(x))
",+(+T1++S1),"x (tissue(x) & steedtheresomebiomethatsteeditlogicallyfollowthatallbiometissue(x))
",categorical
55,A subset of satellites constitutes manufacturers. All memorials are to be considered satellites. It is true that some manufacturers are also memorials.,False,False,"∃x (Satellite(x) ∧ Manufacturer(x))
 ∀x (Memorial(x) → ToBeConsideredSatellite(x))
 ∃x (Manufacturer(x) ∧ AlsoMemorial(x))
","exists x (satellite(x) and manufacturer(x))
 forall x (memorial(x) implies tobeconsideredsatellite(x))
 exists x (manufacturer(x) and alsomemorial(x))
","[*x [(satellite[(?x)]  manufacturer[(?x)])]
 @every *x [(memorial[(?x)]  tobeconsideredsatellite[(?x)])]
 *x [(manufacturer[(?x)]  alsomemorial[(?x)])]
]"," (satellite(x) , manufacturer(x))
 forall (memorial(x) -: tobeconsideredsatellite(x))
  (manufacturer(x) , alsomemorial(x))
",+(+S1++M1)-(+M0-+T0)+(+M1++A1),"x (satellite(x) & manufacturer(x))
 all:x (memorial(x) :- tobeconsideredsatellite(x))
 x (manufacturer(x) & alsomemorial(x))
",categorical
c9085b40-41d0-45a8-bdcf-306b0fb9ed9a,It is the case that all trees are plants. Anything that is an oak is also a plant. Some oaks fail to be trees.,False,False,"∀x (It(x) → CaseThatAllTreePlant(x))
 ∀x (AnythingThat(x) → OakAlsoAPlant(x))
 ∀x (OakFailToBeTree(x))
","forall x (it(x) implies casethatalltreeplant(x))
 forall x (anythingthat(x) implies oakalsoaplant(x))
 forall x (oakfailtobetree(x))
","[@every *x [(it[(?x)]  casethatalltreeplant[(?x)])]
 @every *x [(anythingthat[(?x)]  oakalsoaplant[(?x)])]
 @every *x [(oakfailtobetree[(?x)])]
]","forall (it(x) -: casethatalltreeplant(x))
 forall (anythingthat(x) -: oakalsoaplant(x))
 forall (oakfailtobetree(x))
",-(+I0-+C0)-(+A0-+O0)-(+O0),"all:x (it(x) :- casethatalltreeplant(x))
 all:x (anythingthat(x) :- oakalsoaplant(x))
 all:x (oakfailtobetree(x))
",categorical
8ea7335f-a484-4c94-b951-36f19e074fc5,"There are no flowers that are vegetables. There are some carrots that are vegetables. As a result, no carrots are flowers.",False,True,"∃x (NoFlowerThat(x) ∧ Vegetable(x))
 ∃x (CarrotThat(x) ∧ Vegetable(x))
 ∀x (NoCarrot(x) → Flower(x))
","exists x (noflowerthat(x) and vegetable(x))
 exists x (carrotthat(x) and vegetable(x))
 forall x (nocarrot(x) implies flower(x))
","[*x [(noflowerthat[(?x)]  vegetable[(?x)])]
 *x [(carrotthat[(?x)]  vegetable[(?x)])]
 @every *x [(nocarrot[(?x)]  flower[(?x)])]
]"," (noflowerthat(x) , vegetable(x))
  (carrotthat(x) , vegetable(x))
 forall (nocarrot(x) -: flower(x))
",+(+N1++V1)+(+C1++V1)-(+N0-+F0),"x (noflowerthat(x) & vegetable(x))
 x (carrotthat(x) & vegetable(x))
 all:x (nocarrot(x) :- flower(x))
",categorical
e11356eb-8b5e-43cf-9a95-539dd813e106,"All items that are phones are electronic devices. None of the electronic devices are foods. Therefore, no food is a phone.",True,True,"∀x (ItemThat(x) → PhoneElectronicDevice(x))
 ∀x (Of(x) → ¬ElectronicDeviceFood(x))
 ∀x (NoFood(x) → Phone(x))
","forall x (itemthat(x) implies phoneelectronicdevice(x))
 forall x (of(x) implies not electronicdevicefood(x))
 forall x (nofood(x) implies phone(x))
","[@every *x [(itemthat[(?x)]  phoneelectronicdevice[(?x)])]
 @every *x [(of[(?x)]  ~electronicdevicefood[(?x)])]
 @every *x [(nofood[(?x)]  phone[(?x)])]
]","forall (itemthat(x) -: phoneelectronicdevice(x))
 forall (of(x) -: notelectronicdevicefood(x))
 forall (nofood(x) -: phone(x))
",-(+I0-+P0)-(+O0--+E0)-(+N0-+P0),"all:x (itemthat(x) :- phoneelectronicdevice(x))
 all:x (of(x) :- ~electronicdevicefood(x))
 all:x (nofood(x) :- phone(x))
",categorical
050b76be-03f5-4435-a74d-9e93cefce5f5,"It is a fact that all cats are felines. Everything that is a feline is a mammal. Therefore, every single mammal is a cat.",False,False,"∀x (Cat(x) → FelineEverythingThatAFelineAMammalThereforeEverySingleMammalACat(x))
","forall x (cat(x) implies felineeverythingthatafelineamammalthereforeeverysinglemammalacat(x))
","[@every *x [(cat[(?x)]  felineeverythingthatafelineamammalthereforeeverysinglemammalacat[(?x)])]
]","forall (cat(x) -: felineeverythingthatafelineamammalthereforeeverysinglemammalacat(x))
",-(+C0-+F0),"all:x (cat(x) :- felineeverythingthatafelineamammalthereforeeverysinglemammalacat(x))
",categorical
906d3863-253f-4a03-9396-aa6ac915b954,There is not a single engineer who is a medical practitioner. Every single person who is a doctor is also a medical practitioner. Doctors and engineers are mutually exclusive occupations.,True,True,"∀x (There(x) → NotASingleEngineerWhoAMedicalPractitioner(x))
 ∀x (SinglePersonWho(x) → DoctorAlsoAMedicalPractitioner(x))
 ∀x (DoctorAndEngineer(x) → MutuallyExclusiveOccupation(x))
","forall x (there(x) implies notasingleengineerwhoamedicalpractitioner(x))
 forall x (singlepersonwho(x) implies doctoralsoamedicalpractitioner(x))
 forall x (doctorandengineer(x) implies mutuallyexclusiveoccupation(x))
","[@every *x [(there[(?x)]  notasingleengineerwhoamedicalpractitioner[(?x)])]
 @every *x [(singlepersonwho[(?x)]  doctoralsoamedicalpractitioner[(?x)])]
 @every *x [(doctorandengineer[(?x)]  mutuallyexclusiveoccupation[(?x)])]
]","forall (there(x) -: notasingleengineerwhoamedicalpractitioner(x))
 forall (singlepersonwho(x) -: doctoralsoamedicalpractitioner(x))
 forall (doctorandengineer(x) -: mutuallyexclusiveoccupation(x))
",-(+T0-+N0)-(+S0-+D0)-(+D0-+M0),"all:x (there(x) :- notasingleengineerwhoamedicalpractitioner(x))
 all:x (singlepersonwho(x) :- doctoralsoamedicalpractitioner(x))
 all:x (doctorandengineer(x) :- mutuallyexclusiveoccupation(x))
",categorical
aea757a2-6727-4816-bcb7-1f0bdad9e4cc,"There exist certain creatures that are mammals, yet they are not reptiles. Every creature that is a mammal is also considered an animal. From these statements, it follows that some animals are not reptiles.",True,True,"∃x (CreatureThat(x) ∧ MammalYetTheyNotReptile(x))
 ∀x (CreatureThat(x) → MammalAlsoConsideredAnAnimal(x))
 ∀x (FromTheseStatement(x))
 ∃x (Animal(x) ∧ NotReptile(x))
","exists x (creaturethat(x) and mammalyettheynotreptile(x))
 forall x (creaturethat(x) implies mammalalsoconsideredananimal(x))
 forall x (fromthesestatement(x))
 exists x (animal(x) and notreptile(x))
","[*x [(creaturethat[(?x)]  mammalyettheynotreptile[(?x)])]
 @every *x [(creaturethat[(?x)]  mammalalsoconsideredananimal[(?x)])]
 @every *x [(fromthesestatement[(?x)])]
 *x [(animal[(?x)]  notreptile[(?x)])]
]"," (creaturethat(x) , mammalyettheynotreptile(x))
 forall (creaturethat(x) -: mammalalsoconsideredananimal(x))
 forall (fromthesestatement(x))
  (animal(x) , notreptile(x))
",+(+C1++M1)-(+C0-+M0)-(+F0)+(+A1++N1),"x (creaturethat(x) & mammalyettheynotreptile(x))
 all:x (creaturethat(x) :- mammalalsoconsideredananimal(x))
 all:x (fromthesestatement(x))
 x (animal(x) & notreptile(x))
",categorical
26d7b707-2358-4873-bc57-d4aa724f7f22,Anything that is a sparrow is also a bird. There are some bats which are not birds. This necessarily means that some bats are not sparrows.,True,True,"∀x (AnythingThat(x) → SparrowAlsoABird(x))
 ∃x (BatWhich(x) ∧ NotBird(x))
 ∀x (ThiNecessarilyMeanThatSomeBat(x) → NotSparrow(x))
","forall x (anythingthat(x) implies sparrowalsoabird(x))
 exists x (batwhich(x) and notbird(x))
 forall x (thinecessarilymeanthatsomebat(x) implies notsparrow(x))
","[@every *x [(anythingthat[(?x)]  sparrowalsoabird[(?x)])]
 *x [(batwhich[(?x)]  notbird[(?x)])]
 @every *x [(thinecessarilymeanthatsomebat[(?x)]  notsparrow[(?x)])]
]","forall (anythingthat(x) -: sparrowalsoabird(x))
  (batwhich(x) , notbird(x))
 forall (thinecessarilymeanthatsomebat(x) -: notsparrow(x))
",-(+A0-+S0)+(+B1++N1)-(+T0-+N0),"all:x (anythingthat(x) :- sparrowalsoabird(x))
 x (batwhich(x) & notbird(x))
 all:x (thinecessarilymeanthatsomebat(x) :- notsparrow(x))
",categorical
54a39670-9d4d-4f11-bbd9-29c01e27210d,Every single apple is a food. It is also true that every apple is a fruit. This means that all fruits are foods.,False,True,"∀x (SingleApple(x) → Food(x))
 ∀x (It(x) → AlsoTrueThatEveryAppleAFruit(x))
 ∀x (ThiMeanThatAllFruit(x) → Food(x))
","forall x (singleapple(x) implies food(x))
 forall x (it(x) implies alsotruethateveryappleafruit(x))
 forall x (thimeanthatallfruit(x) implies food(x))
","[@every *x [(singleapple[(?x)]  food[(?x)])]
 @every *x [(it[(?x)]  alsotruethateveryappleafruit[(?x)])]
 @every *x [(thimeanthatallfruit[(?x)]  food[(?x)])]
]","forall (singleapple(x) -: food(x))
 forall (it(x) -: alsotruethateveryappleafruit(x))
 forall (thimeanthatallfruit(x) -: food(x))
",-(+S0-+F0)-(+I0-+A0)-(+T0-+F0),"all:x (singleapple(x) :- food(x))
 all:x (it(x) :- alsotruethateveryappleafruit(x))
 all:x (thimeanthatallfruit(x) :- food(x))
",categorical
6c70f8c4-cfed-4ee2-9de2-0ad6c7e39a4d,There are no fish which are mammals. No cats are considered fish. Some felines are not mammals.,False,False,"∃x (NoFishWhich(x) ∧ Mammal(x))
 ∀x (Cat(x) → ¬ConsideredFish(x))
 ∃x (Feline(x) ∧ NotMammal(x))
","exists x (nofishwhich(x) and mammal(x))
 forall x (cat(x) implies not consideredfish(x))
 exists x (feline(x) and notmammal(x))
","[*x [(nofishwhich[(?x)]  mammal[(?x)])]
 @every *x [(cat[(?x)]  ~consideredfish[(?x)])]
 *x [(feline[(?x)]  notmammal[(?x)])]
]"," (nofishwhich(x) , mammal(x))
 forall (cat(x) -: notconsideredfish(x))
  (feline(x) , notmammal(x))
",+(+N1++M1)-(+C0--+C0)+(+F1++N1),"x (nofishwhich(x) & mammal(x))
 all:x (cat(x) :- ~consideredfish(x))
 x (feline(x) & notmammal(x))
",categorical
d6df77ba-b9bf-45e1-8e5b-c73c5ca30f46,"A triangle is never a square. It is also the case that no circle is a square. Consequently, no circle is a triangle.",False,True,"∀x (Triangle(x) → NeverASquare(x))
 ∀x (It(x) → AlsoTheCaseThatNoCircleASquare(x))
 ∀x (NoCircle(x) → Triangle(x))
","forall x (triangle(x) implies neverasquare(x))
 forall x (it(x) implies alsothecasethatnocircleasquare(x))
 forall x (nocircle(x) implies triangle(x))
","[@every *x [(triangle[(?x)]  neverasquare[(?x)])]
 @every *x [(it[(?x)]  alsothecasethatnocircleasquare[(?x)])]
 @every *x [(nocircle[(?x)]  triangle[(?x)])]
]","forall (triangle(x) -: neverasquare(x))
 forall (it(x) -: alsothecasethatnocircleasquare(x))
 forall (nocircle(x) -: triangle(x))
",-(+T0-+N0)-(+I0-+A0)-(+N0-+T0),"all:x (triangle(x) :- neverasquare(x))
 all:x (it(x) :- alsothecasethatnocircleasquare(x))
 all:x (nocircle(x) :- triangle(x))
",categorical
105da322-1326-48c0-8e48-6d74d8411eb9,There are no mammals which are fish. Every single fish is an animal. One can conclude that some animals are mammals.,False,True,"∃x (NoMammalWhich(x) ∧ Fish(x))
 ∀x (SingleFish(x) → Animal(x))
 ∀x (OneCanConcludeThatSomeAnimal(x) → Mammal(x))
","exists x (nomammalwhich(x) and fish(x))
 forall x (singlefish(x) implies animal(x))
 forall x (onecanconcludethatsomeanimal(x) implies mammal(x))
","[*x [(nomammalwhich[(?x)]  fish[(?x)])]
 @every *x [(singlefish[(?x)]  animal[(?x)])]
 @every *x [(onecanconcludethatsomeanimal[(?x)]  mammal[(?x)])]
]"," (nomammalwhich(x) , fish(x))
 forall (singlefish(x) -: animal(x))
 forall (onecanconcludethatsomeanimal(x) -: mammal(x))
",+(+N1++F1)-(+S0-+A0)-(+O0-+M0),"x (nomammalwhich(x) & fish(x))
 all:x (singlefish(x) :- animal(x))
 all:x (onecanconcludethatsomeanimal(x) :- mammal(x))
",categorical
8723ea49-3989-4559-86ee-efe1fbd90384,There are no birds that are fish. It is the case that some parrots are birds. We can conclude that no parrots are fish.,False,True,"∃x (NoBirdThat(x) ∧ Fish(x))
 ∀x (It(x) → CaseThatSomeParrotBird(x))
 ∀x (WeCanConcludeThatNoParrot(x) → Fish(x))
","exists x (nobirdthat(x) and fish(x))
 forall x (it(x) implies casethatsomeparrotbird(x))
 forall x (wecanconcludethatnoparrot(x) implies fish(x))
","[*x [(nobirdthat[(?x)]  fish[(?x)])]
 @every *x [(it[(?x)]  casethatsomeparrotbird[(?x)])]
 @every *x [(wecanconcludethatnoparrot[(?x)]  fish[(?x)])]
]"," (nobirdthat(x) , fish(x))
 forall (it(x) -: casethatsomeparrotbird(x))
 forall (wecanconcludethatnoparrot(x) -: fish(x))
",+(+N1++F1)-(+I0-+C0)-(+W0-+F0),"x (nobirdthat(x) & fish(x))
 all:x (it(x) :- casethatsomeparrotbird(x))
 all:x (wecanconcludethatnoparrot(x) :- fish(x))
",categorical
26,Every canine creature is a mammal. No canine creature belongs to the category of fish. It follows that certain mammals are not piscine creatures.,True,True,"∀x (CanineCreature(x) → Mammal(x))
 ∀x (Canine(x) → ¬CreatureBelongToTheCategoryOfFish(x))
 ∃x (Mammal(x) ∧ NotPiscineCreature(x))
","forall x (caninecreature(x) implies mammal(x))
 forall x (canine(x) implies not creaturebelongtothecategoryoffish(x))
 exists x (mammal(x) and notpiscinecreature(x))
","[@every *x [(caninecreature[(?x)]  mammal[(?x)])]
 @every *x [(canine[(?x)]  ~creaturebelongtothecategoryoffish[(?x)])]
 *x [(mammal[(?x)]  notpiscinecreature[(?x)])]
]","forall (caninecreature(x) -: mammal(x))
 forall (canine(x) -: notcreaturebelongtothecategoryoffish(x))
  (mammal(x) , notpiscinecreature(x))
",-(+C0-+M0)-(+C0--+C0)+(+M1++N1),"all:x (caninecreature(x) :- mammal(x))
 all:x (canine(x) :- ~creaturebelongtothecategoryoffish(x))
 x (mammal(x) & notpiscinecreature(x))
",categorical
a45774a3-287d-449e-8015-57d0a0b6e3d4,"There is nothing that is a canine which is also a feline. Every animal that is a dog is, by its very nature, a canine. It can be logically concluded that no dogs are felines.",True,True,"∀x (There(x) → NothingThatACanineWhichAlsoAFeline(x))
 ∀x (AnimalThat(x) → DogByItsVeryNatureACanine(x))
 ∀x (ItCanBeLogicallyConcludedThatNoDog(x) → Feline(x))
","forall x (there(x) implies nothingthatacaninewhichalsoafeline(x))
 forall x (animalthat(x) implies dogbyitsverynatureacanine(x))
 forall x (itcanbelogicallyconcludedthatnodog(x) implies feline(x))
","[@every *x [(there[(?x)]  nothingthatacaninewhichalsoafeline[(?x)])]
 @every *x [(animalthat[(?x)]  dogbyitsverynatureacanine[(?x)])]
 @every *x [(itcanbelogicallyconcludedthatnodog[(?x)]  feline[(?x)])]
]","forall (there(x) -: nothingthatacaninewhichalsoafeline(x))
 forall (animalthat(x) -: dogbyitsverynatureacanine(x))
 forall (itcanbelogicallyconcludedthatnodog(x) -: feline(x))
",-(+T0-+N0)-(+A0-+D0)-(+I0-+F0),"all:x (there(x) :- nothingthatacaninewhichalsoafeline(x))
 all:x (animalthat(x) :- dogbyitsverynatureacanine(x))
 all:x (itcanbelogicallyconcludedthatnodog(x) :- feline(x))
",categorical
e364a21e-cecb-4050-818a-20c1195a0f9b,"There is not a single item that is both a color and red. Of the items that are hues, a portion of them are red. It must be the case that some hues are not colors.",True,False,"∀x (There(x) → NotASingleItemThatBothAColorAndRed(x))
 ∀x (OfTheItemThat(x) → HueAPortionOfThemRed(x))
 ∀x (ItMustBeTheCaseThatSomeHue(x) → NotColor(x))
","forall x (there(x) implies notasingleitemthatbothacolorandred(x))
 forall x (oftheitemthat(x) implies hueaportionofthemred(x))
 forall x (itmustbethecasethatsomehue(x) implies notcolor(x))
","[@every *x [(there[(?x)]  notasingleitemthatbothacolorandred[(?x)])]
 @every *x [(oftheitemthat[(?x)]  hueaportionofthemred[(?x)])]
 @every *x [(itmustbethecasethatsomehue[(?x)]  notcolor[(?x)])]
]","forall (there(x) -: notasingleitemthatbothacolorandred(x))
 forall (oftheitemthat(x) -: hueaportionofthemred(x))
 forall (itmustbethecasethatsomehue(x) -: notcolor(x))
",-(+T0-+N0)-(+O0-+H0)-(+I0-+N0),"all:x (there(x) :- notasingleitemthatbothacolorandred(x))
 all:x (oftheitemthat(x) :- hueaportionofthemred(x))
 all:x (itmustbethecasethatsomehue(x) :- notcolor(x))
",categorical
ddbd0598-37ce-41d2-89c6-73109dcf196c,Everything that is a salamander is a planet. A few salamanders are amphibians. It must follow that a certain number of amphibians are planets.,True,False,"∀x (EverythingThat(x) → SalamanderAPlanet(x))
 ∀x (FewSalamander(x) → Amphibian(x))
 ∀x (ItMustFollowThatACertainNumberOfAmphibian(x) → Planet(x))
","forall x (everythingthat(x) implies salamanderaplanet(x))
 forall x (fewsalamander(x) implies amphibian(x))
 forall x (itmustfollowthatacertainnumberofamphibian(x) implies planet(x))
","[@every *x [(everythingthat[(?x)]  salamanderaplanet[(?x)])]
 @every *x [(fewsalamander[(?x)]  amphibian[(?x)])]
 @every *x [(itmustfollowthatacertainnumberofamphibian[(?x)]  planet[(?x)])]
]","forall (everythingthat(x) -: salamanderaplanet(x))
 forall (fewsalamander(x) -: amphibian(x))
 forall (itmustfollowthatacertainnumberofamphibian(x) -: planet(x))
",-(+E0-+S0)-(+F0-+A0)-(+I0-+P0),"all:x (everythingthat(x) :- salamanderaplanet(x))
 all:x (fewsalamander(x) :- amphibian(x))
 all:x (itmustfollowthatacertainnumberofamphibian(x) :- planet(x))
",categorical
166ef094-68ea-4c29-88fb-a7ae68694ba2,"Some animal that is a reptile is not an amphibian. It is known that a portion of crocodiles are reptiles. From this, we can deduce that some crocodiles are not amphibians.",False,True,"∀x (AnimalThat(x) → ReptileNotAnAmphibian(x))
 ∀x (It(x) → KnownThatAPortionOfCrocodileReptile(x))
 ∀x (FromThiWeCanDeduceThatSomeCrocodile(x) → NotAmphibian(x))
","forall x (animalthat(x) implies reptilenotanamphibian(x))
 forall x (it(x) implies knownthataportionofcrocodilereptile(x))
 forall x (fromthiwecandeducethatsomecrocodile(x) implies notamphibian(x))
","[@every *x [(animalthat[(?x)]  reptilenotanamphibian[(?x)])]
 @every *x [(it[(?x)]  knownthataportionofcrocodilereptile[(?x)])]
 @every *x [(fromthiwecandeducethatsomecrocodile[(?x)]  notamphibian[(?x)])]
]","forall (animalthat(x) -: reptilenotanamphibian(x))
 forall (it(x) -: knownthataportionofcrocodilereptile(x))
 forall (fromthiwecandeducethatsomecrocodile(x) -: notamphibian(x))
",-(+A0-+R0)-(+I0-+K0)-(+F0-+N0),"all:x (animalthat(x) :- reptilenotanamphibian(x))
 all:x (it(x) :- knownthataportionofcrocodilereptile(x))
 all:x (fromthiwecandeducethatsomecrocodile(x) :- notamphibian(x))
",categorical
7a442090-27f1-4565-b453-2183e6a605ea,Every single doctor is a professional. Anything that is an engineer is also a professional. Some engineers fail to be doctors.,False,True,"∀x (SingleDoctor(x) → Professional(x))
 ∀x (AnythingThat(x) → EngineerAlsoAProfessional(x))
 ∀x (EngineerFailToBeDoctor(x))
","forall x (singledoctor(x) implies professional(x))
 forall x (anythingthat(x) implies engineeralsoaprofessional(x))
 forall x (engineerfailtobedoctor(x))
","[@every *x [(singledoctor[(?x)]  professional[(?x)])]
 @every *x [(anythingthat[(?x)]  engineeralsoaprofessional[(?x)])]
 @every *x [(engineerfailtobedoctor[(?x)])]
]","forall (singledoctor(x) -: professional(x))
 forall (anythingthat(x) -: engineeralsoaprofessional(x))
 forall (engineerfailtobedoctor(x))
",-(+S0-+P0)-(+A0-+E0)-(+E0),"all:x (singledoctor(x) :- professional(x))
 all:x (anythingthat(x) :- engineeralsoaprofessional(x))
 all:x (engineerfailtobedoctor(x))
",categorical
c185453e-1e55-4186-a79b-4adf21c75a83,Every single car has wheels. Every single bicycle has wheels. It follows that all bicycles are cars.,False,False,"∀x (SingleCarHasWheel(x))
 ∀x (SingleBicycleHasWheel(x))
 ∀x (Bicycle(x) → Car(x))
","forall x (singlecarhaswheel(x))
 forall x (singlebicyclehaswheel(x))
 forall x (bicycle(x) implies car(x))
","[@every *x [(singlecarhaswheel[(?x)])]
 @every *x [(singlebicyclehaswheel[(?x)])]
 @every *x [(bicycle[(?x)]  car[(?x)])]
]","forall (singlecarhaswheel(x))
 forall (singlebicyclehaswheel(x))
 forall (bicycle(x) -: car(x))
",-(+S0)-(+S0)-(+B0-+C0),"all:x (singlecarhaswheel(x))
 all:x (singlebicyclehaswheel(x))
 all:x (bicycle(x) :- car(x))
",categorical
da09c581-be6d-4d5e-952c-94c944e8a751,"Every fruit is an object that contains seeds. Without exception, all apples are fruits. It can be concluded that every apple contains seeds.",True,True,"∀x (Fruit(x) → ObjectThatContainSeed(x))
 ∀x (WithoutExceptionAllApple(x) → Fruit(x))
 ∀x (ItCanBeConcludedThatEveryAppleContainSeed(x))
","forall x (fruit(x) implies objectthatcontainseed(x))
 forall x (withoutexceptionallapple(x) implies fruit(x))
 forall x (itcanbeconcludedthateveryapplecontainseed(x))
","[@every *x [(fruit[(?x)]  objectthatcontainseed[(?x)])]
 @every *x [(withoutexceptionallapple[(?x)]  fruit[(?x)])]
 @every *x [(itcanbeconcludedthateveryapplecontainseed[(?x)])]
]","forall (fruit(x) -: objectthatcontainseed(x))
 forall (withoutexceptionallapple(x) -: fruit(x))
 forall (itcanbeconcludedthateveryapplecontainseed(x))
",-(+F0-+O0)-(+W0-+F0)-(+I0),"all:x (fruit(x) :- objectthatcontainseed(x))
 all:x (withoutexceptionallapple(x) :- fruit(x))
 all:x (itcanbeconcludedthateveryapplecontainseed(x))
",categorical
0c88cde4-2b57-4056-8871-e3d64cad89da,Every plant is a living thing. Anything that is an animal is a living thing. It is therefore the case that all animals are plants.,False,False,"∀x (Plant(x) → LivingThing(x))
 ∀x (AnythingThat(x) → AnimalALivingThing(x))
 ∀x (It(x) → Thing(x))
 ∀x (CaseThatAllAnimal(x) → Plant(x))
","forall x (plant(x) implies livingthing(x))
 forall x (anythingthat(x) implies animalalivingthing(x))
 forall x (it(x) implies thing(x))
 forall x (casethatallanimal(x) implies plant(x))
","[@every *x [(plant[(?x)]  livingthing[(?x)])]
 @every *x [(anythingthat[(?x)]  animalalivingthing[(?x)])]
 @every *x [(it[(?x)]  thing[(?x)])]
 @every *x [(casethatallanimal[(?x)]  plant[(?x)])]
]","forall (plant(x) -: livingthing(x))
 forall (anythingthat(x) -: animalalivingthing(x))
 forall (it(x) -: thing(x))
 forall (casethatallanimal(x) -: plant(x))
",-(+P0-+L0)-(+A0-+A0)-(+I0-+T0)-(+C0-+P0),"all:x (plant(x) :- livingthing(x))
 all:x (anythingthat(x) :- animalalivingthing(x))
 all:x (it(x) :- thing(x))
 all:x (casethatallanimal(x) :- plant(x))
",categorical
b601c0d3-7033-4d4a-a8ab-59ac4fe4a4c8,"Every object that is a living thing is an object with mass. All humans are objects with mass. Consequently, every single human is a living thing.",False,True,"∀x (ObjectThat(x) → LivingThingAnObjectWithMas(x))
 ∀x (Human(x) → ObjectWithMas(x))
 ∀x (EverySingleHuman(x) → LivingThing(x))
","forall x (objectthat(x) implies livingthinganobjectwithmas(x))
 forall x (human(x) implies objectwithmas(x))
 forall x (everysinglehuman(x) implies livingthing(x))
","[@every *x [(objectthat[(?x)]  livingthinganobjectwithmas[(?x)])]
 @every *x [(human[(?x)]  objectwithmas[(?x)])]
 @every *x [(everysinglehuman[(?x)]  livingthing[(?x)])]
]","forall (objectthat(x) -: livingthinganobjectwithmas(x))
 forall (human(x) -: objectwithmas(x))
 forall (everysinglehuman(x) -: livingthing(x))
",-(+O0-+L0)-(+H0-+O0)-(+E0-+L0),"all:x (objectthat(x) :- livingthinganobjectwithmas(x))
 all:x (human(x) :- objectwithmas(x))
 all:x (everysinglehuman(x) :- livingthing(x))
",categorical
ca77844f-fa81-48ad-9013-ac9ab5be20e0,It is the case that no flying animal is a penguin. Anything that is a penguin is also a bird. It necessarily follows that certain birds are not flying animals.,True,True,"∀x (It(x) → CaseThatNoFlyingAnimalAPenguin(x))
 ∀x (AnythingThat(x) → PenguinAlsoABird(x))
 ∀x (ItNecessarilyFollowThatCertainBird(x) → NotFlyingAnimal(x))
","forall x (it(x) implies casethatnoflyinganimalapenguin(x))
 forall x (anythingthat(x) implies penguinalsoabird(x))
 forall x (itnecessarilyfollowthatcertainbird(x) implies notflyinganimal(x))
","[@every *x [(it[(?x)]  casethatnoflyinganimalapenguin[(?x)])]
 @every *x [(anythingthat[(?x)]  penguinalsoabird[(?x)])]
 @every *x [(itnecessarilyfollowthatcertainbird[(?x)]  notflyinganimal[(?x)])]
]","forall (it(x) -: casethatnoflyinganimalapenguin(x))
 forall (anythingthat(x) -: penguinalsoabird(x))
 forall (itnecessarilyfollowthatcertainbird(x) -: notflyinganimal(x))
",-(+I0-+C0)-(+A0-+P0)-(+I0-+N0),"all:x (it(x) :- casethatnoflyinganimalapenguin(x))
 all:x (anythingthat(x) :- penguinalsoabird(x))
 all:x (itnecessarilyfollowthatcertainbird(x) :- notflyinganimal(x))
",categorical
940e3b1d-dd3d-4119-a379-178a8b6f8397,"Every single mammal is an insect. There are no insects which are dogs. Based on this, it must be the case that some dogs are not mammals.",True,False,"∀x (SingleMammal(x) → Insect(x))
 ∃x (NoInsectWhich(x) ∧ Dog(x))
 ∀x (BasedOnThiItMustBeTheCaseThatSomeDog(x) → NotMammal(x))
","forall x (singlemammal(x) implies insect(x))
 exists x (noinsectwhich(x) and dog(x))
 forall x (basedonthiitmustbethecasethatsomedog(x) implies notmammal(x))
","[@every *x [(singlemammal[(?x)]  insect[(?x)])]
 *x [(noinsectwhich[(?x)]  dog[(?x)])]
 @every *x [(basedonthiitmustbethecasethatsomedog[(?x)]  notmammal[(?x)])]
]","forall (singlemammal(x) -: insect(x))
  (noinsectwhich(x) , dog(x))
 forall (basedonthiitmustbethecasethatsomedog(x) -: notmammal(x))
",-(+S0-+I0)+(+N1++D1)-(+B0-+N0),"all:x (singlemammal(x) :- insect(x))
 x (noinsectwhich(x) & dog(x))
 all:x (basedonthiitmustbethecasethatsomedog(x) :- notmammal(x))
",categorical
98fda6b1-7e7b-48ea-9307-e27dfba67bb2,Every dog is an animal. There are no felines that are canines. It is the case that no cat is a dog.,False,True,"∀x (Dog(x) → Animal(x))
 ∃x (NoFelineThat(x) ∧ Canine(x))
 ∀x (It(x) → CaseThatNoCatADog(x))
","forall x (dog(x) implies animal(x))
 exists x (nofelinethat(x) and canine(x))
 forall x (it(x) implies casethatnocatadog(x))
","[@every *x [(dog[(?x)]  animal[(?x)])]
 *x [(nofelinethat[(?x)]  canine[(?x)])]
 @every *x [(it[(?x)]  casethatnocatadog[(?x)])]
]","forall (dog(x) -: animal(x))
  (nofelinethat(x) , canine(x))
 forall (it(x) -: casethatnocatadog(x))
",-(+D0-+A0)+(+N1++C1)-(+I0-+C0),"all:x (dog(x) :- animal(x))
 x (nofelinethat(x) & canine(x))
 all:x (it(x) :- casethatnocatadog(x))
",categorical
12,"All members of the class 'birds' possess wings. Every creature known as an 'eagle' is observed to have wings. Consequently, every creature identified as an eagle is, without exception, a bird.",False,True,"∀x (MemberOfTheClasBird(x) → Wing(x))
 ∀x (CreatureKnownAsAnEagle(x) → ObservedToHaveWing(x))
 ∀x (EveryCreatureIdentifiedAsAnEagle(x) → WithoutExceptionABird(x))
","forall x (memberoftheclasbird(x) implies wing(x))
 forall x (creatureknownasaneagle(x) implies observedtohavewing(x))
 forall x (everycreatureidentifiedasaneagle(x) implies withoutexceptionabird(x))
","[@every *x [(memberoftheclasbird[(?x)]  wing[(?x)])]
 @every *x [(creatureknownasaneagle[(?x)]  observedtohavewing[(?x)])]
 @every *x [(everycreatureidentifiedasaneagle[(?x)]  withoutexceptionabird[(?x)])]
]","forall (memberoftheclasbird(x) -: wing(x))
 forall (creatureknownasaneagle(x) -: observedtohavewing(x))
 forall (everycreatureidentifiedasaneagle(x) -: withoutexceptionabird(x))
",-(+M0-+W0)-(+C0-+O0)-(+E0-+W0),"all:x (memberoftheclasbird(x) :- wing(x))
 all:x (creatureknownasaneagle(x) :- observedtohavewing(x))
 all:x (everycreatureidentifiedasaneagle(x) :- withoutexceptionabird(x))
",categorical
2b14c9c4-7150-4fcc-afdf-274eefa46c96,"No spoons are forks. All things that are ladles are spoons. Therefore, some things that are ladles are not forks.",True,True,"∀x (Spoon(x) → ¬Fork(x))
 ∀x (ThingThat(x) → LadleSpoon(x))
 ∀x (SomeThingThat(x) → LadleNotFork(x))
","forall x (spoon(x) implies not fork(x))
 forall x (thingthat(x) implies ladlespoon(x))
 forall x (somethingthat(x) implies ladlenotfork(x))
","[@every *x [(spoon[(?x)]  ~fork[(?x)])]
 @every *x [(thingthat[(?x)]  ladlespoon[(?x)])]
 @every *x [(somethingthat[(?x)]  ladlenotfork[(?x)])]
]","forall (spoon(x) -: notfork(x))
 forall (thingthat(x) -: ladlespoon(x))
 forall (somethingthat(x) -: ladlenotfork(x))
",-(+S0--+F0)-(+T0-+L0)-(+S0-+L0),"all:x (spoon(x) :- ~fork(x))
 all:x (thingthat(x) :- ladlespoon(x))
 all:x (somethingthat(x) :- ladlenotfork(x))
",categorical
35ecf751-bb19-4329-ad37-1087d9fe2a0a,Every car is a motorized vehicle. At least one bicycle is not a motorized vehicle. Not all bicycles can be considered cars.,False,True,"∀x (Car(x) → MotorizedVehicle(x))
 ∀x (AtLeastOneBicycle(x) → NotAMotorizedVehicle(x))
 ∀x (NotAllBicycleCanBeConsideredCar(x))
","forall x (car(x) implies motorizedvehicle(x))
 forall x (atleastonebicycle(x) implies notamotorizedvehicle(x))
 forall x (notallbicyclecanbeconsideredcar(x))
","[@every *x [(car[(?x)]  motorizedvehicle[(?x)])]
 @every *x [(atleastonebicycle[(?x)]  notamotorizedvehicle[(?x)])]
 @every *x [(notallbicyclecanbeconsideredcar[(?x)])]
]","forall (car(x) -: motorizedvehicle(x))
 forall (atleastonebicycle(x) -: notamotorizedvehicle(x))
 forall (notallbicyclecanbeconsideredcar(x))
",-(+C0-+M0)-(+A0-+N0)-(+N0),"all:x (car(x) :- motorizedvehicle(x))
 all:x (atleastonebicycle(x) :- notamotorizedvehicle(x))
 all:x (notallbicyclecanbeconsideredcar(x))
",categorical
44dc4bd3-0d89-4d86-94f8-775692c4125c,Every nurse is a healthcare professional. Not a single teacher is a healthcare professional. A part of the population of teachers are not nurses.,True,True,"∀x (Nurse(x) → HealthcareProfessional(x))
 ∀x (Teacher(x) → ¬HealthcareProfessional(x))
 ∀x (PartOfThePopulationOfTeacher(x) → NotNurse(x))
","forall x (nurse(x) implies healthcareprofessional(x))
 forall x (teacher(x) implies not healthcareprofessional(x))
 forall x (partofthepopulationofteacher(x) implies notnurse(x))
","[@every *x [(nurse[(?x)]  healthcareprofessional[(?x)])]
 @every *x [(teacher[(?x)]  ~healthcareprofessional[(?x)])]
 @every *x [(partofthepopulationofteacher[(?x)]  notnurse[(?x)])]
]","forall (nurse(x) -: healthcareprofessional(x))
 forall (teacher(x) -: nothealthcareprofessional(x))
 forall (partofthepopulationofteacher(x) -: notnurse(x))
",-(+N0-+H0)-(+T0--+H0)-(+P0-+N0),"all:x (nurse(x) :- healthcareprofessional(x))
 all:x (teacher(x) :- ~healthcareprofessional(x))
 all:x (partofthepopulationofteacher(x) :- notnurse(x))
",categorical
10c004f6-6468-4756-a2bb-cf97b0f34a89,Every single dog is an animal. Anything that is a cat is an animal. It follows that a few cats are dogs.,False,False,"∀x (SingleDog(x) → Animal(x))
 ∀x (AnythingThat(x) → CatAnAnimal(x))
 ∀x (FewCat(x) → Dog(x))
","forall x (singledog(x) implies animal(x))
 forall x (anythingthat(x) implies catananimal(x))
 forall x (fewcat(x) implies dog(x))
","[@every *x [(singledog[(?x)]  animal[(?x)])]
 @every *x [(anythingthat[(?x)]  catananimal[(?x)])]
 @every *x [(fewcat[(?x)]  dog[(?x)])]
]","forall (singledog(x) -: animal(x))
 forall (anythingthat(x) -: catananimal(x))
 forall (fewcat(x) -: dog(x))
",-(+S0-+A0)-(+A0-+C0)-(+F0-+D0),"all:x (singledog(x) :- animal(x))
 all:x (anythingthat(x) :- catananimal(x))
 all:x (fewcat(x) :- dog(x))
",categorical
82c35dfc-be1a-4fff-aaa9-454da55392ae,Every single flower is a plant. Any and all roses are also plants. This implies that all roses are flowers.,False,True,"∀x (SingleFlower(x) → Plant(x))
 ∀x (AndAllRose(x) → AlsoPlant(x))
 ∀x (ThiImplieThatAllRose(x) → Flower(x))
","forall x (singleflower(x) implies plant(x))
 forall x (andallrose(x) implies alsoplant(x))
 forall x (thiimpliethatallrose(x) implies flower(x))
","[@every *x [(singleflower[(?x)]  plant[(?x)])]
 @every *x [(andallrose[(?x)]  alsoplant[(?x)])]
 @every *x [(thiimpliethatallrose[(?x)]  flower[(?x)])]
]","forall (singleflower(x) -: plant(x))
 forall (andallrose(x) -: alsoplant(x))
 forall (thiimpliethatallrose(x) -: flower(x))
",-(+S0-+P0)-(+A0-+A0)-(+T0-+F0),"all:x (singleflower(x) :- plant(x))
 all:x (andallrose(x) :- alsoplant(x))
 all:x (thiimpliethatallrose(x) :- flower(x))
",categorical
930de84a-a92b-430d-893f-263036dbffec,There are some vehicles that are machines. Every single car is a vehicle. It is therefore the case that every car is a machine.,False,True,"∃x (VehicleThat(x) ∧ Machine(x))
 ∀x (SingleCar(x) → Vehicle(x))
 ∀x (It(x) → Thing(x))
 ∀x (CaseThatEveryCar(x) → Machine(x))
","exists x (vehiclethat(x) and machine(x))
 forall x (singlecar(x) implies vehicle(x))
 forall x (it(x) implies thing(x))
 forall x (casethateverycar(x) implies machine(x))
","[*x [(vehiclethat[(?x)]  machine[(?x)])]
 @every *x [(singlecar[(?x)]  vehicle[(?x)])]
 @every *x [(it[(?x)]  thing[(?x)])]
 @every *x [(casethateverycar[(?x)]  machine[(?x)])]
]"," (vehiclethat(x) , machine(x))
 forall (singlecar(x) -: vehicle(x))
 forall (it(x) -: thing(x))
 forall (casethateverycar(x) -: machine(x))
",+(+V1++M1)-(+S0-+V0)-(+I0-+T0)-(+C0-+M0),"x (vehiclethat(x) & machine(x))
 all:x (singlecar(x) :- vehicle(x))
 all:x (it(x) :- thing(x))
 all:x (casethateverycar(x) :- machine(x))
",categorical
3a99d768-f046-4aff-a9fd-78b6abed373a,"There is no plant that is a rock. Some of the rocks are flowers. Therefore, some flowers are not plants.",True,False,"∀x (There(x) → NoPlantThatARock(x))
 ∃x (OfTheRock(x) ∧ Flower(x))
 ∀x (SomeFlower(x) → NotPlant(x))
","forall x (there(x) implies noplantthatarock(x))
 exists x (oftherock(x) and flower(x))
 forall x (someflower(x) implies notplant(x))
","[@every *x [(there[(?x)]  noplantthatarock[(?x)])]
 *x [(oftherock[(?x)]  flower[(?x)])]
 @every *x [(someflower[(?x)]  notplant[(?x)])]
]","forall (there(x) -: noplantthatarock(x))
  (oftherock(x) , flower(x))
 forall (someflower(x) -: notplant(x))
",-(+T0-+N0)+(+O1++F1)-(+S0-+N0),"all:x (there(x) :- noplantthatarock(x))
 x (oftherock(x) & flower(x))
 all:x (someflower(x) :- notplant(x))
",categorical
36fdea7c-f8c5-4b3e-9989-7ef62a3e4cec,"There are no dogs that are cats. Everything that is a bird is a dog. Thus, every bird is a cat.",False,False,"∃x (NoDogThat(x) ∧ Cat(x))
 ∀x (EverythingThat(x) → BirdADog(x))
 ∀x (EveryBird(x) → Cat(x))
","exists x (nodogthat(x) and cat(x))
 forall x (everythingthat(x) implies birdadog(x))
 forall x (everybird(x) implies cat(x))
","[*x [(nodogthat[(?x)]  cat[(?x)])]
 @every *x [(everythingthat[(?x)]  birdadog[(?x)])]
 @every *x [(everybird[(?x)]  cat[(?x)])]
]"," (nodogthat(x) , cat(x))
 forall (everythingthat(x) -: birdadog(x))
 forall (everybird(x) -: cat(x))
",+(+N1++C1)-(+E0-+B0)-(+E0-+C0),"x (nodogthat(x) & cat(x))
 all:x (everythingthat(x) :- birdadog(x))
 all:x (everybird(x) :- cat(x))
",categorical
94961071-4c98-4f16-a4a5-a1740f7385ea,All things that are tigers are felines. All things that are cats are felines. It can be deduced that there are cats that are tigers.,False,True,"∀x (ThingThat(x) → TigerFeline(x))
 ∀x (ThingThat(x) → CatFeline(x))
 ∀x (ItCanBeDeducedThatThere(x) → CatThatTiger(x))
","forall x (thingthat(x) implies tigerfeline(x))
 forall x (thingthat(x) implies catfeline(x))
 forall x (itcanbededucedthatthere(x) implies catthattiger(x))
","[@every *x [(thingthat[(?x)]  tigerfeline[(?x)])]
 @every *x [(thingthat[(?x)]  catfeline[(?x)])]
 @every *x [(itcanbededucedthatthere[(?x)]  catthattiger[(?x)])]
]","forall (thingthat(x) -: tigerfeline(x))
 forall (thingthat(x) -: catfeline(x))
 forall (itcanbededucedthatthere(x) -: catthattiger(x))
",-(+T0-+T0)-(+T0-+C0)-(+I0-+C0),"all:x (thingthat(x) :- tigerfeline(x))
 all:x (thingthat(x) :- catfeline(x))
 all:x (itcanbededucedthatthere(x) :- catthattiger(x))
",categorical
5e28ca3b-7365-4519-aefc-6b8ad8270ff6,"There exist creatures which are sharks that are not creatures that leave in water. Every shark is a fish. Consequently, it follows that some fish are not creatures that leave in water.",True,False,"∃x (CreatureWhich(x) ∧ SharkThatNotCreatureThatLeaveInWater(x))
 ∀x (Shark(x) → Fish(x))
 ∀x (ItFollowThatSomeFish(x) → NotCreatureThatLeaveInWater(x))
","exists x (creaturewhich(x) and sharkthatnotcreaturethatleaveinwater(x))
 forall x (shark(x) implies fish(x))
 forall x (itfollowthatsomefish(x) implies notcreaturethatleaveinwater(x))
","[*x [(creaturewhich[(?x)]  sharkthatnotcreaturethatleaveinwater[(?x)])]
 @every *x [(shark[(?x)]  fish[(?x)])]
 @every *x [(itfollowthatsomefish[(?x)]  notcreaturethatleaveinwater[(?x)])]
]"," (creaturewhich(x) , sharkthatnotcreaturethatleaveinwater(x))
 forall (shark(x) -: fish(x))
 forall (itfollowthatsomefish(x) -: notcreaturethatleaveinwater(x))
",+(+C1++S1)-(+S0-+F0)-(+I0-+N0),"x (creaturewhich(x) & sharkthatnotcreaturethatleaveinwater(x))
 all:x (shark(x) :- fish(x))
 all:x (itfollowthatsomefish(x) :- notcreaturethatleaveinwater(x))
",categorical
b3b36ad2-d5c0-4e89-834d-65bb2d69c3c4,"There are no rocks that can be classified as plants. Some granite is included in the category of rocks. Consequently, it follows that some granite is not plants.",True,True,"∀x (There(x) → NoRockThatCanBeClassifiedAsPlant(x))
 ∀x (Granite(x) → IncludedInTheCategoryOfRock(x))
 ∀x (ItFollowThatSomeGranite(x) → NotPlant(x))
","forall x (there(x) implies norockthatcanbeclassifiedasplant(x))
 forall x (granite(x) implies includedinthecategoryofrock(x))
 forall x (itfollowthatsomegranite(x) implies notplant(x))
","[@every *x [(there[(?x)]  norockthatcanbeclassifiedasplant[(?x)])]
 @every *x [(granite[(?x)]  includedinthecategoryofrock[(?x)])]
 @every *x [(itfollowthatsomegranite[(?x)]  notplant[(?x)])]
]","forall (there(x) -: norockthatcanbeclassifiedasplant(x))
 forall (granite(x) -: includedinthecategoryofrock(x))
 forall (itfollowthatsomegranite(x) -: notplant(x))
",-(+T0-+N0)-(+G0-+I0)-(+I0-+N0),"all:x (there(x) :- norockthatcanbeclassifiedasplant(x))
 all:x (granite(x) :- includedinthecategoryofrock(x))
 all:x (itfollowthatsomegranite(x) :- notplant(x))
",categorical
f604bd06-9e07-46d3-8554-16cc2b4fbb33,Everything that is a dog is an animal. Everything that is a cat is an animal. All felines are canines.,False,False,"∀x (EverythingThat(x) → DogAnAnimal(x))
 ∀x (EverythingThat(x) → CatAnAnimal(x))
 ∀x (Feline(x) → Canine(x))
","forall x (everythingthat(x) implies dogananimal(x))
 forall x (everythingthat(x) implies catananimal(x))
 forall x (feline(x) implies canine(x))
","[@every *x [(everythingthat[(?x)]  dogananimal[(?x)])]
 @every *x [(everythingthat[(?x)]  catananimal[(?x)])]
 @every *x [(feline[(?x)]  canine[(?x)])]
]","forall (everythingthat(x) -: dogananimal(x))
 forall (everythingthat(x) -: catananimal(x))
 forall (feline(x) -: canine(x))
",-(+E0-+D0)-(+E0-+C0)-(+F0-+C0),"all:x (everythingthat(x) :- dogananimal(x))
 all:x (everythingthat(x) :- catananimal(x))
 all:x (feline(x) :- canine(x))
",categorical
f6b3b0ad-76d8-4628-94d1-1a7aedb82cb5,There are no triangles which are squares. Every single triangle is a polygon. It's the case that some polygons are not squares.,True,True,"∃x (NoTriangleWhich(x) ∧ Square(x))
 ∀x (SingleTriangle(x) → Polygon(x))
 ∀x (ItsTheCaseThatSomePolygon(x) → NotSquare(x))
","exists x (notrianglewhich(x) and square(x))
 forall x (singletriangle(x) implies polygon(x))
 forall x (itsthecasethatsomepolygon(x) implies notsquare(x))
","[*x [(notrianglewhich[(?x)]  square[(?x)])]
 @every *x [(singletriangle[(?x)]  polygon[(?x)])]
 @every *x [(itsthecasethatsomepolygon[(?x)]  notsquare[(?x)])]
]"," (notrianglewhich(x) , square(x))
 forall (singletriangle(x) -: polygon(x))
 forall (itsthecasethatsomepolygon(x) -: notsquare(x))
",+(+N1++S1)-(+S0-+P0)-(+I0-+N0),"x (notrianglewhich(x) & square(x))
 all:x (singletriangle(x) :- polygon(x))
 all:x (itsthecasethatsomepolygon(x) :- notsquare(x))
",categorical
5891fe9d-5de9-48e2-b484-98d70a27a2d4,No teachers are students. No students are professionals. It necessarily follows that some professionals are not teachers.,False,True,"∀x (Teacher(x) → ¬Student(x))
 ∀x (Student(x) → ¬Professional(x))
 ∀x (ItNecessarilyFollowThatSomeProfessional(x) → NotTeacher(x))
","forall x (teacher(x) implies not student(x))
 forall x (student(x) implies not professional(x))
 forall x (itnecessarilyfollowthatsomeprofessional(x) implies notteacher(x))
","[@every *x [(teacher[(?x)]  ~student[(?x)])]
 @every *x [(student[(?x)]  ~professional[(?x)])]
 @every *x [(itnecessarilyfollowthatsomeprofessional[(?x)]  notteacher[(?x)])]
]","forall (teacher(x) -: notstudent(x))
 forall (student(x) -: notprofessional(x))
 forall (itnecessarilyfollowthatsomeprofessional(x) -: notteacher(x))
",-(+T0--+S0)-(+S0--+P0)-(+I0-+N0),"all:x (teacher(x) :- ~student(x))
 all:x (student(x) :- ~professional(x))
 all:x (itnecessarilyfollowthatsomeprofessional(x) :- notteacher(x))
",categorical
45d795eb-780a-4694-bf87-6819b272cd49,Anything that is a teacher is an educator. Every single person who is a student is also an educator. It logically follows that there are some students who are not teachers.,False,True,"∀x (AnythingThat(x) → TeacherAnEducator(x))
 ∀x (SinglePersonWho(x) → StudentAlsoAnEducator(x))
 ∃x (StudentWho(x) ∧ NotTeacher(x))
","forall x (anythingthat(x) implies teacheraneducator(x))
 forall x (singlepersonwho(x) implies studentalsoaneducator(x))
 exists x (studentwho(x) and notteacher(x))
","[@every *x [(anythingthat[(?x)]  teacheraneducator[(?x)])]
 @every *x [(singlepersonwho[(?x)]  studentalsoaneducator[(?x)])]
 *x [(studentwho[(?x)]  notteacher[(?x)])]
]","forall (anythingthat(x) -: teacheraneducator(x))
 forall (singlepersonwho(x) -: studentalsoaneducator(x))
  (studentwho(x) , notteacher(x))
",-(+A0-+T0)-(+S0-+S0)+(+S1++N1),"all:x (anythingthat(x) :- teacheraneducator(x))
 all:x (singlepersonwho(x) :- studentalsoaneducator(x))
 x (studentwho(x) & notteacher(x))
",categorical
8be74042-6920-42ad-8f7f-3c0e53ba5fe7,"Plants are never stones. A few stones are, in fact, flowers. There exist flowers that are not plants.",True,False,"∀x (Plant(x) → NeverStone(x))
 ∀x (FewStone(x) → InFactFlower(x))
 ∃x (FlowerThat(x) ∧ NotPlant(x))
","forall x (plant(x) implies neverstone(x))
 forall x (fewstone(x) implies infactflower(x))
 exists x (flowerthat(x) and notplant(x))
","[@every *x [(plant[(?x)]  neverstone[(?x)])]
 @every *x [(fewstone[(?x)]  infactflower[(?x)])]
 *x [(flowerthat[(?x)]  notplant[(?x)])]
]","forall (plant(x) -: neverstone(x))
 forall (fewstone(x) -: infactflower(x))
  (flowerthat(x) , notplant(x))
",-(+P0-+N0)-(+F0-+I0)+(+F1++N1),"all:x (plant(x) :- neverstone(x))
 all:x (fewstone(x) :- infactflower(x))
 x (flowerthat(x) & notplant(x))
",categorical
6df0ab4c-8518-4efb-98d5-e1bd172b5a35,"Some creatures that can fly are birds. It is true that some sparrows are flying creatures. For this reason, every single sparrow is a bird.",False,True,"∃x (CreatureThatCanFly(x) ∧ Bird(x))
 ∃x (Sparrow(x) ∧ FlyingCreatureForThiReasonEverySingleSparrowABird(x))
","exists x (creaturethatcanfly(x) and bird(x))
 exists x (sparrow(x) and flyingcreatureforthireasoneverysinglesparrowabird(x))
","[*x [(creaturethatcanfly[(?x)]  bird[(?x)])]
 *x [(sparrow[(?x)]  flyingcreatureforthireasoneverysinglesparrowabird[(?x)])]
]"," (creaturethatcanfly(x) , bird(x))
  (sparrow(x) , flyingcreatureforthireasoneverysinglesparrowabird(x))
",+(+C1++B1)+(+S1++F1),"x (creaturethatcanfly(x) & bird(x))
 x (sparrow(x) & flyingcreatureforthireasoneverysinglesparrowabird(x))
",categorical
4fd3411a-3f94-4ebb-91e8-9e50c856af27,There exist students that are adults. Every single person who is a student is a person. It follows that not a single person is an adult.,False,False,"∃x (StudentThat(x) ∧ Adult(x))
 ∀x (SinglePersonWho(x) → StudentAPerson(x))
 ∀x (Person(x) → ¬Adult(x))
","exists x (studentthat(x) and adult(x))
 forall x (singlepersonwho(x) implies studentaperson(x))
 forall x (person(x) implies not adult(x))
","[*x [(studentthat[(?x)]  adult[(?x)])]
 @every *x [(singlepersonwho[(?x)]  studentaperson[(?x)])]
 @every *x [(person[(?x)]  ~adult[(?x)])]
]"," (studentthat(x) , adult(x))
 forall (singlepersonwho(x) -: studentaperson(x))
 forall (person(x) -: notadult(x))
",+(+S1++A1)-(+S0-+S0)-(+P0--+A0),"x (studentthat(x) & adult(x))
 all:x (singlepersonwho(x) :- studentaperson(x))
 all:x (person(x) :- ~adult(x))
",categorical
5797d6f3-0f12-4f1f-90ae-6d1c5098dc5c,Every single truck is a vehicle. There are some scooters which are not vehicles. It follows that some scooters are not trucks.,True,True,"∀x (SingleTruck(x) → Vehicle(x))
 ∃x (ScooterWhich(x) ∧ NotVehicle(x))
 ∃x (Scooter(x) ∧ NotTruck(x))
","forall x (singletruck(x) implies vehicle(x))
 exists x (scooterwhich(x) and notvehicle(x))
 exists x (scooter(x) and nottruck(x))
","[@every *x [(singletruck[(?x)]  vehicle[(?x)])]
 *x [(scooterwhich[(?x)]  notvehicle[(?x)])]
 *x [(scooter[(?x)]  nottruck[(?x)])]
]","forall (singletruck(x) -: vehicle(x))
  (scooterwhich(x) , notvehicle(x))
  (scooter(x) , nottruck(x))
",-(+S0-+V0)+(+S1++N1)+(+S1++N1),"all:x (singletruck(x) :- vehicle(x))
 x (scooterwhich(x) & notvehicle(x))
 x (scooter(x) & nottruck(x))
",categorical
7f808836-92dc-4373-b549-b41528d1a39a,"There exist some birds that can fly. A few tables are birds. Consequently, some tables are able to fly.",False,False,"∀x (ThereEx(x) → TSomeBirdThatCanFly(x))
 ∀x (FewTable(x) → Bird(x))
 ∀x (SomeTable(x) → AbleToFly(x))
","forall x (thereex(x) implies tsomebirdthatcanfly(x))
 forall x (fewtable(x) implies bird(x))
 forall x (sometable(x) implies abletofly(x))
","[@every *x [(thereex[(?x)]  tsomebirdthatcanfly[(?x)])]
 @every *x [(fewtable[(?x)]  bird[(?x)])]
 @every *x [(sometable[(?x)]  abletofly[(?x)])]
]","forall (thereex(x) -: tsomebirdthatcanfly(x))
 forall (fewtable(x) -: bird(x))
 forall (sometable(x) -: abletofly(x))
",-(+T0-+T0)-(+F0-+B0)-(+S0-+A0),"all:x (thereex(x) :- tsomebirdthatcanfly(x))
 all:x (fewtable(x) :- bird(x))
 all:x (sometable(x) :- abletofly(x))
",categorical
e977d9ed-ced8-4eee-a678-f1fe41b23b05,"Nothing that is a cold-blooded animal is also a reptile. Among the animals that are snakes, some are cold-blooded. It is therefore the case that some snakes are not reptiles.",True,False,"∀x (NothingThat(x) → ColdbloodedAnimalAlsoAReptile(x))
 ∃x (AnimalThat(x) ∧ SnakeSomeColdblooded(x))
 ∀x (It(x) → Thing(x))
 ∀x (CaseThatSomeSnake(x) → NotReptile(x))
","forall x (nothingthat(x) implies coldbloodedanimalalsoareptile(x))
 exists x (animalthat(x) and snakesomecoldblooded(x))
 forall x (it(x) implies thing(x))
 forall x (casethatsomesnake(x) implies notreptile(x))
","[@every *x [(nothingthat[(?x)]  coldbloodedanimalalsoareptile[(?x)])]
 *x [(animalthat[(?x)]  snakesomecoldblooded[(?x)])]
 @every *x [(it[(?x)]  thing[(?x)])]
 @every *x [(casethatsomesnake[(?x)]  notreptile[(?x)])]
]","forall (nothingthat(x) -: coldbloodedanimalalsoareptile(x))
  (animalthat(x) , snakesomecoldblooded(x))
 forall (it(x) -: thing(x))
 forall (casethatsomesnake(x) -: notreptile(x))
",-(+N0-+C0)+(+A1++S1)-(+I0-+T0)-(+C0-+N0),"all:x (nothingthat(x) :- coldbloodedanimalalsoareptile(x))
 x (animalthat(x) & snakesomecoldblooded(x))
 all:x (it(x) :- thing(x))
 all:x (casethatsomesnake(x) :- notreptile(x))
",categorical
4b4d8668-e0ae-4785-bcc5-bdd2eaa02eeb,"There are no vegetables that are fruits. It is also true that no minerals are vegetables. From this, it is suggested that some minerals are fruits.",False,False,"∃x (NoVegetableThat(x) ∧ Fruit(x))
 ∀x (It(x) → AlsoTrueThatNoMineralVegetable(x))
 ∀x (FromThiIt(x) → SuggestedThatSomeMineralFruit(x))
","exists x (novegetablethat(x) and fruit(x))
 forall x (it(x) implies alsotruethatnomineralvegetable(x))
 forall x (fromthiit(x) implies suggestedthatsomemineralfruit(x))
","[*x [(novegetablethat[(?x)]  fruit[(?x)])]
 @every *x [(it[(?x)]  alsotruethatnomineralvegetable[(?x)])]
 @every *x [(fromthiit[(?x)]  suggestedthatsomemineralfruit[(?x)])]
]"," (novegetablethat(x) , fruit(x))
 forall (it(x) -: alsotruethatnomineralvegetable(x))
 forall (fromthiit(x) -: suggestedthatsomemineralfruit(x))
",+(+N1++F1)-(+I0-+A0)-(+F0-+S0),"x (novegetablethat(x) & fruit(x))
 all:x (it(x) :- alsotruethatnomineralvegetable(x))
 all:x (fromthiit(x) :- suggestedthatsomemineralfruit(x))
",categorical
65,"Every single structure is, by definition, a Colosseum. Any item that is a Colosseum is also a percussion instrument. It logically follows that every structure is a percussion instrument.",True,False,"∀x (SingleStructure(x) → ByDefinitionAColosseum(x))
 ∀x (ItemThat(x) → ColosseumAlsoAPercussionInstrument(x))
 ∀x (Structure(x) → PercussionInstrument(x))
","forall x (singlestructure(x) implies bydefinitionacolosseum(x))
 forall x (itemthat(x) implies colosseumalsoapercussioninstrument(x))
 forall x (structure(x) implies percussioninstrument(x))
","[@every *x [(singlestructure[(?x)]  bydefinitionacolosseum[(?x)])]
 @every *x [(itemthat[(?x)]  colosseumalsoapercussioninstrument[(?x)])]
 @every *x [(structure[(?x)]  percussioninstrument[(?x)])]
]","forall (singlestructure(x) -: bydefinitionacolosseum(x))
 forall (itemthat(x) -: colosseumalsoapercussioninstrument(x))
 forall (structure(x) -: percussioninstrument(x))
",-(+S0-+B0)-(+I0-+C0)-(+S0-+P0),"all:x (singlestructure(x) :- bydefinitionacolosseum(x))
 all:x (itemthat(x) :- colosseumalsoapercussioninstrument(x))
 all:x (structure(x) :- percussioninstrument(x))
",categorical
428fcd4d-5c1a-4c6b-b836-a6cf49562c77,Anything that is a doctor is also a human. No humans are ever insects. This logically suggests that some insects are not doctors.,True,True,"∀x (AnythingThat(x) → DoctorAlsoAHuman(x))
 ∀x (Human(x) → ¬EverInsect(x))
 ∀x (ThiLogicallySuggestThatSomeInsect(x) → NotDoctor(x))
","forall x (anythingthat(x) implies doctoralsoahuman(x))
 forall x (human(x) implies not everinsect(x))
 forall x (thilogicallysuggestthatsomeinsect(x) implies notdoctor(x))
","[@every *x [(anythingthat[(?x)]  doctoralsoahuman[(?x)])]
 @every *x [(human[(?x)]  ~everinsect[(?x)])]
 @every *x [(thilogicallysuggestthatsomeinsect[(?x)]  notdoctor[(?x)])]
]","forall (anythingthat(x) -: doctoralsoahuman(x))
 forall (human(x) -: noteverinsect(x))
 forall (thilogicallysuggestthatsomeinsect(x) -: notdoctor(x))
",-(+A0-+D0)-(+H0--+E0)-(+T0-+N0),"all:x (anythingthat(x) :- doctoralsoahuman(x))
 all:x (human(x) :- ~everinsect(x))
 all:x (thilogicallysuggestthatsomeinsect(x) :- notdoctor(x))
",categorical
9117126d-5160-40c0-81c1-3f784d8f8cef,Everything that is a fish is a vertebrate. A portion of vertebrates are sharks. A subset of sharks are fish.,False,False,"∀x (EverythingThat(x) → FishAVertebrate(x))
 ∃x (Vertebrate(x) ∧ Shark(x))
 ∃x (Shark(x) ∧ Fish(x))
","forall x (everythingthat(x) implies fishavertebrate(x))
 exists x (vertebrate(x) and shark(x))
 exists x (shark(x) and fish(x))
","[@every *x [(everythingthat[(?x)]  fishavertebrate[(?x)])]
 *x [(vertebrate[(?x)]  shark[(?x)])]
 *x [(shark[(?x)]  fish[(?x)])]
]","forall (everythingthat(x) -: fishavertebrate(x))
  (vertebrate(x) , shark(x))
  (shark(x) , fish(x))
",-(+E0-+F0)+(+V1++S1)+(+S1++F1),"all:x (everythingthat(x) :- fishavertebrate(x))
 x (vertebrate(x) & shark(x))
 x (shark(x) & fish(x))
",hypothetical
32c2f0fa-083f-4f90-b33d-201e95816ea6,Anything that is a vegetable is not a plant. A portion of the things that are vegetables are also carrots. The conclusion that some carrots are not plants is inescapable.,True,False,"∀x (AnythingThat(x) → VegetableNotAPlant(x))
 ∃x (ThingThat(x) ∧ VegetableAlsoCarrot(x))
 ∀x (ConclusionThatSomeCarrot(x) → NotPlantInescapable(x))
","forall x (anythingthat(x) implies vegetablenotaplant(x))
 exists x (thingthat(x) and vegetablealsocarrot(x))
 forall x (conclusionthatsomecarrot(x) implies notplantinescapable(x))
","[@every *x [(anythingthat[(?x)]  vegetablenotaplant[(?x)])]
 *x [(thingthat[(?x)]  vegetablealsocarrot[(?x)])]
 @every *x [(conclusionthatsomecarrot[(?x)]  notplantinescapable[(?x)])]
]","forall (anythingthat(x) -: vegetablenotaplant(x))
  (thingthat(x) , vegetablealsocarrot(x))
 forall (conclusionthatsomecarrot(x) -: notplantinescapable(x))
",-(+A0-+V0)+(+T1++V1)-(+C0-+N0),"all:x (anythingthat(x) :- vegetablenotaplant(x))
 x (thingthat(x) & vegetablealsocarrot(x))
 all:x (conclusionthatsomecarrot(x) :- notplantinescapable(x))
",categorical
6307f80f-af36-4c0e-b69a-714cfd070f21,"A few of the insects are beetles. Every beetle is an arthropod. As a result, some arthropods are insects.",True,True,"∀x (FewOfTheInsect(x) → Beetle(x))
 ∀x (Beetle(x) → Arthropod(x))
 ∀x (SomeArthropod(x) → Insect(x))
","forall x (fewoftheinsect(x) implies beetle(x))
 forall x (beetle(x) implies arthropod(x))
 forall x (somearthropod(x) implies insect(x))
","[@every *x [(fewoftheinsect[(?x)]  beetle[(?x)])]
 @every *x [(beetle[(?x)]  arthropod[(?x)])]
 @every *x [(somearthropod[(?x)]  insect[(?x)])]
]","forall (fewoftheinsect(x) -: beetle(x))
 forall (beetle(x) -: arthropod(x))
 forall (somearthropod(x) -: insect(x))
",-(+F0-+B0)-(+B0-+A0)-(+S0-+I0),"all:x (fewoftheinsect(x) :- beetle(x))
 all:x (beetle(x) :- arthropod(x))
 all:x (somearthropod(x) :- insect(x))
",categorical
c22180d9-b32d-481d-a2ed-a540c1e1853f,"Every keyboard is a cloud. Not a single cloud is a musical instrument. From this, it follows that no musical instruments is a keyboard.",True,False,"∀x (Keyboard(x) → Cloud(x))
 ∀x (Cloud(x) → ¬MusicalInstrument(x))
 ∀x (FromTh(x) → Thing(x))
 ∀x (Musical(x) → ¬InstrumentAKeyboard(x))
","forall x (keyboard(x) implies cloud(x))
 forall x (cloud(x) implies not musicalinstrument(x))
 forall x (fromth(x) implies thing(x))
 forall x (musical(x) implies not instrumentakeyboard(x))
","[@every *x [(keyboard[(?x)]  cloud[(?x)])]
 @every *x [(cloud[(?x)]  ~musicalinstrument[(?x)])]
 @every *x [(fromth[(?x)]  thing[(?x)])]
 @every *x [(musical[(?x)]  ~instrumentakeyboard[(?x)])]
]","forall (keyboard(x) -: cloud(x))
 forall (cloud(x) -: notmusicalinstrument(x))
 forall (fromth(x) -: thing(x))
 forall (musical(x) -: notinstrumentakeyboard(x))
",-(+K0-+C0)-(+C0--+M0)-(+F0-+T0)-(+M0--+I0),"all:x (keyboard(x) :- cloud(x))
 all:x (cloud(x) :- ~musicalinstrument(x))
 all:x (fromth(x) :- thing(x))
 all:x (musical(x) :- ~instrumentakeyboard(x))
",categorical
6b02110b-77c6-4547-a4ad-f874027d9bba,"It is true that all newspapers are animals. There are some magazines that are not animals. Therefore, it is the case that some magazines are not newspapers.",True,False,"∀x (Newspaper(x) → AnimalThereSomeMagazineThatNotAnimalThereforeItTheCaseThatSomeMagazineNotNewspaper(x))
","forall x (newspaper(x) implies animaltheresomemagazinethatnotanimalthereforeitthecasethatsomemagazinenotnewspaper(x))
","[@every *x [(newspaper[(?x)]  animaltheresomemagazinethatnotanimalthereforeitthecasethatsomemagazinenotnewspaper[(?x)])]
]","forall (newspaper(x) -: animaltheresomemagazinethatnotanimalthereforeitthecasethatsomemagazinenotnewspaper(x))
",-(+N0-+A0),"all:x (newspaper(x) :- animaltheresomemagazinethatnotanimalthereforeitthecasethatsomemagazinenotnewspaper(x))
",categorical
6c22b36f-ad54-4762-8fc6-7f9136e770b5,"There exist some things which are rivers, that are not oceans. Anything that is a river is a body of water. A logical consequence of this is that some bodies of water are not oceans.",True,True,"∃x (ThingWhich(x) ∧ RiverThatNotOcean(x))
 ∀x (AnythingThat(x) → RiverABodyOfWater(x))
 ∀x (LogicalConsequenceOfThi(x) → ThatSomeBodieOfWaterNotOcean(x))
","exists x (thingwhich(x) and riverthatnotocean(x))
 forall x (anythingthat(x) implies riverabodyofwater(x))
 forall x (logicalconsequenceofthi(x) implies thatsomebodieofwaternotocean(x))
","[*x [(thingwhich[(?x)]  riverthatnotocean[(?x)])]
 @every *x [(anythingthat[(?x)]  riverabodyofwater[(?x)])]
 @every *x [(logicalconsequenceofthi[(?x)]  thatsomebodieofwaternotocean[(?x)])]
]"," (thingwhich(x) , riverthatnotocean(x))
 forall (anythingthat(x) -: riverabodyofwater(x))
 forall (logicalconsequenceofthi(x) -: thatsomebodieofwaternotocean(x))
",+(+T1++R1)-(+A0-+R0)-(+L0-+T0),"x (thingwhich(x) & riverthatnotocean(x))
 all:x (anythingthat(x) :- riverabodyofwater(x))
 all:x (logicalconsequenceofthi(x) :- thatsomebodieofwaternotocean(x))
",categorical
6633c065-240e-49e5-95cc-efde4ee297e9,An insect is never an arachnid. There are spiders that are arachnids. The only conclusion to draw is that some spiders are not insects.,True,True,"∀x (Insect(x) → NeverAnArachnid(x))
 ∃x (SpiderThat(x) ∧ Arachnid(x))
 ∀x (OnlyConclusionToDraw(x) → ThatSomeSpiderNotInsect(x))
","forall x (insect(x) implies neveranarachnid(x))
 exists x (spiderthat(x) and arachnid(x))
 forall x (onlyconclusiontodraw(x) implies thatsomespidernotinsect(x))
","[@every *x [(insect[(?x)]  neveranarachnid[(?x)])]
 *x [(spiderthat[(?x)]  arachnid[(?x)])]
 @every *x [(onlyconclusiontodraw[(?x)]  thatsomespidernotinsect[(?x)])]
]","forall (insect(x) -: neveranarachnid(x))
  (spiderthat(x) , arachnid(x))
 forall (onlyconclusiontodraw(x) -: thatsomespidernotinsect(x))
",-(+I0-+N0)+(+S1++A1)-(+O0-+T0),"all:x (insect(x) :- neveranarachnid(x))
 x (spiderthat(x) & arachnid(x))
 all:x (onlyconclusiontodraw(x) :- thatsomespidernotinsect(x))
",categorical
ce1e081e-8930-4195-a306-447d9f30f18c,"There are some animals that are mammals. Something that is a dog is an animal. Consequently, every dog is a mammal.",False,True,"∃x (AnimalThat(x) ∧ Mammal(x))
 ∀x (SomethingThat(x) → DogAnAnimal(x))
 ∀x (EveryDog(x) → Mammal(x))
","exists x (animalthat(x) and mammal(x))
 forall x (somethingthat(x) implies dogananimal(x))
 forall x (everydog(x) implies mammal(x))
","[*x [(animalthat[(?x)]  mammal[(?x)])]
 @every *x [(somethingthat[(?x)]  dogananimal[(?x)])]
 @every *x [(everydog[(?x)]  mammal[(?x)])]
]"," (animalthat(x) , mammal(x))
 forall (somethingthat(x) -: dogananimal(x))
 forall (everydog(x) -: mammal(x))
",+(+A1++M1)-(+S0-+D0)-(+E0-+M0),"x (animalthat(x) & mammal(x))
 all:x (somethingthat(x) :- dogananimal(x))
 all:x (everydog(x) :- mammal(x))
",categorical
2d3a1de0-fdb2-45f4-aef8-6f4e3f64f55b,The set of honest people and the set of liars are mutually exclusive. There are no politicians who are liars. All politicians are honest people.,False,False,"∀x (SetOfHonestPeopleAndTheSetOfLiar(x) → MutuallyExclusive(x))
 ∃x (NoPoliticianWho(x) ∧ Liar(x))
 ∀x (Politician(x) → HonestPeople(x))
","forall x (setofhonestpeopleandthesetofliar(x) implies mutuallyexclusive(x))
 exists x (nopoliticianwho(x) and liar(x))
 forall x (politician(x) implies honestpeople(x))
","[@every *x [(setofhonestpeopleandthesetofliar[(?x)]  mutuallyexclusive[(?x)])]
 *x [(nopoliticianwho[(?x)]  liar[(?x)])]
 @every *x [(politician[(?x)]  honestpeople[(?x)])]
]","forall (setofhonestpeopleandthesetofliar(x) -: mutuallyexclusive(x))
  (nopoliticianwho(x) , liar(x))
 forall (politician(x) -: honestpeople(x))
",-(+S0-+M0)+(+N1++L1)-(+P0-+H0),"all:x (setofhonestpeopleandthesetofliar(x) :- mutuallyexclusive(x))
 x (nopoliticianwho(x) & liar(x))
 all:x (politician(x) :- honestpeople(x))
",categorical
3ffa69d7-8ae1-49e3-97ce-102a0df6db2e,"Anything that is an elephant is also a four-legged animal. A portion of insects are creatures that have four legs. Therefore, some insects are not elephants.",False,True,"∀x (AnythingThat(x) → ElephantAlsoAFourleggedAnimal(x))
 ∃x (Insect(x) ∧ CreatureThatHaveFourLeg(x))
 ∀x (SomeInsect(x) → NotElephant(x))
","forall x (anythingthat(x) implies elephantalsoafourleggedanimal(x))
 exists x (insect(x) and creaturethathavefourleg(x))
 forall x (someinsect(x) implies notelephant(x))
","[@every *x [(anythingthat[(?x)]  elephantalsoafourleggedanimal[(?x)])]
 *x [(insect[(?x)]  creaturethathavefourleg[(?x)])]
 @every *x [(someinsect[(?x)]  notelephant[(?x)])]
]","forall (anythingthat(x) -: elephantalsoafourleggedanimal(x))
  (insect(x) , creaturethathavefourleg(x))
 forall (someinsect(x) -: notelephant(x))
",-(+A0-+E0)+(+I1++C1)-(+S0-+N0),"all:x (anythingthat(x) :- elephantalsoafourleggedanimal(x))
 x (insect(x) & creaturethathavefourleg(x))
 all:x (someinsect(x) :- notelephant(x))
",categorical
963d5e8c-7bbc-4b94-9e38-bba3f6e14854,"None of the things that are birds are insects. Every sparrow is a bird. Therefore, it is the case that some sparrows are not insects.",True,True,"∀x (Of(x) → ¬ThingThatBirdInsect(x))
 ∀x (Sparrow(x) → Bird(x))
 ∀x (It(x) → CaseThatSomeSparrowNotInsect(x))
","forall x (of(x) implies not thingthatbirdinsect(x))
 forall x (sparrow(x) implies bird(x))
 forall x (it(x) implies casethatsomesparrownotinsect(x))
","[@every *x [(of[(?x)]  ~thingthatbirdinsect[(?x)])]
 @every *x [(sparrow[(?x)]  bird[(?x)])]
 @every *x [(it[(?x)]  casethatsomesparrownotinsect[(?x)])]
]","forall (of(x) -: notthingthatbirdinsect(x))
 forall (sparrow(x) -: bird(x))
 forall (it(x) -: casethatsomesparrownotinsect(x))
",-(+O0--+T0)-(+S0-+B0)-(+I0-+C0),"all:x (of(x) :- ~thingthatbirdinsect(x))
 all:x (sparrow(x) :- bird(x))
 all:x (it(x) :- casethatsomesparrownotinsect(x))
",categorical
a931aae3-a242-418c-9a4a-4940e4abe241,Not a single pencil is a pen. There are some pencils which are also writing tools. We can conclude from this that some writing tools are not pens.,True,True,"∀x (Pencil(x) → ¬Pen(x))
 ∃x (PencilWhich(x) ∧ AlsoWritingTool(x))
 ∀x (WeCanConcludeFromThiThatSomeWritingTool(x) → NotPen(x))
","forall x (pencil(x) implies not pen(x))
 exists x (pencilwhich(x) and alsowritingtool(x))
 forall x (wecanconcludefromthithatsomewritingtool(x) implies notpen(x))
","[@every *x [(pencil[(?x)]  ~pen[(?x)])]
 *x [(pencilwhich[(?x)]  alsowritingtool[(?x)])]
 @every *x [(wecanconcludefromthithatsomewritingtool[(?x)]  notpen[(?x)])]
]","forall (pencil(x) -: notpen(x))
  (pencilwhich(x) , alsowritingtool(x))
 forall (wecanconcludefromthithatsomewritingtool(x) -: notpen(x))
",-(+P0--+P0)+(+P1++A1)-(+W0-+N0),"all:x (pencil(x) :- ~pen(x))
 x (pencilwhich(x) & alsowritingtool(x))
 all:x (wecanconcludefromthithatsomewritingtool(x) :- notpen(x))
",categorical
290712e0-73c5-4144-af4e-1ffca0c6ed18,"Not a single thing that is a machine is an animal. It is known that a portion of cars are machines. Thus, it must be true that some cars are animals.",False,False,"∀x (Thing(x) → ¬ThatAMachineAnAnimal(x))
 ∀x (It(x) → KnownThatAPortionOfCarMachine(x))
 ∀x (ItMustBeTrueThatSomeCar(x) → Animal(x))
","forall x (thing(x) implies not thatamachineananimal(x))
 forall x (it(x) implies knownthataportionofcarmachine(x))
 forall x (itmustbetruethatsomecar(x) implies animal(x))
","[@every *x [(thing[(?x)]  ~thatamachineananimal[(?x)])]
 @every *x [(it[(?x)]  knownthataportionofcarmachine[(?x)])]
 @every *x [(itmustbetruethatsomecar[(?x)]  animal[(?x)])]
]","forall (thing(x) -: notthatamachineananimal(x))
 forall (it(x) -: knownthataportionofcarmachine(x))
 forall (itmustbetruethatsomecar(x) -: animal(x))
",-(+T0--+T0)-(+I0-+K0)-(+I0-+A0),"all:x (thing(x) :- ~thatamachineananimal(x))
 all:x (it(x) :- knownthataportionofcarmachine(x))
 all:x (itmustbetruethatsomecar(x) :- animal(x))
",categorical
1645c4b0-8647-41e2-be04-11e6354dbd90,Every single animal is capable of breathing underwater. There are no horses that are not animals. A number of horses are able to breathe underwater.,True,False,"∀x (SingleAnimal(x) → CapableOfBreathingUnderwater(x))
 ∃x (NoHorseThat(x) ∧ NotAnimal(x))
 ∃x (Horse(x) ∧ AbleToBreatheUnderwater(x))
","forall x (singleanimal(x) implies capableofbreathingunderwater(x))
 exists x (nohorsethat(x) and notanimal(x))
 exists x (horse(x) and abletobreatheunderwater(x))
","[@every *x [(singleanimal[(?x)]  capableofbreathingunderwater[(?x)])]
 *x [(nohorsethat[(?x)]  notanimal[(?x)])]
 *x [(horse[(?x)]  abletobreatheunderwater[(?x)])]
]","forall (singleanimal(x) -: capableofbreathingunderwater(x))
  (nohorsethat(x) , notanimal(x))
  (horse(x) , abletobreatheunderwater(x))
",-(+S0-+C0)+(+N1++N1)+(+H1++A1),"all:x (singleanimal(x) :- capableofbreathingunderwater(x))
 x (nohorsethat(x) & notanimal(x))
 x (horse(x) & abletobreatheunderwater(x))
",categorical
8fad6fdb-f462-4147-9b0f-28b1343200b8,Anything that is a planet is considered a celestial body. It is impossible for a bridge to be a celestial body. Some bridges can be found that are not planets.,True,True,"∀x (AnythingThat(x) → PlanetConsideredACelestialBody(x))
 ∀x (It(x) → ImpossibleForABridgeToBeACelestialBody(x))
 ∃x (BridgeCanBeFoundThat(x) ∧ NotPlanet(x))
","forall x (anythingthat(x) implies planetconsideredacelestialbody(x))
 forall x (it(x) implies impossibleforabridgetobeacelestialbody(x))
 exists x (bridgecanbefoundthat(x) and notplanet(x))
","[@every *x [(anythingthat[(?x)]  planetconsideredacelestialbody[(?x)])]
 @every *x [(it[(?x)]  impossibleforabridgetobeacelestialbody[(?x)])]
 *x [(bridgecanbefoundthat[(?x)]  notplanet[(?x)])]
]","forall (anythingthat(x) -: planetconsideredacelestialbody(x))
 forall (it(x) -: impossibleforabridgetobeacelestialbody(x))
  (bridgecanbefoundthat(x) , notplanet(x))
",-(+A0-+P0)-(+I0-+I0)+(+B1++N1),"all:x (anythingthat(x) :- planetconsideredacelestialbody(x))
 all:x (it(x) :- impossibleforabridgetobeacelestialbody(x))
 x (bridgecanbefoundthat(x) & notplanet(x))
",categorical
0d670133-b450-4117-8cee-c7b73af9d8f5,"There is nothing that is a planet that is not also a celestial body. It is the case that every celestial body is an object in space. Therefore, some objects in space are planets.",True,True,"∀x (There(x) → NothingThatAPlanetThatNotAlsoACelestialBody(x))
 ∀x (It(x) → CaseThatEveryCelestialBodyAnObjectInSpace(x))
 ∀x (SomeObjectInSpace(x) → Planet(x))
","forall x (there(x) implies nothingthataplanetthatnotalsoacelestialbody(x))
 forall x (it(x) implies casethateverycelestialbodyanobjectinspace(x))
 forall x (someobjectinspace(x) implies planet(x))
","[@every *x [(there[(?x)]  nothingthataplanetthatnotalsoacelestialbody[(?x)])]
 @every *x [(it[(?x)]  casethateverycelestialbodyanobjectinspace[(?x)])]
 @every *x [(someobjectinspace[(?x)]  planet[(?x)])]
]","forall (there(x) -: nothingthataplanetthatnotalsoacelestialbody(x))
 forall (it(x) -: casethateverycelestialbodyanobjectinspace(x))
 forall (someobjectinspace(x) -: planet(x))
",-(+T0-+N0)-(+I0-+C0)-(+S0-+P0),"all:x (there(x) :- nothingthataplanetthatnotalsoacelestialbody(x))
 all:x (it(x) :- casethateverycelestialbodyanobjectinspace(x))
 all:x (someobjectinspace(x) :- planet(x))
",categorical
1ddf5f37-b195-43ff-a681-6bbf256e74e0,There is a person who is both a politician and a lawyer. The group of senators includes people who are lawyers. The consequence is that some senators are politicians.,False,True,"∀x (There(x) → PersonWhoBothAPoliticianAndALawyer(x))
 ∀x (GroupOfSenatorIncludePeopleWho(x) → Lawyer(x))
 ∀x (Consequence(x) → ThatSomeSenatorPolitician(x))
","forall x (there(x) implies personwhobothapoliticianandalawyer(x))
 forall x (groupofsenatorincludepeoplewho(x) implies lawyer(x))
 forall x (consequence(x) implies thatsomesenatorpolitician(x))
","[@every *x [(there[(?x)]  personwhobothapoliticianandalawyer[(?x)])]
 @every *x [(groupofsenatorincludepeoplewho[(?x)]  lawyer[(?x)])]
 @every *x [(consequence[(?x)]  thatsomesenatorpolitician[(?x)])]
]","forall (there(x) -: personwhobothapoliticianandalawyer(x))
 forall (groupofsenatorincludepeoplewho(x) -: lawyer(x))
 forall (consequence(x) -: thatsomesenatorpolitician(x))
",-(+T0-+P0)-(+G0-+L0)-(+C0-+T0),"all:x (there(x) :- personwhobothapoliticianandalawyer(x))
 all:x (groupofsenatorincludepeoplewho(x) :- lawyer(x))
 all:x (consequence(x) :- thatsomesenatorpolitician(x))
",categorical
2cd1f13b-eb67-42b7-a345-da72e5fb4d80,Some mammals are dogs. There are some cats who are mammals. Cats are in no way dogs.,False,True,"∃x (Mammal(x) ∧ Dog(x))
 ∃x (CatWho(x) ∧ Mammal(x))
 ∀x (Cat(x) → InNoWayDog(x))
","exists x (mammal(x) and dog(x))
 exists x (catwho(x) and mammal(x))
 forall x (cat(x) implies innowaydog(x))
","[*x [(mammal[(?x)]  dog[(?x)])]
 *x [(catwho[(?x)]  mammal[(?x)])]
 @every *x [(cat[(?x)]  innowaydog[(?x)])]
]"," (mammal(x) , dog(x))
  (catwho(x) , mammal(x))
 forall (cat(x) -: innowaydog(x))
",+(+M1++D1)+(+C1++M1)-(+C0-+I0),"x (mammal(x) & dog(x))
 x (catwho(x) & mammal(x))
 all:x (cat(x) :- innowaydog(x))
",categorical
81d80343-1088-400b-be29-0d63312a959b,"All things which are mammals are vertebrates. A portion of warm-blooded animals are mammals. Therefore, there exist some warm-blooded animals that are vertebrates.",True,True,"∀x (ThingWhich(x) → MammalVertebrate(x))
 ∃x (WarmbloodedAnimal(x) ∧ Mammal(x))
 ∀x (ThereExistSomeWarmbloodedAnimalThat(x) → Vertebrate(x))
","forall x (thingwhich(x) implies mammalvertebrate(x))
 exists x (warmbloodedanimal(x) and mammal(x))
 forall x (thereexistsomewarmbloodedanimalthat(x) implies vertebrate(x))
","[@every *x [(thingwhich[(?x)]  mammalvertebrate[(?x)])]
 *x [(warmbloodedanimal[(?x)]  mammal[(?x)])]
 @every *x [(thereexistsomewarmbloodedanimalthat[(?x)]  vertebrate[(?x)])]
]","forall (thingwhich(x) -: mammalvertebrate(x))
  (warmbloodedanimal(x) , mammal(x))
 forall (thereexistsomewarmbloodedanimalthat(x) -: vertebrate(x))
",-(+T0-+M0)+(+W1++M1)-(+T0-+V0),"all:x (thingwhich(x) :- mammalvertebrate(x))
 x (warmbloodedanimal(x) & mammal(x))
 all:x (thereexistsomewarmbloodedanimalthat(x) :- vertebrate(x))
",categorical
362d75b6-69fd-409f-8b73-fd61a1b208cc,Any animal that is a lion is a carnivore. No gazelle is a carnivore. It is impossible for a gazelle to be a lion.,True,True,"∀x (AnimalThat(x) → LionACarnivore(x))
 ∀x (Gazelle(x) → ¬Carnivore(x))
 ∀x (It(x) → ImpossibleForAGazelleToBeALion(x))
","forall x (animalthat(x) implies lionacarnivore(x))
 forall x (gazelle(x) implies not carnivore(x))
 forall x (it(x) implies impossibleforagazelletobealion(x))
","[@every *x [(animalthat[(?x)]  lionacarnivore[(?x)])]
 @every *x [(gazelle[(?x)]  ~carnivore[(?x)])]
 @every *x [(it[(?x)]  impossibleforagazelletobealion[(?x)])]
]","forall (animalthat(x) -: lionacarnivore(x))
 forall (gazelle(x) -: notcarnivore(x))
 forall (it(x) -: impossibleforagazelletobealion(x))
",-(+A0-+L0)-(+G0--+C0)-(+I0-+I0),"all:x (animalthat(x) :- lionacarnivore(x))
 all:x (gazelle(x) :- ~carnivore(x))
 all:x (it(x) :- impossibleforagazelletobealion(x))
",categorical
367fccf2-1e41-4ca2-88b0-e3b9890c549d,There are no trees that are human beings. Every single oak is a tree. It's the case that some oaks are human beings.,False,False,"∃x (NoTreeThat(x) ∧ HumanBeing(x))
 ∀x (SingleOak(x) → Tree(x))
 ∀x (ItsTheCaseThatSomeOak(x) → HumanBeing(x))
","exists x (notreethat(x) and humanbeing(x))
 forall x (singleoak(x) implies tree(x))
 forall x (itsthecasethatsomeoak(x) implies humanbeing(x))
","[*x [(notreethat[(?x)]  humanbeing[(?x)])]
 @every *x [(singleoak[(?x)]  tree[(?x)])]
 @every *x [(itsthecasethatsomeoak[(?x)]  humanbeing[(?x)])]
]"," (notreethat(x) , humanbeing(x))
 forall (singleoak(x) -: tree(x))
 forall (itsthecasethatsomeoak(x) -: humanbeing(x))
",+(+N1++H1)-(+S0-+T0)-(+I0-+H0),"x (notreethat(x) & humanbeing(x))
 all:x (singleoak(x) :- tree(x))
 all:x (itsthecasethatsomeoak(x) :- humanbeing(x))
",categorical
d8794f2a-f535-4be9-a29b-71a98af6bf08,Every sky is a blue thing. There is not a single car that is a sky. It can be concluded that no car is a blue thing.,False,False,"∀x (Sky(x) → BlueThing(x))
 ∀x (There(x) → NotASingleCarThatASky(x))
 ∀x (ItCanBeConcludedThatNoCar(x) → BlueThing(x))
","forall x (sky(x) implies bluething(x))
 forall x (there(x) implies notasinglecarthatasky(x))
 forall x (itcanbeconcludedthatnocar(x) implies bluething(x))
","[@every *x [(sky[(?x)]  bluething[(?x)])]
 @every *x [(there[(?x)]  notasinglecarthatasky[(?x)])]
 @every *x [(itcanbeconcludedthatnocar[(?x)]  bluething[(?x)])]
]","forall (sky(x) -: bluething(x))
 forall (there(x) -: notasinglecarthatasky(x))
 forall (itcanbeconcludedthatnocar(x) -: bluething(x))
",-(+S0-+B0)-(+T0-+N0)-(+I0-+B0),"all:x (sky(x) :- bluething(x))
 all:x (there(x) :- notasinglecarthatasky(x))
 all:x (itcanbeconcludedthatnocar(x) :- bluething(x))
",categorical
4bd9a4a6-1764-45fc-8172-86c65200f855,"Not a single thing that is a reptile is a mammal. Among the items that are reptiles, some are snakes. This proves that a number of snakes are mammals.",False,False,"∀x (Thing(x) → ¬ThatAReptileAMammal(x))
 ∃x (ItemThat(x) ∧ ReptileSomeSnake(x))
 ∀x (ThiProveThatANumberOfSnake(x) → Mammal(x))
","forall x (thing(x) implies not thatareptileamammal(x))
 exists x (itemthat(x) and reptilesomesnake(x))
 forall x (thiprovethatanumberofsnake(x) implies mammal(x))
","[@every *x [(thing[(?x)]  ~thatareptileamammal[(?x)])]
 *x [(itemthat[(?x)]  reptilesomesnake[(?x)])]
 @every *x [(thiprovethatanumberofsnake[(?x)]  mammal[(?x)])]
]","forall (thing(x) -: notthatareptileamammal(x))
  (itemthat(x) , reptilesomesnake(x))
 forall (thiprovethatanumberofsnake(x) -: mammal(x))
",-(+T0--+T0)+(+I1++R1)-(+T0-+M0),"all:x (thing(x) :- ~thatareptileamammal(x))
 x (itemthat(x) & reptilesomesnake(x))
 all:x (thiprovethatanumberofsnake(x) :- mammal(x))
",categorical
e8e7080d-1e0d-461c-ab4d-5b4718980ffa,The set of refrigerators and the set of pieces of furniture have nothing in common. All items that are sofas are pieces of furniture. Refrigerators are not sofas.,True,True,"∃x (SetOfRefrigeratorAndTheSetOfPieceOfFurniture(x) ∧ ¬NothingInCommon(x))
 ∀x (ItemThat(x) → SofaPieceOfFurniture(x))
 ∀x (Refrigerator(x) → NotSofa(x))
","exists x (setofrefrigeratorandthesetofpieceoffurniture(x) and not nothingincommon(x))
 forall x (itemthat(x) implies sofapieceoffurniture(x))
 forall x (refrigerator(x) implies notsofa(x))
","[*x [(setofrefrigeratorandthesetofpieceoffurniture[(?x)]  ~nothingincommon[(?x)])]
 @every *x [(itemthat[(?x)]  sofapieceoffurniture[(?x)])]
 @every *x [(refrigerator[(?x)]  notsofa[(?x)])]
]"," (setofrefrigeratorandthesetofpieceoffurniture(x) , notnothingincommon(x))
 forall (itemthat(x) -: sofapieceoffurniture(x))
 forall (refrigerator(x) -: notsofa(x))
",+(+S1+-+N1)-(+I0-+S0)-(+R0-+N0),"x (setofrefrigeratorandthesetofpieceoffurniture(x) & ~nothingincommon(x))
 all:x (itemthat(x) :- sofapieceoffurniture(x))
 all:x (refrigerator(x) :- notsofa(x))
",categorical
89cab2a7-6be0-43c5-9000-d6e5160a2ede,Every vehicle that is a car is also a vehicle. A portion of the items that are automobiles are also vehicles. It follows that some automobiles are not cars.,False,False,"∀x (VehicleThat(x) → CarAlsoAVehicle(x))
 ∃x (ItemThat(x) ∧ AutomobileAlsoVehicle(x))
 ∃x (Automobile(x) ∧ NotCar(x))
","forall x (vehiclethat(x) implies caralsoavehicle(x))
 exists x (itemthat(x) and automobilealsovehicle(x))
 exists x (automobile(x) and notcar(x))
","[@every *x [(vehiclethat[(?x)]  caralsoavehicle[(?x)])]
 *x [(itemthat[(?x)]  automobilealsovehicle[(?x)])]
 *x [(automobile[(?x)]  notcar[(?x)])]
]","forall (vehiclethat(x) -: caralsoavehicle(x))
  (itemthat(x) , automobilealsovehicle(x))
  (automobile(x) , notcar(x))
",-(+V0-+C0)+(+I1++A1)+(+A1++N1),"all:x (vehiclethat(x) :- caralsoavehicle(x))
 x (itemthat(x) & automobilealsovehicle(x))
 x (automobile(x) & notcar(x))
",categorical
e2672031-d897-486a-adc7-82ce6404a832,"There are no computers that are animals. There are no animals that are trees. Therefore, some trees are computers.",False,False,"∃x (NoComputerThat(x) ∧ Animal(x))
 ∃x (NoAnimalThat(x) ∧ Tree(x))
 ∀x (SomeTree(x) → Computer(x))
","exists x (nocomputerthat(x) and animal(x))
 exists x (noanimalthat(x) and tree(x))
 forall x (sometree(x) implies computer(x))
","[*x [(nocomputerthat[(?x)]  animal[(?x)])]
 *x [(noanimalthat[(?x)]  tree[(?x)])]
 @every *x [(sometree[(?x)]  computer[(?x)])]
]"," (nocomputerthat(x) , animal(x))
  (noanimalthat(x) , tree(x))
 forall (sometree(x) -: computer(x))
",+(+N1++A1)+(+N1++T1)-(+S0-+C0),"x (nocomputerthat(x) & animal(x))
 x (noanimalthat(x) & tree(x))
 all:x (sometree(x) :- computer(x))
",categorical
f942476a-e905-4659-a4a0-b5aa00622fbc,The group of humans and the group of people have nothing in common. All of the things that are men are people. Men are not humans.,True,False,"∃x (GroupOfHumanAndTheGroupOfPeople(x) ∧ ¬NothingInCommon(x))
 ∀x (OfTheThingThat(x) → MenPeople(x))
 ∀x (Men(x) → NotHuman(x))
","exists x (groupofhumanandthegroupofpeople(x) and not nothingincommon(x))
 forall x (ofthethingthat(x) implies menpeople(x))
 forall x (men(x) implies nothuman(x))
","[*x [(groupofhumanandthegroupofpeople[(?x)]  ~nothingincommon[(?x)])]
 @every *x [(ofthethingthat[(?x)]  menpeople[(?x)])]
 @every *x [(men[(?x)]  nothuman[(?x)])]
]"," (groupofhumanandthegroupofpeople(x) , notnothingincommon(x))
 forall (ofthethingthat(x) -: menpeople(x))
 forall (men(x) -: nothuman(x))
",+(+G1+-+N1)-(+O0-+M0)-(+M0-+N0),"x (groupofhumanandthegroupofpeople(x) & ~nothingincommon(x))
 all:x (ofthethingthat(x) :- menpeople(x))
 all:x (men(x) :- nothuman(x))
",categorical
06689352-cd51-48f4-8767-0864666d0941,"Anything that is a novel is a book. All books are publications. From these facts, it is clear that a few publications are novels.",True,True,"∀x (AnythingThat(x) → NovelABook(x))
 ∀x (Book(x) → Publication(x))
 ∀x (FromTheseFactIt(x) → ClearThatAFewPublicationNovel(x))
","forall x (anythingthat(x) implies novelabook(x))
 forall x (book(x) implies publication(x))
 forall x (fromthesefactit(x) implies clearthatafewpublicationnovel(x))
","[@every *x [(anythingthat[(?x)]  novelabook[(?x)])]
 @every *x [(book[(?x)]  publication[(?x)])]
 @every *x [(fromthesefactit[(?x)]  clearthatafewpublicationnovel[(?x)])]
]","forall (anythingthat(x) -: novelabook(x))
 forall (book(x) -: publication(x))
 forall (fromthesefactit(x) -: clearthatafewpublicationnovel(x))
",-(+A0-+N0)-(+B0-+P0)-(+F0-+C0),"all:x (anythingthat(x) :- novelabook(x))
 all:x (book(x) :- publication(x))
 all:x (fromthesefactit(x) :- clearthatafewpublicationnovel(x))
",categorical
b0164134-d52b-4506-92ee-d71e2109d717,"Every single thing that is a snake is a cold-blooded animal. A few snakes are a type of reptile. Thus, some reptiles are cold-blooded animals.",True,True,"∀x (SingleThingThat(x) → SnakeAColdbloodedAnimal(x))
 ∀x (FewSnake(x) → TypeOfReptile(x))
 ∀x (SomeReptile(x) → ColdbloodedAnimal(x))
","forall x (singlethingthat(x) implies snakeacoldbloodedanimal(x))
 forall x (fewsnake(x) implies typeofreptile(x))
 forall x (somereptile(x) implies coldbloodedanimal(x))
","[@every *x [(singlethingthat[(?x)]  snakeacoldbloodedanimal[(?x)])]
 @every *x [(fewsnake[(?x)]  typeofreptile[(?x)])]
 @every *x [(somereptile[(?x)]  coldbloodedanimal[(?x)])]
]","forall (singlethingthat(x) -: snakeacoldbloodedanimal(x))
 forall (fewsnake(x) -: typeofreptile(x))
 forall (somereptile(x) -: coldbloodedanimal(x))
",-(+S0-+S0)-(+F0-+T0)-(+S0-+C0),"all:x (singlethingthat(x) :- snakeacoldbloodedanimal(x))
 all:x (fewsnake(x) :- typeofreptile(x))
 all:x (somereptile(x) :- coldbloodedanimal(x))
",categorical
f829409c-4e08-476e-bc07-864702de5a37,Every single insect is an arthropod. None of the creatures that are arthropods are vertebrates. It follows directly that no vertebrate is an insect.,True,True,"∀x (SingleInsect(x) → Arthropod(x))
 ∀x (Of(x) → ¬CreatureThatArthropodVertebrate(x))
 ∀x (DirectlyThatNoVertebrate(x) → Insect(x))
","forall x (singleinsect(x) implies arthropod(x))
 forall x (of(x) implies not creaturethatarthropodvertebrate(x))
 forall x (directlythatnovertebrate(x) implies insect(x))
","[@every *x [(singleinsect[(?x)]  arthropod[(?x)])]
 @every *x [(of[(?x)]  ~creaturethatarthropodvertebrate[(?x)])]
 @every *x [(directlythatnovertebrate[(?x)]  insect[(?x)])]
]","forall (singleinsect(x) -: arthropod(x))
 forall (of(x) -: notcreaturethatarthropodvertebrate(x))
 forall (directlythatnovertebrate(x) -: insect(x))
",-(+S0-+A0)-(+O0--+C0)-(+D0-+I0),"all:x (singleinsect(x) :- arthropod(x))
 all:x (of(x) :- ~creaturethatarthropodvertebrate(x))
 all:x (directlythatnovertebrate(x) :- insect(x))
",categorical
a3fc4115-5212-451a-888d-d044c14c1678,"Any creature that is a cat is not an animal. There are cats which are also dogs. From this, we know that there are certain dogs that are not animals.",True,False,"∀x (CreatureThat(x) → CatNotAnAnimal(x))
 ∃x (CatWhich(x) ∧ AlsoDog(x))
 ∀x (FromThiWeKnowThatThere(x) → DogThatNotAnimal(x))
","forall x (creaturethat(x) implies catnotananimal(x))
 exists x (catwhich(x) and alsodog(x))
 forall x (fromthiweknowthatthere(x) implies dogthatnotanimal(x))
","[@every *x [(creaturethat[(?x)]  catnotananimal[(?x)])]
 *x [(catwhich[(?x)]  alsodog[(?x)])]
 @every *x [(fromthiweknowthatthere[(?x)]  dogthatnotanimal[(?x)])]
]","forall (creaturethat(x) -: catnotananimal(x))
  (catwhich(x) , alsodog(x))
 forall (fromthiweknowthatthere(x) -: dogthatnotanimal(x))
",-(+C0-+C0)+(+C1++A1)-(+F0-+D0),"all:x (creaturethat(x) :- catnotananimal(x))
 x (catwhich(x) & alsodog(x))
 all:x (fromthiweknowthatthere(x) :- dogthatnotanimal(x))
",categorical
ab1b1f7c-4328-4345-b449-99e1b7e58b05,Every star is a luminous celestial body. There are some planets that are not luminous. It is the case that some planets are not stars.,True,True,"∀x (Star(x) → LuminouCelestialBody(x))
 ∃x (PlanetThat(x) ∧ NotLuminou(x))
 ∀x (It(x) → CaseThatSomePlanetNotStar(x))
","forall x (star(x) implies luminoucelestialbody(x))
 exists x (planetthat(x) and notluminou(x))
 forall x (it(x) implies casethatsomeplanetnotstar(x))
","[@every *x [(star[(?x)]  luminoucelestialbody[(?x)])]
 *x [(planetthat[(?x)]  notluminou[(?x)])]
 @every *x [(it[(?x)]  casethatsomeplanetnotstar[(?x)])]
]","forall (star(x) -: luminoucelestialbody(x))
  (planetthat(x) , notluminou(x))
 forall (it(x) -: casethatsomeplanetnotstar(x))
",-(+S0-+L0)+(+P1++N1)-(+I0-+C0),"all:x (star(x) :- luminoucelestialbody(x))
 x (planetthat(x) & notluminou(x))
 all:x (it(x) :- casethatsomeplanetnotstar(x))
",categorical
6fa051ab-5673-4ce7-8234-3baf75bd1d64,"Houses are never schools. A few schools are, in fact, buildings. There exist buildings that are not houses.",True,True,"∀x (House(x) → NeverSchool(x))
 ∀x (FewSchool(x) → InFactBuilding(x))
 ∃x (BuildingThat(x) ∧ NotHouse(x))
","forall x (house(x) implies neverschool(x))
 forall x (fewschool(x) implies infactbuilding(x))
 exists x (buildingthat(x) and nothouse(x))
","[@every *x [(house[(?x)]  neverschool[(?x)])]
 @every *x [(fewschool[(?x)]  infactbuilding[(?x)])]
 *x [(buildingthat[(?x)]  nothouse[(?x)])]
]","forall (house(x) -: neverschool(x))
 forall (fewschool(x) -: infactbuilding(x))
  (buildingthat(x) , nothouse(x))
",-(+H0-+N0)-(+F0-+I0)+(+B1++N1),"all:x (house(x) :- neverschool(x))
 all:x (fewschool(x) :- infactbuilding(x))
 x (buildingthat(x) & nothouse(x))
",categorical
fda01b69-75f5-4d16-8604-0ddb8cdec3c1,Every single grape is a fruit. There exist some carrots that are not fruits. It must be that some carrots are not grapes.,True,True,"∀x (SingleGrape(x) → Fruit(x))
 ∃x (CarrotThat(x) ∧ NotFruit(x))
 ∀x (ItMustBeThatSomeCarrot(x) → NotGrape(x))
","forall x (singlegrape(x) implies fruit(x))
 exists x (carrotthat(x) and notfruit(x))
 forall x (itmustbethatsomecarrot(x) implies notgrape(x))
","[@every *x [(singlegrape[(?x)]  fruit[(?x)])]
 *x [(carrotthat[(?x)]  notfruit[(?x)])]
 @every *x [(itmustbethatsomecarrot[(?x)]  notgrape[(?x)])]
]","forall (singlegrape(x) -: fruit(x))
  (carrotthat(x) , notfruit(x))
 forall (itmustbethatsomecarrot(x) -: notgrape(x))
",-(+S0-+F0)+(+C1++N1)-(+I0-+N0),"all:x (singlegrape(x) :- fruit(x))
 x (carrotthat(x) & notfruit(x))
 all:x (itmustbethatsomecarrot(x) :- notgrape(x))
",categorical
7047ea6a-0592-4226-9d6c-8d852a4e4d83,Not a single thing that is a canine is a feline. It is the case that a portion of dogs are canines. This proves that some dogs are felines.,False,False,"∀x (Thing(x) → ¬ThatACanineAFeline(x))
 ∀x (It(x) → CaseThatAPortionOfDogCanine(x))
 ∀x (ThiProveThatSomeDog(x) → Feline(x))
","forall x (thing(x) implies not thatacanineafeline(x))
 forall x (it(x) implies casethataportionofdogcanine(x))
 forall x (thiprovethatsomedog(x) implies feline(x))
","[@every *x [(thing[(?x)]  ~thatacanineafeline[(?x)])]
 @every *x [(it[(?x)]  casethataportionofdogcanine[(?x)])]
 @every *x [(thiprovethatsomedog[(?x)]  feline[(?x)])]
]","forall (thing(x) -: notthatacanineafeline(x))
 forall (it(x) -: casethataportionofdogcanine(x))
 forall (thiprovethatsomedog(x) -: feline(x))
",-(+T0--+T0)-(+I0-+C0)-(+T0-+F0),"all:x (thing(x) :- ~thatacanineafeline(x))
 all:x (it(x) :- casethataportionofdogcanine(x))
 all:x (thiprovethatsomedog(x) :- feline(x))
",categorical
d20244c4-f1d9-483d-9504-66e3a29118cc,There are no trees that cannot teleport. Every single thing that can teleport has gills. It is a logical consequence that some things with gills are trees.,True,False,"∀x (There(x) → NoTreeThatCannotTeleport(x))
 ∀x (SingleThingThatCanTeleportHasGill(x))
 ∀x (It(x) → LogicalConsequenceThatSomeThingWithGillTree(x))
","forall x (there(x) implies notreethatcannotteleport(x))
 forall x (singlethingthatcanteleporthasgill(x))
 forall x (it(x) implies logicalconsequencethatsomethingwithgilltree(x))
","[@every *x [(there[(?x)]  notreethatcannotteleport[(?x)])]
 @every *x [(singlethingthatcanteleporthasgill[(?x)])]
 @every *x [(it[(?x)]  logicalconsequencethatsomethingwithgilltree[(?x)])]
]","forall (there(x) -: notreethatcannotteleport(x))
 forall (singlethingthatcanteleporthasgill(x))
 forall (it(x) -: logicalconsequencethatsomethingwithgilltree(x))
",-(+T0-+N0)-(+S0)-(+I0-+L0),"all:x (there(x) :- notreethatcannotteleport(x))
 all:x (singlethingthatcanteleporthasgill(x))
 all:x (it(x) :- logicalconsequencethatsomethingwithgilltree(x))
",categorical
ec3d4144-b083-43d2-a400-20da589c8627,It is true that everything which is a bird is a winged creature. There are no insects which are birds. A conclusion that can be drawn from this is that there are no insects which are winged creatures.,False,False,"∀x (EverythingWhich(x) → BirdAWingedCreatureThereNoInsectWhichBirdAConclusionThatCanBeDrawnFromThiThatThereNoInsectWhichWingedCreature(x))
","forall x (everythingwhich(x) implies birdawingedcreaturetherenoinsectwhichbirdaconclusionthatcanbedrawnfromthithattherenoinsectwhichwingedcreature(x))
","[@every *x [(everythingwhich[(?x)]  birdawingedcreaturetherenoinsectwhichbirdaconclusionthatcanbedrawnfromthithattherenoinsectwhichwingedcreature[(?x)])]
]","forall (everythingwhich(x) -: birdawingedcreaturetherenoinsectwhichbirdaconclusionthatcanbedrawnfromthithattherenoinsectwhichwingedcreature(x))
",-(+E0-+B0),"all:x (everythingwhich(x) :- birdawingedcreaturetherenoinsectwhichbirdaconclusionthatcanbedrawnfromthithattherenoinsectwhichwingedcreature(x))
",categorical
a907b7ac-65e7-4dbf-83db-21957c0c2a8f,Every sport requires physical activity. There is no such thing as soccer that isn't a sport. At least some soccer is a thing that requires physical activity.,True,True,"∀x (SportRequirePhysicalActivity(x))
 ∀x (There(x) → NoSuchThingAsSoccerThatIsntASport(x))
 ∀x (AtLeastSomeSoccer(x) → ThingThatRequirePhysicalActivity(x))
","forall x (sportrequirephysicalactivity(x))
 forall x (there(x) implies nosuchthingassoccerthatisntasport(x))
 forall x (atleastsomesoccer(x) implies thingthatrequirephysicalactivity(x))
","[@every *x [(sportrequirephysicalactivity[(?x)])]
 @every *x [(there[(?x)]  nosuchthingassoccerthatisntasport[(?x)])]
 @every *x [(atleastsomesoccer[(?x)]  thingthatrequirephysicalactivity[(?x)])]
]","forall (sportrequirephysicalactivity(x))
 forall (there(x) -: nosuchthingassoccerthatisntasport(x))
 forall (atleastsomesoccer(x) -: thingthatrequirephysicalactivity(x))
",-(+S0)-(+T0-+N0)-(+A0-+T0),"all:x (sportrequirephysicalactivity(x))
 all:x (there(x) :- nosuchthingassoccerthatisntasport(x))
 all:x (atleastsomesoccer(x) :- thingthatrequirephysicalactivity(x))
",categorical
4598dede-6a7f-4cbb-b3fe-b6c05c78c836,Anything that is a doctor is an alien. There are no aliens who are humans. This means that no human is a doctor.,True,False,"∀x (AnythingThat(x) → DoctorAnAlien(x))
 ∃x (NoAlienWho(x) ∧ Human(x))
 ∀x (ThiMeanThatNoHuman(x) → Doctor(x))
","forall x (anythingthat(x) implies doctoranalien(x))
 exists x (noalienwho(x) and human(x))
 forall x (thimeanthatnohuman(x) implies doctor(x))
","[@every *x [(anythingthat[(?x)]  doctoranalien[(?x)])]
 *x [(noalienwho[(?x)]  human[(?x)])]
 @every *x [(thimeanthatnohuman[(?x)]  doctor[(?x)])]
]","forall (anythingthat(x) -: doctoranalien(x))
  (noalienwho(x) , human(x))
 forall (thimeanthatnohuman(x) -: doctor(x))
",-(+A0-+D0)+(+N1++H1)-(+T0-+D0),"all:x (anythingthat(x) :- doctoranalien(x))
 x (noalienwho(x) & human(x))
 all:x (thimeanthatnohuman(x) :- doctor(x))
",categorical
d7842911-1759-4c23-836c-3f81f873af73,"It is the case that no fruits are vegetables. It is also true that no apples are fruits. From these statements, one can conclude that some apples are not vegetables.",False,False,"∀x (It(x) → CaseThatNoFruitVegetable(x))
 ∀x (It(x) → AlsoTrueThatNoAppleFruit(x))
 ∀x (FromTheseStatementOneCanConcludeThatSomeApple(x) → NotVegetable(x))
","forall x (it(x) implies casethatnofruitvegetable(x))
 forall x (it(x) implies alsotruethatnoapplefruit(x))
 forall x (fromthesestatementonecanconcludethatsomeapple(x) implies notvegetable(x))
","[@every *x [(it[(?x)]  casethatnofruitvegetable[(?x)])]
 @every *x [(it[(?x)]  alsotruethatnoapplefruit[(?x)])]
 @every *x [(fromthesestatementonecanconcludethatsomeapple[(?x)]  notvegetable[(?x)])]
]","forall (it(x) -: casethatnofruitvegetable(x))
 forall (it(x) -: alsotruethatnoapplefruit(x))
 forall (fromthesestatementonecanconcludethatsomeapple(x) -: notvegetable(x))
",-(+I0-+C0)-(+I0-+A0)-(+F0-+N0),"all:x (it(x) :- casethatnofruitvegetable(x))
 all:x (it(x) :- alsotruethatnoapplefruit(x))
 all:x (fromthesestatementonecanconcludethatsomeapple(x) :- notvegetable(x))
",categorical
6904b1e8-8a48-4ef1-b450-d8f54773bf96,"It is not true that any flower is a plant. All things that are roses are flowers. Thus, some roses are not plants.",True,False,"∀x (It(x) → NotTrueThatAnyFlowerAPlant(x))
 ∀x (ThingThat(x) → RoseFlower(x))
 ∀x (SomeRose(x) → NotPlant(x))
","forall x (it(x) implies nottruethatanyfloweraplant(x))
 forall x (thingthat(x) implies roseflower(x))
 forall x (somerose(x) implies notplant(x))
","[@every *x [(it[(?x)]  nottruethatanyfloweraplant[(?x)])]
 @every *x [(thingthat[(?x)]  roseflower[(?x)])]
 @every *x [(somerose[(?x)]  notplant[(?x)])]
]","forall (it(x) -: nottruethatanyfloweraplant(x))
 forall (thingthat(x) -: roseflower(x))
 forall (somerose(x) -: notplant(x))
",-(+I0-+N0)-(+T0-+R0)-(+S0-+N0),"all:x (it(x) :- nottruethatanyfloweraplant(x))
 all:x (thingthat(x) :- roseflower(x))
 all:x (somerose(x) :- notplant(x))
",categorical
d58fd355-2a98-4501-ac04-058a05090a80,Anyone who is a president is a citizen. Every single person who is a senator is a citizen. This leads to the conclusion that there are some senators who are not citizens.,False,False,"∀x (AnyoneWho(x) → PresidentACitizen(x))
 ∀x (SinglePersonWho(x) → SenatorACitizen(x))
 ∀x (ThiLeadToTheConclusionThatThere(x) → SenatorWhoNotCitizen(x))
","forall x (anyonewho(x) implies presidentacitizen(x))
 forall x (singlepersonwho(x) implies senatoracitizen(x))
 forall x (thileadtotheconclusionthatthere(x) implies senatorwhonotcitizen(x))
","[@every *x [(anyonewho[(?x)]  presidentacitizen[(?x)])]
 @every *x [(singlepersonwho[(?x)]  senatoracitizen[(?x)])]
 @every *x [(thileadtotheconclusionthatthere[(?x)]  senatorwhonotcitizen[(?x)])]
]","forall (anyonewho(x) -: presidentacitizen(x))
 forall (singlepersonwho(x) -: senatoracitizen(x))
 forall (thileadtotheconclusionthatthere(x) -: senatorwhonotcitizen(x))
",-(+A0-+P0)-(+S0-+S0)-(+T0-+S0),"all:x (anyonewho(x) :- presidentacitizen(x))
 all:x (singlepersonwho(x) :- senatoracitizen(x))
 all:x (thileadtotheconclusionthatthere(x) :- senatorwhonotcitizen(x))
",categorical
b8ce3ed1-0261-4bf8-b8c3-4022ae92ee7f,"Nothing that is a bird is also a mammal. It is known that some pets are mammals. Consequently, some pets are birds.",False,True,"∀x (NothingThat(x) → BirdAlsoAMammal(x))
 ∀x (It(x) → KnownThatSomePetMammal(x))
 ∀x (SomePet(x) → Bird(x))
","forall x (nothingthat(x) implies birdalsoamammal(x))
 forall x (it(x) implies knownthatsomepetmammal(x))
 forall x (somepet(x) implies bird(x))
","[@every *x [(nothingthat[(?x)]  birdalsoamammal[(?x)])]
 @every *x [(it[(?x)]  knownthatsomepetmammal[(?x)])]
 @every *x [(somepet[(?x)]  bird[(?x)])]
]","forall (nothingthat(x) -: birdalsoamammal(x))
 forall (it(x) -: knownthatsomepetmammal(x))
 forall (somepet(x) -: bird(x))
",-(+N0-+B0)-(+I0-+K0)-(+S0-+B0),"all:x (nothingthat(x) :- birdalsoamammal(x))
 all:x (it(x) :- knownthatsomepetmammal(x))
 all:x (somepet(x) :- bird(x))
",categorical
9c38a362-17ab-4f2e-a883-d6bd3ff7fa2e,"Every tiger is a feline. All tigers are also mammals. Therefore, all mammals are felines.",False,False,"∀x (Tiger(x) → Feline(x))
 ∀x (Tiger(x) → AlsoMammal(x))
 ∀x (AllMammal(x) → Feline(x))
","forall x (tiger(x) implies feline(x))
 forall x (tiger(x) implies alsomammal(x))
 forall x (allmammal(x) implies feline(x))
","[@every *x [(tiger[(?x)]  feline[(?x)])]
 @every *x [(tiger[(?x)]  alsomammal[(?x)])]
 @every *x [(allmammal[(?x)]  feline[(?x)])]
]","forall (tiger(x) -: feline(x))
 forall (tiger(x) -: alsomammal(x))
 forall (allmammal(x) -: feline(x))
",-(+T0-+F0)-(+T0-+A0)-(+A0-+F0),"all:x (tiger(x) :- feline(x))
 all:x (tiger(x) :- alsomammal(x))
 all:x (allmammal(x) :- feline(x))
",categorical
82567966-505e-45fe-a4b0-c34de685c0a7,Every single dog is a mammal. A small number of mammals are animals. Some animals are not dogs.,False,True,"∀x (SingleDog(x) → Mammal(x))
 ∀x (SmallNumberOfMammal(x) → Animal(x))
 ∃x (Animal(x) ∧ NotDog(x))
","forall x (singledog(x) implies mammal(x))
 forall x (smallnumberofmammal(x) implies animal(x))
 exists x (animal(x) and notdog(x))
","[@every *x [(singledog[(?x)]  mammal[(?x)])]
 @every *x [(smallnumberofmammal[(?x)]  animal[(?x)])]
 *x [(animal[(?x)]  notdog[(?x)])]
]","forall (singledog(x) -: mammal(x))
 forall (smallnumberofmammal(x) -: animal(x))
  (animal(x) , notdog(x))
",-(+S0-+M0)-(+S0-+A0)+(+A1++N1),"all:x (singledog(x) :- mammal(x))
 all:x (smallnumberofmammal(x) :- animal(x))
 x (animal(x) & notdog(x))
",categorical
3adadf58-1822-4358-a40b-b7c4ca7f9afa,"There is no overlap between the category of vegetables and the category of fruits. Anything that is an apple is, by definition, a fruit. Apples and vegetables are two separate categories.",True,True,"∀x (There(x) → NoOverlapBetweenTheCategoryOfVegetableAndTheCategoryOfFruit(x))
 ∀x (AnythingThat(x) → AppleByDefinitionAFruit(x))
 ∀x (AppleAndVegetable(x) → TwoSeparateCategorie(x))
","forall x (there(x) implies nooverlapbetweenthecategoryofvegetableandthecategoryoffruit(x))
 forall x (anythingthat(x) implies applebydefinitionafruit(x))
 forall x (appleandvegetable(x) implies twoseparatecategorie(x))
","[@every *x [(there[(?x)]  nooverlapbetweenthecategoryofvegetableandthecategoryoffruit[(?x)])]
 @every *x [(anythingthat[(?x)]  applebydefinitionafruit[(?x)])]
 @every *x [(appleandvegetable[(?x)]  twoseparatecategorie[(?x)])]
]","forall (there(x) -: nooverlapbetweenthecategoryofvegetableandthecategoryoffruit(x))
 forall (anythingthat(x) -: applebydefinitionafruit(x))
 forall (appleandvegetable(x) -: twoseparatecategorie(x))
",-(+T0-+N0)-(+A0-+A0)-(+A0-+T0),"all:x (there(x) :- nooverlapbetweenthecategoryofvegetableandthecategoryoffruit(x))
 all:x (anythingthat(x) :- applebydefinitionafruit(x))
 all:x (appleandvegetable(x) :- twoseparatecategorie(x))
",categorical
21,"Every single plankton is an organism. No cheese is a plankton. Consequently, there exist organisms that are not cheeses.",True,True,"∀x (SinglePlankton(x) → Organism(x))
 ∀x (Cheese(x) → ¬Plankton(x))
 ∀x (ThereExistOrganismThat(x) → NotCheese(x))
","forall x (singleplankton(x) implies organism(x))
 forall x (cheese(x) implies not plankton(x))
 forall x (thereexistorganismthat(x) implies notcheese(x))
","[@every *x [(singleplankton[(?x)]  organism[(?x)])]
 @every *x [(cheese[(?x)]  ~plankton[(?x)])]
 @every *x [(thereexistorganismthat[(?x)]  notcheese[(?x)])]
]","forall (singleplankton(x) -: organism(x))
 forall (cheese(x) -: notplankton(x))
 forall (thereexistorganismthat(x) -: notcheese(x))
",-(+S0-+O0)-(+C0--+P0)-(+T0-+N0),"all:x (singleplankton(x) :- organism(x))
 all:x (cheese(x) :- ~plankton(x))
 all:x (thereexistorganismthat(x) :- notcheese(x))
",categorical
14d879e5-8e7b-41c1-882c-1a75b86844b4,"Every single dog is a mammal. Nothing that is a lizard is a mammal. Consequently, there are no creatures that are both lizards and dogs.",True,True,"∀x (SingleDog(x) → Mammal(x))
 ∀x (NothingThat(x) → LizardAMammal(x))
 ∀x (There(x) → NoCreatureThatBothLizardAndDog(x))
","forall x (singledog(x) implies mammal(x))
 forall x (nothingthat(x) implies lizardamammal(x))
 forall x (there(x) implies nocreaturethatbothlizardanddog(x))
","[@every *x [(singledog[(?x)]  mammal[(?x)])]
 @every *x [(nothingthat[(?x)]  lizardamammal[(?x)])]
 @every *x [(there[(?x)]  nocreaturethatbothlizardanddog[(?x)])]
]","forall (singledog(x) -: mammal(x))
 forall (nothingthat(x) -: lizardamammal(x))
 forall (there(x) -: nocreaturethatbothlizardanddog(x))
",-(+S0-+M0)-(+N0-+L0)-(+T0-+N0),"all:x (singledog(x) :- mammal(x))
 all:x (nothingthat(x) :- lizardamammal(x))
 all:x (there(x) :- nocreaturethatbothlizardanddog(x))
",categorical
66621d65-5d64-4e5e-90a2-fd1eea48d437,There are no vegetables that are not poisonous. Anything that is a carrot is a vegetable. It follows that a number of carrots are poisonous.,True,False,"∃x (NoVegetableThat(x) ∧ NotPoisonou(x))
 ∀x (AnythingThat(x) → CarrotAVegetable(x))
 ∃x (Carrot(x) ∧ Poisonou(x))
","exists x (novegetablethat(x) and notpoisonou(x))
 forall x (anythingthat(x) implies carrotavegetable(x))
 exists x (carrot(x) and poisonou(x))
","[*x [(novegetablethat[(?x)]  notpoisonou[(?x)])]
 @every *x [(anythingthat[(?x)]  carrotavegetable[(?x)])]
 *x [(carrot[(?x)]  poisonou[(?x)])]
]"," (novegetablethat(x) , notpoisonou(x))
 forall (anythingthat(x) -: carrotavegetable(x))
  (carrot(x) , poisonou(x))
",+(+N1++N1)-(+A0-+C0)+(+C1++P1),"x (novegetablethat(x) & notpoisonou(x))
 all:x (anythingthat(x) :- carrotavegetable(x))
 x (carrot(x) & poisonou(x))
",categorical
be226ccb-e7b4-4f8c-b7d0-ef9640c705cb,Anything which is an animal is a flightless thing. Every single bird is an animal. There are no birds that are not flightless.,False,False,"∀x (AnythingWhich(x) → AnimalAFlightlesThing(x))
 ∀x (SingleBird(x) → Animal(x))
 ∃x (NoBirdThat(x) ∧ NotFlightles(x))
","forall x (anythingwhich(x) implies animalaflightlesthing(x))
 forall x (singlebird(x) implies animal(x))
 exists x (nobirdthat(x) and notflightles(x))
","[@every *x [(anythingwhich[(?x)]  animalaflightlesthing[(?x)])]
 @every *x [(singlebird[(?x)]  animal[(?x)])]
 *x [(nobirdthat[(?x)]  notflightles[(?x)])]
]","forall (anythingwhich(x) -: animalaflightlesthing(x))
 forall (singlebird(x) -: animal(x))
  (nobirdthat(x) , notflightles(x))
",-(+A0-+A0)-(+S0-+A0)+(+N1++N1),"all:x (anythingwhich(x) :- animalaflightlesthing(x))
 all:x (singlebird(x) :- animal(x))
 x (nobirdthat(x) & notflightles(x))
",categorical
66,There exist some fortresses that do not possess windows. Every single fortress is an implement. It follows that certain implements are not windows.,True,False,"∃x (ThereEx(x) ∧ ¬TSomeFortresseThatDoNotPossesWindow(x))
 ∀x (SingleFortres(x) → Implement(x))
 ∃x (Implement(x) ∧ NotWindow(x))
","exists x (thereex(x) and not tsomefortressethatdonotposseswindow(x))
 forall x (singlefortres(x) implies implement(x))
 exists x (implement(x) and notwindow(x))
","[*x [(thereex[(?x)]  ~tsomefortressethatdonotposseswindow[(?x)])]
 @every *x [(singlefortres[(?x)]  implement[(?x)])]
 *x [(implement[(?x)]  notwindow[(?x)])]
]"," (thereex(x) , nottsomefortressethatdonotposseswindow(x))
 forall (singlefortres(x) -: implement(x))
  (implement(x) , notwindow(x))
",+(+T1+-+T1)-(+S0-+I0)+(+I1++N1),"x (thereex(x) & ~tsomefortressethatdonotposseswindow(x))
 all:x (singlefortres(x) :- implement(x))
 x (implement(x) & notwindow(x))
",categorical
ddb9db4b-c186-4ee3-a305-7fcf317b255d,"There are all men that are humans. Every single man is a mortal. As a result, all mortals are humans.",False,False,"∃x (MenThat(x) ∧ Human(x))
 ∀x (SingleMan(x) → Mortal(x))
 ∀x (AllMortal(x) → Human(x))
","exists x (menthat(x) and human(x))
 forall x (singleman(x) implies mortal(x))
 forall x (allmortal(x) implies human(x))
","[*x [(menthat[(?x)]  human[(?x)])]
 @every *x [(singleman[(?x)]  mortal[(?x)])]
 @every *x [(allmortal[(?x)]  human[(?x)])]
]"," (menthat(x) , human(x))
 forall (singleman(x) -: mortal(x))
 forall (allmortal(x) -: human(x))
",+(+M1++H1)-(+S0-+M0)-(+A0-+H0),"x (menthat(x) & human(x))
 all:x (singleman(x) :- mortal(x))
 all:x (allmortal(x) :- human(x))
",categorical
8fdb598b-6ead-4c42-8de3-b075661b2942,Everything that is a pencil is a writing instrument. Nothing that is an eraser is a writing instrument. There exists at least one eraser which is not a pencil.,True,True,"∀x (EverythingThat(x) → PencilAWritingInstrument(x))
 ∀x (NothingThat(x) → EraserAWritingInstrument(x))
 ∀x (ThereExistAtLeastOneEraserWhich(x) → NotAPencil(x))
","forall x (everythingthat(x) implies pencilawritinginstrument(x))
 forall x (nothingthat(x) implies eraserawritinginstrument(x))
 forall x (thereexistatleastoneeraserwhich(x) implies notapencil(x))
","[@every *x [(everythingthat[(?x)]  pencilawritinginstrument[(?x)])]
 @every *x [(nothingthat[(?x)]  eraserawritinginstrument[(?x)])]
 @every *x [(thereexistatleastoneeraserwhich[(?x)]  notapencil[(?x)])]
]","forall (everythingthat(x) -: pencilawritinginstrument(x))
 forall (nothingthat(x) -: eraserawritinginstrument(x))
 forall (thereexistatleastoneeraserwhich(x) -: notapencil(x))
",-(+E0-+P0)-(+N0-+E0)-(+T0-+N0),"all:x (everythingthat(x) :- pencilawritinginstrument(x))
 all:x (nothingthat(x) :- eraserawritinginstrument(x))
 all:x (thereexistatleastoneeraserwhich(x) :- notapencil(x))
",categorical
7c03f7df-2432-474c-b889-72c099494fbb,Every spoon is a planet. All planets are singing lessons. It can be logically concluded that some singing lessons are spoons.,True,False,"∀x (Spoon(x) → Planet(x))
 ∀x (Planet(x) → SingingLesson(x))
 ∀x (ItCanBeLogicallyConcludedThatSomeSingingLesson(x) → Spoon(x))
","forall x (spoon(x) implies planet(x))
 forall x (planet(x) implies singinglesson(x))
 forall x (itcanbelogicallyconcludedthatsomesinginglesson(x) implies spoon(x))
","[@every *x [(spoon[(?x)]  planet[(?x)])]
 @every *x [(planet[(?x)]  singinglesson[(?x)])]
 @every *x [(itcanbelogicallyconcludedthatsomesinginglesson[(?x)]  spoon[(?x)])]
]","forall (spoon(x) -: planet(x))
 forall (planet(x) -: singinglesson(x))
 forall (itcanbelogicallyconcludedthatsomesinginglesson(x) -: spoon(x))
",-(+S0-+P0)-(+P0-+S0)-(+I0-+S0),"all:x (spoon(x) :- planet(x))
 all:x (planet(x) :- singinglesson(x))
 all:x (itcanbelogicallyconcludedthatsomesinginglesson(x) :- spoon(x))
",categorical
267512dd-01fb-4729-b167-a9df3f430683,"Every single animal that is a cat is a vertebrate. Some fish are classified as vertebrates. As a result, not all fish are cats.",False,True,"∀x (SingleAnimalThat(x) → CatAVertebrate(x))
 ∃x (Fish(x) ∧ ClassifiedAsVertebrate(x))
 ∃x (Fish(x) ∧ ¬Cat(x))
","forall x (singleanimalthat(x) implies catavertebrate(x))
 exists x (fish(x) and classifiedasvertebrate(x))
 exists x (fish(x) and not cat(x))
","[@every *x [(singleanimalthat[(?x)]  catavertebrate[(?x)])]
 *x [(fish[(?x)]  classifiedasvertebrate[(?x)])]
 *x [(fish[(?x)]  ~cat[(?x)])]
]","forall (singleanimalthat(x) -: catavertebrate(x))
  (fish(x) , classifiedasvertebrate(x))
  (fish(x) , notcat(x))
",-(+S0-+C0)+(+F1++C1)+(+F1+-+C1),"all:x (singleanimalthat(x) :- catavertebrate(x))
 x (fish(x) & classifiedasvertebrate(x))
 x (fish(x) & ~cat(x))
",categorical
c890f2c1-9631-4153-a60e-02a9a89ad258,Every single creature that is an animal with fins is a fish. It is also the case that some whales are fish. This leads to the conclusion that some whales are animals with fins.,False,True,"∀x (SingleCreatureThat(x) → AnimalWithFinAFish(x))
 ∀x (It(x) → AlsoTheCaseThatSomeWhaleFish(x))
 ∀x (ThiLeadToTheConclusionThatSomeWhale(x) → AnimalWithFin(x))
","forall x (singlecreaturethat(x) implies animalwithfinafish(x))
 forall x (it(x) implies alsothecasethatsomewhalefish(x))
 forall x (thileadtotheconclusionthatsomewhale(x) implies animalwithfin(x))
","[@every *x [(singlecreaturethat[(?x)]  animalwithfinafish[(?x)])]
 @every *x [(it[(?x)]  alsothecasethatsomewhalefish[(?x)])]
 @every *x [(thileadtotheconclusionthatsomewhale[(?x)]  animalwithfin[(?x)])]
]","forall (singlecreaturethat(x) -: animalwithfinafish(x))
 forall (it(x) -: alsothecasethatsomewhalefish(x))
 forall (thileadtotheconclusionthatsomewhale(x) -: animalwithfin(x))
",-(+S0-+A0)-(+I0-+A0)-(+T0-+A0),"all:x (singlecreaturethat(x) :- animalwithfinafish(x))
 all:x (it(x) :- alsothecasethatsomewhalefish(x))
 all:x (thileadtotheconclusionthatsomewhale(x) :- animalwithfin(x))
",categorical
1e137e72-636d-4cc6-9547-2266ee83ed53,There are no moons that are also planets. Everything that is a planet is also a celestial body. Some celestial bodies are not moons.,True,True,"∃x (NoMoonThat(x) ∧ AlsoPlanet(x))
 ∀x (EverythingThat(x) → PlanetAlsoACelestialBody(x))
 ∃x (CelestialBodie(x) ∧ NotMoon(x))
","exists x (nomoonthat(x) and alsoplanet(x))
 forall x (everythingthat(x) implies planetalsoacelestialbody(x))
 exists x (celestialbodie(x) and notmoon(x))
","[*x [(nomoonthat[(?x)]  alsoplanet[(?x)])]
 @every *x [(everythingthat[(?x)]  planetalsoacelestialbody[(?x)])]
 *x [(celestialbodie[(?x)]  notmoon[(?x)])]
]"," (nomoonthat(x) , alsoplanet(x))
 forall (everythingthat(x) -: planetalsoacelestialbody(x))
  (celestialbodie(x) , notmoon(x))
",+(+N1++A1)-(+E0-+P0)+(+C1++N1),"x (nomoonthat(x) & alsoplanet(x))
 all:x (everythingthat(x) :- planetalsoacelestialbody(x))
 x (celestialbodie(x) & notmoon(x))
",categorical
7a74a7dc-cc6f-4f5e-95fa-5bd9528c9d8d,"There are no insects that are animals. Every single ant is an insect. Consequently, nothing that is an ant is an animal.",True,False,"∃x (NoInsectThat(x) ∧ Animal(x))
 ∀x (SingleAnt(x) → Insect(x))
 ∀x (NothingThat(x) → AntAnAnimal(x))
","exists x (noinsectthat(x) and animal(x))
 forall x (singleant(x) implies insect(x))
 forall x (nothingthat(x) implies antananimal(x))
","[*x [(noinsectthat[(?x)]  animal[(?x)])]
 @every *x [(singleant[(?x)]  insect[(?x)])]
 @every *x [(nothingthat[(?x)]  antananimal[(?x)])]
]"," (noinsectthat(x) , animal(x))
 forall (singleant(x) -: insect(x))
 forall (nothingthat(x) -: antananimal(x))
",+(+N1++A1)-(+S0-+I0)-(+N0-+A0),"x (noinsectthat(x) & animal(x))
 all:x (singleant(x) :- insect(x))
 all:x (nothingthat(x) :- antananimal(x))
",categorical
11c65905-5cf1-495e-aa9e-720c9f8687fd,No buildings are found within the group of plants. The category of trees is entirely made up of plants. Buildings and trees are completely separate categories.,True,True,"∀x (Building(x) → ¬FoundWithinTheGroupOfPlant(x))
 ∀x (CategoryOfTree(x) → EntirelyMadeUpOfPlant(x))
 ∀x (BuildingAndTree(x) → CompletelySeparateCategorie(x))
","forall x (building(x) implies not foundwithinthegroupofplant(x))
 forall x (categoryoftree(x) implies entirelymadeupofplant(x))
 forall x (buildingandtree(x) implies completelyseparatecategorie(x))
","[@every *x [(building[(?x)]  ~foundwithinthegroupofplant[(?x)])]
 @every *x [(categoryoftree[(?x)]  entirelymadeupofplant[(?x)])]
 @every *x [(buildingandtree[(?x)]  completelyseparatecategorie[(?x)])]
]","forall (building(x) -: notfoundwithinthegroupofplant(x))
 forall (categoryoftree(x) -: entirelymadeupofplant(x))
 forall (buildingandtree(x) -: completelyseparatecategorie(x))
",-(+B0--+F0)-(+C0-+E0)-(+B0-+C0),"all:x (building(x) :- ~foundwithinthegroupofplant(x))
 all:x (categoryoftree(x) :- entirelymadeupofplant(x))
 all:x (buildingandtree(x) :- completelyseparatecategorie(x))
",categorical
9,A portion of sculptures are considered plastic arts. Statues are among the various forms of plastic arts. Every single statue is a type of sculpture.,False,True,"∃x (Sculpture(x) ∧ ConsideredPlasticArt(x))
 ∀x (Statue(x) → AmongTheVariouFormOfPlasticArt(x))
 ∀x (SingleStatue(x) → TypeOfSculpture(x))
","exists x (sculpture(x) and consideredplasticart(x))
 forall x (statue(x) implies amongthevariouformofplasticart(x))
 forall x (singlestatue(x) implies typeofsculpture(x))
","[*x [(sculpture[(?x)]  consideredplasticart[(?x)])]
 @every *x [(statue[(?x)]  amongthevariouformofplasticart[(?x)])]
 @every *x [(singlestatue[(?x)]  typeofsculpture[(?x)])]
]"," (sculpture(x) , consideredplasticart(x))
 forall (statue(x) -: amongthevariouformofplasticart(x))
 forall (singlestatue(x) -: typeofsculpture(x))
",+(+S1++C1)-(+S0-+A0)-(+S0-+T0),"x (sculpture(x) & consideredplasticart(x))
 all:x (statue(x) :- amongthevariouformofplasticart(x))
 all:x (singlestatue(x) :- typeofsculpture(x))
",hypothetical
f4795f98-61d3-4194-87d9-6aa2ba5e4d92,"Every single thing which is a fish is a creature. It is also the case that every single cat is a creature. From this, it follows that all cats are fish.",False,False,"∀x (SingleThingWhich(x) → FishACreature(x))
 ∀x (It(x) → AlsoTheCaseThatEverySingleCatACreature(x))
 ∀x (FromTh(x) → Thing(x))
 ∀x (Cat(x) → Fish(x))
","forall x (singlethingwhich(x) implies fishacreature(x))
 forall x (it(x) implies alsothecasethateverysinglecatacreature(x))
 forall x (fromth(x) implies thing(x))
 forall x (cat(x) implies fish(x))
","[@every *x [(singlethingwhich[(?x)]  fishacreature[(?x)])]
 @every *x [(it[(?x)]  alsothecasethateverysinglecatacreature[(?x)])]
 @every *x [(fromth[(?x)]  thing[(?x)])]
 @every *x [(cat[(?x)]  fish[(?x)])]
]","forall (singlethingwhich(x) -: fishacreature(x))
 forall (it(x) -: alsothecasethateverysinglecatacreature(x))
 forall (fromth(x) -: thing(x))
 forall (cat(x) -: fish(x))
",-(+S0-+F0)-(+I0-+A0)-(+F0-+T0)-(+C0-+F0),"all:x (singlethingwhich(x) :- fishacreature(x))
 all:x (it(x) :- alsothecasethateverysinglecatacreature(x))
 all:x (fromth(x) :- thing(x))
 all:x (cat(x) :- fish(x))
",categorical
5631278b-7761-4a8c-ae61-1694dd27d01a,Every person who is a prime minister is a politician. There are a number of people who are celebrities who are also politicians. It follows from this that there are some celebrities who are prime ministers.,False,True,"∀x (PersonWho(x) → PrimeMinisterAPolitician(x))
 ∃x (NumberOfPeopleWho(x) ∧ CelebritieWhoAlsoPolitician(x))
 ∀x (FromThiThatThere(x) → CelebritieWhoPrimeMinister(x))
","forall x (personwho(x) implies primeministerapolitician(x))
 exists x (numberofpeoplewho(x) and celebritiewhoalsopolitician(x))
 forall x (fromthithatthere(x) implies celebritiewhoprimeminister(x))
","[@every *x [(personwho[(?x)]  primeministerapolitician[(?x)])]
 *x [(numberofpeoplewho[(?x)]  celebritiewhoalsopolitician[(?x)])]
 @every *x [(fromthithatthere[(?x)]  celebritiewhoprimeminister[(?x)])]
]","forall (personwho(x) -: primeministerapolitician(x))
  (numberofpeoplewho(x) , celebritiewhoalsopolitician(x))
 forall (fromthithatthere(x) -: celebritiewhoprimeminister(x))
",-(+P0-+P0)+(+N1++C1)-(+F0-+C0),"all:x (personwho(x) :- primeministerapolitician(x))
 x (numberofpeoplewho(x) & celebritiewhoalsopolitician(x))
 all:x (fromthithatthere(x) :- celebritiewhoprimeminister(x))
",categorical
88906e17-b2f0-4ba9-9a42-387949ef58d8,There is no such thing as an insect that is also a mammal. Every single ant is an insect. It logically follows that ants are not mammals.,True,True,"∀x (There(x) → NoSuchThingAsAnInsectThatAlsoAMammal(x))
 ∀x (SingleAnt(x) → Insect(x))
 ∀x (Ant(x) → NotMammal(x))
","forall x (there(x) implies nosuchthingasaninsectthatalsoamammal(x))
 forall x (singleant(x) implies insect(x))
 forall x (ant(x) implies notmammal(x))
","[@every *x [(there[(?x)]  nosuchthingasaninsectthatalsoamammal[(?x)])]
 @every *x [(singleant[(?x)]  insect[(?x)])]
 @every *x [(ant[(?x)]  notmammal[(?x)])]
]","forall (there(x) -: nosuchthingasaninsectthatalsoamammal(x))
 forall (singleant(x) -: insect(x))
 forall (ant(x) -: notmammal(x))
",-(+T0-+N0)-(+S0-+I0)-(+A0-+N0),"all:x (there(x) :- nosuchthingasaninsectthatalsoamammal(x))
 all:x (singleant(x) :- insect(x))
 all:x (ant(x) :- notmammal(x))
",categorical
c73d301b-6e16-4a04-8f5d-13c379e2ec3d,Absolutely no primary color is also a secondary color. Some things which are visible colors are classified as primary colors. It is thus the case that not every visible color is a secondary color.,True,True,"∀x (AbsolutelyNoPrimaryColor(x) → AlsoASecondaryColor(x))
 ∃x (ThingWhich(x) ∧ VisibleColorClassifiedAsPrimaryColor(x))
 ∀x (It(x) → Thing(x))
 ∀x (CaseThatNotEveryVisibleColor(x) → SecondaryColor(x))
","forall x (absolutelynoprimarycolor(x) implies alsoasecondarycolor(x))
 exists x (thingwhich(x) and visiblecolorclassifiedasprimarycolor(x))
 forall x (it(x) implies thing(x))
 forall x (casethatnoteveryvisiblecolor(x) implies secondarycolor(x))
","[@every *x [(absolutelynoprimarycolor[(?x)]  alsoasecondarycolor[(?x)])]
 *x [(thingwhich[(?x)]  visiblecolorclassifiedasprimarycolor[(?x)])]
 @every *x [(it[(?x)]  thing[(?x)])]
 @every *x [(casethatnoteveryvisiblecolor[(?x)]  secondarycolor[(?x)])]
]","forall (absolutelynoprimarycolor(x) -: alsoasecondarycolor(x))
  (thingwhich(x) , visiblecolorclassifiedasprimarycolor(x))
 forall (it(x) -: thing(x))
 forall (casethatnoteveryvisiblecolor(x) -: secondarycolor(x))
",-(+A0-+A0)+(+T1++V1)-(+I0-+T0)-(+C0-+S0),"all:x (absolutelynoprimarycolor(x) :- alsoasecondarycolor(x))
 x (thingwhich(x) & visiblecolorclassifiedasprimarycolor(x))
 all:x (it(x) :- thing(x))
 all:x (casethatnoteveryvisiblecolor(x) :- secondarycolor(x))
",categorical
d225ab47-ffe9-454b-bb41-4915c4214497,Anything that is a fish swims. It is the case that no dog is a fish. This implies that some dogs swim.,False,True,"∀x (AnythingThat(x) → FishSwim(x))
 ∀x (It(x) → CaseThatNoDogAFish(x))
 ∀x (Th(x) → ImplieThatSomeDogSwim(x))
","forall x (anythingthat(x) implies fishswim(x))
 forall x (it(x) implies casethatnodogafish(x))
 forall x (th(x) implies impliethatsomedogswim(x))
","[@every *x [(anythingthat[(?x)]  fishswim[(?x)])]
 @every *x [(it[(?x)]  casethatnodogafish[(?x)])]
 @every *x [(th[(?x)]  impliethatsomedogswim[(?x)])]
]","forall (anythingthat(x) -: fishswim(x))
 forall (it(x) -: casethatnodogafish(x))
 forall (th(x) -: impliethatsomedogswim(x))
",-(+A0-+F0)-(+I0-+C0)-(+T0-+I0),"all:x (anythingthat(x) :- fishswim(x))
 all:x (it(x) :- casethatnodogafish(x))
 all:x (th(x) :- impliethatsomedogswim(x))
",categorical
0d500642-6df5-486f-ba53-d5ccdd5a3061,Every single writing tool is a spaceship. There are some erasers which are not spaceships. It follows that some erasers are not writing tools.,True,False,"∀x (SingleWritingTool(x) → Spaceship(x))
 ∃x (EraserWhich(x) ∧ NotSpaceship(x))
 ∃x (Eraser(x) ∧ NotWritingTool(x))
","forall x (singlewritingtool(x) implies spaceship(x))
 exists x (eraserwhich(x) and notspaceship(x))
 exists x (eraser(x) and notwritingtool(x))
","[@every *x [(singlewritingtool[(?x)]  spaceship[(?x)])]
 *x [(eraserwhich[(?x)]  notspaceship[(?x)])]
 *x [(eraser[(?x)]  notwritingtool[(?x)])]
]","forall (singlewritingtool(x) -: spaceship(x))
  (eraserwhich(x) , notspaceship(x))
  (eraser(x) , notwritingtool(x))
",-(+S0-+S0)+(+E1++N1)+(+E1++N1),"all:x (singlewritingtool(x) :- spaceship(x))
 x (eraserwhich(x) & notspaceship(x))
 x (eraser(x) & notwritingtool(x))
",categorical
c4cd23fd-f1d6-4bca-af94-e443e063a809,Anything that is an apple is not a citrus fruit. The group of items known as fruits has some members that are citrus fruits. The result of this is that some fruits are not apples.,True,True,"∀x (AnythingThat(x) → AppleNotACitruFruit(x))
 ∀x (GroupOfItemKnownAsFruitHasSomeMemberThat(x) → CitruFruit(x))
 ∀x (ResultOfThi(x) → ThatSomeFruitNotApple(x))
","forall x (anythingthat(x) implies applenotacitrufruit(x))
 forall x (groupofitemknownasfruithassomememberthat(x) implies citrufruit(x))
 forall x (resultofthi(x) implies thatsomefruitnotapple(x))
","[@every *x [(anythingthat[(?x)]  applenotacitrufruit[(?x)])]
 @every *x [(groupofitemknownasfruithassomememberthat[(?x)]  citrufruit[(?x)])]
 @every *x [(resultofthi[(?x)]  thatsomefruitnotapple[(?x)])]
]","forall (anythingthat(x) -: applenotacitrufruit(x))
 forall (groupofitemknownasfruithassomememberthat(x) -: citrufruit(x))
 forall (resultofthi(x) -: thatsomefruitnotapple(x))
",-(+A0-+A0)-(+G0-+C0)-(+R0-+T0),"all:x (anythingthat(x) :- applenotacitrufruit(x))
 all:x (groupofitemknownasfruithassomememberthat(x) :- citrufruit(x))
 all:x (resultofthi(x) :- thatsomefruitnotapple(x))
",categorical
81346be1-76d7-4051-b57c-05f0145dcd9c,There is no overlap between living things that can breathe oxygen and rocks. All things that are rocks are animals. Certain animals are not living things that can breathe oxygen.,True,False,"∀x (There(x) → NoOverlapBetweenLivingThingThatCanBreatheOxygenAndRock(x))
 ∀x (ThingThat(x) → RockAnimal(x))
 ∃x (Animal(x) ∧ NotLivingThingThatCanBreatheOxygen(x))
","forall x (there(x) implies nooverlapbetweenlivingthingthatcanbreatheoxygenandrock(x))
 forall x (thingthat(x) implies rockanimal(x))
 exists x (animal(x) and notlivingthingthatcanbreatheoxygen(x))
","[@every *x [(there[(?x)]  nooverlapbetweenlivingthingthatcanbreatheoxygenandrock[(?x)])]
 @every *x [(thingthat[(?x)]  rockanimal[(?x)])]
 *x [(animal[(?x)]  notlivingthingthatcanbreatheoxygen[(?x)])]
]","forall (there(x) -: nooverlapbetweenlivingthingthatcanbreatheoxygenandrock(x))
 forall (thingthat(x) -: rockanimal(x))
  (animal(x) , notlivingthingthatcanbreatheoxygen(x))
",-(+T0-+N0)-(+T0-+R0)+(+A1++N1),"all:x (there(x) :- nooverlapbetweenlivingthingthatcanbreatheoxygenandrock(x))
 all:x (thingthat(x) :- rockanimal(x))
 x (animal(x) & notlivingthingthatcanbreatheoxygen(x))
",categorical
de23d5a3-4fb9-46cc-84d8-e0cff6132ab1,"It is true that some vehicles are machines. It is also true that no spoons are vehicles. Thus, it is concluded that no spoons are machines.",False,True,"∃x (Vehicle(x) ∧ MachineItAlsoTrueThatNoSpoonVehicleThuItConcludedThatNoSpoonMachine(x))
","exists x (vehicle(x) and machineitalsotruethatnospoonvehiclethuitconcludedthatnospoonmachine(x))
","[*x [(vehicle[(?x)]  machineitalsotruethatnospoonvehiclethuitconcludedthatnospoonmachine[(?x)])]
]"," (vehicle(x) , machineitalsotruethatnospoonvehiclethuitconcludedthatnospoonmachine(x))
",+(+V1++M1),"x (vehicle(x) & machineitalsotruethatnospoonvehiclethuitconcludedthatnospoonmachine(x))
",categorical
72458ea2-0688-472b-bb76-2790c794ba46,There are some animals that are mammals. There are no mammals that are birds. It follows from this that some birds are animals.,False,True,"∃x (AnimalThat(x) ∧ Mammal(x))
 ∃x (NoMammalThat(x) ∧ Bird(x))
 ∀x (FromThiThatSomeBird(x) → Animal(x))
","exists x (animalthat(x) and mammal(x))
 exists x (nomammalthat(x) and bird(x))
 forall x (fromthithatsomebird(x) implies animal(x))
","[*x [(animalthat[(?x)]  mammal[(?x)])]
 *x [(nomammalthat[(?x)]  bird[(?x)])]
 @every *x [(fromthithatsomebird[(?x)]  animal[(?x)])]
]"," (animalthat(x) , mammal(x))
  (nomammalthat(x) , bird(x))
 forall (fromthithatsomebird(x) -: animal(x))
",+(+A1++M1)+(+N1++B1)-(+F0-+A0),"x (animalthat(x) & mammal(x))
 x (nomammalthat(x) & bird(x))
 all:x (fromthithatsomebird(x) :- animal(x))
",categorical
604c4371-08b2-478a-85a3-273194f6153e,Every single liquid is a fluid. It is impossible for any water to be a fluid. It can be concluded that no water is a liquid.,True,False,"∀x (SingleLiquid(x) → Fluid(x))
 ∀x (It(x) → ImpossibleForAnyWaterToBeAFluid(x))
 ∀x (ItCanBeConcludedThatNoWater(x) → Liquid(x))
","forall x (singleliquid(x) implies fluid(x))
 forall x (it(x) implies impossibleforanywatertobeafluid(x))
 forall x (itcanbeconcludedthatnowater(x) implies liquid(x))
","[@every *x [(singleliquid[(?x)]  fluid[(?x)])]
 @every *x [(it[(?x)]  impossibleforanywatertobeafluid[(?x)])]
 @every *x [(itcanbeconcludedthatnowater[(?x)]  liquid[(?x)])]
]","forall (singleliquid(x) -: fluid(x))
 forall (it(x) -: impossibleforanywatertobeafluid(x))
 forall (itcanbeconcludedthatnowater(x) -: liquid(x))
",-(+S0-+F0)-(+I0-+I0)-(+I0-+L0),"all:x (singleliquid(x) :- fluid(x))
 all:x (it(x) :- impossibleforanywatertobeafluid(x))
 all:x (itcanbeconcludedthatnowater(x) :- liquid(x))
",categorical
666ff1f1-6234-4cce-be59-4b760b692996,The set of planets and the set of clouds are mutually exclusive. All clouds in existence are Earth. A portion of Earth is not a planet.,True,False,"∀x (SetOfPlanetAndTheSetOfCloud(x) → MutuallyExclusive(x))
 ∀x (CloudInExistence(x) → Earth(x))
 ∀x (PortionOfEarth(x) → NotAPlanet(x))
","forall x (setofplanetandthesetofcloud(x) implies mutuallyexclusive(x))
 forall x (cloudinexistence(x) implies earth(x))
 forall x (portionofearth(x) implies notaplanet(x))
","[@every *x [(setofplanetandthesetofcloud[(?x)]  mutuallyexclusive[(?x)])]
 @every *x [(cloudinexistence[(?x)]  earth[(?x)])]
 @every *x [(portionofearth[(?x)]  notaplanet[(?x)])]
]","forall (setofplanetandthesetofcloud(x) -: mutuallyexclusive(x))
 forall (cloudinexistence(x) -: earth(x))
 forall (portionofearth(x) -: notaplanet(x))
",-(+S0-+M0)-(+C0-+E0)-(+P0-+N0),"all:x (setofplanetandthesetofcloud(x) :- mutuallyexclusive(x))
 all:x (cloudinexistence(x) :- earth(x))
 all:x (portionofearth(x) :- notaplanet(x))
",categorical
34b58acf-6301-4373-90cc-aa8b04fb151d,It is the case that all dogs are mammals. No cats are dogs. It follows that no cat is a mammal.,False,False,"∀x (It(x) → CaseThatAllDogMammal(x))
 ∀x (Cat(x) → ¬Dog(x))
 ∀x (Cat(x) → ¬Mammal(x))
","forall x (it(x) implies casethatalldogmammal(x))
 forall x (cat(x) implies not dog(x))
 forall x (cat(x) implies not mammal(x))
","[@every *x [(it[(?x)]  casethatalldogmammal[(?x)])]
 @every *x [(cat[(?x)]  ~dog[(?x)])]
 @every *x [(cat[(?x)]  ~mammal[(?x)])]
]","forall (it(x) -: casethatalldogmammal(x))
 forall (cat(x) -: notdog(x))
 forall (cat(x) -: notmammal(x))
",-(+I0-+C0)-(+C0--+D0)-(+C0--+M0),"all:x (it(x) :- casethatalldogmammal(x))
 all:x (cat(x) :- ~dog(x))
 all:x (cat(x) :- ~mammal(x))
",categorical
903efee0-a3c6-4577-af64-e1589aa528e9,Every single vegetable is not a fruit. A portion of the things that are croissants are fruits. The result of this is that some croissants are vegetables.,False,False,"∀x (SingleVegetable(x) → NotAFruit(x))
 ∃x (ThingThat(x) ∧ CroissantFruit(x))
 ∀x (ResultOfThi(x) → ThatSomeCroissantVegetable(x))
","forall x (singlevegetable(x) implies notafruit(x))
 exists x (thingthat(x) and croissantfruit(x))
 forall x (resultofthi(x) implies thatsomecroissantvegetable(x))
","[@every *x [(singlevegetable[(?x)]  notafruit[(?x)])]
 *x [(thingthat[(?x)]  croissantfruit[(?x)])]
 @every *x [(resultofthi[(?x)]  thatsomecroissantvegetable[(?x)])]
]","forall (singlevegetable(x) -: notafruit(x))
  (thingthat(x) , croissantfruit(x))
 forall (resultofthi(x) -: thatsomecroissantvegetable(x))
",-(+S0-+N0)+(+T1++C1)-(+R0-+T0),"all:x (singlevegetable(x) :- notafruit(x))
 x (thingthat(x) & croissantfruit(x))
 all:x (resultofthi(x) :- thatsomecroissantvegetable(x))
",categorical
c5d0501c-c25b-40c1-91c0-603b613de0cf,"Not one single doctor is a person who performs on stage. Every single musician is considered a person who performs on stage. Consequently, there exist some musicians who are not doctors.",True,True,"∀x (NotOneSingleDoctor(x) → PersonWhoPerformOnStage(x))
 ∀x (SingleMusician(x) → ConsideredAPersonWhoPerformOnStage(x))
 ∀x (ThereExistSomeMusicianWho(x) → NotDoctor(x))
","forall x (notonesingledoctor(x) implies personwhoperformonstage(x))
 forall x (singlemusician(x) implies consideredapersonwhoperformonstage(x))
 forall x (thereexistsomemusicianwho(x) implies notdoctor(x))
","[@every *x [(notonesingledoctor[(?x)]  personwhoperformonstage[(?x)])]
 @every *x [(singlemusician[(?x)]  consideredapersonwhoperformonstage[(?x)])]
 @every *x [(thereexistsomemusicianwho[(?x)]  notdoctor[(?x)])]
]","forall (notonesingledoctor(x) -: personwhoperformonstage(x))
 forall (singlemusician(x) -: consideredapersonwhoperformonstage(x))
 forall (thereexistsomemusicianwho(x) -: notdoctor(x))
",-(+N0-+P0)-(+S0-+C0)-(+T0-+N0),"all:x (notonesingledoctor(x) :- personwhoperformonstage(x))
 all:x (singlemusician(x) :- consideredapersonwhoperformonstage(x))
 all:x (thereexistsomemusicianwho(x) :- notdoctor(x))
",categorical
51fdf28a-0458-4d35-9d2b-9992fcb0a57e,"There is no fire which is hot. All of the bonfires are fire. Thus, there exist some bonfires which are not hot.",True,False,"∀x (There(x) → NoFireWhichHot(x))
 ∀x (OfTheBonfire(x) → Fire(x))
 ∀x (ThereExistSomeBonfireWhich(x) → NotHot(x))
","forall x (there(x) implies nofirewhichhot(x))
 forall x (ofthebonfire(x) implies fire(x))
 forall x (thereexistsomebonfirewhich(x) implies nothot(x))
","[@every *x [(there[(?x)]  nofirewhichhot[(?x)])]
 @every *x [(ofthebonfire[(?x)]  fire[(?x)])]
 @every *x [(thereexistsomebonfirewhich[(?x)]  nothot[(?x)])]
]","forall (there(x) -: nofirewhichhot(x))
 forall (ofthebonfire(x) -: fire(x))
 forall (thereexistsomebonfirewhich(x) -: nothot(x))
",-(+T0-+N0)-(+O0-+F0)-(+T0-+N0),"all:x (there(x) :- nofirewhichhot(x))
 all:x (ofthebonfire(x) :- fire(x))
 all:x (thereexistsomebonfirewhich(x) :- nothot(x))
",categorical
9f14cb82-d768-436a-93b3-21de7617dc83,"Anyone who is a professor is an academic. Not a single artist is an academic. Consequently, no artist is a professor.",True,True,"∀x (AnyoneWho(x) → ProfessorAnAcademic(x))
 ∀x (Artist(x) → ¬Academic(x))
 ∀x (NoArtist(x) → Professor(x))
","forall x (anyonewho(x) implies professoranacademic(x))
 forall x (artist(x) implies not academic(x))
 forall x (noartist(x) implies professor(x))
","[@every *x [(anyonewho[(?x)]  professoranacademic[(?x)])]
 @every *x [(artist[(?x)]  ~academic[(?x)])]
 @every *x [(noartist[(?x)]  professor[(?x)])]
]","forall (anyonewho(x) -: professoranacademic(x))
 forall (artist(x) -: notacademic(x))
 forall (noartist(x) -: professor(x))
",-(+A0-+P0)-(+A0--+A0)-(+N0-+P0),"all:x (anyonewho(x) :- professoranacademic(x))
 all:x (artist(x) :- ~academic(x))
 all:x (noartist(x) :- professor(x))
",categorical
ae840f15-62f1-4001-9db4-28c53d3ee8d9,"No animals that are mammals can be considered fish. It is the case that some whales belong to the category of mammals. Consequently, some whales are not fish.",True,True,"∀x (Animal(x) → ¬ThatMammalCanBeConsideredFish(x))
 ∀x (It(x) → CaseThatSomeWhaleMammal(x))
 ∀x (SomeWhale(x) → NotFish(x))
","forall x (animal(x) implies not thatmammalcanbeconsideredfish(x))
 forall x (it(x) implies casethatsomewhalemammal(x))
 forall x (somewhale(x) implies notfish(x))
","[@every *x [(animal[(?x)]  ~thatmammalcanbeconsideredfish[(?x)])]
 @every *x [(it[(?x)]  casethatsomewhalemammal[(?x)])]
 @every *x [(somewhale[(?x)]  notfish[(?x)])]
]","forall (animal(x) -: notthatmammalcanbeconsideredfish(x))
 forall (it(x) -: casethatsomewhalemammal(x))
 forall (somewhale(x) -: notfish(x))
",-(+A0--+T0)-(+I0-+C0)-(+S0-+N0),"all:x (animal(x) :- ~thatmammalcanbeconsideredfish(x))
 all:x (it(x) :- casethatsomewhalemammal(x))
 all:x (somewhale(x) :- notfish(x))
",categorical
93a88d43-069b-4339-85b5-84b9ae226f88,Every teacher is a robot. None of the robots are humans. It follows that no human is a teacher.,True,False,"∀x (Teacher(x) → Robot(x))
 ∀x (Of(x) → ¬RobotHuman(x))
 ∀x (Human(x) → ¬Teacher(x))
","forall x (teacher(x) implies robot(x))
 forall x (of(x) implies not robothuman(x))
 forall x (human(x) implies not teacher(x))
","[@every *x [(teacher[(?x)]  robot[(?x)])]
 @every *x [(of[(?x)]  ~robothuman[(?x)])]
 @every *x [(human[(?x)]  ~teacher[(?x)])]
]","forall (teacher(x) -: robot(x))
 forall (of(x) -: notrobothuman(x))
 forall (human(x) -: notteacher(x))
",-(+T0-+R0)-(+O0--+R0)-(+H0--+T0),"all:x (teacher(x) :- robot(x))
 all:x (of(x) :- ~robothuman(x))
 all:x (human(x) :- ~teacher(x))
",categorical
857910a3-46a9-4278-9d37-739de49debd6,"There are no humans that are not made of glass. Every single thing made of glass is indestructible. From this, it can be derived that some indestructible things are humans.",True,False,"∃x (NoHumanThat(x) ∧ NotMadeOfGlas(x))
 ∀x (SingleThingMadeOfGlas(x) → Indestructible(x))
 ∀x (FromThiItCanBeDerivedThatSomeIndestructibleThing(x) → Human(x))
","exists x (nohumanthat(x) and notmadeofglas(x))
 forall x (singlethingmadeofglas(x) implies indestructible(x))
 forall x (fromthiitcanbederivedthatsomeindestructiblething(x) implies human(x))
","[*x [(nohumanthat[(?x)]  notmadeofglas[(?x)])]
 @every *x [(singlethingmadeofglas[(?x)]  indestructible[(?x)])]
 @every *x [(fromthiitcanbederivedthatsomeindestructiblething[(?x)]  human[(?x)])]
]"," (nohumanthat(x) , notmadeofglas(x))
 forall (singlethingmadeofglas(x) -: indestructible(x))
 forall (fromthiitcanbederivedthatsomeindestructiblething(x) -: human(x))
",+(+N1++N1)-(+S0-+I0)-(+F0-+H0),"x (nohumanthat(x) & notmadeofglas(x))
 all:x (singlethingmadeofglas(x) :- indestructible(x))
 all:x (fromthiitcanbederivedthatsomeindestructiblething(x) :- human(x))
",categorical
10378e06-9ec7-4344-a589-0d1fbbca4396,Every single novel is a planet. No planet is a book. It is a necessary conclusion that no book is a novel.,True,False,"∀x (SingleNovel(x) → Planet(x))
 ∀x (Planet(x) → ¬Book(x))
 ∀x (It(x) → NecessaryConclusionThatNoBookANovel(x))
","forall x (singlenovel(x) implies planet(x))
 forall x (planet(x) implies not book(x))
 forall x (it(x) implies necessaryconclusionthatnobookanovel(x))
","[@every *x [(singlenovel[(?x)]  planet[(?x)])]
 @every *x [(planet[(?x)]  ~book[(?x)])]
 @every *x [(it[(?x)]  necessaryconclusionthatnobookanovel[(?x)])]
]","forall (singlenovel(x) -: planet(x))
 forall (planet(x) -: notbook(x))
 forall (it(x) -: necessaryconclusionthatnobookanovel(x))
",-(+S0-+P0)-(+P0--+B0)-(+I0-+N0),"all:x (singlenovel(x) :- planet(x))
 all:x (planet(x) :- ~book(x))
 all:x (it(x) :- necessaryconclusionthatnobookanovel(x))
",categorical
fd526302-739f-45f2-95ed-73c2b00a85cb,Every dog is a mammal. Anything that is a cat is a mammal. This means that every cat is a dog.,False,False,"∀x (Dog(x) → Mammal(x))
 ∀x (AnythingThat(x) → CatAMammal(x))
 ∀x (ThiMeanThatEveryCat(x) → Dog(x))
","forall x (dog(x) implies mammal(x))
 forall x (anythingthat(x) implies catamammal(x))
 forall x (thimeanthateverycat(x) implies dog(x))
","[@every *x [(dog[(?x)]  mammal[(?x)])]
 @every *x [(anythingthat[(?x)]  catamammal[(?x)])]
 @every *x [(thimeanthateverycat[(?x)]  dog[(?x)])]
]","forall (dog(x) -: mammal(x))
 forall (anythingthat(x) -: catamammal(x))
 forall (thimeanthateverycat(x) -: dog(x))
",-(+D0-+M0)-(+A0-+C0)-(+T0-+D0),"all:x (dog(x) :- mammal(x))
 all:x (anythingthat(x) :- catamammal(x))
 all:x (thimeanthateverycat(x) :- dog(x))
",categorical
8b839892-71f7-4ea5-9c5b-7aa33246451f,Every single thing that is a number is a letter. The set of all integers contains no letters. It is the case that there are certain integers which are not numbers.,True,False,"∀x (SingleThingThat(x) → NumberALetter(x))
 ∀x (SetOfAllIntegerContainNoLetter(x))
 ∀x (It(x) → CaseThatThereCertainIntegerWhichNotNumber(x))
","forall x (singlethingthat(x) implies numberaletter(x))
 forall x (setofallintegercontainnoletter(x))
 forall x (it(x) implies casethattherecertainintegerwhichnotnumber(x))
","[@every *x [(singlethingthat[(?x)]  numberaletter[(?x)])]
 @every *x [(setofallintegercontainnoletter[(?x)])]
 @every *x [(it[(?x)]  casethattherecertainintegerwhichnotnumber[(?x)])]
]","forall (singlethingthat(x) -: numberaletter(x))
 forall (setofallintegercontainnoletter(x))
 forall (it(x) -: casethattherecertainintegerwhichnotnumber(x))
",-(+S0-+N0)-(+S0)-(+I0-+C0),"all:x (singlethingthat(x) :- numberaletter(x))
 all:x (setofallintegercontainnoletter(x))
 all:x (it(x) :- casethattherecertainintegerwhichnotnumber(x))
",categorical
8da50b76-04db-4f6c-b820-de5f57498334,"It is the case that all actors are performers. There are some men who are actors. Therefore, we can derive that some men are performers.",True,True,"∀x (It(x) → CaseThatAllActorPerformer(x))
 ∃x (MenWho(x) ∧ Actor(x))
 ∀x (WeCanDeriveThatSomeMen(x) → Performer(x))
","forall x (it(x) implies casethatallactorperformer(x))
 exists x (menwho(x) and actor(x))
 forall x (wecanderivethatsomemen(x) implies performer(x))
","[@every *x [(it[(?x)]  casethatallactorperformer[(?x)])]
 *x [(menwho[(?x)]  actor[(?x)])]
 @every *x [(wecanderivethatsomemen[(?x)]  performer[(?x)])]
]","forall (it(x) -: casethatallactorperformer(x))
  (menwho(x) , actor(x))
 forall (wecanderivethatsomemen(x) -: performer(x))
",-(+I0-+C0)+(+M1++A1)-(+W0-+P0),"all:x (it(x) :- casethatallactorperformer(x))
 x (menwho(x) & actor(x))
 all:x (wecanderivethatsomemen(x) :- performer(x))
",categorical
29250e54-2aae-4cb6-a6d3-f2b461c30e62,Every single item that is money is not currency. A subset of items that are dollars are currency. It follows that some dollars are not money.,True,False,"∀x (SingleItemThat(x) → MoneyNotCurrency(x))
 ∃x (ItemThat(x) ∧ DollarCurrency(x))
 ∃x (Dollar(x) ∧ NotMoney(x))
","forall x (singleitemthat(x) implies moneynotcurrency(x))
 exists x (itemthat(x) and dollarcurrency(x))
 exists x (dollar(x) and notmoney(x))
","[@every *x [(singleitemthat[(?x)]  moneynotcurrency[(?x)])]
 *x [(itemthat[(?x)]  dollarcurrency[(?x)])]
 *x [(dollar[(?x)]  notmoney[(?x)])]
]","forall (singleitemthat(x) -: moneynotcurrency(x))
  (itemthat(x) , dollarcurrency(x))
  (dollar(x) , notmoney(x))
",-(+S0-+M0)+(+I1++D1)+(+D1++N1),"all:x (singleitemthat(x) :- moneynotcurrency(x))
 x (itemthat(x) & dollarcurrency(x))
 x (dollar(x) & notmoney(x))
",categorical
8c0b8a2d-6338-4d41-9d69-ca633163341a,The group of furniture is a subset of the group of chairs. At least one sofa is not a chair. Not every sofa is a furntiture.,False,False,"∀x (GroupOfFurniture(x) → SubsetOfTheGroupOfChair(x))
 ∀x (AtLeastOneSofa(x) → NotAChair(x))
 ∀x (NotEverySofa(x) → Furntiture(x))
","forall x (groupoffurniture(x) implies subsetofthegroupofchair(x))
 forall x (atleastonesofa(x) implies notachair(x))
 forall x (noteverysofa(x) implies furntiture(x))
","[@every *x [(groupoffurniture[(?x)]  subsetofthegroupofchair[(?x)])]
 @every *x [(atleastonesofa[(?x)]  notachair[(?x)])]
 @every *x [(noteverysofa[(?x)]  furntiture[(?x)])]
]","forall (groupoffurniture(x) -: subsetofthegroupofchair(x))
 forall (atleastonesofa(x) -: notachair(x))
 forall (noteverysofa(x) -: furntiture(x))
",-(+G0-+S0)-(+A0-+N0)-(+N0-+F0),"all:x (groupoffurniture(x) :- subsetofthegroupofchair(x))
 all:x (atleastonesofa(x) :- notachair(x))
 all:x (noteverysofa(x) :- furntiture(x))
",categorical
5e8aeb75-acdb-49d0-bd8c-f0285f65144a,Some fish are penguins. All penguins belong to the class of birds. One must conclude that some birds are fish.,True,False,"∃x (Fish(x) ∧ Penguin(x))
 ∀x (Penguin(x) → ClasOfBird(x))
 ∀x (OneMustConcludeThatSomeBird(x) → Fish(x))
","exists x (fish(x) and penguin(x))
 forall x (penguin(x) implies clasofbird(x))
 forall x (onemustconcludethatsomebird(x) implies fish(x))
","[*x [(fish[(?x)]  penguin[(?x)])]
 @every *x [(penguin[(?x)]  clasofbird[(?x)])]
 @every *x [(onemustconcludethatsomebird[(?x)]  fish[(?x)])]
]"," (fish(x) , penguin(x))
 forall (penguin(x) -: clasofbird(x))
 forall (onemustconcludethatsomebird(x) -: fish(x))
",+(+F1++P1)-(+P0-+C0)-(+O0-+F0),"x (fish(x) & penguin(x))
 all:x (penguin(x) :- clasofbird(x))
 all:x (onemustconcludethatsomebird(x) :- fish(x))
",categorical
3be34539-8d21-4398-a341-054fc05f0e60,"Nothing that is mortal is immortal. Every single human being is a mortal creature. Therefore, no human is immortal.",True,True,"∀x (NothingThat(x) → MortalImmortal(x))
 ∀x (SingleHumanBeing(x) → MortalCreature(x))
 ∀x (NoHuman(x) → Immortal(x))
","forall x (nothingthat(x) implies mortalimmortal(x))
 forall x (singlehumanbeing(x) implies mortalcreature(x))
 forall x (nohuman(x) implies immortal(x))
","[@every *x [(nothingthat[(?x)]  mortalimmortal[(?x)])]
 @every *x [(singlehumanbeing[(?x)]  mortalcreature[(?x)])]
 @every *x [(nohuman[(?x)]  immortal[(?x)])]
]","forall (nothingthat(x) -: mortalimmortal(x))
 forall (singlehumanbeing(x) -: mortalcreature(x))
 forall (nohuman(x) -: immortal(x))
",-(+N0-+M0)-(+S0-+M0)-(+N0-+I0),"all:x (nothingthat(x) :- mortalimmortal(x))
 all:x (singlehumanbeing(x) :- mortalcreature(x))
 all:x (nohuman(x) :- immortal(x))
",categorical
c85824aa-aa42-497f-8997-ed7e9aa3b2f2,Every single cat is a dog. There is not a single mammal that is a cat. It can be concluded that no mammal is a dog.,False,True,"∀x (SingleCat(x) → Dog(x))
 ∀x (There(x) → NotASingleMammalThatACat(x))
 ∀x (ItCanBeConcludedThatNoMammal(x) → Dog(x))
","forall x (singlecat(x) implies dog(x))
 forall x (there(x) implies notasinglemammalthatacat(x))
 forall x (itcanbeconcludedthatnomammal(x) implies dog(x))
","[@every *x [(singlecat[(?x)]  dog[(?x)])]
 @every *x [(there[(?x)]  notasinglemammalthatacat[(?x)])]
 @every *x [(itcanbeconcludedthatnomammal[(?x)]  dog[(?x)])]
]","forall (singlecat(x) -: dog(x))
 forall (there(x) -: notasinglemammalthatacat(x))
 forall (itcanbeconcludedthatnomammal(x) -: dog(x))
",-(+S0-+D0)-(+T0-+N0)-(+I0-+D0),"all:x (singlecat(x) :- dog(x))
 all:x (there(x) :- notasinglemammalthatacat(x))
 all:x (itcanbeconcludedthatnomammal(x) :- dog(x))
",categorical
ceded7c3-ea95-4f1f-8706-8797294b5a4a,There is no ice that is frozen water. All things that are glaciers are ice. It follows that some glaciers are not frozen water.,True,False,"∀x (There(x) → NoIceThatFrozenWater(x))
 ∀x (ThingThat(x) → GlacierIce(x))
 ∃x (Glacier(x) ∧ NotFrozenWater(x))
","forall x (there(x) implies noicethatfrozenwater(x))
 forall x (thingthat(x) implies glacierice(x))
 exists x (glacier(x) and notfrozenwater(x))
","[@every *x [(there[(?x)]  noicethatfrozenwater[(?x)])]
 @every *x [(thingthat[(?x)]  glacierice[(?x)])]
 *x [(glacier[(?x)]  notfrozenwater[(?x)])]
]","forall (there(x) -: noicethatfrozenwater(x))
 forall (thingthat(x) -: glacierice(x))
  (glacier(x) , notfrozenwater(x))
",-(+T0-+N0)-(+T0-+G0)+(+G1++N1),"all:x (there(x) :- noicethatfrozenwater(x))
 all:x (thingthat(x) :- glacierice(x))
 x (glacier(x) & notfrozenwater(x))
",categorical
ef765642-a09f-49b2-9336-a2b8bd4bb7c8,Nothing that is a chair is a piece of furniture. A thing that is a table is never a chair. It follows that a table is never a piece of furniture.,False,False,"∀x (NothingThat(x) → ChairAPieceOfFurniture(x))
 ∀x (ThingThat(x) → TableNeverAChair(x))
 ∀x (Table(x) → NeverAPieceOfFurniture(x))
","forall x (nothingthat(x) implies chairapieceoffurniture(x))
 forall x (thingthat(x) implies tableneverachair(x))
 forall x (table(x) implies neverapieceoffurniture(x))
","[@every *x [(nothingthat[(?x)]  chairapieceoffurniture[(?x)])]
 @every *x [(thingthat[(?x)]  tableneverachair[(?x)])]
 @every *x [(table[(?x)]  neverapieceoffurniture[(?x)])]
]","forall (nothingthat(x) -: chairapieceoffurniture(x))
 forall (thingthat(x) -: tableneverachair(x))
 forall (table(x) -: neverapieceoffurniture(x))
",-(+N0-+C0)-(+T0-+T0)-(+T0-+N0),"all:x (nothingthat(x) :- chairapieceoffurniture(x))
 all:x (thingthat(x) :- tableneverachair(x))
 all:x (table(x) :- neverapieceoffurniture(x))
",categorical
fd1c29dd-41e2-4937-bd16-11dc1dfc6802,All machines are humans. There are at least a few students who are not humans. At least one student is a machine.,False,False,"∀x (Machine(x) → Human(x))
 ∃x (AtLeastAFewStudentWho(x) ∧ NotHuman(x))
 ∀x (AtLeastOneStudent(x) → Machine(x))
","forall x (machine(x) implies human(x))
 exists x (atleastafewstudentwho(x) and nothuman(x))
 forall x (atleastonestudent(x) implies machine(x))
","[@every *x [(machine[(?x)]  human[(?x)])]
 *x [(atleastafewstudentwho[(?x)]  nothuman[(?x)])]
 @every *x [(atleastonestudent[(?x)]  machine[(?x)])]
]","forall (machine(x) -: human(x))
  (atleastafewstudentwho(x) , nothuman(x))
 forall (atleastonestudent(x) -: machine(x))
",-(+M0-+H0)+(+A1++N1)-(+A0-+M0),"all:x (machine(x) :- human(x))
 x (atleastafewstudentwho(x) & nothuman(x))
 all:x (atleastonestudent(x) :- machine(x))
",categorical
1dad7389-e8ab-4962-8d10-83b42c2fa4fe,"Every single banana is a type of fruit. There are no fruits that are rocks. Therefore, it necessarily follows that some of the objects that are rocks are not bananas.",True,True,"∀x (SingleBanana(x) → TypeOfFruit(x))
 ∃x (NoFruitThat(x) ∧ Rock(x))
 ∀x (ItNecessarilyFollowThatSomeOfTheObjectThat(x) → RockNotBanana(x))
","forall x (singlebanana(x) implies typeoffruit(x))
 exists x (nofruitthat(x) and rock(x))
 forall x (itnecessarilyfollowthatsomeoftheobjectthat(x) implies rocknotbanana(x))
","[@every *x [(singlebanana[(?x)]  typeoffruit[(?x)])]
 *x [(nofruitthat[(?x)]  rock[(?x)])]
 @every *x [(itnecessarilyfollowthatsomeoftheobjectthat[(?x)]  rocknotbanana[(?x)])]
]","forall (singlebanana(x) -: typeoffruit(x))
  (nofruitthat(x) , rock(x))
 forall (itnecessarilyfollowthatsomeoftheobjectthat(x) -: rocknotbanana(x))
",-(+S0-+T0)+(+N1++R1)-(+I0-+R0),"all:x (singlebanana(x) :- typeoffruit(x))
 x (nofruitthat(x) & rock(x))
 all:x (itnecessarilyfollowthatsomeoftheobjectthat(x) :- rocknotbanana(x))
",categorical
1abfb720-5619-4658-a940-990150c82d3b,"Every single human is a monkey. There are no primates that are monkeys. From this, it follows that no primate is a human.",True,False,"∀x (SingleHuman(x) → Monkey(x))
 ∃x (NoPrimateThat(x) ∧ Monkey(x))
 ∀x (FromTh(x) → Thing(x))
 ∀x (Primate(x) → ¬Human(x))
","forall x (singlehuman(x) implies monkey(x))
 exists x (noprimatethat(x) and monkey(x))
 forall x (fromth(x) implies thing(x))
 forall x (primate(x) implies not human(x))
","[@every *x [(singlehuman[(?x)]  monkey[(?x)])]
 *x [(noprimatethat[(?x)]  monkey[(?x)])]
 @every *x [(fromth[(?x)]  thing[(?x)])]
 @every *x [(primate[(?x)]  ~human[(?x)])]
]","forall (singlehuman(x) -: monkey(x))
  (noprimatethat(x) , monkey(x))
 forall (fromth(x) -: thing(x))
 forall (primate(x) -: nothuman(x))
",-(+S0-+M0)+(+N1++M1)-(+F0-+T0)-(+P0--+H0),"all:x (singlehuman(x) :- monkey(x))
 x (noprimatethat(x) & monkey(x))
 all:x (fromth(x) :- thing(x))
 all:x (primate(x) :- ~human(x))
",categorical
dfc65c12-102b-4777-9479-e942e4f0449b,"Anything that is a reptile is also an animal. A portion of the animals are snakes. Thus, not all snakes are reptiles.",False,False,"∀x (AnythingThat(x) → ReptileAlsoAnAnimal(x))
 ∃x (Animal(x) ∧ Snake(x))
 ∃x (Snake(x) ∧ ¬Reptile(x))
","forall x (anythingthat(x) implies reptilealsoananimal(x))
 exists x (animal(x) and snake(x))
 exists x (snake(x) and not reptile(x))
","[@every *x [(anythingthat[(?x)]  reptilealsoananimal[(?x)])]
 *x [(animal[(?x)]  snake[(?x)])]
 *x [(snake[(?x)]  ~reptile[(?x)])]
]","forall (anythingthat(x) -: reptilealsoananimal(x))
  (animal(x) , snake(x))
  (snake(x) , notreptile(x))
",-(+A0-+R0)+(+A1++S1)+(+S1+-+R1),"all:x (anythingthat(x) :- reptilealsoananimal(x))
 x (animal(x) & snake(x))
 x (snake(x) & ~reptile(x))
",categorical
37244c2f-0d09-431f-9e20-29f78f14aab7,Anything that is a puppy is venomous. A few puppies are kept as pets. This implies that a certain number of pets are venomous.,True,False,"∀x (AnythingThat(x) → PuppyVenomou(x))
 ∀x (FewPuppie(x) → KeptAsPet(x))
 ∀x (ThiImplieThatACertainNumberOfPet(x) → Venomou(x))
","forall x (anythingthat(x) implies puppyvenomou(x))
 forall x (fewpuppie(x) implies keptaspet(x))
 forall x (thiimpliethatacertainnumberofpet(x) implies venomou(x))
","[@every *x [(anythingthat[(?x)]  puppyvenomou[(?x)])]
 @every *x [(fewpuppie[(?x)]  keptaspet[(?x)])]
 @every *x [(thiimpliethatacertainnumberofpet[(?x)]  venomou[(?x)])]
]","forall (anythingthat(x) -: puppyvenomou(x))
 forall (fewpuppie(x) -: keptaspet(x))
 forall (thiimpliethatacertainnumberofpet(x) -: venomou(x))
",-(+A0-+P0)-(+F0-+K0)-(+T0-+V0),"all:x (anythingthat(x) :- puppyvenomou(x))
 all:x (fewpuppie(x) :- keptaspet(x))
 all:x (thiimpliethatacertainnumberofpet(x) :- venomou(x))
",categorical
15,Some fish are not pine trees. All pine trees are trees. No trees are fish.,False,True,"∃x (Fish(x) ∧ NotPineTree(x))
 ∀x (PineTree(x) → Tree(x))
 ∀x (Tree(x) → ¬Fish(x))
","exists x (fish(x) and notpinetree(x))
 forall x (pinetree(x) implies tree(x))
 forall x (tree(x) implies not fish(x))
","[*x [(fish[(?x)]  notpinetree[(?x)])]
 @every *x [(pinetree[(?x)]  tree[(?x)])]
 @every *x [(tree[(?x)]  ~fish[(?x)])]
]"," (fish(x) , notpinetree(x))
 forall (pinetree(x) -: tree(x))
 forall (tree(x) -: notfish(x))
",+(+F1++N1)-(+P0-+T0)-(+T0--+F0),"x (fish(x) & notpinetree(x))
 all:x (pinetree(x) :- tree(x))
 all:x (tree(x) :- ~fish(x))
",categorical
f859c7bc-5b00-483b-8ca7-5ca519182fe7,"There are no cars which are motorcycles. Every single car is, in fact, a vehicle. It is the case that some vehicles are not motorcycles.",True,True,"∃x (NoCarWhich(x) ∧ Motorcycle(x))
 ∀x (SingleCar(x) → InFactAVehicle(x))
 ∀x (It(x) → CaseThatSomeVehicleNotMotorcycle(x))
","exists x (nocarwhich(x) and motorcycle(x))
 forall x (singlecar(x) implies infactavehicle(x))
 forall x (it(x) implies casethatsomevehiclenotmotorcycle(x))
","[*x [(nocarwhich[(?x)]  motorcycle[(?x)])]
 @every *x [(singlecar[(?x)]  infactavehicle[(?x)])]
 @every *x [(it[(?x)]  casethatsomevehiclenotmotorcycle[(?x)])]
]"," (nocarwhich(x) , motorcycle(x))
 forall (singlecar(x) -: infactavehicle(x))
 forall (it(x) -: casethatsomevehiclenotmotorcycle(x))
",+(+N1++M1)-(+S0-+I0)-(+I0-+C0),"x (nocarwhich(x) & motorcycle(x))
 all:x (singlecar(x) :- infactavehicle(x))
 all:x (it(x) :- casethatsomevehiclenotmotorcycle(x))
",categorical
31cd942c-7484-4e2a-8552-902391d50530,It is impossible for furniture to be a chair. A portion of chairs are tables. Some of the tables are not furniture.,True,False,"∀x (It(x) → ImpossibleForFurnitureToBeAChair(x))
 ∃x (Chair(x) ∧ Table(x))
 ∃x (OfTheTable(x) ∧ NotFurniture(x))
","forall x (it(x) implies impossibleforfurnituretobeachair(x))
 exists x (chair(x) and table(x))
 exists x (ofthetable(x) and notfurniture(x))
","[@every *x [(it[(?x)]  impossibleforfurnituretobeachair[(?x)])]
 *x [(chair[(?x)]  table[(?x)])]
 *x [(ofthetable[(?x)]  notfurniture[(?x)])]
]","forall (it(x) -: impossibleforfurnituretobeachair(x))
  (chair(x) , table(x))
  (ofthetable(x) , notfurniture(x))
",-(+I0-+I0)+(+C1++T1)+(+O1++N1),"all:x (it(x) :- impossibleforfurnituretobeachair(x))
 x (chair(x) & table(x))
 x (ofthetable(x) & notfurniture(x))
",categorical
c6c8dd70-9d83-4a8b-9f51-e1d5225aaaf9,"There are no clouds that are rocks. There are no rocks that are mountains. Therefore, some mountains are clouds.",False,False,"∃x (NoCloudThat(x) ∧ Rock(x))
 ∃x (NoRockThat(x) ∧ Mountain(x))
 ∀x (SomeMountain(x) → Cloud(x))
","exists x (nocloudthat(x) and rock(x))
 exists x (norockthat(x) and mountain(x))
 forall x (somemountain(x) implies cloud(x))
","[*x [(nocloudthat[(?x)]  rock[(?x)])]
 *x [(norockthat[(?x)]  mountain[(?x)])]
 @every *x [(somemountain[(?x)]  cloud[(?x)])]
]"," (nocloudthat(x) , rock(x))
  (norockthat(x) , mountain(x))
 forall (somemountain(x) -: cloud(x))
",+(+N1++R1)+(+N1++M1)-(+S0-+C0),"x (nocloudthat(x) & rock(x))
 x (norockthat(x) & mountain(x))
 all:x (somemountain(x) :- cloud(x))
",categorical
6650eef5-2045-4ee2-8fe1-a3036d54c6b6,"No person who is a doctor is also a teacher. Anything that is a teacher is a profession. Therefore, some professions are not doctors.",True,True,"∀x (Person(x) → ¬WhoADoctorAlsoATeacher(x))
 ∀x (AnythingThat(x) → TeacherAProfession(x))
 ∀x (SomeProfession(x) → NotDoctor(x))
","forall x (person(x) implies not whoadoctoralsoateacher(x))
 forall x (anythingthat(x) implies teacheraprofession(x))
 forall x (someprofession(x) implies notdoctor(x))
","[@every *x [(person[(?x)]  ~whoadoctoralsoateacher[(?x)])]
 @every *x [(anythingthat[(?x)]  teacheraprofession[(?x)])]
 @every *x [(someprofession[(?x)]  notdoctor[(?x)])]
]","forall (person(x) -: notwhoadoctoralsoateacher(x))
 forall (anythingthat(x) -: teacheraprofession(x))
 forall (someprofession(x) -: notdoctor(x))
",-(+P0--+W0)-(+A0-+T0)-(+S0-+N0),"all:x (person(x) :- ~whoadoctoralsoateacher(x))
 all:x (anythingthat(x) :- teacheraprofession(x))
 all:x (someprofession(x) :- notdoctor(x))
",categorical
0092296f-5c8d-4c79-9641-8df244a2c6ba,"Absolutely nothing that is an aquatic animal is a feline. It is the case that some cats are aquatic animals. Thus, not all cats are felines.",True,False,"∀x (AbsolutelyNothingThat(x) → AquaticAnimalAFeline(x))
 ∀x (It(x) → CaseThatSomeCatAquaticAnimal(x))
 ∃x (Cat(x) ∧ ¬Feline(x))
","forall x (absolutelynothingthat(x) implies aquaticanimalafeline(x))
 forall x (it(x) implies casethatsomecataquaticanimal(x))
 exists x (cat(x) and not feline(x))
","[@every *x [(absolutelynothingthat[(?x)]  aquaticanimalafeline[(?x)])]
 @every *x [(it[(?x)]  casethatsomecataquaticanimal[(?x)])]
 *x [(cat[(?x)]  ~feline[(?x)])]
]","forall (absolutelynothingthat(x) -: aquaticanimalafeline(x))
 forall (it(x) -: casethatsomecataquaticanimal(x))
  (cat(x) , notfeline(x))
",-(+A0-+A0)-(+I0-+C0)+(+C1+-+F1),"all:x (absolutelynothingthat(x) :- aquaticanimalafeline(x))
 all:x (it(x) :- casethatsomecataquaticanimal(x))
 x (cat(x) & ~feline(x))
",categorical
a37f602d-1c58-42da-bff0-9886d5b37547,Anything that is a mammal is a warm-blooded animal. There is no such thing as a warm-blooded animal that is a fish. It follows that there are no fish that are mammals.,True,True,"∀x (AnythingThat(x) → MammalAWarmbloodedAnimal(x))
 ∀x (There(x) → NoSuchThingAsAWarmbloodedAnimalThatAFish(x))
 ∃x (NoFishThat(x) ∧ Mammal(x))
","forall x (anythingthat(x) implies mammalawarmbloodedanimal(x))
 forall x (there(x) implies nosuchthingasawarmbloodedanimalthatafish(x))
 exists x (nofishthat(x) and mammal(x))
","[@every *x [(anythingthat[(?x)]  mammalawarmbloodedanimal[(?x)])]
 @every *x [(there[(?x)]  nosuchthingasawarmbloodedanimalthatafish[(?x)])]
 *x [(nofishthat[(?x)]  mammal[(?x)])]
]","forall (anythingthat(x) -: mammalawarmbloodedanimal(x))
 forall (there(x) -: nosuchthingasawarmbloodedanimalthatafish(x))
  (nofishthat(x) , mammal(x))
",-(+A0-+M0)-(+T0-+N0)+(+N1++M1),"all:x (anythingthat(x) :- mammalawarmbloodedanimal(x))
 all:x (there(x) :- nosuchthingasawarmbloodedanimalthatafish(x))
 x (nofishthat(x) & mammal(x))
",categorical
6482e79d-72f3-4f68-9f0b-756c4324cf4a,Anything that is a mammal is a living organism. Every single dog is an living organism. This means every dog is a mammal.,False,True,"∀x (AnythingThat(x) → MammalALivingOrganism(x))
 ∀x (SingleDog(x) → LivingOrganism(x))
 ∀x (ThiMeanEveryDog(x) → Mammal(x))
","forall x (anythingthat(x) implies mammalalivingorganism(x))
 forall x (singledog(x) implies livingorganism(x))
 forall x (thimeaneverydog(x) implies mammal(x))
","[@every *x [(anythingthat[(?x)]  mammalalivingorganism[(?x)])]
 @every *x [(singledog[(?x)]  livingorganism[(?x)])]
 @every *x [(thimeaneverydog[(?x)]  mammal[(?x)])]
]","forall (anythingthat(x) -: mammalalivingorganism(x))
 forall (singledog(x) -: livingorganism(x))
 forall (thimeaneverydog(x) -: mammal(x))
",-(+A0-+M0)-(+S0-+L0)-(+T0-+M0),"all:x (anythingthat(x) :- mammalalivingorganism(x))
 all:x (singledog(x) :- livingorganism(x))
 all:x (thimeaneverydog(x) :- mammal(x))
",categorical
92c0d24f-2d6f-492e-b5c9-693b39835a52,"It is not true that any insect is a bird. All airplains are, without exception, birds. This means that every airplain is an insect.",False,False,"∀x (It(x) → NotTrueThatAnyInsectABird(x))
 ∀x (Airplain(x) → WithoutExceptionBird(x))
 ∀x (ThiMeanThatEveryAirplain(x) → Insect(x))
","forall x (it(x) implies nottruethatanyinsectabird(x))
 forall x (airplain(x) implies withoutexceptionbird(x))
 forall x (thimeanthateveryairplain(x) implies insect(x))
","[@every *x [(it[(?x)]  nottruethatanyinsectabird[(?x)])]
 @every *x [(airplain[(?x)]  withoutexceptionbird[(?x)])]
 @every *x [(thimeanthateveryairplain[(?x)]  insect[(?x)])]
]","forall (it(x) -: nottruethatanyinsectabird(x))
 forall (airplain(x) -: withoutexceptionbird(x))
 forall (thimeanthateveryairplain(x) -: insect(x))
",-(+I0-+N0)-(+A0-+W0)-(+T0-+I0),"all:x (it(x) :- nottruethatanyinsectabird(x))
 all:x (airplain(x) :- withoutexceptionbird(x))
 all:x (thimeanthateveryairplain(x) :- insect(x))
",categorical
d109b3fe-c6b0-401b-b185-250fa2af3ef7,There is no item that is a vehicle which is also a car. The group of automobiles includes some that are cars. We must accept that some automobiles are not vehicles.,True,False,"∀x (There(x) → NoItemThatAVehicleWhichAlsoACar(x))
 ∀x (GroupOfAutomobileIncludeSomeThat(x) → Car(x))
 ∀x (WeMustAcceptThatSomeAutomobile(x) → NotVehicle(x))
","forall x (there(x) implies noitemthatavehiclewhichalsoacar(x))
 forall x (groupofautomobileincludesomethat(x) implies car(x))
 forall x (wemustacceptthatsomeautomobile(x) implies notvehicle(x))
","[@every *x [(there[(?x)]  noitemthatavehiclewhichalsoacar[(?x)])]
 @every *x [(groupofautomobileincludesomethat[(?x)]  car[(?x)])]
 @every *x [(wemustacceptthatsomeautomobile[(?x)]  notvehicle[(?x)])]
]","forall (there(x) -: noitemthatavehiclewhichalsoacar(x))
 forall (groupofautomobileincludesomethat(x) -: car(x))
 forall (wemustacceptthatsomeautomobile(x) -: notvehicle(x))
",-(+T0-+N0)-(+G0-+C0)-(+W0-+N0),"all:x (there(x) :- noitemthatavehiclewhichalsoacar(x))
 all:x (groupofautomobileincludesomethat(x) :- car(x))
 all:x (wemustacceptthatsomeautomobile(x) :- notvehicle(x))
",categorical
eff0c9a8-448c-42ea-a85d-516e2cfa8a91,It is the case that no mammal is an animal. There are some dogs that are animals. It must be the case that some dogs are not mammals.,True,False,"∀x (It(x) → CaseThatNoMammalAnAnimal(x))
 ∃x (DogThat(x) ∧ Animal(x))
 ∀x (ItMustBeTheCaseThatSomeDog(x) → NotMammal(x))
","forall x (it(x) implies casethatnomammalananimal(x))
 exists x (dogthat(x) and animal(x))
 forall x (itmustbethecasethatsomedog(x) implies notmammal(x))
","[@every *x [(it[(?x)]  casethatnomammalananimal[(?x)])]
 *x [(dogthat[(?x)]  animal[(?x)])]
 @every *x [(itmustbethecasethatsomedog[(?x)]  notmammal[(?x)])]
]","forall (it(x) -: casethatnomammalananimal(x))
  (dogthat(x) , animal(x))
 forall (itmustbethecasethatsomedog(x) -: notmammal(x))
",-(+I0-+C0)+(+D1++A1)-(+I0-+N0),"all:x (it(x) :- casethatnomammalananimal(x))
 x (dogthat(x) & animal(x))
 all:x (itmustbethecasethatsomedog(x) :- notmammal(x))
",categorical
58b506bc-66d0-4871-b98a-265bcf54830f,Birds are in no way winged creatures. There exist no winged creatures that are animals. It is the case that no bird is an animal.,False,False,"∀x (Bird(x) → InNoWayWingedCreature(x))
 ∃x (NoWingedCreatureThat(x) ∧ Animal(x))
 ∀x (It(x) → CaseThatNoBirdAnAnimal(x))
","forall x (bird(x) implies innowaywingedcreature(x))
 exists x (nowingedcreaturethat(x) and animal(x))
 forall x (it(x) implies casethatnobirdananimal(x))
","[@every *x [(bird[(?x)]  innowaywingedcreature[(?x)])]
 *x [(nowingedcreaturethat[(?x)]  animal[(?x)])]
 @every *x [(it[(?x)]  casethatnobirdananimal[(?x)])]
]","forall (bird(x) -: innowaywingedcreature(x))
  (nowingedcreaturethat(x) , animal(x))
 forall (it(x) -: casethatnobirdananimal(x))
",-(+B0-+I0)+(+N1++A1)-(+I0-+C0),"all:x (bird(x) :- innowaywingedcreature(x))
 x (nowingedcreaturethat(x) & animal(x))
 all:x (it(x) :- casethatnobirdananimal(x))
",categorical
c05e6536-84d3-44c5-a5f3-32d838d2134c,There are some elephants which are mammals. There are some fish which are mammals. This leads to the conclusion that some fish are elephants.,False,False,"∃x (ElephantWhich(x) ∧ Mammal(x))
 ∃x (FishWhich(x) ∧ Mammal(x))
 ∀x (ThiLeadToTheConclusionThatSomeFish(x) → Elephant(x))
","exists x (elephantwhich(x) and mammal(x))
 exists x (fishwhich(x) and mammal(x))
 forall x (thileadtotheconclusionthatsomefish(x) implies elephant(x))
","[*x [(elephantwhich[(?x)]  mammal[(?x)])]
 *x [(fishwhich[(?x)]  mammal[(?x)])]
 @every *x [(thileadtotheconclusionthatsomefish[(?x)]  elephant[(?x)])]
]"," (elephantwhich(x) , mammal(x))
  (fishwhich(x) , mammal(x))
 forall (thileadtotheconclusionthatsomefish(x) -: elephant(x))
",+(+E1++M1)+(+F1++M1)-(+T0-+E0),"x (elephantwhich(x) & mammal(x))
 x (fishwhich(x) & mammal(x))
 all:x (thileadtotheconclusionthatsomefish(x) :- elephant(x))
",categorical
70,Anything that is a mollusk invariably falls into the category of machineries. No item classified as a machinery is ever considered a machine. It is not the case that any device which is a machine is also a mollusk.,True,False,"∀x (AnythingThat(x) → MolluskInvariablyFallIntoTheCategoryOfMachinerie(x))
 ∀x (Item(x) → ¬ClassifiedAsAMachineryEverConsideredAMachine(x))
 ∀x (DeviceWhich(x) → ¬MachineAlsoAMollusk(x))
","forall x (anythingthat(x) implies molluskinvariablyfallintothecategoryofmachinerie(x))
 forall x (item(x) implies not classifiedasamachineryeverconsideredamachine(x))
 forall x (devicewhich(x) implies not machinealsoamollusk(x))
","[@every *x [(anythingthat[(?x)]  molluskinvariablyfallintothecategoryofmachinerie[(?x)])]
 @every *x [(item[(?x)]  ~classifiedasamachineryeverconsideredamachine[(?x)])]
 @every *x [(devicewhich[(?x)]  ~machinealsoamollusk[(?x)])]
]","forall (anythingthat(x) -: molluskinvariablyfallintothecategoryofmachinerie(x))
 forall (item(x) -: notclassifiedasamachineryeverconsideredamachine(x))
 forall (devicewhich(x) -: notmachinealsoamollusk(x))
",-(+A0-+M0)-(+I0--+C0)-(+D0--+M0),"all:x (anythingthat(x) :- molluskinvariablyfallintothecategoryofmachinerie(x))
 all:x (item(x) :- ~classifiedasamachineryeverconsideredamachine(x))
 all:x (devicewhich(x) :- ~machinealsoamollusk(x))
",categorical
0b639393-0cbf-4162-90a6-80cd8a7dc982,Anything which is a mammal is cold-blooded. All things that are whales are mammals. There exists at least one whale that is cold-blooded.,True,False,"∀x (AnythingWhich(x) → MammalColdblooded(x))
 ∀x (ThingThat(x) → WhaleMammal(x))
 ∀x (ThereExistAtLeastOneWhaleThat(x) → Coldblooded(x))
","forall x (anythingwhich(x) implies mammalcoldblooded(x))
 forall x (thingthat(x) implies whalemammal(x))
 forall x (thereexistatleastonewhalethat(x) implies coldblooded(x))
","[@every *x [(anythingwhich[(?x)]  mammalcoldblooded[(?x)])]
 @every *x [(thingthat[(?x)]  whalemammal[(?x)])]
 @every *x [(thereexistatleastonewhalethat[(?x)]  coldblooded[(?x)])]
]","forall (anythingwhich(x) -: mammalcoldblooded(x))
 forall (thingthat(x) -: whalemammal(x))
 forall (thereexistatleastonewhalethat(x) -: coldblooded(x))
",-(+A0-+M0)-(+T0-+W0)-(+T0-+C0),"all:x (anythingwhich(x) :- mammalcoldblooded(x))
 all:x (thingthat(x) :- whalemammal(x))
 all:x (thereexistatleastonewhalethat(x) :- coldblooded(x))
",categorical
73e5dc2c-1c3a-4c0d-96ea-61002d03f225,It is true that all cars are vehicles. Anything that is a bicycle is also a vehicle. It's the case that some bicycles fail to be cars.,False,True,"∀x (Car(x) → VehicleAnythingThatABicycleAlsoAVehicleItsTheCaseThatSomeBicycleFailToBeCar(x))
","forall x (car(x) implies vehicleanythingthatabicyclealsoavehicleitsthecasethatsomebicyclefailtobecar(x))
","[@every *x [(car[(?x)]  vehicleanythingthatabicyclealsoavehicleitsthecasethatsomebicyclefailtobecar[(?x)])]
]","forall (car(x) -: vehicleanythingthatabicyclealsoavehicleitsthecasethatsomebicyclefailtobecar(x))
",-(+C0-+V0),"all:x (car(x) :- vehicleanythingthatabicyclealsoavehicleitsthecasethatsomebicyclefailtobecar(x))
",categorical
42ac3db3-2da4-4208-9db9-9affc3d18dc4,It is true that some things that are trees are not oaks. Everything that is a tree is a plant. It follows that there are some plants that are not oaks.,True,True,"∃x (ThingThat(x) ∧ TreeNotOakEverythingThatATreeAPlantItFollowThatThereSomePlantThatNotOak(x))
","exists x (thingthat(x) and treenotoakeverythingthatatreeaplantitfollowthattheresomeplantthatnotoak(x))
","[*x [(thingthat[(?x)]  treenotoakeverythingthatatreeaplantitfollowthattheresomeplantthatnotoak[(?x)])]
]"," (thingthat(x) , treenotoakeverythingthatatreeaplantitfollowthattheresomeplantthatnotoak(x))
",+(+T1++T1),"x (thingthat(x) & treenotoakeverythingthatatreeaplantitfollowthattheresomeplantthatnotoak(x))
",categorical
14cb2005-b721-40ef-8182-d28a07014f8d,"It is true that no building is a vehicle. Each house, without exception, is a building. Therefore, no houses can be vehicles.",True,True,"∀x (Building(x) → ¬VehicleEachHouseWithoutExceptionABuildingThereforeNoHouseCanBeVehicle(x))
","forall x (building(x) implies not vehicleeachhousewithoutexceptionabuildingthereforenohousecanbevehicle(x))
","[@every *x [(building[(?x)]  ~vehicleeachhousewithoutexceptionabuildingthereforenohousecanbevehicle[(?x)])]
]","forall (building(x) -: notvehicleeachhousewithoutexceptionabuildingthereforenohousecanbevehicle(x))
",-(+B0--+V0),"all:x (building(x) :- ~vehicleeachhousewithoutexceptionabuildingthereforenohousecanbevehicle(x))
",categorical
a7b103d0-0445-418e-aa2d-7d7302c10c51,"It is true that all novels are books. There are some posters that are not books. Therefore, it is the case that some posters are not novels.",True,True,"∀x (Novel(x) → BookThereSomePosterThatNotBookThereforeItTheCaseThatSomePosterNotNovel(x))
","forall x (novel(x) implies booktheresomeposterthatnotbookthereforeitthecasethatsomeposternotnovel(x))
","[@every *x [(novel[(?x)]  booktheresomeposterthatnotbookthereforeitthecasethatsomeposternotnovel[(?x)])]
]","forall (novel(x) -: booktheresomeposterthatnotbookthereforeitthecasethatsomeposternotnovel(x))
",-(+N0-+B0),"all:x (novel(x) :- booktheresomeposterthatnotbookthereforeitthecasethatsomeposternotnovel(x))
",categorical
ec60f858-72d6-455b-976f-fe289c371eaf,"Every dog is a mammal. No dog is a reptile. Therefore, no reptiles are mammals.",False,True,"∀x (Dog(x) → Mammal(x))
 ∀x (Dog(x) → ¬Reptile(x))
 ∀x (NoReptile(x) → Mammal(x))
","forall x (dog(x) implies mammal(x))
 forall x (dog(x) implies not reptile(x))
 forall x (noreptile(x) implies mammal(x))
","[@every *x [(dog[(?x)]  mammal[(?x)])]
 @every *x [(dog[(?x)]  ~reptile[(?x)])]
 @every *x [(noreptile[(?x)]  mammal[(?x)])]
]","forall (dog(x) -: mammal(x))
 forall (dog(x) -: notreptile(x))
 forall (noreptile(x) -: mammal(x))
",-(+D0-+M0)-(+D0--+R0)-(+N0-+M0),"all:x (dog(x) :- mammal(x))
 all:x (dog(x) :- ~reptile(x))
 all:x (noreptile(x) :- mammal(x))
",categorical
1e6eb831-90f8-44bc-9af7-cf906db517a2,"Every single shark is an aquatic creature. A number of sharks are classified as fish. Consequently, it is the case that some fish are aquatic creatures.",True,True,"∀x (SingleShark(x) → AquaticCreature(x))
 ∃x (Shark(x) ∧ ClassifiedAsFish(x))
 ∀x (It(x) → CaseThatSomeFishAquaticCreature(x))
","forall x (singleshark(x) implies aquaticcreature(x))
 exists x (shark(x) and classifiedasfish(x))
 forall x (it(x) implies casethatsomefishaquaticcreature(x))
","[@every *x [(singleshark[(?x)]  aquaticcreature[(?x)])]
 *x [(shark[(?x)]  classifiedasfish[(?x)])]
 @every *x [(it[(?x)]  casethatsomefishaquaticcreature[(?x)])]
]","forall (singleshark(x) -: aquaticcreature(x))
  (shark(x) , classifiedasfish(x))
 forall (it(x) -: casethatsomefishaquaticcreature(x))
",-(+S0-+A0)+(+S1++C1)-(+I0-+C0),"all:x (singleshark(x) :- aquaticcreature(x))
 x (shark(x) & classifiedasfish(x))
 all:x (it(x) :- casethatsomefishaquaticcreature(x))
",categorical
eda05d11-5c82-4cc0-a078-4896b726afc8,"There are no lions which are herbivores. Every single lion is a predator. Therefore, we can conclude that some predators are not herbivores.",True,True,"∃x (NoLionWhich(x) ∧ Herbivore(x))
 ∀x (SingleLion(x) → Predator(x))
 ∀x (WeCanConcludeThatSomePredator(x) → NotHerbivore(x))
","exists x (nolionwhich(x) and herbivore(x))
 forall x (singlelion(x) implies predator(x))
 forall x (wecanconcludethatsomepredator(x) implies notherbivore(x))
","[*x [(nolionwhich[(?x)]  herbivore[(?x)])]
 @every *x [(singlelion[(?x)]  predator[(?x)])]
 @every *x [(wecanconcludethatsomepredator[(?x)]  notherbivore[(?x)])]
]"," (nolionwhich(x) , herbivore(x))
 forall (singlelion(x) -: predator(x))
 forall (wecanconcludethatsomepredator(x) -: notherbivore(x))
",+(+N1++H1)-(+S0-+P0)-(+W0-+N0),"x (nolionwhich(x) & herbivore(x))
 all:x (singlelion(x) :- predator(x))
 all:x (wecanconcludethatsomepredator(x) :- notherbivore(x))
",categorical
675842ed-60c4-40ab-9f9b-cf0c90280d88,Every single human is not a fish. There are a few fish that are also creatures that live in water. It is the case that not all creatures that live in water are humans.,True,True,"∀x (SingleHuman(x) → NotAFish(x))
 ∃x (FewFishThat(x) ∧ AlsoCreatureThatLiveInWater(x))
 ∃x (CreatureThatLiveInWater(x) ∧ ¬Human(x))
","forall x (singlehuman(x) implies notafish(x))
 exists x (fewfishthat(x) and alsocreaturethatliveinwater(x))
 exists x (creaturethatliveinwater(x) and not human(x))
","[@every *x [(singlehuman[(?x)]  notafish[(?x)])]
 *x [(fewfishthat[(?x)]  alsocreaturethatliveinwater[(?x)])]
 *x [(creaturethatliveinwater[(?x)]  ~human[(?x)])]
]","forall (singlehuman(x) -: notafish(x))
  (fewfishthat(x) , alsocreaturethatliveinwater(x))
  (creaturethatliveinwater(x) , nothuman(x))
",-(+S0-+N0)+(+F1++A1)+(+C1+-+H1),"all:x (singlehuman(x) :- notafish(x))
 x (fewfishthat(x) & alsocreaturethatliveinwater(x))
 x (creaturethatliveinwater(x) & ~human(x))
",categorical
ec7a26c0-9309-4abc-9e9a-c1d472b2260c,"It is the case that no numbers are concepts. Everything that is an integer is a number. Consequently, it must be true that some integers are not concepts.",True,False,"∀x (It(x) → CaseThatNoNumberConcept(x))
 ∀x (EverythingThat(x) → IntegerANumber(x))
 ∀x (ItMustBeTrueThatSomeInteger(x) → NotConcept(x))
","forall x (it(x) implies casethatnonumberconcept(x))
 forall x (everythingthat(x) implies integeranumber(x))
 forall x (itmustbetruethatsomeinteger(x) implies notconcept(x))
","[@every *x [(it[(?x)]  casethatnonumberconcept[(?x)])]
 @every *x [(everythingthat[(?x)]  integeranumber[(?x)])]
 @every *x [(itmustbetruethatsomeinteger[(?x)]  notconcept[(?x)])]
]","forall (it(x) -: casethatnonumberconcept(x))
 forall (everythingthat(x) -: integeranumber(x))
 forall (itmustbetruethatsomeinteger(x) -: notconcept(x))
",-(+I0-+C0)-(+E0-+I0)-(+I0-+N0),"all:x (it(x) :- casethatnonumberconcept(x))
 all:x (everythingthat(x) :- integeranumber(x))
 all:x (itmustbetruethatsomeinteger(x) :- notconcept(x))
",categorical
